INFO:2026-10-06 17:35:07,940:jax._src.xla_bridge:925: Unable to initialize backend 'rocm': module 'jaxlib.xla_extension' has no attribute 'GpuAllocatorConfig'
INFO:jax._src.xla_bridge:Unable to initialize backend 'rocm': module 'jaxlib.xla_extension' has no attribute 'GpuAllocatorConfig'
INFO:2026-10-06 17:35:07,941:jax._src.xla_bridge:925: Unable to initialize backend 'tpu': INTERNAL: Failed to open libtpu.so: libtpu.so: cannot open shared object file: No such file or directory
INFO:jax._src.xla_bridge:Unable to initialize backend 'tpu': INTERNAL: Failed to open libtpu.so: libtpu.so: cannot open shared object file: No such file or directory
INFO:absl:orbax-checkpoint version: 0.11.13
INFO:absl:Created BasePyTreeCheckpointHandler: use_ocdbt=True, use_zarr3=False, pytree_metadata_options=PyTreeMetadataOptions(support_rich_types=False), array_metadata_store=<orbax.checkpoint._src.metadata.array_metadata_store.Store object at 0x7e8920132290>
INFO:absl:Restoring checkpoint from /workspace/checkpoints/ckpt3-10k/params.
INFO:absl:[thread=MainThread] Failed to get flag value for EXPERIMENTAL_ORBAX_USE_DISTRIBUTED_PROCESS_ID.
INFO:absl:[process=0] /jax/checkpoint/read/bytes_per_sec: 494.7 MiB/s (total bytes: 6.3 GiB) (time elapsed: 13 seconds) (per-host)
INFO:absl:Finished restoring checkpoint in 13.13 seconds from /workspace/checkpoints/ckpt3-10k/params.
INFO:b1k:FAST auxiliary enabled, vocab_size=1024
INFO:root:Loaded norm stats from /workspace/checkpoints/ckpt3-10k/assets/behavior-1k/2026-challenge-demos
INFO:root:Loaded norm stats from /workspace/checkpoints/ckpt3-10k/assets/behavior-1k/2026-challenge-demos
INFO:root:Loaded norm stats from /workspace/checkpoints/ckpt3-10k/assets/behavior-1k/2026-challenge-demos
INFO:b1k:Successfully accessed correlation matrix via attribute access
INFO:b1k:Applying shrinkage regularization with beta=0.50
INFO:b1k:✓ Loaded correlation matrix with shape (960, 960) (beta=0.50 shrinkage applied)
INFO:b1k:  Memory usage: 3.52 MB
INFO:root:Loaded correlation matrix for inference
INFO:omnigibson.learning.utils.network_utils:Starting websocket server on 127.0.0.1:8000...
INFO:websockets.server:server listening on 127.0.0.1:8000
INFO:websockets.server:HTTP response sent (200 OK)
INFO:websockets.server:connection closed
INFO:websockets.server:connection open
INFO:omnigibson.learning.utils.network_utils:Connection from ('127.0.0.1', 49814) opened
INFO:b1k.shared.eval_b1k_wrapper:Policy reset - Task ID: 32, Action horizon: 30
INFO:root:2026 observation shapes: {'robot_r1::robot_r1:left_realsense_link:Camera:0::rgb': (224, 224, 4), 'robot_r1::robot_r1:right_realsense_link:Camera:0::rgb': (224, 224, 4), 'robot_r1::robot_r1:zed_link:Camera:0::rgb': (224, 224, 4), 'robot_r1::proprio': (256,), 'robot_r1::cam_rel_poses': (21,), 'task_id': (1,)}
INFO:root:Evaluator task id=[32]; checkpoint task id=32
INFO:b1k:Computing correction matrix for 4 steps, 32 dims...
INFO:b1k.shared.eval_b1k_wrapper:📊 Step 100 | Task: 32 | Stage: 0/9 | Predictions: 5
INFO:b1k.shared.eval_b1k_wrapper:🎯 Prediction #10 | Actions: compressed 26→20 | Inpainting: True
INFO:b1k.shared.eval_b1k_wrapper:📊 Step 200 | Task: 32 | Stage: 0/9 | Predictions: 10
INFO:b1k.shared.eval_b1k_wrapper:📊 Step 300 | Task: 32 | Stage: 0/9 | Predictions: 15
INFO:b1k.shared.eval_b1k_wrapper:🎯 Prediction #20 | Actions: compressed 26→20 | Inpainting: True
INFO:b1k.shared.eval_b1k_wrapper:📊 Step 400 | Task: 32 | Stage: 0/9 | Predictions: 20
INFO:b1k.shared.eval_b1k_wrapper:📊 Step 500 | Task: 32 | Stage: 0/9 | Predictions: 25
INFO:b1k.shared.eval_b1k_wrapper:🎯 Prediction #30 | Actions: compressed 26→20 | Inpainting: True
INFO:b1k.shared.eval_b1k_wrapper:📊 Step 600 | Task: 32 | Stage: 0/9 | Predictions: 30
INFO:b1k.shared.eval_b1k_wrapper:📊 Step 700 | Task: 32 | Stage: 0/9 | Predictions: 35
INFO:b1k.shared.eval_b1k_wrapper:🔧 Gripper variation: Compression disabled (mean: 2.0087, max: 0.0050)
INFO:b1k.shared.eval_b1k_wrapper:🎯 Prediction #40 | Actions: uncompressed (20) | Inpainting: True
INFO:b1k.shared.eval_b1k_wrapper:📊 Step 800 | Task: 32 | Stage: 0/9 | Predictions: 40
INFO:b1k.shared.eval_b1k_wrapper:📊 Step 900 | Task: 32 | Stage: 0/9 | Predictions: 45
INFO:b1k.shared.eval_b1k_wrapper:🔧 Gripper variation: Compression disabled (mean: 2.0153, max: 0.0049)
INFO:b1k.shared.eval_b1k_wrapper:🎯 Prediction #50 | Actions: compressed 26→20 | Inpainting: True
INFO:b1k.shared.eval_b1k_wrapper:📊 Step 1000 | Task: 32 | Stage: 0/9 | Predictions: 50
INFO:b1k.shared.eval_b1k_wrapper:⬆️  Stage advanced: 0 → 1 (task 32, step 1000)
INFO:b1k.shared.eval_b1k_wrapper:🔧 Gripper variation: Compression disabled (mean: 2.0314, max: 0.0151)
INFO:b1k.shared.eval_b1k_wrapper:🔧 Gripper variation: Compression disabled (mean: 2.0355, max: 0.0125)
INFO:b1k.shared.eval_b1k_wrapper:🔧 Gripper variation: Compression disabled (mean: 2.0114, max: 0.0079)
INFO:b1k.shared.eval_b1k_wrapper:📊 Step 1100 | Task: 32 | Stage: 1/9 | Predictions: 55
INFO:b1k.shared.eval_b1k_wrapper:🎯 Prediction #60 | Actions: compressed 26→20 | Inpainting: True
INFO:b1k.shared.eval_b1k_wrapper:📊 Step 1200 | Task: 32 | Stage: 1/9 | Predictions: 60
INFO:b1k.shared.eval_b1k_wrapper:📊 Step 1300 | Task: 32 | Stage: 1/9 | Predictions: 65
INFO:b1k.shared.eval_b1k_wrapper:🎯 Prediction #70 | Actions: compressed 26→20 | Inpainting: True
INFO:b1k.shared.eval_b1k_wrapper:📊 Step 1400 | Task: 32 | Stage: 1/9 | Predictions: 70
INFO:b1k.shared.eval_b1k_wrapper:📊 Step 1500 | Task: 32 | Stage: 1/9 | Predictions: 75
INFO:b1k.shared.eval_b1k_wrapper:🎯 Prediction #80 | Actions: compressed 26→20 | Inpainting: True
INFO:b1k.shared.eval_b1k_wrapper:📊 Step 1600 | Task: 32 | Stage: 1/9 | Predictions: 80
INFO:b1k.shared.eval_b1k_wrapper:⬆️  Stage advanced: 1 → 2 (task 32, step 1680)
INFO:b1k.shared.eval_b1k_wrapper:📊 Step 1700 | Task: 32 | Stage: 2/9 | Predictions: 85
INFO:b1k.shared.eval_b1k_wrapper:🎯 Prediction #90 | Actions: compressed 26→20 | Inpainting: True
INFO:b1k.shared.eval_b1k_wrapper:📊 Step 1800 | Task: 32 | Stage: 2/9 | Predictions: 90
INFO:b1k.shared.eval_b1k_wrapper:📊 Step 1900 | Task: 32 | Stage: 2/9 | Predictions: 95
INFO:b1k.shared.eval_b1k_wrapper:🎯 Prediction #100 | Actions: compressed 26→20 | Inpainting: True
INFO:b1k.shared.eval_b1k_wrapper:📊 Step 2000 | Task: 32 | Stage: 2/9 | Predictions: 100
INFO:b1k.shared.eval_b1k_wrapper:⬆️  Stage advanced: 2 → 3 (task 32, step 2040)
INFO:b1k.shared.eval_b1k_wrapper:📊 Step 2100 | Task: 32 | Stage: 3/9 | Predictions: 105
INFO:b1k.shared.eval_b1k_wrapper:🎯 Prediction #110 | Actions: compressed 26→20 | Inpainting: True
INFO:b1k.shared.eval_b1k_wrapper:📊 Step 2200 | Task: 32 | Stage: 3/9 | Predictions: 110
INFO:b1k.shared.eval_b1k_wrapper:📊 Step 2300 | Task: 32 | Stage: 3/9 | Predictions: 115
INFO:b1k.shared.eval_b1k_wrapper:🎯 Prediction #120 | Actions: compressed 26→20 | Inpainting: True
INFO:b1k.shared.eval_b1k_wrapper:📊 Step 2400 | Task: 32 | Stage: 3/9 | Predictions: 120
INFO:b1k.shared.eval_b1k_wrapper:📊 Step 2500 | Task: 32 | Stage: 3/9 | Predictions: 125
INFO:b1k.shared.eval_b1k_wrapper:🎯 Prediction #130 | Actions: compressed 26→20 | Inpainting: True
INFO:b1k.shared.eval_b1k_wrapper:📊 Step 2600 | Task: 32 | Stage: 3/9 | Predictions: 130
INFO:b1k.shared.eval_b1k_wrapper:🔧 Gripper variation: Compression disabled (mean: 0.0074, max: 2.0009)
INFO:b1k.shared.eval_b1k_wrapper:⬆️  Stage advanced: 3 → 4 (task 32, step 2680)
INFO:b1k.shared.eval_b1k_wrapper:📊 Step 2700 | Task: 32 | Stage: 4/9 | Predictions: 135
INFO:b1k.shared.eval_b1k_wrapper:🔧 Gripper variation: Compression disabled (mean: 1.9820, max: 0.0130)
INFO:b1k.shared.eval_b1k_wrapper:🎯 Prediction #140 | Actions: compressed 26→20 | Inpainting: True
INFO:b1k.shared.eval_b1k_wrapper:📊 Step 2800 | Task: 32 | Stage: 4/9 | Predictions: 140
INFO:b1k.shared.eval_b1k_wrapper:📊 Step 2900 | Task: 32 | Stage: 4/9 | Predictions: 145
INFO:b1k.shared.eval_b1k_wrapper:🎯 Prediction #150 | Actions: compressed 26→20 | Inpainting: True
INFO:b1k.shared.eval_b1k_wrapper:📊 Step 3000 | Task: 32 | Stage: 4/9 | Predictions: 150
INFO:b1k.shared.eval_b1k_wrapper:📊 Step 3100 | Task: 32 | Stage: 4/9 | Predictions: 155
INFO:b1k.shared.eval_b1k_wrapper:🎯 Prediction #160 | Actions: compressed 26→20 | Inpainting: True
INFO:b1k.shared.eval_b1k_wrapper:📊 Step 3200 | Task: 32 | Stage: 4/9 | Predictions: 160
INFO:b1k.shared.eval_b1k_wrapper:📊 Step 3300 | Task: 32 | Stage: 4/9 | Predictions: 165
INFO:b1k.shared.eval_b1k_wrapper:🎯 Prediction #170 | Actions: compressed 26→20 | Inpainting: True
INFO:b1k.shared.eval_b1k_wrapper:📊 Step 3400 | Task: 32 | Stage: 4/9 | Predictions: 170
INFO:b1k.shared.eval_b1k_wrapper:📊 Step 3500 | Task: 32 | Stage: 4/9 | Predictions: 175
INFO:b1k.shared.eval_b1k_wrapper:🎯 Prediction #180 | Actions: compressed 26→20 | Inpainting: True
INFO:b1k.shared.eval_b1k_wrapper:📊 Step 3600 | Task: 32 | Stage: 4/9 | Predictions: 180
INFO:b1k.shared.eval_b1k_wrapper:📊 Step 3700 | Task: 32 | Stage: 4/9 | Predictions: 185
INFO:b1k.shared.eval_b1k_wrapper:🎯 Prediction #190 | Actions: compressed 26→20 | Inpainting: True
INFO:b1k.shared.eval_b1k_wrapper:📊 Step 3800 | Task: 32 | Stage: 4/9 | Predictions: 190
INFO:b1k.shared.eval_b1k_wrapper:📊 Step 3900 | Task: 32 | Stage: 4/9 | Predictions: 195
INFO:b1k.shared.eval_b1k_wrapper:🎯 Prediction #200 | Actions: compressed 26→20 | Inpainting: True
INFO:b1k.shared.eval_b1k_wrapper:📊 Step 4000 | Task: 32 | Stage: 4/9 | Predictions: 200
INFO:b1k.shared.eval_b1k_wrapper:📊 Step 4100 | Task: 32 | Stage: 4/9 | Predictions: 205
INFO:b1k.shared.eval_b1k_wrapper:🎯 Prediction #210 | Actions: compressed 26→20 | Inpainting: True
INFO:b1k.shared.eval_b1k_wrapper:📊 Step 4200 | Task: 32 | Stage: 4/9 | Predictions: 210
INFO:b1k.shared.eval_b1k_wrapper:📊 Step 4300 | Task: 32 | Stage: 4/9 | Predictions: 215
INFO:b1k.shared.eval_b1k_wrapper:🎯 Prediction #220 | Actions: compressed 26→20 | Inpainting: True
INFO:b1k.shared.eval_b1k_wrapper:📊 Step 4400 | Task: 32 | Stage: 4/9 | Predictions: 220
INFO:b1k.shared.eval_b1k_wrapper:📊 Step 4500 | Task: 32 | Stage: 4/9 | Predictions: 225
INFO:b1k.shared.eval_b1k_wrapper:🎯 Prediction #230 | Actions: compressed 26→20 | Inpainting: True
INFO:b1k.shared.eval_b1k_wrapper:📊 Step 4600 | Task: 32 | Stage: 4/9 | Predictions: 230
INFO:b1k.shared.eval_b1k_wrapper:📊 Step 4700 | Task: 32 | Stage: 4/9 | Predictions: 235
INFO:b1k.shared.eval_b1k_wrapper:🔧 Gripper variation: Compression disabled (mean: 0.3576, max: 0.4544)
INFO:b1k.shared.eval_b1k_wrapper:🔧 Gripper variation: Compression disabled (mean: 0.4576, max: 0.2571)
INFO:b1k.shared.eval_b1k_wrapper:🔧 Gripper variation: Compression disabled (mean: 0.3075, max: 0.2917)
INFO:b1k.shared.eval_b1k_wrapper:🔧 Gripper variation: Compression disabled (mean: 0.4237, max: 0.4342)
INFO:b1k.shared.eval_b1k_wrapper:🔧 Gripper variation: Compression disabled (mean: 0.1356, max: 0.4204)
INFO:b1k.shared.eval_b1k_wrapper:🎯 Prediction #240 | Actions: uncompressed (20) | Inpainting: True
INFO:b1k.shared.eval_b1k_wrapper:📊 Step 4800 | Task: 32 | Stage: 4/9 | Predictions: 240
INFO:b1k.shared.eval_b1k_wrapper:🔧 Gripper variation: Compression disabled (mean: 0.1827, max: 0.4169)
INFO:b1k.shared.eval_b1k_wrapper:🔧 Gripper variation: Compression disabled (mean: 0.4354, max: 0.6311)
INFO:b1k.shared.eval_b1k_wrapper:🔧 Gripper variation: Compression disabled (mean: 0.4889, max: 0.5465)
INFO:b1k.shared.eval_b1k_wrapper:🔧 Gripper variation: Compression disabled (mean: 0.2325, max: 0.2514)
INFO:b1k.shared.eval_b1k_wrapper:🔧 Gripper variation: Compression disabled (mean: 0.0890, max: 0.4786)
INFO:b1k.shared.eval_b1k_wrapper:📊 Step 4900 | Task: 32 | Stage: 4/9 | Predictions: 245
INFO:b1k.shared.eval_b1k_wrapper:🔧 Gripper variation: Compression disabled (mean: 0.3828, max: 0.2836)
INFO:b1k.shared.eval_b1k_wrapper:🔧 Gripper variation: Compression disabled (mean: 0.3032, max: 0.2336)
INFO:b1k.shared.eval_b1k_wrapper:🔧 Gripper variation: Compression disabled (mean: 0.1795, max: 0.3882)
INFO:b1k.shared.eval_b1k_wrapper:🔧 Gripper variation: Compression disabled (mean: 0.1391, max: 0.6217)
INFO:b1k.shared.eval_b1k_wrapper:🔧 Gripper variation: Compression disabled (mean: 0.4852, max: 0.8515)
INFO:b1k.shared.eval_b1k_wrapper:🎯 Prediction #250 | Actions: uncompressed (20) | Inpainting: True
INFO:b1k.shared.eval_b1k_wrapper:📊 Step 5000 | Task: 32 | Stage: 4/9 | Predictions: 250
INFO:b1k.shared.eval_b1k_wrapper:🔧 Gripper variation: Compression disabled (mean: 0.7963, max: 0.9284)
INFO:b1k.shared.eval_b1k_wrapper:🔧 Gripper variation: Compression disabled (mean: 0.5049, max: 0.8596)
INFO:b1k.shared.eval_b1k_wrapper:🔧 Gripper variation: Compression disabled (mean: 0.8048, max: 0.4056)
INFO:b1k.shared.eval_b1k_wrapper:🔧 Gripper variation: Compression disabled (mean: 0.1523, max: 0.9019)
INFO:b1k.shared.eval_b1k_wrapper:🔧 Gripper variation: Compression disabled (mean: 0.8074, max: 0.6338)
INFO:b1k.shared.eval_b1k_wrapper:📊 Step 5100 | Task: 32 | Stage: 4/9 | Predictions: 255
INFO:b1k.shared.eval_b1k_wrapper:🔧 Gripper variation: Compression disabled (mean: 0.8497, max: 0.7883)
INFO:b1k.shared.eval_b1k_wrapper:🔧 Gripper variation: Compression disabled (mean: 0.5018, max: 0.7862)
INFO:b1k.shared.eval_b1k_wrapper:🔧 Gripper variation: Compression disabled (mean: 0.2053, max: 0.4212)
INFO:b1k.shared.eval_b1k_wrapper:🔧 Gripper variation: Compression disabled (mean: 0.2541, max: 0.7057)
INFO:b1k.shared.eval_b1k_wrapper:🔧 Gripper variation: Compression disabled (mean: 0.7109, max: 0.4795)
INFO:b1k.shared.eval_b1k_wrapper:🎯 Prediction #260 | Actions: uncompressed (20) | Inpainting: True
INFO:b1k.shared.eval_b1k_wrapper:📊 Step 5200 | Task: 32 | Stage: 4/9 | Predictions: 260
INFO:b1k.shared.eval_b1k_wrapper:🔧 Gripper variation: Compression disabled (mean: 0.7168, max: 0.7598)
INFO:b1k.shared.eval_b1k_wrapper:🔧 Gripper variation: Compression disabled (mean: 0.3864, max: 0.9806)
INFO:b1k.shared.eval_b1k_wrapper:🔧 Gripper variation: Compression disabled (mean: 0.6922, max: 0.7825)
INFO:b1k.shared.eval_b1k_wrapper:🔧 Gripper variation: Compression disabled (mean: 0.5436, max: 0.6367)
INFO:b1k.shared.eval_b1k_wrapper:🔧 Gripper variation: Compression disabled (mean: 0.5067, max: 0.7269)
INFO:b1k.shared.eval_b1k_wrapper:📊 Step 5300 | Task: 32 | Stage: 4/9 | Predictions: 265
INFO:b1k.shared.eval_b1k_wrapper:🔧 Gripper variation: Compression disabled (mean: 0.2219, max: 0.7037)
INFO:b1k.shared.eval_b1k_wrapper:🔧 Gripper variation: Compression disabled (mean: 0.4766, max: 0.6570)
INFO:b1k.shared.eval_b1k_wrapper:🔧 Gripper variation: Compression disabled (mean: 0.4383, max: 0.8042)
INFO:b1k.shared.eval_b1k_wrapper:🔧 Gripper variation: Compression disabled (mean: 0.1487, max: 0.7880)
INFO:b1k.shared.eval_b1k_wrapper:🔧 Gripper variation: Compression disabled (mean: 0.4373, max: 0.8425)
INFO:b1k.shared.eval_b1k_wrapper:🎯 Prediction #270 | Actions: uncompressed (20) | Inpainting: True
INFO:b1k.shared.eval_b1k_wrapper:📊 Step 5400 | Task: 32 | Stage: 4/9 | Predictions: 270
INFO:b1k.shared.eval_b1k_wrapper:🔧 Gripper variation: Compression disabled (mean: 0.1846, max: 0.4206)
INFO:b1k.shared.eval_b1k_wrapper:🔧 Gripper variation: Compression disabled (mean: 0.4592, max: 0.6887)
INFO:b1k.shared.eval_b1k_wrapper:🔧 Gripper variation: Compression disabled (mean: 0.3693, max: 0.6621)
INFO:b1k.shared.eval_b1k_wrapper:🔧 Gripper variation: Compression disabled (mean: 0.3642, max: 0.5074)
INFO:b1k.shared.eval_b1k_wrapper:🔧 Gripper variation: Compression disabled (mean: 0.1172, max: 0.7902)
INFO:b1k.shared.eval_b1k_wrapper:📊 Step 5500 | Task: 32 | Stage: 4/9 | Predictions: 275
INFO:b1k.shared.eval_b1k_wrapper:🔧 Gripper variation: Compression disabled (mean: 0.4073, max: 0.8230)
INFO:b1k.shared.eval_b1k_wrapper:🔧 Gripper variation: Compression disabled (mean: 0.6870, max: 0.9245)
INFO:b1k.shared.eval_b1k_wrapper:🔧 Gripper variation: Compression disabled (mean: 0.4599, max: 0.5383)
INFO:b1k.shared.eval_b1k_wrapper:🔧 Gripper variation: Compression disabled (mean: 0.1111, max: 0.3812)
INFO:b1k.shared.eval_b1k_wrapper:🔧 Gripper variation: Compression disabled (mean: 0.3844, max: 0.6465)
INFO:b1k.shared.eval_b1k_wrapper:🎯 Prediction #280 | Actions: uncompressed (20) | Inpainting: True
INFO:b1k.shared.eval_b1k_wrapper:📊 Step 5600 | Task: 32 | Stage: 4/9 | Predictions: 280
INFO:b1k.shared.eval_b1k_wrapper:🔧 Gripper variation: Compression disabled (mean: 0.4658, max: 0.6062)
INFO:b1k.shared.eval_b1k_wrapper:🔧 Gripper variation: Compression disabled (mean: 0.4254, max: 0.4267)
INFO:b1k.shared.eval_b1k_wrapper:🔧 Gripper variation: Compression disabled (mean: 0.5596, max: 1.1276)
INFO:b1k.shared.eval_b1k_wrapper:🔧 Gripper variation: Compression disabled (mean: 0.3640, max: 1.0325)
INFO:b1k.shared.eval_b1k_wrapper:🔧 Gripper variation: Compression disabled (mean: 0.5725, max: 0.9304)
INFO:b1k.shared.eval_b1k_wrapper:📊 Step 5700 | Task: 32 | Stage: 4/9 | Predictions: 285
INFO:b1k.shared.eval_b1k_wrapper:🔧 Gripper variation: Compression disabled (mean: 0.7047, max: 0.4414)
INFO:b1k.shared.eval_b1k_wrapper:🔧 Gripper variation: Compression disabled (mean: 0.6173, max: 1.2903)
INFO:b1k.shared.eval_b1k_wrapper:🔧 Gripper variation: Compression disabled (mean: 0.2637, max: 0.0687)
INFO:b1k.shared.eval_b1k_wrapper:🔧 Gripper variation: Compression disabled (mean: 0.2734, max: 0.4295)
INFO:b1k.shared.eval_b1k_wrapper:🔧 Gripper variation: Compression disabled (mean: 0.2109, max: 0.6079)
INFO:b1k.shared.eval_b1k_wrapper:🎯 Prediction #290 | Actions: uncompressed (20) | Inpainting: True
INFO:b1k.shared.eval_b1k_wrapper:📊 Step 5800 | Task: 32 | Stage: 4/9 | Predictions: 290
INFO:b1k.shared.eval_b1k_wrapper:🔧 Gripper variation: Compression disabled (mean: 0.3855, max: 0.6204)
INFO:b1k.shared.eval_b1k_wrapper:🔧 Gripper variation: Compression disabled (mean: 0.5147, max: 1.2692)
INFO:b1k.shared.eval_b1k_wrapper:🔧 Gripper variation: Compression disabled (mean: 0.3094, max: 0.9709)
INFO:b1k.shared.eval_b1k_wrapper:🔧 Gripper variation: Compression disabled (mean: 0.6015, max: 0.6512)
INFO:b1k.shared.eval_b1k_wrapper:🔧 Gripper variation: Compression disabled (mean: 0.6933, max: 0.6053)
INFO:b1k.shared.eval_b1k_wrapper:📊 Step 5900 | Task: 32 | Stage: 4/9 | Predictions: 295
INFO:b1k.shared.eval_b1k_wrapper:🔧 Gripper variation: Compression disabled (mean: 0.2726, max: 0.3689)
INFO:b1k.shared.eval_b1k_wrapper:🔧 Gripper variation: Compression disabled (mean: 0.5569, max: 0.7457)
INFO:b1k.shared.eval_b1k_wrapper:🔧 Gripper variation: Compression disabled (mean: 0.4342, max: 0.9114)
INFO:b1k.shared.eval_b1k_wrapper:🔧 Gripper variation: Compression disabled (mean: 0.2739, max: 0.8515)
INFO:b1k.shared.eval_b1k_wrapper:🔧 Gripper variation: Compression disabled (mean: 0.6734, max: 0.8091)
INFO:b1k.shared.eval_b1k_wrapper:🎯 Prediction #300 | Actions: uncompressed (20) | Inpainting: True
INFO:b1k.shared.eval_b1k_wrapper:📊 Step 6000 | Task: 32 | Stage: 4/9 | Predictions: 300
INFO:b1k.shared.eval_b1k_wrapper:🔧 Gripper variation: Compression disabled (mean: 1.0072, max: 0.5562)
INFO:b1k.shared.eval_b1k_wrapper:🔧 Gripper variation: Compression disabled (mean: 0.3069, max: 0.7680)
INFO:b1k.shared.eval_b1k_wrapper:🔧 Gripper variation: Compression disabled (mean: 0.2046, max: 0.9491)
INFO:b1k.shared.eval_b1k_wrapper:🔧 Gripper variation: Compression disabled (mean: 0.6680, max: 0.9985)
INFO:b1k.shared.eval_b1k_wrapper:🔧 Gripper variation: Compression disabled (mean: 0.2766, max: 0.8420)
INFO:b1k.shared.eval_b1k_wrapper:📊 Step 6100 | Task: 32 | Stage: 4/9 | Predictions: 305
INFO:b1k.shared.eval_b1k_wrapper:🔧 Gripper variation: Compression disabled (mean: 0.2493, max: 0.7396)
INFO:b1k.shared.eval_b1k_wrapper:🔧 Gripper variation: Compression disabled (mean: 0.4008, max: 0.4407)
INFO:b1k.shared.eval_b1k_wrapper:🔧 Gripper variation: Compression disabled (mean: 0.7680, max: 0.5419)
INFO:b1k.shared.eval_b1k_wrapper:🔧 Gripper variation: Compression disabled (mean: 0.3892, max: 0.6400)
INFO:b1k.shared.eval_b1k_wrapper:🔧 Gripper variation: Compression disabled (mean: 0.7397, max: 0.7491)
INFO:b1k.shared.eval_b1k_wrapper:🎯 Prediction #310 | Actions: uncompressed (20) | Inpainting: True
INFO:b1k.shared.eval_b1k_wrapper:📊 Step 6200 | Task: 32 | Stage: 4/9 | Predictions: 310
INFO:b1k.shared.eval_b1k_wrapper:🔧 Gripper variation: Compression disabled (mean: 0.4082, max: 0.5619)
INFO:b1k.shared.eval_b1k_wrapper:🔧 Gripper variation: Compression disabled (mean: 0.3329, max: 0.5490)
INFO:b1k.shared.eval_b1k_wrapper:🔧 Gripper variation: Compression disabled (mean: 0.5949, max: 0.6297)
INFO:b1k.shared.eval_b1k_wrapper:🔧 Gripper variation: Compression disabled (mean: 0.4987, max: 0.3574)
INFO:b1k.shared.eval_b1k_wrapper:🔧 Gripper variation: Compression disabled (mean: 0.2989, max: 0.4668)
INFO:b1k.shared.eval_b1k_wrapper:📊 Step 6300 | Task: 32 | Stage: 4/9 | Predictions: 315
INFO:b1k.shared.eval_b1k_wrapper:🔧 Gripper variation: Compression disabled (mean: 0.8998, max: 0.4144)
INFO:b1k.shared.eval_b1k_wrapper:🔧 Gripper variation: Compression disabled (mean: 0.3566, max: 0.7268)
INFO:b1k.shared.eval_b1k_wrapper:🔧 Gripper variation: Compression disabled (mean: 0.3177, max: 0.7634)
INFO:b1k.shared.eval_b1k_wrapper:🔧 Gripper variation: Compression disabled (mean: 0.3151, max: 0.9888)
INFO:b1k.shared.eval_b1k_wrapper:🔧 Gripper variation: Compression disabled (mean: 0.2800, max: 0.5301)
INFO:b1k.shared.eval_b1k_wrapper:🎯 Prediction #320 | Actions: uncompressed (20) | Inpainting: True
INFO:b1k.shared.eval_b1k_wrapper:📊 Step 6400 | Task: 32 | Stage: 4/9 | Predictions: 320
INFO:b1k.shared.eval_b1k_wrapper:🔧 Gripper variation: Compression disabled (mean: 0.4937, max: 0.7623)
INFO:b1k.shared.eval_b1k_wrapper:🔧 Gripper variation: Compression disabled (mean: 0.6008, max: 0.4752)
INFO:b1k.shared.eval_b1k_wrapper:🔧 Gripper variation: Compression disabled (mean: 0.4545, max: 0.4180)
INFO:b1k.shared.eval_b1k_wrapper:🔧 Gripper variation: Compression disabled (mean: 0.9139, max: 0.7550)
INFO:b1k.shared.eval_b1k_wrapper:🔧 Gripper variation: Compression disabled (mean: 0.4622, max: 0.3311)
INFO:b1k.shared.eval_b1k_wrapper:📊 Step 6500 | Task: 32 | Stage: 4/9 | Predictions: 325
INFO:b1k.shared.eval_b1k_wrapper:🔧 Gripper variation: Compression disabled (mean: 0.5104, max: 0.8533)
INFO:b1k.shared.eval_b1k_wrapper:🔧 Gripper variation: Compression disabled (mean: 0.1981, max: 0.7064)
INFO:b1k.shared.eval_b1k_wrapper:🔧 Gripper variation: Compression disabled (mean: 0.2594, max: 0.5207)
INFO:b1k.shared.eval_b1k_wrapper:🔧 Gripper variation: Compression disabled (mean: 0.5376, max: 0.6579)
INFO:b1k.shared.eval_b1k_wrapper:🔧 Gripper variation: Compression disabled (mean: 0.6227, max: 0.8240)
INFO:b1k.shared.eval_b1k_wrapper:🎯 Prediction #330 | Actions: uncompressed (20) | Inpainting: True
INFO:b1k.shared.eval_b1k_wrapper:📊 Step 6600 | Task: 32 | Stage: 4/9 | Predictions: 330
INFO:b1k.shared.eval_b1k_wrapper:🔧 Gripper variation: Compression disabled (mean: 0.7766, max: 0.6285)
INFO:b1k.shared.eval_b1k_wrapper:📊 Step 6700 | Task: 32 | Stage: 4/9 | Predictions: 335
INFO:b1k.shared.eval_b1k_wrapper:⬆️  Stage advanced: 4 → 5 (task 32, step 6700)
INFO:b1k.shared.eval_b1k_wrapper:🎯 Prediction #340 | Actions: compressed 26→20 | Inpainting: True
INFO:b1k.shared.eval_b1k_wrapper:📊 Step 6800 | Task: 32 | Stage: 5/9 | Predictions: 340
INFO:b1k.shared.eval_b1k_wrapper:📊 Step 6900 | Task: 32 | Stage: 5/9 | Predictions: 345
INFO:b1k.shared.eval_b1k_wrapper:⬅️  Stage went back: 5 → 4 (task 32, step 6920)
INFO:b1k.shared.eval_b1k_wrapper:🎯 Prediction #350 | Actions: compressed 26→20 | Inpainting: True
INFO:b1k.shared.eval_b1k_wrapper:📊 Step 7000 | Task: 32 | Stage: 4/9 | Predictions: 350
INFO:b1k.shared.eval_b1k_wrapper:📊 Step 7100 | Task: 32 | Stage: 4/9 | Predictions: 355
INFO:b1k.shared.eval_b1k_wrapper:🎯 Prediction #360 | Actions: compressed 26→20 | Inpainting: True
INFO:b1k.shared.eval_b1k_wrapper:📊 Step 7200 | Task: 32 | Stage: 4/9 | Predictions: 360
INFO:b1k.shared.eval_b1k_wrapper:📊 Step 7300 | Task: 32 | Stage: 4/9 | Predictions: 365
INFO:b1k.shared.eval_b1k_wrapper:🎯 Prediction #370 | Actions: compressed 26→20 | Inpainting: True
INFO:b1k.shared.eval_b1k_wrapper:📊 Step 7400 | Task: 32 | Stage: 4/9 | Predictions: 370
INFO:b1k.shared.eval_b1k_wrapper:🔧 Gripper variation: Compression disabled (mean: 0.1772, max: 0.2983)
INFO:b1k.shared.eval_b1k_wrapper:🔧 Gripper variation: Compression disabled (mean: 0.5033, max: 0.6529)
INFO:b1k.shared.eval_b1k_wrapper:🔧 Gripper variation: Compression disabled (mean: 0.2170, max: 0.5810)
INFO:b1k.shared.eval_b1k_wrapper:🔧 Gripper variation: Compression disabled (mean: 0.5497, max: 0.9746)
INFO:b1k.shared.eval_b1k_wrapper:📊 Step 7500 | Task: 32 | Stage: 4/9 | Predictions: 375
INFO:b1k.shared.eval_b1k_wrapper:🔧 Gripper variation: Compression disabled (mean: 0.6148, max: 1.1636)
INFO:b1k.shared.eval_b1k_wrapper:🔧 Gripper variation: Compression disabled (mean: 0.6480, max: 0.7657)
INFO:b1k.shared.eval_b1k_wrapper:🔧 Gripper variation: Compression disabled (mean: 0.3873, max: 0.9512)
INFO:b1k.shared.eval_b1k_wrapper:🔧 Gripper variation: Compression disabled (mean: 0.5731, max: 1.1897)
INFO:b1k.shared.eval_b1k_wrapper:⬆️  Stage advanced: 4 → 5 (task 32, step 7560)
INFO:b1k.shared.eval_b1k_wrapper:🔧 Gripper variation: Compression disabled (mean: 0.5386, max: 1.3989)
INFO:b1k.shared.eval_b1k_wrapper:🎯 Prediction #380 | Actions: uncompressed (20) | Inpainting: True
INFO:b1k.shared.eval_b1k_wrapper:📊 Step 7600 | Task: 32 | Stage: 5/9 | Predictions: 380
INFO:b1k.shared.eval_b1k_wrapper:🔧 Gripper variation: Compression disabled (mean: 0.5192, max: 0.9855)
INFO:b1k.shared.eval_b1k_wrapper:🔧 Gripper variation: Compression disabled (mean: 0.4146, max: 1.7883)
INFO:b1k.shared.eval_b1k_wrapper:🔧 Gripper variation: Compression disabled (mean: 0.1852, max: 0.3109)
INFO:b1k.shared.eval_b1k_wrapper:🔧 Gripper variation: Compression disabled (mean: 1.0284, max: 0.4678)
INFO:b1k.shared.eval_b1k_wrapper:🔧 Gripper variation: Compression disabled (mean: 0.4763, max: 0.6106)
INFO:b1k.shared.eval_b1k_wrapper:⬅️  Stage went back: 5 → 4 (task 32, step 7680)
INFO:b1k.shared.eval_b1k_wrapper:📊 Step 7700 | Task: 32 | Stage: 4/9 | Predictions: 385
INFO:b1k.shared.eval_b1k_wrapper:🔧 Gripper variation: Compression disabled (mean: 0.6384, max: 0.8446)
INFO:b1k.shared.eval_b1k_wrapper:🔧 Gripper variation: Compression disabled (mean: 0.9040, max: 0.8821)
INFO:b1k.shared.eval_b1k_wrapper:🔧 Gripper variation: Compression disabled (mean: 0.5868, max: 0.4242)
INFO:b1k.shared.eval_b1k_wrapper:🔧 Gripper variation: Compression disabled (mean: 1.0125, max: 0.4521)
INFO:b1k.shared.eval_b1k_wrapper:🔧 Gripper variation: Compression disabled (mean: 0.6492, max: 0.6858)
INFO:b1k.shared.eval_b1k_wrapper:🎯 Prediction #390 | Actions: uncompressed (20) | Inpainting: True
INFO:b1k.shared.eval_b1k_wrapper:📊 Step 7800 | Task: 32 | Stage: 4/9 | Predictions: 390
INFO:b1k.shared.eval_b1k_wrapper:🔧 Gripper variation: Compression disabled (mean: 0.9385, max: 0.6056)
INFO:b1k.shared.eval_b1k_wrapper:🔧 Gripper variation: Compression disabled (mean: 0.6434, max: 0.2749)
INFO:b1k.shared.eval_b1k_wrapper:🔧 Gripper variation: Compression disabled (mean: 1.0168, max: 0.3961)
INFO:b1k.shared.eval_b1k_wrapper:🔧 Gripper variation: Compression disabled (mean: 1.0641, max: 0.8199)
INFO:b1k.shared.eval_b1k_wrapper:🔧 Gripper variation: Compression disabled (mean: 1.2986, max: 0.2556)
INFO:b1k.shared.eval_b1k_wrapper:📊 Step 7900 | Task: 32 | Stage: 4/9 | Predictions: 395
INFO:b1k.shared.eval_b1k_wrapper:🔧 Gripper variation: Compression disabled (mean: 0.5822, max: 0.6657)
INFO:b1k.shared.eval_b1k_wrapper:🔧 Gripper variation: Compression disabled (mean: 0.7649, max: 0.9395)
INFO:b1k.shared.eval_b1k_wrapper:🔧 Gripper variation: Compression disabled (mean: 0.9743, max: 0.2879)
INFO:b1k.shared.eval_b1k_wrapper:🔧 Gripper variation: Compression disabled (mean: 0.9163, max: 0.6969)
INFO:b1k.shared.eval_b1k_wrapper:🔧 Gripper variation: Compression disabled (mean: 1.1139, max: 0.3817)
INFO:b1k.shared.eval_b1k_wrapper:🎯 Prediction #400 | Actions: uncompressed (20) | Inpainting: True
INFO:b1k.shared.eval_b1k_wrapper:📊 Step 8000 | Task: 32 | Stage: 4/9 | Predictions: 400
INFO:b1k.shared.eval_b1k_wrapper:🔧 Gripper variation: Compression disabled (mean: 0.9475, max: 0.3562)
INFO:b1k.shared.eval_b1k_wrapper:⬆️  Stage advanced: 4 → 5 (task 32, step 8000)
INFO:b1k.shared.eval_b1k_wrapper:🔧 Gripper variation: Compression disabled (mean: 0.7830, max: 0.6356)
INFO:b1k.shared.eval_b1k_wrapper:📊 Step 8100 | Task: 32 | Stage: 5/9 | Predictions: 405
INFO:b1k.shared.eval_b1k_wrapper:🔧 Gripper variation: Compression disabled (mean: 0.3423, max: 0.1592)
INFO:b1k.shared.eval_b1k_wrapper:🔧 Gripper variation: Compression disabled (mean: 0.2917, max: 0.8428)
INFO:b1k.shared.eval_b1k_wrapper:🔧 Gripper variation: Compression disabled (mean: 0.7442, max: 0.6891)
INFO:b1k.shared.eval_b1k_wrapper:🔧 Gripper variation: Compression disabled (mean: 0.5519, max: 0.4496)
INFO:b1k.shared.eval_b1k_wrapper:🔧 Gripper variation: Compression disabled (mean: 0.2590, max: 0.1379)
INFO:b1k.shared.eval_b1k_wrapper:🎯 Prediction #410 | Actions: uncompressed (20) | Inpainting: True
INFO:b1k.shared.eval_b1k_wrapper:⬆️  Stage advanced: 5 → 6 (task 32, step 8180)
INFO:b1k.shared.eval_b1k_wrapper:📊 Step 8200 | Task: 32 | Stage: 6/9 | Predictions: 410
INFO:b1k.shared.eval_b1k_wrapper:🔧 Gripper variation: Compression disabled (mean: 0.2927, max: 0.4290)
INFO:b1k.shared.eval_b1k_wrapper:🔧 Gripper variation: Compression disabled (mean: 0.7965, max: 0.8426)
INFO:b1k.shared.eval_b1k_wrapper:🔧 Gripper variation: Compression disabled (mean: 0.6582, max: 0.9667)
INFO:b1k.shared.eval_b1k_wrapper:🔧 Gripper variation: Compression disabled (mean: 0.6254, max: 1.1480)
INFO:b1k.shared.eval_b1k_wrapper:🔧 Gripper variation: Compression disabled (mean: 0.6946, max: 0.6782)
INFO:b1k.shared.eval_b1k_wrapper:📊 Step 8300 | Task: 32 | Stage: 6/9 | Predictions: 415
INFO:b1k.shared.eval_b1k_wrapper:🔧 Gripper variation: Compression disabled (mean: 0.9714, max: 0.6678)
INFO:b1k.shared.eval_b1k_wrapper:🔧 Gripper variation: Compression disabled (mean: 1.0322, max: 0.5214)
INFO:b1k.shared.eval_b1k_wrapper:🔧 Gripper variation: Compression disabled (mean: 0.4173, max: 0.4829)
INFO:b1k.shared.eval_b1k_wrapper:🔧 Gripper variation: Compression disabled (mean: 0.6571, max: 0.4186)
INFO:b1k.shared.eval_b1k_wrapper:🔧 Gripper variation: Compression disabled (mean: 0.2149, max: 0.3959)
INFO:b1k.shared.eval_b1k_wrapper:🎯 Prediction #420 | Actions: uncompressed (20) | Inpainting: True
INFO:b1k.shared.eval_b1k_wrapper:⬅️  Stage went back: 6 → 5 (task 32, step 8380)
INFO:b1k.shared.eval_b1k_wrapper:📊 Step 8400 | Task: 32 | Stage: 5/9 | Predictions: 420
INFO:b1k.shared.eval_b1k_wrapper:🔧 Gripper variation: Compression disabled (mean: 0.7404, max: 0.4619)
INFO:b1k.shared.eval_b1k_wrapper:🔧 Gripper variation: Compression disabled (mean: 0.9018, max: 0.5321)
INFO:b1k.shared.eval_b1k_wrapper:🔧 Gripper variation: Compression disabled (mean: 0.4405, max: 0.2170)
INFO:b1k.shared.eval_b1k_wrapper:⬅️  Stage went back: 5 → 4 (task 32, step 8440)
INFO:b1k.shared.eval_b1k_wrapper:🔧 Gripper variation: Compression disabled (mean: 0.6546, max: 0.3380)
INFO:b1k.shared.eval_b1k_wrapper:🔧 Gripper variation: Compression disabled (mean: 1.0067, max: 0.3089)
INFO:b1k.shared.eval_b1k_wrapper:📊 Step 8500 | Task: 32 | Stage: 4/9 | Predictions: 425
INFO:b1k.shared.eval_b1k_wrapper:🔧 Gripper variation: Compression disabled (mean: 1.2056, max: 0.2934)
INFO:b1k.shared.eval_b1k_wrapper:🎯 Prediction #430 | Actions: compressed 26→20 | Inpainting: True
INFO:b1k.shared.eval_b1k_wrapper:📊 Step 8600 | Task: 32 | Stage: 4/9 | Predictions: 430
INFO:b1k.shared.eval_b1k_wrapper:📊 Step 8700 | Task: 32 | Stage: 4/9 | Predictions: 435
INFO:b1k.shared.eval_b1k_wrapper:⬆️  Stage advanced: 4 → 5 (task 32, step 8700)
INFO:b1k.shared.eval_b1k_wrapper:🎯 Prediction #440 | Actions: compressed 26→20 | Inpainting: True
INFO:b1k.shared.eval_b1k_wrapper:📊 Step 8800 | Task: 32 | Stage: 5/9 | Predictions: 440
INFO:b1k.shared.eval_b1k_wrapper:📊 Step 8900 | Task: 32 | Stage: 5/9 | Predictions: 445
INFO:b1k.shared.eval_b1k_wrapper:🎯 Prediction #450 | Actions: compressed 26→20 | Inpainting: True
INFO:b1k.shared.eval_b1k_wrapper:📊 Step 9000 | Task: 32 | Stage: 5/9 | Predictions: 450
INFO:b1k.shared.eval_b1k_wrapper:⬆️  Stage advanced: 5 → 6 (task 32, step 9000)
INFO:b1k.shared.eval_b1k_wrapper:📊 Step 9100 | Task: 32 | Stage: 6/9 | Predictions: 455
INFO:b1k.shared.eval_b1k_wrapper:⬅️  Stage went back: 6 → 5 (task 32, step 9120)
INFO:b1k.shared.eval_b1k_wrapper:🎯 Prediction #460 | Actions: compressed 26→20 | Inpainting: True
INFO:b1k.shared.eval_b1k_wrapper:📊 Step 9200 | Task: 32 | Stage: 5/9 | Predictions: 460
INFO:b1k.shared.eval_b1k_wrapper:📊 Step 9300 | Task: 32 | Stage: 5/9 | Predictions: 465
INFO:b1k.shared.eval_b1k_wrapper:⬅️  Stage went back: 5 → 4 (task 32, step 9300)
INFO:b1k.shared.eval_b1k_wrapper:🎯 Prediction #470 | Actions: compressed 26→20 | Inpainting: True
INFO:b1k.shared.eval_b1k_wrapper:📊 Step 9400 | Task: 32 | Stage: 4/9 | Predictions: 470
INFO:b1k.shared.eval_b1k_wrapper:⬆️  Stage advanced: 4 → 5 (task 32, step 9400)
INFO:b1k.shared.eval_b1k_wrapper:📊 Step 9500 | Task: 32 | Stage: 5/9 | Predictions: 475
INFO:b1k.shared.eval_b1k_wrapper:🎯 Prediction #480 | Actions: compressed 26→20 | Inpainting: True
INFO:b1k.shared.eval_b1k_wrapper:📊 Step 9600 | Task: 32 | Stage: 5/9 | Predictions: 480
INFO:b1k.shared.eval_b1k_wrapper:📊 Step 9700 | Task: 32 | Stage: 5/9 | Predictions: 485
INFO:b1k.shared.eval_b1k_wrapper:🎯 Prediction #490 | Actions: compressed 26→20 | Inpainting: True
INFO:b1k.shared.eval_b1k_wrapper:⬅️  Stage went back: 5 → 4 (task 32, step 9780)
INFO:b1k.shared.eval_b1k_wrapper:📊 Step 9800 | Task: 32 | Stage: 4/9 | Predictions: 490
INFO:b1k.shared.eval_b1k_wrapper:📊 Step 9900 | Task: 32 | Stage: 4/9 | Predictions: 495
INFO:b1k.shared.eval_b1k_wrapper:🎯 Prediction #500 | Actions: compressed 26→20 | Inpainting: True
INFO:b1k.shared.eval_b1k_wrapper:📊 Step 10000 | Task: 32 | Stage: 4/9 | Predictions: 500
INFO:b1k.shared.eval_b1k_wrapper:📊 Step 10100 | Task: 32 | Stage: 4/9 | Predictions: 505
INFO:b1k.shared.eval_b1k_wrapper:🎯 Prediction #510 | Actions: compressed 26→20 | Inpainting: True
INFO:b1k.shared.eval_b1k_wrapper:📊 Step 10200 | Task: 32 | Stage: 4/9 | Predictions: 510
INFO:b1k.shared.eval_b1k_wrapper:📊 Step 10300 | Task: 32 | Stage: 4/9 | Predictions: 515
INFO:b1k.shared.eval_b1k_wrapper:🎯 Prediction #520 | Actions: compressed 26→20 | Inpainting: True
INFO:b1k.shared.eval_b1k_wrapper:📊 Step 10400 | Task: 32 | Stage: 4/9 | Predictions: 520
INFO:b1k.shared.eval_b1k_wrapper:📊 Step 10500 | Task: 32 | Stage: 4/9 | Predictions: 525
INFO:b1k.shared.eval_b1k_wrapper:🎯 Prediction #530 | Actions: compressed 26→20 | Inpainting: True
INFO:b1k.shared.eval_b1k_wrapper:📊 Step 10600 | Task: 32 | Stage: 4/9 | Predictions: 530
INFO:b1k.shared.eval_b1k_wrapper:📊 Step 10700 | Task: 32 | Stage: 4/9 | Predictions: 535
INFO:b1k.shared.eval_b1k_wrapper:🎯 Prediction #540 | Actions: compressed 26→20 | Inpainting: True
INFO:b1k.shared.eval_b1k_wrapper:📊 Step 10800 | Task: 32 | Stage: 4/9 | Predictions: 540
INFO:b1k.shared.eval_b1k_wrapper:📊 Step 10900 | Task: 32 | Stage: 4/9 | Predictions: 545
INFO:b1k.shared.eval_b1k_wrapper:⬆️  Stage advanced: 4 → 5 (task 32, step 10960)
INFO:b1k.shared.eval_b1k_wrapper:🎯 Prediction #550 | Actions: compressed 26→20 | Inpainting: True
INFO:b1k.shared.eval_b1k_wrapper:📊 Step 11000 | Task: 32 | Stage: 5/9 | Predictions: 550
INFO:b1k.shared.eval_b1k_wrapper:📊 Step 11100 | Task: 32 | Stage: 5/9 | Predictions: 555
INFO:b1k.shared.eval_b1k_wrapper:🎯 Prediction #560 | Actions: compressed 26→20 | Inpainting: True
INFO:b1k.shared.eval_b1k_wrapper:📊 Step 11200 | Task: 32 | Stage: 5/9 | Predictions: 560
INFO:b1k.shared.eval_b1k_wrapper:⬅️  Stage went back: 5 → 4 (task 32, step 11260)
INFO:b1k.shared.eval_b1k_wrapper:📊 Step 11300 | Task: 32 | Stage: 4/9 | Predictions: 565
INFO:b1k.shared.eval_b1k_wrapper:🎯 Prediction #570 | Actions: compressed 26→20 | Inpainting: True
INFO:b1k.shared.eval_b1k_wrapper:⬆️  Stage advanced: 4 → 5 (task 32, step 11380)
INFO:b1k.shared.eval_b1k_wrapper:📊 Step 11400 | Task: 32 | Stage: 5/9 | Predictions: 570
INFO:b1k.shared.eval_b1k_wrapper:📊 Step 11500 | Task: 32 | Stage: 5/9 | Predictions: 575
INFO:b1k.shared.eval_b1k_wrapper:🎯 Prediction #580 | Actions: compressed 26→20 | Inpainting: True
INFO:b1k.shared.eval_b1k_wrapper:⬆️  Stage advanced: 5 → 6 (task 32, step 11580)
INFO:b1k.shared.eval_b1k_wrapper:📊 Step 11600 | Task: 32 | Stage: 6/9 | Predictions: 580
INFO:b1k.shared.eval_b1k_wrapper:📊 Step 11700 | Task: 32 | Stage: 6/9 | Predictions: 585
INFO:b1k.shared.eval_b1k_wrapper:🎯 Prediction #590 | Actions: compressed 26→20 | Inpainting: True
INFO:b1k.shared.eval_b1k_wrapper:⬅️  Stage went back: 6 → 5 (task 32, step 11780)
INFO:b1k.shared.eval_b1k_wrapper:📊 Step 11800 | Task: 32 | Stage: 5/9 | Predictions: 590
INFO:b1k.shared.eval_b1k_wrapper:📊 Step 11900 | Task: 32 | Stage: 5/9 | Predictions: 595
INFO:b1k.shared.eval_b1k_wrapper:⬆️  Stage advanced: 5 → 6 (task 32, step 11920)
INFO:b1k.shared.eval_b1k_wrapper:🎯 Prediction #600 | Actions: compressed 26→20 | Inpainting: True
INFO:b1k.shared.eval_b1k_wrapper:📊 Step 12000 | Task: 32 | Stage: 6/9 | Predictions: 600
INFO:b1k.shared.eval_b1k_wrapper:📊 Step 12100 | Task: 32 | Stage: 6/9 | Predictions: 605
INFO:b1k.shared.eval_b1k_wrapper:🎯 Prediction #610 | Actions: compressed 26→20 | Inpainting: True
INFO:b1k.shared.eval_b1k_wrapper:📊 Step 12200 | Task: 32 | Stage: 6/9 | Predictions: 610
INFO:b1k.shared.eval_b1k_wrapper:⬅️  Stage went back: 6 → 5 (task 32, step 12220)
INFO:b1k.shared.eval_b1k_wrapper:⬆️  Stage advanced: 5 → 6 (task 32, step 12280)
INFO:b1k.shared.eval_b1k_wrapper:📊 Step 12300 | Task: 32 | Stage: 6/9 | Predictions: 615
INFO:b1k.shared.eval_b1k_wrapper:🎯 Prediction #620 | Actions: compressed 26→20 | Inpainting: True
INFO:b1k.shared.eval_b1k_wrapper:📊 Step 12400 | Task: 32 | Stage: 6/9 | Predictions: 620
INFO:b1k.shared.eval_b1k_wrapper:📊 Step 12500 | Task: 32 | Stage: 6/9 | Predictions: 625
INFO:b1k.shared.eval_b1k_wrapper:Policy reset - Task ID: 32, Action horizon: 30
INFO:b1k.shared.eval_b1k_wrapper:📊 Step 100 | Task: 32 | Stage: 0/9 | Predictions: 5
INFO:b1k.shared.eval_b1k_wrapper:🎯 Prediction #10 | Actions: compressed 26→20 | Inpainting: True
INFO:b1k.shared.eval_b1k_wrapper:📊 Step 200 | Task: 32 | Stage: 0/9 | Predictions: 10
INFO:b1k.shared.eval_b1k_wrapper:📊 Step 300 | Task: 32 | Stage: 0/9 | Predictions: 15
INFO:b1k.shared.eval_b1k_wrapper:🎯 Prediction #20 | Actions: compressed 26→20 | Inpainting: True
INFO:b1k.shared.eval_b1k_wrapper:📊 Step 400 | Task: 32 | Stage: 0/9 | Predictions: 20
INFO:b1k.shared.eval_b1k_wrapper:📊 Step 500 | Task: 32 | Stage: 0/9 | Predictions: 25
INFO:b1k.shared.eval_b1k_wrapper:🎯 Prediction #30 | Actions: compressed 26→20 | Inpainting: True
INFO:b1k.shared.eval_b1k_wrapper:📊 Step 600 | Task: 32 | Stage: 0/9 | Predictions: 30
INFO:b1k.shared.eval_b1k_wrapper:📊 Step 700 | Task: 32 | Stage: 0/9 | Predictions: 35
INFO:b1k.shared.eval_b1k_wrapper:🎯 Prediction #40 | Actions: compressed 26→20 | Inpainting: True
INFO:b1k.shared.eval_b1k_wrapper:⬆️  Stage advanced: 0 → 1 (task 32, step 780)
INFO:b1k.shared.eval_b1k_wrapper:📊 Step 800 | Task: 32 | Stage: 1/9 | Predictions: 40
INFO:b1k.shared.eval_b1k_wrapper:📊 Step 900 | Task: 32 | Stage: 1/9 | Predictions: 45
INFO:b1k.shared.eval_b1k_wrapper:🔧 Gripper variation: Compression disabled (mean: 1.9978, max: 0.0071)
INFO:b1k.shared.eval_b1k_wrapper:🎯 Prediction #50 | Actions: compressed 26→20 | Inpainting: True
INFO:b1k.shared.eval_b1k_wrapper:📊 Step 1000 | Task: 32 | Stage: 1/9 | Predictions: 50
INFO:b1k.shared.correction_rules:🔧 GENERAL GRIPPER CORRECTION: Task 32, Stage 1
INFO:b1k.shared.correction_rules:   Left gripper closed (-0.9997) → Opening to 1.0
INFO:b1k.shared.eval_b1k_wrapper:🔧 Correction rule: Actions modified (max diff: 2.0072, task 32, stage 1)
INFO:b1k.shared.eval_b1k_wrapper:📊 Step 1100 | Task: 32 | Stage: 1/9 | Predictions: 55
INFO:b1k.shared.eval_b1k_wrapper:🎯 Prediction #60 | Actions: compressed 26→20 | Inpainting: True
INFO:b1k.shared.eval_b1k_wrapper:📊 Step 1200 | Task: 32 | Stage: 1/9 | Predictions: 60
INFO:b1k.shared.eval_b1k_wrapper:📊 Step 1300 | Task: 32 | Stage: 1/9 | Predictions: 65
INFO:b1k.shared.eval_b1k_wrapper:🔧 Gripper variation: Compression disabled (mean: 0.0680, max: 0.2418)
INFO:b1k.shared.eval_b1k_wrapper:🎯 Prediction #70 | Actions: uncompressed (20) | Inpainting: True
INFO:b1k.shared.eval_b1k_wrapper:📊 Step 1400 | Task: 32 | Stage: 1/9 | Predictions: 70
INFO:b1k.shared.eval_b1k_wrapper:🔧 Gripper variation: Compression disabled (mean: 0.0919, max: 0.9421)
INFO:b1k.shared.eval_b1k_wrapper:🔧 Gripper variation: Compression disabled (mean: 0.4972, max: 0.9463)
INFO:b1k.shared.eval_b1k_wrapper:🔧 Gripper variation: Compression disabled (mean: 0.7730, max: 1.5220)
INFO:b1k.shared.eval_b1k_wrapper:🔧 Gripper variation: Compression disabled (mean: 0.7715, max: 1.3165)
INFO:b1k.shared.eval_b1k_wrapper:📊 Step 1500 | Task: 32 | Stage: 1/9 | Predictions: 75
INFO:b1k.shared.eval_b1k_wrapper:🔧 Gripper variation: Compression disabled (mean: 0.2939, max: 1.0410)
INFO:b1k.shared.eval_b1k_wrapper:🔧 Gripper variation: Compression disabled (mean: 0.4945, max: 1.0029)
INFO:b1k.shared.eval_b1k_wrapper:🔧 Gripper variation: Compression disabled (mean: 0.2248, max: 1.0113)
INFO:b1k.shared.eval_b1k_wrapper:🔧 Gripper variation: Compression disabled (mean: 0.3416, max: 1.0439)
INFO:b1k.shared.eval_b1k_wrapper:🔧 Gripper variation: Compression disabled (mean: 0.4271, max: 1.1297)
INFO:b1k.shared.eval_b1k_wrapper:🎯 Prediction #80 | Actions: uncompressed (20) | Inpainting: True
INFO:b1k.shared.eval_b1k_wrapper:📊 Step 1600 | Task: 32 | Stage: 1/9 | Predictions: 80
INFO:b1k.shared.eval_b1k_wrapper:🔧 Gripper variation: Compression disabled (mean: 0.3026, max: 1.0924)
INFO:b1k.shared.eval_b1k_wrapper:🔧 Gripper variation: Compression disabled (mean: 0.5950, max: 1.0947)
INFO:b1k.shared.eval_b1k_wrapper:🔧 Gripper variation: Compression disabled (mean: 0.9071, max: 1.4988)
INFO:b1k.shared.eval_b1k_wrapper:🔧 Gripper variation: Compression disabled (mean: 1.0282, max: 0.5842)
INFO:b1k.shared.eval_b1k_wrapper:🔧 Gripper variation: Compression disabled (mean: 0.2708, max: 0.7711)
INFO:b1k.shared.eval_b1k_wrapper:📊 Step 1700 | Task: 32 | Stage: 1/9 | Predictions: 85
INFO:b1k.shared.eval_b1k_wrapper:🔧 Gripper variation: Compression disabled (mean: 0.3273, max: 0.4042)
INFO:b1k.shared.eval_b1k_wrapper:🔧 Gripper variation: Compression disabled (mean: 0.5492, max: 0.7715)
INFO:b1k.shared.eval_b1k_wrapper:🔧 Gripper variation: Compression disabled (mean: 0.5268, max: 1.3876)
INFO:b1k.shared.eval_b1k_wrapper:🔧 Gripper variation: Compression disabled (mean: 0.4537, max: 0.7934)
INFO:b1k.shared.eval_b1k_wrapper:🔧 Gripper variation: Compression disabled (mean: 0.3497, max: 1.5273)
INFO:b1k.shared.eval_b1k_wrapper:🎯 Prediction #90 | Actions: uncompressed (20) | Inpainting: True
INFO:b1k.shared.eval_b1k_wrapper:📊 Step 1800 | Task: 32 | Stage: 1/9 | Predictions: 90
INFO:b1k.shared.eval_b1k_wrapper:🔧 Gripper variation: Compression disabled (mean: 0.4962, max: 1.6274)
INFO:b1k.shared.eval_b1k_wrapper:🔧 Gripper variation: Compression disabled (mean: 0.8273, max: 1.2769)
INFO:b1k.shared.eval_b1k_wrapper:🔧 Gripper variation: Compression disabled (mean: 0.6675, max: 1.1200)
INFO:b1k.shared.eval_b1k_wrapper:🔧 Gripper variation: Compression disabled (mean: 0.2453, max: 1.1757)
INFO:b1k.shared.eval_b1k_wrapper:🔧 Gripper variation: Compression disabled (mean: 0.5116, max: 1.3610)
INFO:b1k.shared.eval_b1k_wrapper:📊 Step 1900 | Task: 32 | Stage: 1/9 | Predictions: 95
INFO:b1k.shared.eval_b1k_wrapper:🔧 Gripper variation: Compression disabled (mean: 0.4701, max: 0.8074)
INFO:b1k.shared.eval_b1k_wrapper:🔧 Gripper variation: Compression disabled (mean: 0.5065, max: 0.7965)
INFO:b1k.shared.eval_b1k_wrapper:🔧 Gripper variation: Compression disabled (mean: 0.4155, max: 0.6562)
INFO:b1k.shared.eval_b1k_wrapper:🔧 Gripper variation: Compression disabled (mean: 0.3592, max: 0.8886)
INFO:b1k.shared.eval_b1k_wrapper:🔧 Gripper variation: Compression disabled (mean: 1.2389, max: 1.5402)
INFO:b1k.shared.eval_b1k_wrapper:🎯 Prediction #100 | Actions: uncompressed (20) | Inpainting: True
INFO:b1k.shared.eval_b1k_wrapper:📊 Step 2000 | Task: 32 | Stage: 1/9 | Predictions: 100
INFO:b1k.shared.eval_b1k_wrapper:🔧 Gripper variation: Compression disabled (mean: 0.3772, max: 0.6203)
INFO:b1k.shared.eval_b1k_wrapper:⬆️  Stage advanced: 1 → 2 (task 32, step 2000)
INFO:b1k.shared.eval_b1k_wrapper:🔧 Gripper variation: Compression disabled (mean: 0.4374, max: 0.9831)
INFO:b1k.shared.eval_b1k_wrapper:🔧 Gripper variation: Compression disabled (mean: 0.7744, max: 0.8759)
INFO:b1k.shared.eval_b1k_wrapper:🔧 Gripper variation: Compression disabled (mean: 0.3612, max: 0.7337)
INFO:b1k.shared.eval_b1k_wrapper:🔧 Gripper variation: Compression disabled (mean: 0.2966, max: 0.6047)
INFO:b1k.shared.eval_b1k_wrapper:📊 Step 2100 | Task: 32 | Stage: 2/9 | Predictions: 105
INFO:b1k.shared.eval_b1k_wrapper:🔧 Gripper variation: Compression disabled (mean: 0.4836, max: 0.9967)
INFO:b1k.shared.eval_b1k_wrapper:🔧 Gripper variation: Compression disabled (mean: 0.5931, max: 0.7685)
INFO:b1k.shared.eval_b1k_wrapper:🔧 Gripper variation: Compression disabled (mean: 0.4549, max: 1.1932)
INFO:b1k.shared.eval_b1k_wrapper:🔧 Gripper variation: Compression disabled (mean: 0.7394, max: 0.7600)
INFO:b1k.shared.eval_b1k_wrapper:🔧 Gripper variation: Compression disabled (mean: 0.2118, max: 1.2515)
INFO:b1k.shared.eval_b1k_wrapper:🎯 Prediction #110 | Actions: uncompressed (20) | Inpainting: True
INFO:b1k.shared.eval_b1k_wrapper:📊 Step 2200 | Task: 32 | Stage: 2/9 | Predictions: 110
INFO:b1k.shared.eval_b1k_wrapper:🔧 Gripper variation: Compression disabled (mean: 0.7338, max: 1.3872)
INFO:b1k.shared.eval_b1k_wrapper:🔧 Gripper variation: Compression disabled (mean: 0.1558, max: 1.2880)
INFO:b1k.shared.eval_b1k_wrapper:🔧 Gripper variation: Compression disabled (mean: 0.2909, max: 0.9395)
INFO:b1k.shared.eval_b1k_wrapper:🔧 Gripper variation: Compression disabled (mean: 0.6712, max: 0.6637)
INFO:b1k.shared.eval_b1k_wrapper:🔧 Gripper variation: Compression disabled (mean: 0.5475, max: 0.8940)
INFO:b1k.shared.eval_b1k_wrapper:📊 Step 2300 | Task: 32 | Stage: 2/9 | Predictions: 115
INFO:b1k.shared.eval_b1k_wrapper:🔧 Gripper variation: Compression disabled (mean: 0.4161, max: 1.3860)
INFO:b1k.shared.eval_b1k_wrapper:🔧 Gripper variation: Compression disabled (mean: 0.4124, max: 0.6526)
INFO:b1k.shared.eval_b1k_wrapper:🔧 Gripper variation: Compression disabled (mean: 0.9733, max: 1.1740)
INFO:b1k.shared.eval_b1k_wrapper:🔧 Gripper variation: Compression disabled (mean: 0.2188, max: 0.5633)
INFO:b1k.shared.eval_b1k_wrapper:🔧 Gripper variation: Compression disabled (mean: 0.4229, max: 0.8390)
INFO:b1k.shared.eval_b1k_wrapper:🎯 Prediction #120 | Actions: uncompressed (20) | Inpainting: True
INFO:b1k.shared.eval_b1k_wrapper:📊 Step 2400 | Task: 32 | Stage: 2/9 | Predictions: 120
INFO:b1k.shared.eval_b1k_wrapper:🔧 Gripper variation: Compression disabled (mean: 0.3095, max: 0.9621)
INFO:b1k.shared.eval_b1k_wrapper:🔧 Gripper variation: Compression disabled (mean: 0.4448, max: 1.0777)
INFO:b1k.shared.eval_b1k_wrapper:🔧 Gripper variation: Compression disabled (mean: 0.5804, max: 0.7564)
INFO:b1k.shared.eval_b1k_wrapper:🔧 Gripper variation: Compression disabled (mean: 0.4169, max: 0.5594)
INFO:b1k.shared.eval_b1k_wrapper:🔧 Gripper variation: Compression disabled (mean: 0.6300, max: 1.0202)
INFO:b1k.shared.eval_b1k_wrapper:📊 Step 2500 | Task: 32 | Stage: 2/9 | Predictions: 125
INFO:b1k.shared.eval_b1k_wrapper:🔧 Gripper variation: Compression disabled (mean: 0.6988, max: 1.1013)
INFO:b1k.shared.eval_b1k_wrapper:🔧 Gripper variation: Compression disabled (mean: 0.9908, max: 0.8451)
INFO:b1k.shared.eval_b1k_wrapper:🔧 Gripper variation: Compression disabled (mean: 0.5474, max: 0.6344)
INFO:b1k.shared.eval_b1k_wrapper:🔧 Gripper variation: Compression disabled (mean: 0.3138, max: 0.8053)
INFO:b1k.shared.eval_b1k_wrapper:🔧 Gripper variation: Compression disabled (mean: 0.4999, max: 1.1352)
INFO:b1k.shared.eval_b1k_wrapper:🎯 Prediction #130 | Actions: uncompressed (20) | Inpainting: True
INFO:b1k.shared.eval_b1k_wrapper:📊 Step 2600 | Task: 32 | Stage: 2/9 | Predictions: 130
INFO:b1k.shared.eval_b1k_wrapper:🔧 Gripper variation: Compression disabled (mean: 0.4678, max: 1.1468)
INFO:b1k.shared.eval_b1k_wrapper:🔧 Gripper variation: Compression disabled (mean: 0.4680, max: 1.4350)
INFO:b1k.shared.eval_b1k_wrapper:🔧 Gripper variation: Compression disabled (mean: 0.9413, max: 0.8811)
INFO:b1k.shared.eval_b1k_wrapper:🔧 Gripper variation: Compression disabled (mean: 0.0878, max: 1.2311)
INFO:b1k.shared.eval_b1k_wrapper:🔧 Gripper variation: Compression disabled (mean: 0.4430, max: 0.8233)
INFO:b1k.shared.eval_b1k_wrapper:📊 Step 2700 | Task: 32 | Stage: 2/9 | Predictions: 135
INFO:b1k.shared.eval_b1k_wrapper:🔧 Gripper variation: Compression disabled (mean: 0.6119, max: 0.9823)
INFO:b1k.shared.eval_b1k_wrapper:🔧 Gripper variation: Compression disabled (mean: 0.7204, max: 0.8530)
INFO:b1k.shared.eval_b1k_wrapper:🔧 Gripper variation: Compression disabled (mean: 0.3758, max: 1.0148)
INFO:b1k.shared.eval_b1k_wrapper:🔧 Gripper variation: Compression disabled (mean: 1.0324, max: 1.2091)
INFO:b1k.shared.eval_b1k_wrapper:🔧 Gripper variation: Compression disabled (mean: 0.4627, max: 1.2401)
INFO:b1k.shared.eval_b1k_wrapper:🎯 Prediction #140 | Actions: uncompressed (20) | Inpainting: True
INFO:b1k.shared.eval_b1k_wrapper:📊 Step 2800 | Task: 32 | Stage: 2/9 | Predictions: 140
INFO:b1k.shared.eval_b1k_wrapper:🔧 Gripper variation: Compression disabled (mean: 0.8889, max: 1.0643)
INFO:b1k.shared.eval_b1k_wrapper:🔧 Gripper variation: Compression disabled (mean: 0.9036, max: 1.1326)
INFO:b1k.shared.eval_b1k_wrapper:📊 Step 2900 | Task: 32 | Stage: 2/9 | Predictions: 145
INFO:b1k.shared.eval_b1k_wrapper:⏭️  Stage skipped: 2 → 3 (task 32, step 2960)
INFO:b1k.shared.eval_b1k_wrapper:🎯 Prediction #150 | Actions: compressed 26→20 | Inpainting: True
INFO:b1k.shared.eval_b1k_wrapper:📊 Step 3000 | Task: 32 | Stage: 3/9 | Predictions: 150
INFO:b1k.shared.eval_b1k_wrapper:⬆️  Stage advanced: 3 → 4 (task 32, step 3020)
INFO:b1k.shared.eval_b1k_wrapper:📊 Step 3100 | Task: 32 | Stage: 4/9 | Predictions: 155
INFO:b1k.shared.eval_b1k_wrapper:🎯 Prediction #160 | Actions: compressed 26→20 | Inpainting: True
INFO:b1k.shared.eval_b1k_wrapper:⬅️  Stage went back: 4 → 3 (task 32, step 3180)
INFO:b1k.shared.eval_b1k_wrapper:📊 Step 3200 | Task: 32 | Stage: 3/9 | Predictions: 160
INFO:b1k.shared.eval_b1k_wrapper:📊 Step 3300 | Task: 32 | Stage: 3/9 | Predictions: 165
INFO:b1k.shared.eval_b1k_wrapper:🎯 Prediction #170 | Actions: compressed 26→20 | Inpainting: True
INFO:b1k.shared.eval_b1k_wrapper:⬅️  Stage went back: 3 → 2 (task 32, step 3380)
INFO:b1k.shared.eval_b1k_wrapper:📊 Step 3400 | Task: 32 | Stage: 2/9 | Predictions: 170
INFO:b1k.shared.eval_b1k_wrapper:📊 Step 3500 | Task: 32 | Stage: 2/9 | Predictions: 175
INFO:b1k.shared.eval_b1k_wrapper:🎯 Prediction #180 | Actions: compressed 26→20 | Inpainting: True
INFO:b1k.shared.eval_b1k_wrapper:📊 Step 3600 | Task: 32 | Stage: 2/9 | Predictions: 180
INFO:b1k.shared.eval_b1k_wrapper:📊 Step 3700 | Task: 32 | Stage: 2/9 | Predictions: 185
INFO:b1k.shared.eval_b1k_wrapper:🎯 Prediction #190 | Actions: compressed 26→20 | Inpainting: True
INFO:b1k.shared.eval_b1k_wrapper:📊 Step 3800 | Task: 32 | Stage: 2/9 | Predictions: 190
INFO:b1k.shared.eval_b1k_wrapper:📊 Step 3900 | Task: 32 | Stage: 2/9 | Predictions: 195
INFO:b1k.shared.eval_b1k_wrapper:⬆️  Stage advanced: 2 → 3 (task 32, step 3900)
INFO:b1k.shared.eval_b1k_wrapper:🎯 Prediction #200 | Actions: compressed 26→20 | Inpainting: True
INFO:b1k.shared.eval_b1k_wrapper:📊 Step 4000 | Task: 32 | Stage: 3/9 | Predictions: 200
INFO:b1k.shared.eval_b1k_wrapper:📊 Step 4100 | Task: 32 | Stage: 3/9 | Predictions: 205
INFO:b1k.shared.eval_b1k_wrapper:🎯 Prediction #210 | Actions: compressed 26→20 | Inpainting: True
INFO:b1k.shared.eval_b1k_wrapper:📊 Step 4200 | Task: 32 | Stage: 3/9 | Predictions: 210
INFO:b1k.shared.eval_b1k_wrapper:📊 Step 4300 | Task: 32 | Stage: 3/9 | Predictions: 215
INFO:b1k.shared.eval_b1k_wrapper:🎯 Prediction #220 | Actions: compressed 26→20 | Inpainting: True
INFO:b1k.shared.eval_b1k_wrapper:📊 Step 4400 | Task: 32 | Stage: 3/9 | Predictions: 220
INFO:b1k.shared.eval_b1k_wrapper:📊 Step 4500 | Task: 32 | Stage: 3/9 | Predictions: 225
INFO:b1k.shared.eval_b1k_wrapper:🎯 Prediction #230 | Actions: compressed 26→20 | Inpainting: True
INFO:b1k.shared.eval_b1k_wrapper:📊 Step 4600 | Task: 32 | Stage: 3/9 | Predictions: 230
INFO:b1k.shared.eval_b1k_wrapper:📊 Step 4700 | Task: 32 | Stage: 3/9 | Predictions: 235
INFO:b1k.shared.eval_b1k_wrapper:🎯 Prediction #240 | Actions: compressed 26→20 | Inpainting: True
INFO:b1k.shared.eval_b1k_wrapper:📊 Step 4800 | Task: 32 | Stage: 3/9 | Predictions: 240
INFO:b1k.shared.eval_b1k_wrapper:📊 Step 4900 | Task: 32 | Stage: 3/9 | Predictions: 245
INFO:b1k.shared.eval_b1k_wrapper:🎯 Prediction #250 | Actions: compressed 26→20 | Inpainting: True
INFO:b1k.shared.eval_b1k_wrapper:📊 Step 5000 | Task: 32 | Stage: 3/9 | Predictions: 250
INFO:b1k.shared.eval_b1k_wrapper:📊 Step 5100 | Task: 32 | Stage: 3/9 | Predictions: 255
INFO:b1k.shared.eval_b1k_wrapper:🔧 Gripper variation: Compression disabled (mean: 0.0983, max: 0.2434)
INFO:b1k.shared.eval_b1k_wrapper:🎯 Prediction #260 | Actions: compressed 26→20 | Inpainting: True
INFO:b1k.shared.eval_b1k_wrapper:📊 Step 5200 | Task: 32 | Stage: 3/9 | Predictions: 260
INFO:b1k.shared.eval_b1k_wrapper:🔧 Gripper variation: Compression disabled (mean: 0.5050, max: 0.5708)
INFO:b1k.shared.eval_b1k_wrapper:📊 Step 5300 | Task: 32 | Stage: 3/9 | Predictions: 265
INFO:b1k.shared.eval_b1k_wrapper:🔧 Gripper variation: Compression disabled (mean: 0.3986, max: 1.2625)
INFO:b1k.shared.eval_b1k_wrapper:🔧 Gripper variation: Compression disabled (mean: 0.1377, max: 0.7084)
INFO:b1k.shared.eval_b1k_wrapper:🎯 Prediction #270 | Actions: compressed 26→20 | Inpainting: True
INFO:b1k.shared.eval_b1k_wrapper:⬅️  Stage went back: 3 → 2 (task 32, step 5380)
INFO:b1k.shared.eval_b1k_wrapper:📊 Step 5400 | Task: 32 | Stage: 2/9 | Predictions: 270
INFO:b1k.shared.eval_b1k_wrapper:🔧 Gripper variation: Compression disabled (mean: 0.1001, max: 0.4050)
INFO:b1k.shared.eval_b1k_wrapper:🔧 Gripper variation: Compression disabled (mean: 0.3060, max: 1.1994)
INFO:b1k.shared.eval_b1k_wrapper:🔧 Gripper variation: Compression disabled (mean: 0.2264, max: 1.2278)
INFO:b1k.shared.eval_b1k_wrapper:🔧 Gripper variation: Compression disabled (mean: 0.5134, max: 0.4789)
INFO:b1k.shared.eval_b1k_wrapper:🔧 Gripper variation: Compression disabled (mean: 0.3248, max: 0.9920)
INFO:b1k.shared.eval_b1k_wrapper:📊 Step 5500 | Task: 32 | Stage: 2/9 | Predictions: 275
INFO:b1k.shared.eval_b1k_wrapper:🔧 Gripper variation: Compression disabled (mean: 0.5671, max: 1.2120)
INFO:b1k.shared.eval_b1k_wrapper:🔧 Gripper variation: Compression disabled (mean: 0.3081, max: 0.7339)
INFO:b1k.shared.eval_b1k_wrapper:🔧 Gripper variation: Compression disabled (mean: 0.3400, max: 0.8903)
INFO:b1k.shared.eval_b1k_wrapper:🔧 Gripper variation: Compression disabled (mean: 0.9299, max: 0.9160)
INFO:b1k.shared.eval_b1k_wrapper:🔧 Gripper variation: Compression disabled (mean: 0.4684, max: 0.7857)
INFO:b1k.shared.eval_b1k_wrapper:🎯 Prediction #280 | Actions: uncompressed (20) | Inpainting: True
INFO:b1k.shared.eval_b1k_wrapper:📊 Step 5600 | Task: 32 | Stage: 2/9 | Predictions: 280
INFO:b1k.shared.eval_b1k_wrapper:🔧 Gripper variation: Compression disabled (mean: 0.4988, max: 0.9470)
INFO:b1k.shared.eval_b1k_wrapper:🔧 Gripper variation: Compression disabled (mean: 0.7987, max: 1.3088)
INFO:b1k.shared.eval_b1k_wrapper:🔧 Gripper variation: Compression disabled (mean: 0.5579, max: 0.9447)
INFO:b1k.shared.eval_b1k_wrapper:🔧 Gripper variation: Compression disabled (mean: 0.6162, max: 0.8305)
INFO:b1k.shared.eval_b1k_wrapper:⬆️  Stage advanced: 2 → 3 (task 32, step 5660)
INFO:b1k.shared.eval_b1k_wrapper:🔧 Gripper variation: Compression disabled (mean: 0.0460, max: 0.8569)
INFO:b1k.shared.eval_b1k_wrapper:📊 Step 5700 | Task: 32 | Stage: 3/9 | Predictions: 285
INFO:b1k.shared.eval_b1k_wrapper:🔧 Gripper variation: Compression disabled (mean: 0.1896, max: 0.4050)
INFO:b1k.shared.eval_b1k_wrapper:🔧 Gripper variation: Compression disabled (mean: 0.2366, max: 0.3432)
INFO:b1k.shared.eval_b1k_wrapper:🔧 Gripper variation: Compression disabled (mean: 0.5730, max: 0.7374)
INFO:b1k.shared.eval_b1k_wrapper:🔧 Gripper variation: Compression disabled (mean: 0.3138, max: 0.8037)
INFO:b1k.shared.eval_b1k_wrapper:🔧 Gripper variation: Compression disabled (mean: 0.3749, max: 1.2052)
INFO:b1k.shared.eval_b1k_wrapper:🎯 Prediction #290 | Actions: uncompressed (20) | Inpainting: True
INFO:b1k.shared.eval_b1k_wrapper:📊 Step 5800 | Task: 32 | Stage: 3/9 | Predictions: 290
INFO:b1k.shared.eval_b1k_wrapper:🔧 Gripper variation: Compression disabled (mean: 0.1748, max: 0.9353)
INFO:b1k.shared.eval_b1k_wrapper:🔧 Gripper variation: Compression disabled (mean: 0.6712, max: 0.7303)
INFO:b1k.shared.eval_b1k_wrapper:🔧 Gripper variation: Compression disabled (mean: 0.9330, max: 1.4272)
INFO:b1k.shared.eval_b1k_wrapper:🔧 Gripper variation: Compression disabled (mean: 0.5398, max: 1.0149)
INFO:b1k.shared.eval_b1k_wrapper:🔧 Gripper variation: Compression disabled (mean: 0.4260, max: 1.1829)
INFO:b1k.shared.eval_b1k_wrapper:📊 Step 5900 | Task: 32 | Stage: 3/9 | Predictions: 295
INFO:b1k.shared.eval_b1k_wrapper:🔧 Gripper variation: Compression disabled (mean: 0.4283, max: 1.2537)
INFO:b1k.shared.eval_b1k_wrapper:🔧 Gripper variation: Compression disabled (mean: 0.5139, max: 1.3474)
INFO:b1k.shared.eval_b1k_wrapper:🔧 Gripper variation: Compression disabled (mean: 0.4580, max: 0.8860)
INFO:b1k.shared.eval_b1k_wrapper:🔧 Gripper variation: Compression disabled (mean: 0.3301, max: 0.7488)
INFO:b1k.shared.eval_b1k_wrapper:🔧 Gripper variation: Compression disabled (mean: 0.4278, max: 1.3131)
INFO:b1k.shared.eval_b1k_wrapper:🎯 Prediction #300 | Actions: uncompressed (20) | Inpainting: True
INFO:b1k.shared.eval_b1k_wrapper:📊 Step 6000 | Task: 32 | Stage: 3/9 | Predictions: 300
INFO:b1k.shared.eval_b1k_wrapper:🔧 Gripper variation: Compression disabled (mean: 0.6465, max: 0.8615)
INFO:b1k.shared.eval_b1k_wrapper:🔧 Gripper variation: Compression disabled (mean: 0.1483, max: 0.4457)
INFO:b1k.shared.eval_b1k_wrapper:🔧 Gripper variation: Compression disabled (mean: 0.7650, max: 0.6298)
INFO:b1k.shared.eval_b1k_wrapper:🔧 Gripper variation: Compression disabled (mean: 0.7365, max: 0.8856)
INFO:b1k.shared.eval_b1k_wrapper:🔧 Gripper variation: Compression disabled (mean: 0.2990, max: 0.5760)
INFO:b1k.shared.eval_b1k_wrapper:📊 Step 6100 | Task: 32 | Stage: 3/9 | Predictions: 305
INFO:b1k.shared.eval_b1k_wrapper:🔧 Gripper variation: Compression disabled (mean: 0.2059, max: 0.8361)
INFO:b1k.shared.eval_b1k_wrapper:🔧 Gripper variation: Compression disabled (mean: 0.3778, max: 0.4907)
INFO:b1k.shared.eval_b1k_wrapper:🔧 Gripper variation: Compression disabled (mean: 0.3940, max: 0.7768)
INFO:b1k.shared.eval_b1k_wrapper:🔧 Gripper variation: Compression disabled (mean: 0.3996, max: 0.8828)
INFO:b1k.shared.eval_b1k_wrapper:🔧 Gripper variation: Compression disabled (mean: 0.3855, max: 0.7393)
INFO:b1k.shared.eval_b1k_wrapper:🎯 Prediction #310 | Actions: uncompressed (20) | Inpainting: True
INFO:b1k.shared.eval_b1k_wrapper:📊 Step 6200 | Task: 32 | Stage: 3/9 | Predictions: 310
INFO:b1k.shared.eval_b1k_wrapper:🔧 Gripper variation: Compression disabled (mean: 0.7178, max: 0.7393)
INFO:b1k.shared.eval_b1k_wrapper:🔧 Gripper variation: Compression disabled (mean: 0.8459, max: 0.7090)
INFO:b1k.shared.eval_b1k_wrapper:🔧 Gripper variation: Compression disabled (mean: 0.5801, max: 0.8698)
INFO:b1k.shared.eval_b1k_wrapper:⬅️  Stage went back: 3 → 2 (task 32, step 6240)
INFO:b1k.shared.eval_b1k_wrapper:🔧 Gripper variation: Compression disabled (mean: 0.5190, max: 0.7727)
INFO:b1k.shared.eval_b1k_wrapper:🔧 Gripper variation: Compression disabled (mean: 0.2599, max: 1.0113)
INFO:b1k.shared.eval_b1k_wrapper:📊 Step 6300 | Task: 32 | Stage: 2/9 | Predictions: 315
INFO:b1k.shared.eval_b1k_wrapper:🔧 Gripper variation: Compression disabled (mean: 0.3485, max: 0.8293)
INFO:b1k.shared.eval_b1k_wrapper:🔧 Gripper variation: Compression disabled (mean: 0.5255, max: 0.6868)
INFO:b1k.shared.eval_b1k_wrapper:⏭️  Stage skipped: 2 → 3 (task 32, step 6320)
INFO:b1k.shared.eval_b1k_wrapper:🔧 Gripper variation: Compression disabled (mean: 0.3676, max: 0.3666)
INFO:b1k.shared.eval_b1k_wrapper:🔧 Gripper variation: Compression disabled (mean: 0.3521, max: 0.5815)
INFO:b1k.shared.eval_b1k_wrapper:🔧 Gripper variation: Compression disabled (mean: 0.4962, max: 1.3299)
INFO:b1k.shared.eval_b1k_wrapper:🎯 Prediction #320 | Actions: uncompressed (20) | Inpainting: True
INFO:b1k.shared.eval_b1k_wrapper:⬆️  Stage advanced: 3 → 4 (task 32, step 6380)
INFO:b1k.shared.eval_b1k_wrapper:📊 Step 6400 | Task: 32 | Stage: 4/9 | Predictions: 320
INFO:b1k.shared.eval_b1k_wrapper:🔧 Gripper variation: Compression disabled (mean: 0.1806, max: 0.9696)
INFO:b1k.shared.eval_b1k_wrapper:🔧 Gripper variation: Compression disabled (mean: 0.5513, max: 0.7263)
INFO:b1k.shared.eval_b1k_wrapper:🔧 Gripper variation: Compression disabled (mean: 0.2406, max: 1.0181)
INFO:b1k.shared.eval_b1k_wrapper:🔧 Gripper variation: Compression disabled (mean: 0.4286, max: 1.0647)
INFO:b1k.shared.eval_b1k_wrapper:🔧 Gripper variation: Compression disabled (mean: 0.7055, max: 0.7467)
INFO:b1k.shared.eval_b1k_wrapper:📊 Step 6500 | Task: 32 | Stage: 4/9 | Predictions: 325
INFO:b1k.shared.eval_b1k_wrapper:🔧 Gripper variation: Compression disabled (mean: 0.3202, max: 0.8499)
INFO:b1k.shared.eval_b1k_wrapper:🔧 Gripper variation: Compression disabled (mean: 0.6535, max: 0.3480)
INFO:b1k.shared.eval_b1k_wrapper:🔧 Gripper variation: Compression disabled (mean: 1.3284, max: 1.6076)
INFO:b1k.shared.eval_b1k_wrapper:🔧 Gripper variation: Compression disabled (mean: 0.6251, max: 0.9057)
INFO:b1k.shared.eval_b1k_wrapper:🔧 Gripper variation: Compression disabled (mean: 0.3551, max: 0.3240)
INFO:b1k.shared.eval_b1k_wrapper:🎯 Prediction #330 | Actions: uncompressed (20) | Inpainting: True
INFO:b1k.shared.eval_b1k_wrapper:📊 Step 6600 | Task: 32 | Stage: 4/9 | Predictions: 330
INFO:b1k.shared.eval_b1k_wrapper:🔧 Gripper variation: Compression disabled (mean: 0.2935, max: 0.8989)
INFO:b1k.shared.eval_b1k_wrapper:⬆️  Stage advanced: 4 → 5 (task 32, step 6600)
INFO:b1k.shared.eval_b1k_wrapper:🔧 Gripper variation: Compression disabled (mean: 0.6744, max: 0.9859)
INFO:b1k.shared.eval_b1k_wrapper:🔧 Gripper variation: Compression disabled (mean: 0.7004, max: 1.0623)
INFO:b1k.shared.eval_b1k_wrapper:🔧 Gripper variation: Compression disabled (mean: 0.6824, max: 1.3401)
INFO:b1k.shared.eval_b1k_wrapper:🔧 Gripper variation: Compression disabled (mean: 0.4978, max: 1.3095)
INFO:b1k.shared.eval_b1k_wrapper:📊 Step 6700 | Task: 32 | Stage: 5/9 | Predictions: 335
INFO:b1k.shared.eval_b1k_wrapper:🔧 Gripper variation: Compression disabled (mean: 0.8493, max: 1.2750)
INFO:b1k.shared.eval_b1k_wrapper:🎯 Prediction #340 | Actions: compressed 26→20 | Inpainting: True
INFO:b1k.shared.eval_b1k_wrapper:📊 Step 6800 | Task: 32 | Stage: 5/9 | Predictions: 340
INFO:b1k.shared.eval_b1k_wrapper:📊 Step 6900 | Task: 32 | Stage: 5/9 | Predictions: 345
INFO:b1k.shared.eval_b1k_wrapper:🎯 Prediction #350 | Actions: compressed 26→20 | Inpainting: True
INFO:b1k.shared.eval_b1k_wrapper:📊 Step 7000 | Task: 32 | Stage: 5/9 | Predictions: 350
INFO:b1k.shared.eval_b1k_wrapper:📊 Step 7100 | Task: 32 | Stage: 5/9 | Predictions: 355
INFO:b1k.shared.eval_b1k_wrapper:🎯 Prediction #360 | Actions: compressed 26→20 | Inpainting: True
INFO:b1k.shared.eval_b1k_wrapper:📊 Step 7200 | Task: 32 | Stage: 5/9 | Predictions: 360
INFO:b1k.shared.eval_b1k_wrapper:📊 Step 7300 | Task: 32 | Stage: 5/9 | Predictions: 365
INFO:b1k.shared.eval_b1k_wrapper:🎯 Prediction #370 | Actions: compressed 26→20 | Inpainting: True
INFO:b1k.shared.eval_b1k_wrapper:📊 Step 7400 | Task: 32 | Stage: 5/9 | Predictions: 370
INFO:b1k.shared.eval_b1k_wrapper:📊 Step 7500 | Task: 32 | Stage: 5/9 | Predictions: 375
INFO:b1k.shared.eval_b1k_wrapper:🎯 Prediction #380 | Actions: compressed 26→20 | Inpainting: True
INFO:b1k.shared.eval_b1k_wrapper:📊 Step 7600 | Task: 32 | Stage: 5/9 | Predictions: 380
INFO:b1k.shared.eval_b1k_wrapper:📊 Step 7700 | Task: 32 | Stage: 5/9 | Predictions: 385
INFO:b1k.shared.eval_b1k_wrapper:🎯 Prediction #390 | Actions: compressed 26→20 | Inpainting: True
INFO:b1k.shared.eval_b1k_wrapper:📊 Step 7800 | Task: 32 | Stage: 5/9 | Predictions: 390
INFO:b1k.shared.eval_b1k_wrapper:🔧 Gripper variation: Compression disabled (mean: 0.4958, max: 0.1491)
INFO:b1k.shared.eval_b1k_wrapper:🔧 Gripper variation: Compression disabled (mean: 0.5900, max: 0.0737)
INFO:b1k.shared.eval_b1k_wrapper:📊 Step 7900 | Task: 32 | Stage: 5/9 | Predictions: 395
INFO:b1k.shared.eval_b1k_wrapper:🔧 Gripper variation: Compression disabled (mean: 0.2046, max: 1.4590)
INFO:b1k.shared.eval_b1k_wrapper:🔧 Gripper variation: Compression disabled (mean: 0.2190, max: 1.4108)
INFO:b1k.shared.eval_b1k_wrapper:🎯 Prediction #400 | Actions: uncompressed (20) | Inpainting: True
INFO:b1k.shared.eval_b1k_wrapper:📊 Step 8000 | Task: 32 | Stage: 5/9 | Predictions: 400
INFO:b1k.shared.eval_b1k_wrapper:📊 Step 8100 | Task: 32 | Stage: 5/9 | Predictions: 405
INFO:b1k.shared.eval_b1k_wrapper:🔧 Gripper variation: Compression disabled (mean: 0.5070, max: 0.3691)
INFO:b1k.shared.eval_b1k_wrapper:🔧 Gripper variation: Compression disabled (mean: 0.5974, max: 0.4227)
INFO:b1k.shared.eval_b1k_wrapper:🔧 Gripper variation: Compression disabled (mean: 0.3732, max: 1.6055)
INFO:b1k.shared.eval_b1k_wrapper:🎯 Prediction #410 | Actions: uncompressed (20) | Inpainting: True
INFO:b1k.shared.eval_b1k_wrapper:📊 Step 8200 | Task: 32 | Stage: 5/9 | Predictions: 410
INFO:b1k.shared.eval_b1k_wrapper:🔧 Gripper variation: Compression disabled (mean: 0.2512, max: 0.2684)
INFO:b1k.shared.eval_b1k_wrapper:📊 Step 8300 | Task: 32 | Stage: 5/9 | Predictions: 415
INFO:b1k.shared.eval_b1k_wrapper:🎯 Prediction #420 | Actions: compressed 26→20 | Inpainting: True
INFO:b1k.shared.eval_b1k_wrapper:📊 Step 8400 | Task: 32 | Stage: 5/9 | Predictions: 420
INFO:b1k.shared.eval_b1k_wrapper:📊 Step 8500 | Task: 32 | Stage: 5/9 | Predictions: 425
INFO:b1k.shared.eval_b1k_wrapper:🎯 Prediction #430 | Actions: compressed 26→20 | Inpainting: True
INFO:b1k.shared.eval_b1k_wrapper:📊 Step 8600 | Task: 32 | Stage: 5/9 | Predictions: 430
INFO:b1k.shared.eval_b1k_wrapper:📊 Step 8700 | Task: 32 | Stage: 5/9 | Predictions: 435
INFO:b1k.shared.eval_b1k_wrapper:🎯 Prediction #440 | Actions: compressed 26→20 | Inpainting: True
INFO:b1k.shared.eval_b1k_wrapper:📊 Step 8800 | Task: 32 | Stage: 5/9 | Predictions: 440
INFO:b1k.shared.eval_b1k_wrapper:📊 Step 8900 | Task: 32 | Stage: 5/9 | Predictions: 445
INFO:b1k.shared.eval_b1k_wrapper:🔧 Gripper variation: Compression disabled (mean: 0.4733, max: 0.3802)
INFO:b1k.shared.eval_b1k_wrapper:🔧 Gripper variation: Compression disabled (mean: 0.3646, max: 0.2837)
INFO:b1k.shared.eval_b1k_wrapper:🎯 Prediction #450 | Actions: uncompressed (20) | Inpainting: True
INFO:b1k.shared.eval_b1k_wrapper:📊 Step 9000 | Task: 32 | Stage: 5/9 | Predictions: 450
INFO:b1k.shared.eval_b1k_wrapper:🔧 Gripper variation: Compression disabled (mean: 0.4000, max: 0.4302)
INFO:b1k.shared.eval_b1k_wrapper:🔧 Gripper variation: Compression disabled (mean: 0.4244, max: 0.3047)
INFO:b1k.shared.eval_b1k_wrapper:🔧 Gripper variation: Compression disabled (mean: 0.1723, max: 0.4983)
INFO:b1k.shared.eval_b1k_wrapper:📊 Step 9100 | Task: 32 | Stage: 5/9 | Predictions: 455
INFO:b1k.shared.eval_b1k_wrapper:🔧 Gripper variation: Compression disabled (mean: 0.4931, max: 0.1794)
INFO:b1k.shared.eval_b1k_wrapper:🎯 Prediction #460 | Actions: compressed 26→20 | Inpainting: True
INFO:b1k.shared.eval_b1k_wrapper:📊 Step 9200 | Task: 32 | Stage: 5/9 | Predictions: 460
INFO:b1k.shared.eval_b1k_wrapper:📊 Step 9300 | Task: 32 | Stage: 5/9 | Predictions: 465
INFO:b1k.shared.eval_b1k_wrapper:🔧 Gripper variation: Compression disabled (mean: 0.3616, max: 0.1807)
INFO:b1k.shared.eval_b1k_wrapper:🔧 Gripper variation: Compression disabled (mean: 0.0792, max: 0.3123)
INFO:b1k.shared.eval_b1k_wrapper:🎯 Prediction #470 | Actions: compressed 26→20 | Inpainting: True
INFO:b1k.shared.eval_b1k_wrapper:📊 Step 9400 | Task: 32 | Stage: 5/9 | Predictions: 470
INFO:b1k.shared.eval_b1k_wrapper:🔧 Gripper variation: Compression disabled (mean: 0.3043, max: 0.0177)
INFO:b1k.shared.eval_b1k_wrapper:🔧 Gripper variation: Compression disabled (mean: 0.3558, max: 0.3949)
INFO:b1k.shared.eval_b1k_wrapper:🔧 Gripper variation: Compression disabled (mean: 0.2282, max: 0.2761)
INFO:b1k.shared.eval_b1k_wrapper:📊 Step 9500 | Task: 32 | Stage: 5/9 | Predictions: 475
INFO:b1k.shared.eval_b1k_wrapper:🔧 Gripper variation: Compression disabled (mean: 0.6669, max: 0.4777)
INFO:b1k.shared.eval_b1k_wrapper:🔧 Gripper variation: Compression disabled (mean: 0.1874, max: 0.2364)
INFO:b1k.shared.eval_b1k_wrapper:🔧 Gripper variation: Compression disabled (mean: 0.3132, max: 0.6086)
INFO:b1k.shared.eval_b1k_wrapper:🔧 Gripper variation: Compression disabled (mean: 0.4140, max: 0.5884)
INFO:b1k.shared.eval_b1k_wrapper:🔧 Gripper variation: Compression disabled (mean: 0.6772, max: 0.6056)
INFO:b1k.shared.eval_b1k_wrapper:🎯 Prediction #480 | Actions: uncompressed (20) | Inpainting: True
INFO:b1k.shared.eval_b1k_wrapper:📊 Step 9600 | Task: 32 | Stage: 5/9 | Predictions: 480
INFO:b1k.shared.eval_b1k_wrapper:🔧 Gripper variation: Compression disabled (mean: 0.2867, max: 0.0253)
INFO:b1k.shared.eval_b1k_wrapper:🔧 Gripper variation: Compression disabled (mean: 0.1478, max: 0.2242)
INFO:b1k.shared.eval_b1k_wrapper:🔧 Gripper variation: Compression disabled (mean: 0.2977, max: 0.2875)
INFO:b1k.shared.eval_b1k_wrapper:📊 Step 9700 | Task: 32 | Stage: 5/9 | Predictions: 485
INFO:b1k.shared.eval_b1k_wrapper:🔧 Gripper variation: Compression disabled (mean: 0.3022, max: 0.2517)
INFO:b1k.shared.eval_b1k_wrapper:🔧 Gripper variation: Compression disabled (mean: 0.4225, max: 0.1395)
INFO:b1k.shared.eval_b1k_wrapper:🎯 Prediction #490 | Actions: uncompressed (20) | Inpainting: True
INFO:b1k.shared.eval_b1k_wrapper:📊 Step 9800 | Task: 32 | Stage: 5/9 | Predictions: 490
INFO:b1k.shared.eval_b1k_wrapper:🔧 Gripper variation: Compression disabled (mean: 0.1288, max: 0.3227)
INFO:b1k.shared.eval_b1k_wrapper:🔧 Gripper variation: Compression disabled (mean: 0.3492, max: 0.0756)
INFO:b1k.shared.eval_b1k_wrapper:🔧 Gripper variation: Compression disabled (mean: 0.8389, max: 0.5672)
INFO:b1k.shared.eval_b1k_wrapper:🔧 Gripper variation: Compression disabled (mean: 0.3074, max: 0.1125)
INFO:b1k.shared.eval_b1k_wrapper:📊 Step 9900 | Task: 32 | Stage: 5/9 | Predictions: 495
INFO:b1k.shared.eval_b1k_wrapper:🔧 Gripper variation: Compression disabled (mean: 0.4541, max: 0.0511)
INFO:b1k.shared.eval_b1k_wrapper:🔧 Gripper variation: Compression disabled (mean: 0.3180, max: 0.3305)
INFO:b1k.shared.eval_b1k_wrapper:🔧 Gripper variation: Compression disabled (mean: 0.2951, max: 0.0937)
INFO:b1k.shared.eval_b1k_wrapper:🔧 Gripper variation: Compression disabled (mean: 0.3661, max: 0.0719)
INFO:b1k.shared.eval_b1k_wrapper:🎯 Prediction #500 | Actions: uncompressed (20) | Inpainting: True
INFO:b1k.shared.eval_b1k_wrapper:📊 Step 10000 | Task: 32 | Stage: 5/9 | Predictions: 500
INFO:b1k.shared.eval_b1k_wrapper:🔧 Gripper variation: Compression disabled (mean: 0.2043, max: 0.1127)
INFO:b1k.shared.eval_b1k_wrapper:🔧 Gripper variation: Compression disabled (mean: 0.4718, max: 0.6093)
INFO:b1k.shared.eval_b1k_wrapper:🔧 Gripper variation: Compression disabled (mean: 0.2465, max: 0.3171)
INFO:b1k.shared.eval_b1k_wrapper:🔧 Gripper variation: Compression disabled (mean: 0.1224, max: 0.2129)
INFO:b1k.shared.eval_b1k_wrapper:📊 Step 10100 | Task: 32 | Stage: 5/9 | Predictions: 505
INFO:b1k.shared.eval_b1k_wrapper:🎯 Prediction #510 | Actions: compressed 26→20 | Inpainting: True
INFO:b1k.shared.eval_b1k_wrapper:📊 Step 10200 | Task: 32 | Stage: 5/9 | Predictions: 510
INFO:b1k.shared.eval_b1k_wrapper:⬅️  Stage went back: 5 → 4 (task 32, step 10260)
INFO:b1k.shared.eval_b1k_wrapper:📊 Step 10300 | Task: 32 | Stage: 4/9 | Predictions: 515
INFO:b1k.shared.eval_b1k_wrapper:🎯 Prediction #520 | Actions: compressed 26→20 | Inpainting: True
INFO:b1k.shared.eval_b1k_wrapper:📊 Step 10400 | Task: 32 | Stage: 4/9 | Predictions: 520
INFO:b1k.shared.eval_b1k_wrapper:⬅️  Stage went back: 4 → 3 (task 32, step 10440)
INFO:b1k.shared.eval_b1k_wrapper:📊 Step 10500 | Task: 32 | Stage: 3/9 | Predictions: 525
INFO:b1k.shared.eval_b1k_wrapper:⬅️  Stage went back: 3 → 2 (task 32, step 10560)
INFO:b1k.shared.eval_b1k_wrapper:🎯 Prediction #530 | Actions: compressed 26→20 | Inpainting: True
INFO:b1k.shared.eval_b1k_wrapper:📊 Step 10600 | Task: 32 | Stage: 2/9 | Predictions: 530
INFO:b1k.shared.eval_b1k_wrapper:📊 Step 10700 | Task: 32 | Stage: 2/9 | Predictions: 535
INFO:b1k.shared.eval_b1k_wrapper:🎯 Prediction #540 | Actions: compressed 26→20 | Inpainting: True
INFO:b1k.shared.eval_b1k_wrapper:📊 Step 10800 | Task: 32 | Stage: 2/9 | Predictions: 540
INFO:b1k.shared.eval_b1k_wrapper:⬆️  Stage advanced: 2 → 3 (task 32, step 10800)
INFO:b1k.shared.eval_b1k_wrapper:📊 Step 10900 | Task: 32 | Stage: 3/9 | Predictions: 545
INFO:b1k.shared.eval_b1k_wrapper:🎯 Prediction #550 | Actions: compressed 26→20 | Inpainting: True
INFO:b1k.shared.eval_b1k_wrapper:📊 Step 11000 | Task: 32 | Stage: 3/9 | Predictions: 550
INFO:b1k.shared.eval_b1k_wrapper:📊 Step 11100 | Task: 32 | Stage: 3/9 | Predictions: 555
INFO:b1k.shared.eval_b1k_wrapper:🎯 Prediction #560 | Actions: compressed 26→20 | Inpainting: True
INFO:b1k.shared.eval_b1k_wrapper:📊 Step 11200 | Task: 32 | Stage: 3/9 | Predictions: 560
INFO:b1k.shared.eval_b1k_wrapper:📊 Step 11300 | Task: 32 | Stage: 3/9 | Predictions: 565
INFO:b1k.shared.eval_b1k_wrapper:🔧 Gripper variation: Compression disabled (mean: 0.1958, max: 0.5962)
INFO:b1k.shared.eval_b1k_wrapper:🔧 Gripper variation: Compression disabled (mean: 0.0414, max: 0.6243)
INFO:b1k.shared.eval_b1k_wrapper:🎯 Prediction #570 | Actions: uncompressed (20) | Inpainting: True
INFO:b1k.shared.eval_b1k_wrapper:📊 Step 11400 | Task: 32 | Stage: 3/9 | Predictions: 570
INFO:b1k.shared.eval_b1k_wrapper:🔧 Gripper variation: Compression disabled (mean: 0.3122, max: 0.2370)
INFO:b1k.shared.eval_b1k_wrapper:🔧 Gripper variation: Compression disabled (mean: 0.2043, max: 0.1557)
INFO:b1k.shared.eval_b1k_wrapper:🔧 Gripper variation: Compression disabled (mean: 0.1255, max: 1.0055)
INFO:b1k.shared.eval_b1k_wrapper:🔧 Gripper variation: Compression disabled (mean: 0.6477, max: 1.0034)
INFO:b1k.shared.eval_b1k_wrapper:🔧 Gripper variation: Compression disabled (mean: 0.3032, max: 0.3097)
INFO:b1k.shared.eval_b1k_wrapper:📊 Step 11500 | Task: 32 | Stage: 3/9 | Predictions: 575
INFO:b1k.shared.eval_b1k_wrapper:🔧 Gripper variation: Compression disabled (mean: 0.5424, max: 0.7757)
INFO:b1k.shared.eval_b1k_wrapper:🔧 Gripper variation: Compression disabled (mean: 0.2002, max: 0.4988)
INFO:b1k.shared.eval_b1k_wrapper:🔧 Gripper variation: Compression disabled (mean: 0.0464, max: 0.2808)
INFO:b1k.shared.eval_b1k_wrapper:🔧 Gripper variation: Compression disabled (mean: 0.2004, max: 0.1700)
INFO:b1k.shared.eval_b1k_wrapper:🔧 Gripper variation: Compression disabled (mean: 0.2943, max: 0.0956)
INFO:b1k.shared.eval_b1k_wrapper:🎯 Prediction #580 | Actions: uncompressed (20) | Inpainting: True
INFO:b1k.shared.eval_b1k_wrapper:📊 Step 11600 | Task: 32 | Stage: 3/9 | Predictions: 580
INFO:b1k.shared.eval_b1k_wrapper:🔧 Gripper variation: Compression disabled (mean: 0.4608, max: 0.2699)
INFO:b1k.shared.eval_b1k_wrapper:🔧 Gripper variation: Compression disabled (mean: 0.7822, max: 0.2043)
INFO:b1k.shared.eval_b1k_wrapper:🔧 Gripper variation: Compression disabled (mean: 0.6808, max: 1.0073)
INFO:b1k.shared.eval_b1k_wrapper:🔧 Gripper variation: Compression disabled (mean: 0.3477, max: 0.8802)
INFO:b1k.shared.eval_b1k_wrapper:🔧 Gripper variation: Compression disabled (mean: 0.5765, max: 0.5099)
INFO:b1k.shared.eval_b1k_wrapper:📊 Step 11700 | Task: 32 | Stage: 3/9 | Predictions: 585
INFO:b1k.shared.eval_b1k_wrapper:🔧 Gripper variation: Compression disabled (mean: 0.1655, max: 0.3410)
INFO:b1k.shared.eval_b1k_wrapper:🔧 Gripper variation: Compression disabled (mean: 0.3804, max: 0.7124)
INFO:b1k.shared.eval_b1k_wrapper:🔧 Gripper variation: Compression disabled (mean: 0.1824, max: 1.2658)
INFO:b1k.shared.eval_b1k_wrapper:🔧 Gripper variation: Compression disabled (mean: 0.3804, max: 1.2116)
INFO:b1k.shared.eval_b1k_wrapper:🎯 Prediction #590 | Actions: compressed 26→20 | Inpainting: True
INFO:b1k.shared.eval_b1k_wrapper:📊 Step 11800 | Task: 32 | Stage: 3/9 | Predictions: 590
INFO:b1k.shared.eval_b1k_wrapper:🔧 Gripper variation: Compression disabled (mean: 0.4141, max: 1.5498)
INFO:b1k.shared.eval_b1k_wrapper:🔧 Gripper variation: Compression disabled (mean: 0.5815, max: 0.8920)
INFO:b1k.shared.eval_b1k_wrapper:🔧 Gripper variation: Compression disabled (mean: 0.2426, max: 0.6424)
INFO:b1k.shared.eval_b1k_wrapper:🔧 Gripper variation: Compression disabled (mean: 0.4665, max: 0.8602)
INFO:b1k.shared.eval_b1k_wrapper:🔧 Gripper variation: Compression disabled (mean: 0.5787, max: 0.8365)
INFO:b1k.shared.eval_b1k_wrapper:📊 Step 11900 | Task: 32 | Stage: 3/9 | Predictions: 595
INFO:b1k.shared.eval_b1k_wrapper:🔧 Gripper variation: Compression disabled (mean: 0.3190, max: 1.0249)
INFO:b1k.shared.eval_b1k_wrapper:🔧 Gripper variation: Compression disabled (mean: 0.5559, max: 0.6424)
INFO:b1k.shared.eval_b1k_wrapper:🔧 Gripper variation: Compression disabled (mean: 0.4421, max: 0.9385)
INFO:b1k.shared.eval_b1k_wrapper:🔧 Gripper variation: Compression disabled (mean: 0.2740, max: 0.6074)
INFO:b1k.shared.eval_b1k_wrapper:⬆️  Stage advanced: 3 → 4 (task 32, step 11960)
INFO:b1k.shared.eval_b1k_wrapper:🔧 Gripper variation: Compression disabled (mean: 0.3266, max: 0.9497)
INFO:b1k.shared.eval_b1k_wrapper:🎯 Prediction #600 | Actions: uncompressed (20) | Inpainting: True
INFO:b1k.shared.eval_b1k_wrapper:📊 Step 12000 | Task: 32 | Stage: 4/9 | Predictions: 600
INFO:b1k.shared.eval_b1k_wrapper:🔧 Gripper variation: Compression disabled (mean: 0.6532, max: 0.9566)
INFO:b1k.shared.eval_b1k_wrapper:🔧 Gripper variation: Compression disabled (mean: 0.1601, max: 1.0381)
INFO:b1k.shared.eval_b1k_wrapper:🔧 Gripper variation: Compression disabled (mean: 0.1482, max: 0.6956)
INFO:b1k.shared.eval_b1k_wrapper:⬅️  Stage went back: 4 → 3 (task 32, step 12040)
INFO:b1k.shared.eval_b1k_wrapper:🔧 Gripper variation: Compression disabled (mean: 0.4685, max: 1.1650)
INFO:b1k.shared.eval_b1k_wrapper:🔧 Gripper variation: Compression disabled (mean: 0.1850, max: 0.6496)
INFO:b1k.shared.eval_b1k_wrapper:📊 Step 12100 | Task: 32 | Stage: 3/9 | Predictions: 605
INFO:b1k.shared.eval_b1k_wrapper:🔧 Gripper variation: Compression disabled (mean: 0.2571, max: 0.5780)
INFO:b1k.shared.eval_b1k_wrapper:🔧 Gripper variation: Compression disabled (mean: 0.6971, max: 0.6461)
INFO:b1k.shared.eval_b1k_wrapper:🔧 Gripper variation: Compression disabled (mean: 0.7644, max: 0.6390)
INFO:b1k.shared.eval_b1k_wrapper:🔧 Gripper variation: Compression disabled (mean: 0.2957, max: 0.3447)
INFO:b1k.shared.eval_b1k_wrapper:🔧 Gripper variation: Compression disabled (mean: 0.4917, max: 0.8082)
INFO:b1k.shared.eval_b1k_wrapper:🎯 Prediction #610 | Actions: uncompressed (20) | Inpainting: True
INFO:b1k.shared.eval_b1k_wrapper:📊 Step 12200 | Task: 32 | Stage: 3/9 | Predictions: 610
INFO:b1k.shared.eval_b1k_wrapper:🔧 Gripper variation: Compression disabled (mean: 0.5142, max: 0.5142)
INFO:b1k.shared.eval_b1k_wrapper:🔧 Gripper variation: Compression disabled (mean: 0.9038, max: 0.6142)
INFO:b1k.shared.eval_b1k_wrapper:🔧 Gripper variation: Compression disabled (mean: 1.1115, max: 0.5768)
INFO:b1k.shared.eval_b1k_wrapper:🔧 Gripper variation: Compression disabled (mean: 0.5621, max: 0.7131)
INFO:b1k.shared.eval_b1k_wrapper:🔧 Gripper variation: Compression disabled (mean: 0.4310, max: 0.6185)
INFO:b1k.shared.eval_b1k_wrapper:📊 Step 12300 | Task: 32 | Stage: 3/9 | Predictions: 615
INFO:b1k.shared.eval_b1k_wrapper:🔧 Gripper variation: Compression disabled (mean: 0.6488, max: 0.9033)
INFO:b1k.shared.eval_b1k_wrapper:🔧 Gripper variation: Compression disabled (mean: 0.4498, max: 1.3226)
INFO:b1k.shared.eval_b1k_wrapper:🔧 Gripper variation: Compression disabled (mean: 0.7403, max: 1.4322)
INFO:b1k.shared.eval_b1k_wrapper:🔧 Gripper variation: Compression disabled (mean: 0.4777, max: 0.7526)
INFO:b1k.shared.eval_b1k_wrapper:🔧 Gripper variation: Compression disabled (mean: 0.2864, max: 0.8159)
INFO:b1k.shared.eval_b1k_wrapper:🎯 Prediction #620 | Actions: uncompressed (20) | Inpainting: True
INFO:b1k.shared.eval_b1k_wrapper:📊 Step 12400 | Task: 32 | Stage: 3/9 | Predictions: 620
INFO:b1k.shared.eval_b1k_wrapper:🔧 Gripper variation: Compression disabled (mean: 0.6321, max: 0.9520)
INFO:b1k.shared.eval_b1k_wrapper:🔧 Gripper variation: Compression disabled (mean: 0.6232, max: 1.1319)
INFO:b1k.shared.eval_b1k_wrapper:🔧 Gripper variation: Compression disabled (mean: 0.7540, max: 1.0904)
INFO:b1k.shared.eval_b1k_wrapper:🔧 Gripper variation: Compression disabled (mean: 0.4973, max: 1.4008)
INFO:b1k.shared.eval_b1k_wrapper:🔧 Gripper variation: Compression disabled (mean: 0.2693, max: 1.2199)
INFO:b1k.shared.eval_b1k_wrapper:📊 Step 12500 | Task: 32 | Stage: 3/9 | Predictions: 625
INFO:b1k.shared.eval_b1k_wrapper:🔧 Gripper variation: Compression disabled (mean: 0.2834, max: 0.7091)
INFO:b1k.shared.eval_b1k_wrapper:🔧 Gripper variation: Compression disabled (mean: 0.2582, max: 1.0190)
INFO:b1k.shared.eval_b1k_wrapper:Policy reset - Task ID: 32, Action horizon: 30
INFO:b1k.shared.eval_b1k_wrapper:📊 Step 100 | Task: 32 | Stage: 0/9 | Predictions: 5
INFO:b1k.shared.eval_b1k_wrapper:🎯 Prediction #10 | Actions: compressed 26→20 | Inpainting: True
INFO:b1k.shared.eval_b1k_wrapper:📊 Step 200 | Task: 32 | Stage: 0/9 | Predictions: 10
INFO:b1k.shared.eval_b1k_wrapper:📊 Step 300 | Task: 32 | Stage: 0/9 | Predictions: 15
INFO:b1k.shared.eval_b1k_wrapper:🎯 Prediction #20 | Actions: compressed 26→20 | Inpainting: True
INFO:b1k.shared.eval_b1k_wrapper:📊 Step 400 | Task: 32 | Stage: 0/9 | Predictions: 20
INFO:b1k.shared.eval_b1k_wrapper:📊 Step 500 | Task: 32 | Stage: 0/9 | Predictions: 25
INFO:b1k.shared.eval_b1k_wrapper:🎯 Prediction #30 | Actions: compressed 26→20 | Inpainting: True
INFO:b1k.shared.eval_b1k_wrapper:📊 Step 600 | Task: 32 | Stage: 0/9 | Predictions: 30
INFO:b1k.shared.eval_b1k_wrapper:📊 Step 700 | Task: 32 | Stage: 0/9 | Predictions: 35
INFO:b1k.shared.eval_b1k_wrapper:🎯 Prediction #40 | Actions: compressed 26→20 | Inpainting: True
INFO:b1k.shared.eval_b1k_wrapper:📊 Step 800 | Task: 32 | Stage: 0/9 | Predictions: 40
INFO:b1k.shared.eval_b1k_wrapper:📊 Step 900 | Task: 32 | Stage: 0/9 | Predictions: 45
INFO:b1k.shared.eval_b1k_wrapper:🎯 Prediction #50 | Actions: compressed 26→20 | Inpainting: True
INFO:b1k.shared.eval_b1k_wrapper:📊 Step 1000 | Task: 32 | Stage: 0/9 | Predictions: 50
INFO:b1k.shared.eval_b1k_wrapper:📊 Step 1100 | Task: 32 | Stage: 0/9 | Predictions: 55
INFO:b1k.shared.eval_b1k_wrapper:🎯 Prediction #60 | Actions: compressed 26→20 | Inpainting: True
INFO:b1k.shared.eval_b1k_wrapper:📊 Step 1200 | Task: 32 | Stage: 0/9 | Predictions: 60
INFO:b1k.shared.eval_b1k_wrapper:📊 Step 1300 | Task: 32 | Stage: 0/9 | Predictions: 65
INFO:b1k.shared.eval_b1k_wrapper:🎯 Prediction #70 | Actions: compressed 26→20 | Inpainting: True
INFO:b1k.shared.eval_b1k_wrapper:📊 Step 1400 | Task: 32 | Stage: 0/9 | Predictions: 70
INFO:b1k.shared.eval_b1k_wrapper:📊 Step 1500 | Task: 32 | Stage: 0/9 | Predictions: 75
INFO:b1k.shared.eval_b1k_wrapper:🎯 Prediction #80 | Actions: compressed 26→20 | Inpainting: True
INFO:b1k.shared.eval_b1k_wrapper:📊 Step 1600 | Task: 32 | Stage: 0/9 | Predictions: 80
INFO:b1k.shared.eval_b1k_wrapper:📊 Step 1700 | Task: 32 | Stage: 0/9 | Predictions: 85
INFO:b1k.shared.eval_b1k_wrapper:🎯 Prediction #90 | Actions: compressed 26→20 | Inpainting: True
INFO:b1k.shared.eval_b1k_wrapper:📊 Step 1800 | Task: 32 | Stage: 0/9 | Predictions: 90
INFO:b1k.shared.eval_b1k_wrapper:📊 Step 1900 | Task: 32 | Stage: 0/9 | Predictions: 95
INFO:b1k.shared.eval_b1k_wrapper:🎯 Prediction #100 | Actions: compressed 26→20 | Inpainting: True
INFO:b1k.shared.eval_b1k_wrapper:📊 Step 2000 | Task: 32 | Stage: 0/9 | Predictions: 100
INFO:b1k.shared.eval_b1k_wrapper:📊 Step 2100 | Task: 32 | Stage: 0/9 | Predictions: 105
INFO:b1k.shared.eval_b1k_wrapper:🎯 Prediction #110 | Actions: compressed 26→20 | Inpainting: True
INFO:b1k.shared.eval_b1k_wrapper:📊 Step 2200 | Task: 32 | Stage: 0/9 | Predictions: 110
INFO:b1k.shared.eval_b1k_wrapper:📊 Step 2300 | Task: 32 | Stage: 0/9 | Predictions: 115
INFO:b1k.shared.eval_b1k_wrapper:🎯 Prediction #120 | Actions: compressed 26→20 | Inpainting: True
INFO:b1k.shared.eval_b1k_wrapper:📊 Step 2400 | Task: 32 | Stage: 0/9 | Predictions: 120
INFO:b1k.shared.eval_b1k_wrapper:📊 Step 2500 | Task: 32 | Stage: 0/9 | Predictions: 125
INFO:b1k.shared.eval_b1k_wrapper:🎯 Prediction #130 | Actions: compressed 26→20 | Inpainting: True
INFO:b1k.shared.eval_b1k_wrapper:📊 Step 2600 | Task: 32 | Stage: 0/9 | Predictions: 130
INFO:b1k.shared.eval_b1k_wrapper:📊 Step 2700 | Task: 32 | Stage: 0/9 | Predictions: 135
INFO:b1k.shared.eval_b1k_wrapper:🎯 Prediction #140 | Actions: compressed 26→20 | Inpainting: True
INFO:b1k.shared.eval_b1k_wrapper:📊 Step 2800 | Task: 32 | Stage: 0/9 | Predictions: 140
INFO:b1k.shared.eval_b1k_wrapper:📊 Step 2900 | Task: 32 | Stage: 0/9 | Predictions: 145
INFO:b1k.shared.eval_b1k_wrapper:🎯 Prediction #150 | Actions: compressed 26→20 | Inpainting: True
INFO:b1k.shared.eval_b1k_wrapper:📊 Step 3000 | Task: 32 | Stage: 0/9 | Predictions: 150
INFO:b1k.shared.eval_b1k_wrapper:📊 Step 3100 | Task: 32 | Stage: 0/9 | Predictions: 155
INFO:b1k.shared.eval_b1k_wrapper:🎯 Prediction #160 | Actions: compressed 26→20 | Inpainting: True
INFO:b1k.shared.eval_b1k_wrapper:📊 Step 3200 | Task: 32 | Stage: 0/9 | Predictions: 160
INFO:b1k.shared.eval_b1k_wrapper:📊 Step 3300 | Task: 32 | Stage: 0/9 | Predictions: 165
INFO:b1k.shared.eval_b1k_wrapper:🎯 Prediction #170 | Actions: compressed 26→20 | Inpainting: True
INFO:b1k.shared.eval_b1k_wrapper:📊 Step 3400 | Task: 32 | Stage: 0/9 | Predictions: 170
INFO:b1k.shared.eval_b1k_wrapper:📊 Step 3500 | Task: 32 | Stage: 0/9 | Predictions: 175
INFO:b1k.shared.eval_b1k_wrapper:🎯 Prediction #180 | Actions: compressed 26→20 | Inpainting: True
INFO:b1k.shared.eval_b1k_wrapper:📊 Step 3600 | Task: 32 | Stage: 0/9 | Predictions: 180
INFO:b1k.shared.eval_b1k_wrapper:📊 Step 3700 | Task: 32 | Stage: 0/9 | Predictions: 185
INFO:b1k.shared.eval_b1k_wrapper:🎯 Prediction #190 | Actions: compressed 26→20 | Inpainting: True
INFO:b1k.shared.eval_b1k_wrapper:📊 Step 3800 | Task: 32 | Stage: 0/9 | Predictions: 190
INFO:b1k.shared.eval_b1k_wrapper:📊 Step 3900 | Task: 32 | Stage: 0/9 | Predictions: 195
INFO:b1k.shared.eval_b1k_wrapper:🎯 Prediction #200 | Actions: compressed 26→20 | Inpainting: True
INFO:b1k.shared.eval_b1k_wrapper:📊 Step 4000 | Task: 32 | Stage: 0/9 | Predictions: 200
INFO:b1k.shared.eval_b1k_wrapper:📊 Step 4100 | Task: 32 | Stage: 0/9 | Predictions: 205
INFO:b1k.shared.eval_b1k_wrapper:🎯 Prediction #210 | Actions: compressed 26→20 | Inpainting: True
INFO:b1k.shared.eval_b1k_wrapper:📊 Step 4200 | Task: 32 | Stage: 0/9 | Predictions: 210
INFO:b1k.shared.eval_b1k_wrapper:📊 Step 4300 | Task: 32 | Stage: 0/9 | Predictions: 215
INFO:b1k.shared.eval_b1k_wrapper:🎯 Prediction #220 | Actions: compressed 26→20 | Inpainting: True
INFO:b1k.shared.eval_b1k_wrapper:📊 Step 4400 | Task: 32 | Stage: 0/9 | Predictions: 220
INFO:b1k.shared.eval_b1k_wrapper:📊 Step 4500 | Task: 32 | Stage: 0/9 | Predictions: 225
INFO:b1k.shared.eval_b1k_wrapper:🎯 Prediction #230 | Actions: compressed 26→20 | Inpainting: True
INFO:b1k.shared.eval_b1k_wrapper:📊 Step 4600 | Task: 32 | Stage: 0/9 | Predictions: 230
INFO:b1k.shared.eval_b1k_wrapper:📊 Step 4700 | Task: 32 | Stage: 0/9 | Predictions: 235
INFO:b1k.shared.eval_b1k_wrapper:🎯 Prediction #240 | Actions: compressed 26→20 | Inpainting: True
INFO:b1k.shared.eval_b1k_wrapper:📊 Step 4800 | Task: 32 | Stage: 0/9 | Predictions: 240
INFO:b1k.shared.eval_b1k_wrapper:📊 Step 4900 | Task: 32 | Stage: 0/9 | Predictions: 245
INFO:b1k.shared.eval_b1k_wrapper:🎯 Prediction #250 | Actions: compressed 26→20 | Inpainting: True
INFO:b1k.shared.eval_b1k_wrapper:📊 Step 5000 | Task: 32 | Stage: 0/9 | Predictions: 250
INFO:b1k.shared.eval_b1k_wrapper:📊 Step 5100 | Task: 32 | Stage: 0/9 | Predictions: 255
INFO:b1k.shared.eval_b1k_wrapper:🎯 Prediction #260 | Actions: compressed 26→20 | Inpainting: True
INFO:b1k.shared.eval_b1k_wrapper:📊 Step 5200 | Task: 32 | Stage: 0/9 | Predictions: 260
INFO:b1k.shared.eval_b1k_wrapper:📊 Step 5300 | Task: 32 | Stage: 0/9 | Predictions: 265
INFO:b1k.shared.eval_b1k_wrapper:🎯 Prediction #270 | Actions: compressed 26→20 | Inpainting: True
INFO:b1k.shared.eval_b1k_wrapper:📊 Step 5400 | Task: 32 | Stage: 0/9 | Predictions: 270
INFO:b1k.shared.eval_b1k_wrapper:📊 Step 5500 | Task: 32 | Stage: 0/9 | Predictions: 275
INFO:b1k.shared.eval_b1k_wrapper:🎯 Prediction #280 | Actions: compressed 26→20 | Inpainting: True
INFO:b1k.shared.eval_b1k_wrapper:📊 Step 5600 | Task: 32 | Stage: 0/9 | Predictions: 280
INFO:b1k.shared.eval_b1k_wrapper:📊 Step 5700 | Task: 32 | Stage: 0/9 | Predictions: 285
INFO:b1k.shared.eval_b1k_wrapper:🎯 Prediction #290 | Actions: compressed 26→20 | Inpainting: True
INFO:b1k.shared.eval_b1k_wrapper:📊 Step 5800 | Task: 32 | Stage: 0/9 | Predictions: 290
INFO:b1k.shared.eval_b1k_wrapper:📊 Step 5900 | Task: 32 | Stage: 0/9 | Predictions: 295
INFO:b1k.shared.eval_b1k_wrapper:🎯 Prediction #300 | Actions: compressed 26→20 | Inpainting: True
INFO:b1k.shared.eval_b1k_wrapper:📊 Step 6000 | Task: 32 | Stage: 0/9 | Predictions: 300
INFO:b1k.shared.eval_b1k_wrapper:📊 Step 6100 | Task: 32 | Stage: 0/9 | Predictions: 305
INFO:b1k.shared.eval_b1k_wrapper:🎯 Prediction #310 | Actions: compressed 26→20 | Inpainting: True
INFO:b1k.shared.eval_b1k_wrapper:📊 Step 6200 | Task: 32 | Stage: 0/9 | Predictions: 310
INFO:b1k.shared.eval_b1k_wrapper:📊 Step 6300 | Task: 32 | Stage: 0/9 | Predictions: 315
INFO:b1k.shared.eval_b1k_wrapper:🎯 Prediction #320 | Actions: compressed 26→20 | Inpainting: True
INFO:b1k.shared.eval_b1k_wrapper:📊 Step 6400 | Task: 32 | Stage: 0/9 | Predictions: 320
INFO:b1k.shared.eval_b1k_wrapper:📊 Step 6500 | Task: 32 | Stage: 0/9 | Predictions: 325
INFO:b1k.shared.eval_b1k_wrapper:🎯 Prediction #330 | Actions: compressed 26→20 | Inpainting: True
INFO:b1k.shared.eval_b1k_wrapper:📊 Step 6600 | Task: 32 | Stage: 0/9 | Predictions: 330
INFO:b1k.shared.eval_b1k_wrapper:📊 Step 6700 | Task: 32 | Stage: 0/9 | Predictions: 335
INFO:b1k.shared.eval_b1k_wrapper:🎯 Prediction #340 | Actions: compressed 26→20 | Inpainting: True
INFO:b1k.shared.eval_b1k_wrapper:📊 Step 6800 | Task: 32 | Stage: 0/9 | Predictions: 340
INFO:b1k.shared.eval_b1k_wrapper:📊 Step 6900 | Task: 32 | Stage: 0/9 | Predictions: 345
INFO:b1k.shared.eval_b1k_wrapper:🎯 Prediction #350 | Actions: compressed 26→20 | Inpainting: True
INFO:b1k.shared.eval_b1k_wrapper:📊 Step 7000 | Task: 32 | Stage: 0/9 | Predictions: 350
INFO:b1k.shared.eval_b1k_wrapper:📊 Step 7100 | Task: 32 | Stage: 0/9 | Predictions: 355
INFO:b1k.shared.eval_b1k_wrapper:🎯 Prediction #360 | Actions: compressed 26→20 | Inpainting: True
INFO:b1k.shared.eval_b1k_wrapper:📊 Step 7200 | Task: 32 | Stage: 0/9 | Predictions: 360
INFO:b1k.shared.eval_b1k_wrapper:📊 Step 7300 | Task: 32 | Stage: 0/9 | Predictions: 365
INFO:b1k.shared.eval_b1k_wrapper:🎯 Prediction #370 | Actions: compressed 26→20 | Inpainting: True
INFO:b1k.shared.eval_b1k_wrapper:📊 Step 7400 | Task: 32 | Stage: 0/9 | Predictions: 370
INFO:b1k.shared.eval_b1k_wrapper:📊 Step 7500 | Task: 32 | Stage: 0/9 | Predictions: 375
INFO:b1k.shared.eval_b1k_wrapper:🎯 Prediction #380 | Actions: compressed 26→20 | Inpainting: True
INFO:b1k.shared.eval_b1k_wrapper:📊 Step 7600 | Task: 32 | Stage: 0/9 | Predictions: 380
INFO:b1k.shared.eval_b1k_wrapper:📊 Step 7700 | Task: 32 | Stage: 0/9 | Predictions: 385
INFO:b1k.shared.eval_b1k_wrapper:🎯 Prediction #390 | Actions: compressed 26→20 | Inpainting: True
INFO:b1k.shared.eval_b1k_wrapper:📊 Step 7800 | Task: 32 | Stage: 0/9 | Predictions: 390
INFO:b1k.shared.eval_b1k_wrapper:📊 Step 7900 | Task: 32 | Stage: 0/9 | Predictions: 395
INFO:b1k.shared.eval_b1k_wrapper:🎯 Prediction #400 | Actions: compressed 26→20 | Inpainting: True
INFO:b1k.shared.eval_b1k_wrapper:📊 Step 8000 | Task: 32 | Stage: 0/9 | Predictions: 400
INFO:b1k.shared.eval_b1k_wrapper:📊 Step 8100 | Task: 32 | Stage: 0/9 | Predictions: 405
INFO:b1k.shared.eval_b1k_wrapper:🎯 Prediction #410 | Actions: compressed 26→20 | Inpainting: True
INFO:b1k.shared.eval_b1k_wrapper:📊 Step 8200 | Task: 32 | Stage: 0/9 | Predictions: 410
INFO:b1k.shared.eval_b1k_wrapper:📊 Step 8300 | Task: 32 | Stage: 0/9 | Predictions: 415
INFO:b1k.shared.eval_b1k_wrapper:🎯 Prediction #420 | Actions: compressed 26→20 | Inpainting: True
INFO:b1k.shared.eval_b1k_wrapper:📊 Step 8400 | Task: 32 | Stage: 0/9 | Predictions: 420
INFO:b1k.shared.eval_b1k_wrapper:📊 Step 8500 | Task: 32 | Stage: 0/9 | Predictions: 425
INFO:b1k.shared.eval_b1k_wrapper:🎯 Prediction #430 | Actions: compressed 26→20 | Inpainting: True
INFO:b1k.shared.eval_b1k_wrapper:📊 Step 8600 | Task: 32 | Stage: 0/9 | Predictions: 430
INFO:b1k.shared.eval_b1k_wrapper:📊 Step 8700 | Task: 32 | Stage: 0/9 | Predictions: 435
INFO:b1k.shared.eval_b1k_wrapper:🎯 Prediction #440 | Actions: compressed 26→20 | Inpainting: True
INFO:b1k.shared.eval_b1k_wrapper:📊 Step 8800 | Task: 32 | Stage: 0/9 | Predictions: 440
INFO:b1k.shared.eval_b1k_wrapper:📊 Step 8900 | Task: 32 | Stage: 0/9 | Predictions: 445
INFO:b1k.shared.eval_b1k_wrapper:🎯 Prediction #450 | Actions: compressed 26→20 | Inpainting: True
INFO:b1k.shared.eval_b1k_wrapper:📊 Step 9000 | Task: 32 | Stage: 0/9 | Predictions: 450
INFO:b1k.shared.eval_b1k_wrapper:📊 Step 9100 | Task: 32 | Stage: 0/9 | Predictions: 455
INFO:b1k.shared.eval_b1k_wrapper:🎯 Prediction #460 | Actions: compressed 26→20 | Inpainting: True
INFO:b1k.shared.eval_b1k_wrapper:📊 Step 9200 | Task: 32 | Stage: 0/9 | Predictions: 460
INFO:b1k.shared.eval_b1k_wrapper:📊 Step 9300 | Task: 32 | Stage: 0/9 | Predictions: 465
INFO:b1k.shared.eval_b1k_wrapper:🎯 Prediction #470 | Actions: compressed 26→20 | Inpainting: True
INFO:b1k.shared.eval_b1k_wrapper:📊 Step 9400 | Task: 32 | Stage: 0/9 | Predictions: 470
INFO:b1k.shared.eval_b1k_wrapper:📊 Step 9500 | Task: 32 | Stage: 0/9 | Predictions: 475
INFO:b1k.shared.eval_b1k_wrapper:🎯 Prediction #480 | Actions: compressed 26→20 | Inpainting: True
INFO:b1k.shared.eval_b1k_wrapper:📊 Step 9600 | Task: 32 | Stage: 0/9 | Predictions: 480
INFO:b1k.shared.eval_b1k_wrapper:📊 Step 9700 | Task: 32 | Stage: 0/9 | Predictions: 485
INFO:b1k.shared.eval_b1k_wrapper:🎯 Prediction #490 | Actions: compressed 26→20 | Inpainting: True
INFO:b1k.shared.eval_b1k_wrapper:📊 Step 9800 | Task: 32 | Stage: 0/9 | Predictions: 490
INFO:b1k.shared.eval_b1k_wrapper:📊 Step 9900 | Task: 32 | Stage: 0/9 | Predictions: 495
INFO:b1k.shared.eval_b1k_wrapper:🎯 Prediction #500 | Actions: compressed 26→20 | Inpainting: True
INFO:b1k.shared.eval_b1k_wrapper:📊 Step 10000 | Task: 32 | Stage: 0/9 | Predictions: 500
INFO:b1k.shared.eval_b1k_wrapper:📊 Step 10100 | Task: 32 | Stage: 0/9 | Predictions: 505
INFO:b1k.shared.eval_b1k_wrapper:🎯 Prediction #510 | Actions: compressed 26→20 | Inpainting: True
INFO:b1k.shared.eval_b1k_wrapper:📊 Step 10200 | Task: 32 | Stage: 0/9 | Predictions: 510
INFO:b1k.shared.eval_b1k_wrapper:📊 Step 10300 | Task: 32 | Stage: 0/9 | Predictions: 515
INFO:b1k.shared.eval_b1k_wrapper:🎯 Prediction #520 | Actions: compressed 26→20 | Inpainting: True
INFO:b1k.shared.eval_b1k_wrapper:📊 Step 10400 | Task: 32 | Stage: 0/9 | Predictions: 520
INFO:b1k.shared.eval_b1k_wrapper:📊 Step 10500 | Task: 32 | Stage: 0/9 | Predictions: 525
INFO:b1k.shared.eval_b1k_wrapper:🎯 Prediction #530 | Actions: compressed 26→20 | Inpainting: True
INFO:b1k.shared.eval_b1k_wrapper:📊 Step 10600 | Task: 32 | Stage: 0/9 | Predictions: 530
INFO:b1k.shared.eval_b1k_wrapper:📊 Step 10700 | Task: 32 | Stage: 0/9 | Predictions: 535
INFO:b1k.shared.eval_b1k_wrapper:🎯 Prediction #540 | Actions: compressed 26→20 | Inpainting: True
INFO:b1k.shared.eval_b1k_wrapper:📊 Step 10800 | Task: 32 | Stage: 0/9 | Predictions: 540
INFO:b1k.shared.eval_b1k_wrapper:📊 Step 10900 | Task: 32 | Stage: 0/9 | Predictions: 545
INFO:b1k.shared.eval_b1k_wrapper:🎯 Prediction #550 | Actions: compressed 26→20 | Inpainting: True
INFO:b1k.shared.eval_b1k_wrapper:📊 Step 11000 | Task: 32 | Stage: 0/9 | Predictions: 550
INFO:b1k.shared.eval_b1k_wrapper:📊 Step 11100 | Task: 32 | Stage: 0/9 | Predictions: 555
INFO:b1k.shared.eval_b1k_wrapper:🎯 Prediction #560 | Actions: compressed 26→20 | Inpainting: True
INFO:b1k.shared.eval_b1k_wrapper:📊 Step 11200 | Task: 32 | Stage: 0/9 | Predictions: 560
INFO:b1k.shared.eval_b1k_wrapper:📊 Step 11300 | Task: 32 | Stage: 0/9 | Predictions: 565
INFO:b1k.shared.eval_b1k_wrapper:🎯 Prediction #570 | Actions: compressed 26→20 | Inpainting: True
INFO:b1k.shared.eval_b1k_wrapper:📊 Step 11400 | Task: 32 | Stage: 0/9 | Predictions: 570
INFO:b1k.shared.eval_b1k_wrapper:📊 Step 11500 | Task: 32 | Stage: 0/9 | Predictions: 575
INFO:b1k.shared.eval_b1k_wrapper:🎯 Prediction #580 | Actions: compressed 26→20 | Inpainting: True
INFO:b1k.shared.eval_b1k_wrapper:📊 Step 11600 | Task: 32 | Stage: 0/9 | Predictions: 580
INFO:b1k.shared.eval_b1k_wrapper:📊 Step 11700 | Task: 32 | Stage: 0/9 | Predictions: 585
INFO:b1k.shared.eval_b1k_wrapper:🎯 Prediction #590 | Actions: compressed 26→20 | Inpainting: True
INFO:b1k.shared.eval_b1k_wrapper:📊 Step 11800 | Task: 32 | Stage: 0/9 | Predictions: 590
INFO:b1k.shared.eval_b1k_wrapper:📊 Step 11900 | Task: 32 | Stage: 0/9 | Predictions: 595
INFO:b1k.shared.eval_b1k_wrapper:🎯 Prediction #600 | Actions: compressed 26→20 | Inpainting: True
INFO:b1k.shared.eval_b1k_wrapper:📊 Step 12000 | Task: 32 | Stage: 0/9 | Predictions: 600
INFO:b1k.shared.eval_b1k_wrapper:📊 Step 12100 | Task: 32 | Stage: 0/9 | Predictions: 605
INFO:b1k.shared.eval_b1k_wrapper:🎯 Prediction #610 | Actions: compressed 26→20 | Inpainting: True
INFO:b1k.shared.eval_b1k_wrapper:📊 Step 12200 | Task: 32 | Stage: 0/9 | Predictions: 610
INFO:b1k.shared.eval_b1k_wrapper:📊 Step 12300 | Task: 32 | Stage: 0/9 | Predictions: 615
INFO:b1k.shared.eval_b1k_wrapper:🎯 Prediction #620 | Actions: compressed 26→20 | Inpainting: True
INFO:b1k.shared.eval_b1k_wrapper:📊 Step 12400 | Task: 32 | Stage: 0/9 | Predictions: 620
INFO:b1k.shared.eval_b1k_wrapper:📊 Step 12500 | Task: 32 | Stage: 0/9 | Predictions: 625
INFO:b1k.shared.eval_b1k_wrapper:Policy reset - Task ID: 32, Action horizon: 30
INFO:b1k.shared.eval_b1k_wrapper:📊 Step 100 | Task: 32 | Stage: 0/9 | Predictions: 5
INFO:b1k.shared.eval_b1k_wrapper:🎯 Prediction #10 | Actions: compressed 26→20 | Inpainting: True
INFO:b1k.shared.eval_b1k_wrapper:📊 Step 200 | Task: 32 | Stage: 0/9 | Predictions: 10
INFO:b1k.shared.eval_b1k_wrapper:📊 Step 300 | Task: 32 | Stage: 0/9 | Predictions: 15
INFO:b1k.shared.eval_b1k_wrapper:🎯 Prediction #20 | Actions: compressed 26→20 | Inpainting: True
INFO:b1k.shared.eval_b1k_wrapper:📊 Step 400 | Task: 32 | Stage: 0/9 | Predictions: 20
INFO:b1k.shared.eval_b1k_wrapper:📊 Step 500 | Task: 32 | Stage: 0/9 | Predictions: 25
INFO:b1k.shared.eval_b1k_wrapper:🎯 Prediction #30 | Actions: compressed 26→20 | Inpainting: True
INFO:b1k.shared.eval_b1k_wrapper:📊 Step 600 | Task: 32 | Stage: 0/9 | Predictions: 30
INFO:b1k.shared.eval_b1k_wrapper:📊 Step 700 | Task: 32 | Stage: 0/9 | Predictions: 35
INFO:b1k.shared.eval_b1k_wrapper:🎯 Prediction #40 | Actions: compressed 26→20 | Inpainting: True
INFO:b1k.shared.eval_b1k_wrapper:📊 Step 800 | Task: 32 | Stage: 0/9 | Predictions: 40
INFO:b1k.shared.eval_b1k_wrapper:📊 Step 900 | Task: 32 | Stage: 0/9 | Predictions: 45
INFO:b1k.shared.eval_b1k_wrapper:🎯 Prediction #50 | Actions: compressed 26→20 | Inpainting: True
INFO:b1k.shared.eval_b1k_wrapper:📊 Step 1000 | Task: 32 | Stage: 0/9 | Predictions: 50
INFO:b1k.shared.eval_b1k_wrapper:📊 Step 1100 | Task: 32 | Stage: 0/9 | Predictions: 55
INFO:b1k.shared.eval_b1k_wrapper:🎯 Prediction #60 | Actions: compressed 26→20 | Inpainting: True
INFO:b1k.shared.eval_b1k_wrapper:📊 Step 1200 | Task: 32 | Stage: 0/9 | Predictions: 60
INFO:b1k.shared.eval_b1k_wrapper:📊 Step 1300 | Task: 32 | Stage: 0/9 | Predictions: 65
INFO:b1k.shared.eval_b1k_wrapper:🎯 Prediction #70 | Actions: compressed 26→20 | Inpainting: True
INFO:b1k.shared.eval_b1k_wrapper:📊 Step 1400 | Task: 32 | Stage: 0/9 | Predictions: 70
INFO:b1k.shared.eval_b1k_wrapper:📊 Step 1500 | Task: 32 | Stage: 0/9 | Predictions: 75
INFO:b1k.shared.eval_b1k_wrapper:🎯 Prediction #80 | Actions: compressed 26→20 | Inpainting: True
INFO:b1k.shared.eval_b1k_wrapper:📊 Step 1600 | Task: 32 | Stage: 0/9 | Predictions: 80
INFO:b1k.shared.eval_b1k_wrapper:📊 Step 1700 | Task: 32 | Stage: 0/9 | Predictions: 85
INFO:b1k.shared.eval_b1k_wrapper:🎯 Prediction #90 | Actions: compressed 26→20 | Inpainting: True
INFO:b1k.shared.eval_b1k_wrapper:📊 Step 1800 | Task: 32 | Stage: 0/9 | Predictions: 90
INFO:b1k.shared.eval_b1k_wrapper:📊 Step 1900 | Task: 32 | Stage: 0/9 | Predictions: 95
INFO:b1k.shared.eval_b1k_wrapper:🎯 Prediction #100 | Actions: compressed 26→20 | Inpainting: True
INFO:b1k.shared.eval_b1k_wrapper:📊 Step 2000 | Task: 32 | Stage: 0/9 | Predictions: 100
INFO:b1k.shared.eval_b1k_wrapper:📊 Step 2100 | Task: 32 | Stage: 0/9 | Predictions: 105
INFO:b1k.shared.eval_b1k_wrapper:🎯 Prediction #110 | Actions: compressed 26→20 | Inpainting: True
INFO:b1k.shared.eval_b1k_wrapper:📊 Step 2200 | Task: 32 | Stage: 0/9 | Predictions: 110
INFO:b1k.shared.eval_b1k_wrapper:📊 Step 2300 | Task: 32 | Stage: 0/9 | Predictions: 115
INFO:b1k.shared.eval_b1k_wrapper:🎯 Prediction #120 | Actions: compressed 26→20 | Inpainting: True
INFO:b1k.shared.eval_b1k_wrapper:📊 Step 2400 | Task: 32 | Stage: 0/9 | Predictions: 120
INFO:b1k.shared.eval_b1k_wrapper:📊 Step 2500 | Task: 32 | Stage: 0/9 | Predictions: 125
INFO:b1k.shared.eval_b1k_wrapper:🎯 Prediction #130 | Actions: compressed 26→20 | Inpainting: True
INFO:b1k.shared.eval_b1k_wrapper:📊 Step 2600 | Task: 32 | Stage: 0/9 | Predictions: 130
INFO:b1k.shared.eval_b1k_wrapper:📊 Step 2700 | Task: 32 | Stage: 0/9 | Predictions: 135
INFO:b1k.shared.eval_b1k_wrapper:🎯 Prediction #140 | Actions: compressed 26→20 | Inpainting: True
INFO:b1k.shared.eval_b1k_wrapper:📊 Step 2800 | Task: 32 | Stage: 0/9 | Predictions: 140
INFO:b1k.shared.eval_b1k_wrapper:📊 Step 2900 | Task: 32 | Stage: 0/9 | Predictions: 145
INFO:b1k.shared.eval_b1k_wrapper:🎯 Prediction #150 | Actions: compressed 26→20 | Inpainting: True
INFO:b1k.shared.eval_b1k_wrapper:📊 Step 3000 | Task: 32 | Stage: 0/9 | Predictions: 150
INFO:b1k.shared.eval_b1k_wrapper:📊 Step 3100 | Task: 32 | Stage: 0/9 | Predictions: 155
INFO:b1k.shared.eval_b1k_wrapper:🎯 Prediction #160 | Actions: compressed 26→20 | Inpainting: True
INFO:b1k.shared.eval_b1k_wrapper:📊 Step 3200 | Task: 32 | Stage: 0/9 | Predictions: 160
INFO:b1k.shared.eval_b1k_wrapper:📊 Step 3300 | Task: 32 | Stage: 0/9 | Predictions: 165
INFO:b1k.shared.eval_b1k_wrapper:🎯 Prediction #170 | Actions: compressed 26→20 | Inpainting: True
INFO:b1k.shared.eval_b1k_wrapper:📊 Step 3400 | Task: 32 | Stage: 0/9 | Predictions: 170
INFO:b1k.shared.eval_b1k_wrapper:📊 Step 3500 | Task: 32 | Stage: 0/9 | Predictions: 175
INFO:b1k.shared.eval_b1k_wrapper:🎯 Prediction #180 | Actions: compressed 26→20 | Inpainting: True
INFO:b1k.shared.eval_b1k_wrapper:📊 Step 3600 | Task: 32 | Stage: 0/9 | Predictions: 180
INFO:b1k.shared.eval_b1k_wrapper:📊 Step 3700 | Task: 32 | Stage: 0/9 | Predictions: 185
INFO:b1k.shared.eval_b1k_wrapper:🎯 Prediction #190 | Actions: compressed 26→20 | Inpainting: True
INFO:b1k.shared.eval_b1k_wrapper:📊 Step 3800 | Task: 32 | Stage: 0/9 | Predictions: 190
INFO:b1k.shared.eval_b1k_wrapper:📊 Step 3900 | Task: 32 | Stage: 0/9 | Predictions: 195
INFO:b1k.shared.eval_b1k_wrapper:🎯 Prediction #200 | Actions: compressed 26→20 | Inpainting: True
INFO:b1k.shared.eval_b1k_wrapper:📊 Step 4000 | Task: 32 | Stage: 0/9 | Predictions: 200
INFO:b1k.shared.eval_b1k_wrapper:📊 Step 4100 | Task: 32 | Stage: 0/9 | Predictions: 205
INFO:b1k.shared.eval_b1k_wrapper:🎯 Prediction #210 | Actions: compressed 26→20 | Inpainting: True
INFO:b1k.shared.eval_b1k_wrapper:📊 Step 4200 | Task: 32 | Stage: 0/9 | Predictions: 210
INFO:b1k.shared.eval_b1k_wrapper:📊 Step 4300 | Task: 32 | Stage: 0/9 | Predictions: 215
INFO:b1k.shared.eval_b1k_wrapper:🎯 Prediction #220 | Actions: compressed 26→20 | Inpainting: True
INFO:b1k.shared.eval_b1k_wrapper:📊 Step 4400 | Task: 32 | Stage: 0/9 | Predictions: 220
INFO:b1k.shared.eval_b1k_wrapper:📊 Step 4500 | Task: 32 | Stage: 0/9 | Predictions: 225
INFO:b1k.shared.eval_b1k_wrapper:🎯 Prediction #230 | Actions: compressed 26→20 | Inpainting: True
INFO:b1k.shared.eval_b1k_wrapper:📊 Step 4600 | Task: 32 | Stage: 0/9 | Predictions: 230
INFO:b1k.shared.eval_b1k_wrapper:📊 Step 4700 | Task: 32 | Stage: 0/9 | Predictions: 235
INFO:b1k.shared.eval_b1k_wrapper:🎯 Prediction #240 | Actions: compressed 26→20 | Inpainting: True
INFO:b1k.shared.eval_b1k_wrapper:📊 Step 4800 | Task: 32 | Stage: 0/9 | Predictions: 240
INFO:b1k.shared.eval_b1k_wrapper:📊 Step 4900 | Task: 32 | Stage: 0/9 | Predictions: 245
INFO:b1k.shared.eval_b1k_wrapper:🎯 Prediction #250 | Actions: compressed 26→20 | Inpainting: True
INFO:b1k.shared.eval_b1k_wrapper:📊 Step 5000 | Task: 32 | Stage: 0/9 | Predictions: 250
INFO:b1k.shared.eval_b1k_wrapper:📊 Step 5100 | Task: 32 | Stage: 0/9 | Predictions: 255
INFO:b1k.shared.eval_b1k_wrapper:🎯 Prediction #260 | Actions: compressed 26→20 | Inpainting: True
INFO:b1k.shared.eval_b1k_wrapper:📊 Step 5200 | Task: 32 | Stage: 0/9 | Predictions: 260
INFO:b1k.shared.eval_b1k_wrapper:📊 Step 5300 | Task: 32 | Stage: 0/9 | Predictions: 265
INFO:b1k.shared.eval_b1k_wrapper:🎯 Prediction #270 | Actions: compressed 26→20 | Inpainting: True
INFO:b1k.shared.eval_b1k_wrapper:📊 Step 5400 | Task: 32 | Stage: 0/9 | Predictions: 270
INFO:b1k.shared.eval_b1k_wrapper:📊 Step 5500 | Task: 32 | Stage: 0/9 | Predictions: 275
INFO:b1k.shared.eval_b1k_wrapper:🎯 Prediction #280 | Actions: compressed 26→20 | Inpainting: True
INFO:b1k.shared.eval_b1k_wrapper:📊 Step 5600 | Task: 32 | Stage: 0/9 | Predictions: 280
INFO:b1k.shared.eval_b1k_wrapper:📊 Step 5700 | Task: 32 | Stage: 0/9 | Predictions: 285
INFO:b1k.shared.eval_b1k_wrapper:🎯 Prediction #290 | Actions: compressed 26→20 | Inpainting: True
INFO:b1k.shared.eval_b1k_wrapper:📊 Step 5800 | Task: 32 | Stage: 0/9 | Predictions: 290
INFO:b1k.shared.eval_b1k_wrapper:📊 Step 5900 | Task: 32 | Stage: 0/9 | Predictions: 295
INFO:b1k.shared.eval_b1k_wrapper:🎯 Prediction #300 | Actions: compressed 26→20 | Inpainting: True
INFO:b1k.shared.eval_b1k_wrapper:📊 Step 6000 | Task: 32 | Stage: 0/9 | Predictions: 300
INFO:b1k.shared.eval_b1k_wrapper:📊 Step 6100 | Task: 32 | Stage: 0/9 | Predictions: 305
INFO:b1k.shared.eval_b1k_wrapper:🎯 Prediction #310 | Actions: compressed 26→20 | Inpainting: True
INFO:b1k.shared.eval_b1k_wrapper:📊 Step 6200 | Task: 32 | Stage: 0/9 | Predictions: 310
INFO:b1k.shared.eval_b1k_wrapper:📊 Step 6300 | Task: 32 | Stage: 0/9 | Predictions: 315
INFO:b1k.shared.eval_b1k_wrapper:🎯 Prediction #320 | Actions: compressed 26→20 | Inpainting: True
INFO:b1k.shared.eval_b1k_wrapper:📊 Step 6400 | Task: 32 | Stage: 0/9 | Predictions: 320
INFO:b1k.shared.eval_b1k_wrapper:📊 Step 6500 | Task: 32 | Stage: 0/9 | Predictions: 325
INFO:b1k.shared.eval_b1k_wrapper:🎯 Prediction #330 | Actions: compressed 26→20 | Inpainting: True
INFO:b1k.shared.eval_b1k_wrapper:📊 Step 6600 | Task: 32 | Stage: 0/9 | Predictions: 330
INFO:b1k.shared.eval_b1k_wrapper:📊 Step 6700 | Task: 32 | Stage: 0/9 | Predictions: 335
INFO:b1k.shared.eval_b1k_wrapper:🎯 Prediction #340 | Actions: compressed 26→20 | Inpainting: True
INFO:b1k.shared.eval_b1k_wrapper:📊 Step 6800 | Task: 32 | Stage: 0/9 | Predictions: 340
INFO:b1k.shared.eval_b1k_wrapper:📊 Step 6900 | Task: 32 | Stage: 0/9 | Predictions: 345
INFO:b1k.shared.eval_b1k_wrapper:🎯 Prediction #350 | Actions: compressed 26→20 | Inpainting: True
INFO:b1k.shared.eval_b1k_wrapper:📊 Step 7000 | Task: 32 | Stage: 0/9 | Predictions: 350
INFO:b1k.shared.eval_b1k_wrapper:📊 Step 7100 | Task: 32 | Stage: 0/9 | Predictions: 355
INFO:b1k.shared.eval_b1k_wrapper:🎯 Prediction #360 | Actions: compressed 26→20 | Inpainting: True
INFO:b1k.shared.eval_b1k_wrapper:📊 Step 7200 | Task: 32 | Stage: 0/9 | Predictions: 360
INFO:b1k.shared.eval_b1k_wrapper:📊 Step 7300 | Task: 32 | Stage: 0/9 | Predictions: 365
INFO:b1k.shared.eval_b1k_wrapper:🎯 Prediction #370 | Actions: compressed 26→20 | Inpainting: True
INFO:b1k.shared.eval_b1k_wrapper:📊 Step 7400 | Task: 32 | Stage: 0/9 | Predictions: 370
INFO:b1k.shared.eval_b1k_wrapper:📊 Step 7500 | Task: 32 | Stage: 0/9 | Predictions: 375
INFO:b1k.shared.eval_b1k_wrapper:🎯 Prediction #380 | Actions: compressed 26→20 | Inpainting: True
INFO:b1k.shared.eval_b1k_wrapper:📊 Step 7600 | Task: 32 | Stage: 0/9 | Predictions: 380
INFO:b1k.shared.eval_b1k_wrapper:📊 Step 7700 | Task: 32 | Stage: 0/9 | Predictions: 385
INFO:b1k.shared.eval_b1k_wrapper:🎯 Prediction #390 | Actions: compressed 26→20 | Inpainting: True
INFO:b1k.shared.eval_b1k_wrapper:📊 Step 7800 | Task: 32 | Stage: 0/9 | Predictions: 390
INFO:b1k.shared.eval_b1k_wrapper:📊 Step 7900 | Task: 32 | Stage: 0/9 | Predictions: 395
INFO:b1k.shared.eval_b1k_wrapper:🎯 Prediction #400 | Actions: compressed 26→20 | Inpainting: True
INFO:b1k.shared.eval_b1k_wrapper:📊 Step 8000 | Task: 32 | Stage: 0/9 | Predictions: 400
INFO:b1k.shared.eval_b1k_wrapper:📊 Step 8100 | Task: 32 | Stage: 0/9 | Predictions: 405
INFO:b1k.shared.eval_b1k_wrapper:🎯 Prediction #410 | Actions: compressed 26→20 | Inpainting: True
INFO:b1k.shared.eval_b1k_wrapper:📊 Step 8200 | Task: 32 | Stage: 0/9 | Predictions: 410
INFO:b1k.shared.eval_b1k_wrapper:📊 Step 8300 | Task: 32 | Stage: 0/9 | Predictions: 415
INFO:b1k.shared.eval_b1k_wrapper:🎯 Prediction #420 | Actions: compressed 26→20 | Inpainting: True
INFO:b1k.shared.eval_b1k_wrapper:📊 Step 8400 | Task: 32 | Stage: 0/9 | Predictions: 420
INFO:b1k.shared.eval_b1k_wrapper:📊 Step 8500 | Task: 32 | Stage: 0/9 | Predictions: 425
INFO:b1k.shared.eval_b1k_wrapper:🎯 Prediction #430 | Actions: compressed 26→20 | Inpainting: True
INFO:b1k.shared.eval_b1k_wrapper:📊 Step 8600 | Task: 32 | Stage: 0/9 | Predictions: 430
INFO:b1k.shared.eval_b1k_wrapper:📊 Step 8700 | Task: 32 | Stage: 0/9 | Predictions: 435
INFO:b1k.shared.eval_b1k_wrapper:🎯 Prediction #440 | Actions: compressed 26→20 | Inpainting: True
INFO:b1k.shared.eval_b1k_wrapper:📊 Step 8800 | Task: 32 | Stage: 0/9 | Predictions: 440
INFO:b1k.shared.eval_b1k_wrapper:📊 Step 8900 | Task: 32 | Stage: 0/9 | Predictions: 445
INFO:b1k.shared.eval_b1k_wrapper:🎯 Prediction #450 | Actions: compressed 26→20 | Inpainting: True
INFO:b1k.shared.eval_b1k_wrapper:📊 Step 9000 | Task: 32 | Stage: 0/9 | Predictions: 450
INFO:b1k.shared.eval_b1k_wrapper:📊 Step 9100 | Task: 32 | Stage: 0/9 | Predictions: 455
INFO:b1k.shared.eval_b1k_wrapper:🎯 Prediction #460 | Actions: compressed 26→20 | Inpainting: True
INFO:b1k.shared.eval_b1k_wrapper:📊 Step 9200 | Task: 32 | Stage: 0/9 | Predictions: 460
INFO:b1k.shared.eval_b1k_wrapper:📊 Step 9300 | Task: 32 | Stage: 0/9 | Predictions: 465
INFO:b1k.shared.eval_b1k_wrapper:🎯 Prediction #470 | Actions: compressed 26→20 | Inpainting: True
INFO:b1k.shared.eval_b1k_wrapper:📊 Step 9400 | Task: 32 | Stage: 0/9 | Predictions: 470
INFO:b1k.shared.eval_b1k_wrapper:📊 Step 9500 | Task: 32 | Stage: 0/9 | Predictions: 475
INFO:b1k.shared.eval_b1k_wrapper:🎯 Prediction #480 | Actions: compressed 26→20 | Inpainting: True
INFO:b1k.shared.eval_b1k_wrapper:📊 Step 9600 | Task: 32 | Stage: 0/9 | Predictions: 480
INFO:b1k.shared.eval_b1k_wrapper:📊 Step 9700 | Task: 32 | Stage: 0/9 | Predictions: 485
INFO:b1k.shared.eval_b1k_wrapper:🎯 Prediction #490 | Actions: compressed 26→20 | Inpainting: True
INFO:b1k.shared.eval_b1k_wrapper:📊 Step 9800 | Task: 32 | Stage: 0/9 | Predictions: 490
INFO:b1k.shared.eval_b1k_wrapper:📊 Step 9900 | Task: 32 | Stage: 0/9 | Predictions: 495
INFO:b1k.shared.eval_b1k_wrapper:🎯 Prediction #500 | Actions: compressed 26→20 | Inpainting: True
INFO:b1k.shared.eval_b1k_wrapper:📊 Step 10000 | Task: 32 | Stage: 0/9 | Predictions: 500
INFO:b1k.shared.eval_b1k_wrapper:📊 Step 10100 | Task: 32 | Stage: 0/9 | Predictions: 505
INFO:b1k.shared.eval_b1k_wrapper:🎯 Prediction #510 | Actions: compressed 26→20 | Inpainting: True
INFO:b1k.shared.eval_b1k_wrapper:📊 Step 10200 | Task: 32 | Stage: 0/9 | Predictions: 510
INFO:b1k.shared.eval_b1k_wrapper:📊 Step 10300 | Task: 32 | Stage: 0/9 | Predictions: 515
INFO:b1k.shared.eval_b1k_wrapper:🎯 Prediction #520 | Actions: compressed 26→20 | Inpainting: True
INFO:b1k.shared.eval_b1k_wrapper:📊 Step 10400 | Task: 32 | Stage: 0/9 | Predictions: 520
INFO:b1k.shared.eval_b1k_wrapper:📊 Step 10500 | Task: 32 | Stage: 0/9 | Predictions: 525
INFO:b1k.shared.eval_b1k_wrapper:🎯 Prediction #530 | Actions: compressed 26→20 | Inpainting: True
INFO:b1k.shared.eval_b1k_wrapper:📊 Step 10600 | Task: 32 | Stage: 0/9 | Predictions: 530
INFO:b1k.shared.eval_b1k_wrapper:📊 Step 10700 | Task: 32 | Stage: 0/9 | Predictions: 535
INFO:b1k.shared.eval_b1k_wrapper:🎯 Prediction #540 | Actions: compressed 26→20 | Inpainting: True
INFO:b1k.shared.eval_b1k_wrapper:📊 Step 10800 | Task: 32 | Stage: 0/9 | Predictions: 540
INFO:b1k.shared.eval_b1k_wrapper:📊 Step 10900 | Task: 32 | Stage: 0/9 | Predictions: 545
INFO:b1k.shared.eval_b1k_wrapper:🎯 Prediction #550 | Actions: compressed 26→20 | Inpainting: True
INFO:b1k.shared.eval_b1k_wrapper:📊 Step 11000 | Task: 32 | Stage: 0/9 | Predictions: 550
INFO:b1k.shared.eval_b1k_wrapper:📊 Step 11100 | Task: 32 | Stage: 0/9 | Predictions: 555
INFO:b1k.shared.eval_b1k_wrapper:🎯 Prediction #560 | Actions: compressed 26→20 | Inpainting: True
INFO:b1k.shared.eval_b1k_wrapper:📊 Step 11200 | Task: 32 | Stage: 0/9 | Predictions: 560
INFO:b1k.shared.eval_b1k_wrapper:📊 Step 11300 | Task: 32 | Stage: 0/9 | Predictions: 565
INFO:b1k.shared.eval_b1k_wrapper:🎯 Prediction #570 | Actions: compressed 26→20 | Inpainting: True
INFO:b1k.shared.eval_b1k_wrapper:📊 Step 11400 | Task: 32 | Stage: 0/9 | Predictions: 570
INFO:b1k.shared.eval_b1k_wrapper:📊 Step 11500 | Task: 32 | Stage: 0/9 | Predictions: 575
INFO:b1k.shared.eval_b1k_wrapper:🎯 Prediction #580 | Actions: compressed 26→20 | Inpainting: True
INFO:b1k.shared.eval_b1k_wrapper:📊 Step 11600 | Task: 32 | Stage: 0/9 | Predictions: 580
INFO:b1k.shared.eval_b1k_wrapper:📊 Step 11700 | Task: 32 | Stage: 0/9 | Predictions: 585
INFO:b1k.shared.eval_b1k_wrapper:🎯 Prediction #590 | Actions: compressed 26→20 | Inpainting: True
INFO:b1k.shared.eval_b1k_wrapper:📊 Step 11800 | Task: 32 | Stage: 0/9 | Predictions: 590
INFO:b1k.shared.eval_b1k_wrapper:📊 Step 11900 | Task: 32 | Stage: 0/9 | Predictions: 595
INFO:b1k.shared.eval_b1k_wrapper:🎯 Prediction #600 | Actions: compressed 26→20 | Inpainting: True
INFO:b1k.shared.eval_b1k_wrapper:📊 Step 12000 | Task: 32 | Stage: 0/9 | Predictions: 600
INFO:b1k.shared.eval_b1k_wrapper:📊 Step 12100 | Task: 32 | Stage: 0/9 | Predictions: 605
INFO:b1k.shared.eval_b1k_wrapper:🎯 Prediction #610 | Actions: compressed 26→20 | Inpainting: True
INFO:b1k.shared.eval_b1k_wrapper:📊 Step 12200 | Task: 32 | Stage: 0/9 | Predictions: 610
INFO:b1k.shared.eval_b1k_wrapper:📊 Step 12300 | Task: 32 | Stage: 0/9 | Predictions: 615
INFO:b1k.shared.eval_b1k_wrapper:🎯 Prediction #620 | Actions: compressed 26→20 | Inpainting: True
INFO:b1k.shared.eval_b1k_wrapper:📊 Step 12400 | Task: 32 | Stage: 0/9 | Predictions: 620
INFO:b1k.shared.eval_b1k_wrapper:📊 Step 12500 | Task: 32 | Stage: 0/9 | Predictions: 625
INFO:b1k.shared.eval_b1k_wrapper:Policy reset - Task ID: 32, Action horizon: 30
INFO:b1k.shared.eval_b1k_wrapper:📊 Step 100 | Task: 32 | Stage: 0/9 | Predictions: 5
INFO:b1k.shared.eval_b1k_wrapper:🎯 Prediction #10 | Actions: compressed 26→20 | Inpainting: True
INFO:b1k.shared.eval_b1k_wrapper:📊 Step 200 | Task: 32 | Stage: 0/9 | Predictions: 10
INFO:b1k.shared.eval_b1k_wrapper:📊 Step 300 | Task: 32 | Stage: 0/9 | Predictions: 15
INFO:b1k.shared.eval_b1k_wrapper:🎯 Prediction #20 | Actions: compressed 26→20 | Inpainting: True
INFO:b1k.shared.eval_b1k_wrapper:📊 Step 400 | Task: 32 | Stage: 0/9 | Predictions: 20
INFO:b1k.shared.eval_b1k_wrapper:📊 Step 500 | Task: 32 | Stage: 0/9 | Predictions: 25
INFO:b1k.shared.eval_b1k_wrapper:🎯 Prediction #30 | Actions: compressed 26→20 | Inpainting: True
INFO:b1k.shared.eval_b1k_wrapper:📊 Step 600 | Task: 32 | Stage: 0/9 | Predictions: 30
INFO:b1k.shared.eval_b1k_wrapper:📊 Step 700 | Task: 32 | Stage: 0/9 | Predictions: 35
INFO:b1k.shared.eval_b1k_wrapper:🔧 Gripper variation: Compression disabled (mean: 2.0190, max: 0.0047)
INFO:b1k.shared.eval_b1k_wrapper:🔧 Gripper variation: Compression disabled (mean: 2.0108, max: 0.0086)
INFO:b1k.shared.eval_b1k_wrapper:🎯 Prediction #40 | Actions: uncompressed (20) | Inpainting: True
INFO:b1k.shared.eval_b1k_wrapper:📊 Step 800 | Task: 32 | Stage: 0/9 | Predictions: 40
INFO:b1k.shared.eval_b1k_wrapper:⬆️  Stage advanced: 0 → 1 (task 32, step 820)
INFO:b1k.shared.eval_b1k_wrapper:📊 Step 900 | Task: 32 | Stage: 1/9 | Predictions: 45
INFO:b1k.shared.eval_b1k_wrapper:🔧 Gripper variation: Compression disabled (mean: 0.0769, max: 0.2081)
INFO:b1k.shared.eval_b1k_wrapper:🔧 Gripper variation: Compression disabled (mean: 2.1775, max: 0.2571)
INFO:b1k.shared.eval_b1k_wrapper:🎯 Prediction #50 | Actions: compressed 26→20 | Inpainting: True
INFO:b1k.shared.eval_b1k_wrapper:📊 Step 1000 | Task: 32 | Stage: 1/9 | Predictions: 50
INFO:b1k.shared.eval_b1k_wrapper:📊 Step 1100 | Task: 32 | Stage: 1/9 | Predictions: 55
INFO:b1k.shared.eval_b1k_wrapper:🎯 Prediction #60 | Actions: compressed 26→20 | Inpainting: True
INFO:b1k.shared.eval_b1k_wrapper:📊 Step 1200 | Task: 32 | Stage: 1/9 | Predictions: 60
INFO:b1k.shared.eval_b1k_wrapper:📊 Step 1300 | Task: 32 | Stage: 1/9 | Predictions: 65
INFO:b1k.shared.eval_b1k_wrapper:⬆️  Stage advanced: 1 → 2 (task 32, step 1360)
INFO:b1k.shared.eval_b1k_wrapper:🎯 Prediction #70 | Actions: compressed 26→20 | Inpainting: True
INFO:b1k.shared.eval_b1k_wrapper:📊 Step 1400 | Task: 32 | Stage: 2/9 | Predictions: 70
INFO:b1k.shared.eval_b1k_wrapper:📊 Step 1500 | Task: 32 | Stage: 2/9 | Predictions: 75
INFO:b1k.shared.eval_b1k_wrapper:🎯 Prediction #80 | Actions: compressed 26→20 | Inpainting: True
INFO:b1k.shared.eval_b1k_wrapper:📊 Step 1600 | Task: 32 | Stage: 2/9 | Predictions: 80
INFO:b1k.shared.eval_b1k_wrapper:📊 Step 1700 | Task: 32 | Stage: 2/9 | Predictions: 85
INFO:b1k.shared.eval_b1k_wrapper:🎯 Prediction #90 | Actions: compressed 26→20 | Inpainting: True
INFO:b1k.shared.eval_b1k_wrapper:📊 Step 1800 | Task: 32 | Stage: 2/9 | Predictions: 90
INFO:b1k.shared.eval_b1k_wrapper:📊 Step 1900 | Task: 32 | Stage: 2/9 | Predictions: 95
INFO:b1k.shared.eval_b1k_wrapper:🎯 Prediction #100 | Actions: compressed 26→20 | Inpainting: True
INFO:b1k.shared.eval_b1k_wrapper:📊 Step 2000 | Task: 32 | Stage: 2/9 | Predictions: 100
INFO:b1k.shared.eval_b1k_wrapper:📊 Step 2100 | Task: 32 | Stage: 2/9 | Predictions: 105
INFO:b1k.shared.eval_b1k_wrapper:🎯 Prediction #110 | Actions: compressed 26→20 | Inpainting: True
INFO:b1k.shared.eval_b1k_wrapper:📊 Step 2200 | Task: 32 | Stage: 2/9 | Predictions: 110
INFO:b1k.shared.eval_b1k_wrapper:📊 Step 2300 | Task: 32 | Stage: 2/9 | Predictions: 115
INFO:b1k.shared.eval_b1k_wrapper:🎯 Prediction #120 | Actions: compressed 26→20 | Inpainting: True
INFO:b1k.shared.eval_b1k_wrapper:📊 Step 2400 | Task: 32 | Stage: 2/9 | Predictions: 120
INFO:b1k.shared.eval_b1k_wrapper:📊 Step 2500 | Task: 32 | Stage: 2/9 | Predictions: 125
INFO:b1k.shared.eval_b1k_wrapper:🎯 Prediction #130 | Actions: compressed 26→20 | Inpainting: True
INFO:b1k.shared.eval_b1k_wrapper:📊 Step 2600 | Task: 32 | Stage: 2/9 | Predictions: 130
INFO:b1k.shared.eval_b1k_wrapper:📊 Step 2700 | Task: 32 | Stage: 2/9 | Predictions: 135
INFO:b1k.shared.eval_b1k_wrapper:🎯 Prediction #140 | Actions: compressed 26→20 | Inpainting: True
INFO:b1k.shared.eval_b1k_wrapper:📊 Step 2800 | Task: 32 | Stage: 2/9 | Predictions: 140
INFO:b1k.shared.eval_b1k_wrapper:📊 Step 2900 | Task: 32 | Stage: 2/9 | Predictions: 145
INFO:b1k.shared.eval_b1k_wrapper:🎯 Prediction #150 | Actions: compressed 26→20 | Inpainting: True
INFO:b1k.shared.eval_b1k_wrapper:📊 Step 3000 | Task: 32 | Stage: 2/9 | Predictions: 150
INFO:b1k.shared.eval_b1k_wrapper:⬆️  Stage advanced: 2 → 3 (task 32, step 3020)
INFO:b1k.shared.eval_b1k_wrapper:⬅️  Stage went back: 3 → 2 (task 32, step 3080)
INFO:b1k.shared.eval_b1k_wrapper:📊 Step 3100 | Task: 32 | Stage: 2/9 | Predictions: 155
INFO:b1k.shared.eval_b1k_wrapper:🎯 Prediction #160 | Actions: compressed 26→20 | Inpainting: True
INFO:b1k.shared.eval_b1k_wrapper:📊 Step 3200 | Task: 32 | Stage: 2/9 | Predictions: 160
INFO:b1k.shared.eval_b1k_wrapper:📊 Step 3300 | Task: 32 | Stage: 2/9 | Predictions: 165
INFO:b1k.shared.eval_b1k_wrapper:⬆️  Stage advanced: 2 → 3 (task 32, step 3340)
INFO:b1k.shared.eval_b1k_wrapper:🎯 Prediction #170 | Actions: compressed 26→20 | Inpainting: True
INFO:b1k.shared.eval_b1k_wrapper:📊 Step 3400 | Task: 32 | Stage: 3/9 | Predictions: 170
INFO:b1k.shared.eval_b1k_wrapper:⬅️  Stage went back: 3 → 2 (task 32, step 3400)
INFO:b1k.shared.eval_b1k_wrapper:📊 Step 3500 | Task: 32 | Stage: 2/9 | Predictions: 175
INFO:b1k.shared.eval_b1k_wrapper:🎯 Prediction #180 | Actions: compressed 26→20 | Inpainting: True
INFO:b1k.shared.eval_b1k_wrapper:📊 Step 3600 | Task: 32 | Stage: 2/9 | Predictions: 180
INFO:b1k.shared.eval_b1k_wrapper:📊 Step 3700 | Task: 32 | Stage: 2/9 | Predictions: 185
INFO:b1k.shared.eval_b1k_wrapper:⬆️  Stage advanced: 2 → 3 (task 32, step 3740)
INFO:b1k.shared.eval_b1k_wrapper:🎯 Prediction #190 | Actions: compressed 26→20 | Inpainting: True
INFO:b1k.shared.eval_b1k_wrapper:📊 Step 3800 | Task: 32 | Stage: 3/9 | Predictions: 190
INFO:b1k.shared.eval_b1k_wrapper:📊 Step 3900 | Task: 32 | Stage: 3/9 | Predictions: 195
INFO:b1k.shared.eval_b1k_wrapper:🎯 Prediction #200 | Actions: compressed 26→20 | Inpainting: True
INFO:b1k.shared.eval_b1k_wrapper:📊 Step 4000 | Task: 32 | Stage: 3/9 | Predictions: 200
INFO:b1k.shared.eval_b1k_wrapper:📊 Step 4100 | Task: 32 | Stage: 3/9 | Predictions: 205
INFO:b1k.shared.eval_b1k_wrapper:🎯 Prediction #210 | Actions: compressed 26→20 | Inpainting: True
INFO:b1k.shared.eval_b1k_wrapper:📊 Step 4200 | Task: 32 | Stage: 3/9 | Predictions: 210
INFO:b1k.shared.eval_b1k_wrapper:📊 Step 4300 | Task: 32 | Stage: 3/9 | Predictions: 215
INFO:b1k.shared.eval_b1k_wrapper:🎯 Prediction #220 | Actions: compressed 26→20 | Inpainting: True
INFO:b1k.shared.eval_b1k_wrapper:📊 Step 4400 | Task: 32 | Stage: 3/9 | Predictions: 220
INFO:b1k.shared.eval_b1k_wrapper:🔧 Gripper variation: Compression disabled (mean: 0.0229, max: 0.2703)
INFO:b1k.shared.eval_b1k_wrapper:📊 Step 4500 | Task: 32 | Stage: 3/9 | Predictions: 225
INFO:b1k.shared.eval_b1k_wrapper:🔧 Gripper variation: Compression disabled (mean: 0.0562, max: 0.3346)
INFO:b1k.shared.eval_b1k_wrapper:🎯 Prediction #230 | Actions: compressed 26→20 | Inpainting: True
INFO:b1k.shared.eval_b1k_wrapper:📊 Step 4600 | Task: 32 | Stage: 3/9 | Predictions: 230
INFO:b1k.shared.eval_b1k_wrapper:🔧 Gripper variation: Compression disabled (mean: 0.6028, max: 0.3962)
INFO:b1k.shared.eval_b1k_wrapper:🔧 Gripper variation: Compression disabled (mean: 0.1743, max: 0.2353)
INFO:b1k.shared.eval_b1k_wrapper:🔧 Gripper variation: Compression disabled (mean: 0.5653, max: 0.7213)
INFO:b1k.shared.eval_b1k_wrapper:🔧 Gripper variation: Compression disabled (mean: 0.1894, max: 0.6172)
INFO:b1k.shared.eval_b1k_wrapper:🔧 Gripper variation: Compression disabled (mean: 0.3159, max: 0.8351)
INFO:b1k.shared.eval_b1k_wrapper:📊 Step 4700 | Task: 32 | Stage: 3/9 | Predictions: 235
INFO:b1k.shared.eval_b1k_wrapper:🔧 Gripper variation: Compression disabled (mean: 0.6974, max: 1.1946)
INFO:b1k.shared.eval_b1k_wrapper:🔧 Gripper variation: Compression disabled (mean: 0.0528, max: 0.2484)
INFO:b1k.shared.eval_b1k_wrapper:🎯 Prediction #240 | Actions: compressed 26→20 | Inpainting: True
INFO:b1k.shared.eval_b1k_wrapper:📊 Step 4800 | Task: 32 | Stage: 3/9 | Predictions: 240
INFO:b1k.shared.eval_b1k_wrapper:🔧 Gripper variation: Compression disabled (mean: 0.8007, max: 0.8152)
INFO:b1k.shared.eval_b1k_wrapper:🔧 Gripper variation: Compression disabled (mean: 0.5636, max: 1.0749)
INFO:b1k.shared.eval_b1k_wrapper:🔧 Gripper variation: Compression disabled (mean: 0.5182, max: 0.7254)
INFO:b1k.shared.eval_b1k_wrapper:🔧 Gripper variation: Compression disabled (mean: 0.7156, max: 1.1956)
INFO:b1k.shared.eval_b1k_wrapper:📊 Step 4900 | Task: 32 | Stage: 3/9 | Predictions: 245
INFO:b1k.shared.eval_b1k_wrapper:🔧 Gripper variation: Compression disabled (mean: 0.6079, max: 0.9620)
INFO:b1k.shared.eval_b1k_wrapper:🔧 Gripper variation: Compression disabled (mean: 0.4123, max: 1.4030)
INFO:b1k.shared.eval_b1k_wrapper:🔧 Gripper variation: Compression disabled (mean: 0.1889, max: 0.7458)
INFO:b1k.shared.eval_b1k_wrapper:🔧 Gripper variation: Compression disabled (mean: 0.3756, max: 1.0492)
INFO:b1k.shared.eval_b1k_wrapper:⬅️  Stage went back: 3 → 2 (task 32, step 4960)
INFO:b1k.shared.eval_b1k_wrapper:🔧 Gripper variation: Compression disabled (mean: 0.9285, max: 1.6244)
INFO:b1k.shared.eval_b1k_wrapper:🎯 Prediction #250 | Actions: uncompressed (20) | Inpainting: True
INFO:b1k.shared.eval_b1k_wrapper:📊 Step 5000 | Task: 32 | Stage: 2/9 | Predictions: 250
INFO:b1k.shared.eval_b1k_wrapper:🔧 Gripper variation: Compression disabled (mean: 0.4214, max: 0.8505)
INFO:b1k.shared.eval_b1k_wrapper:🔧 Gripper variation: Compression disabled (mean: 0.4804, max: 0.6385)
INFO:b1k.shared.eval_b1k_wrapper:🔧 Gripper variation: Compression disabled (mean: 0.5058, max: 0.9533)
INFO:b1k.shared.eval_b1k_wrapper:🔧 Gripper variation: Compression disabled (mean: 0.3907, max: 1.1224)
INFO:b1k.shared.eval_b1k_wrapper:🔧 Gripper variation: Compression disabled (mean: 0.3886, max: 0.6486)
INFO:b1k.shared.eval_b1k_wrapper:📊 Step 5100 | Task: 32 | Stage: 2/9 | Predictions: 255
INFO:b1k.shared.eval_b1k_wrapper:🔧 Gripper variation: Compression disabled (mean: 0.8447, max: 0.3885)
INFO:b1k.shared.eval_b1k_wrapper:🔧 Gripper variation: Compression disabled (mean: 0.6622, max: 1.0669)
INFO:b1k.shared.eval_b1k_wrapper:🔧 Gripper variation: Compression disabled (mean: 0.8812, max: 0.6301)
INFO:b1k.shared.eval_b1k_wrapper:🔧 Gripper variation: Compression disabled (mean: 0.6551, max: 0.5679)
INFO:b1k.shared.eval_b1k_wrapper:⬆️  Stage advanced: 2 → 3 (task 32, step 5160)
INFO:b1k.shared.eval_b1k_wrapper:🔧 Gripper variation: Compression disabled (mean: 0.5372, max: 0.7380)
INFO:b1k.shared.eval_b1k_wrapper:🎯 Prediction #260 | Actions: uncompressed (20) | Inpainting: True
INFO:b1k.shared.eval_b1k_wrapper:📊 Step 5200 | Task: 32 | Stage: 3/9 | Predictions: 260
INFO:b1k.shared.eval_b1k_wrapper:🔧 Gripper variation: Compression disabled (mean: 0.6099, max: 1.4454)
INFO:b1k.shared.eval_b1k_wrapper:🔧 Gripper variation: Compression disabled (mean: 0.5565, max: 0.6448)
INFO:b1k.shared.eval_b1k_wrapper:🔧 Gripper variation: Compression disabled (mean: 0.3177, max: 0.6930)
INFO:b1k.shared.eval_b1k_wrapper:🔧 Gripper variation: Compression disabled (mean: 0.6658, max: 0.9843)
INFO:b1k.shared.eval_b1k_wrapper:🔧 Gripper variation: Compression disabled (mean: 0.6087, max: 0.7343)
INFO:b1k.shared.eval_b1k_wrapper:📊 Step 5300 | Task: 32 | Stage: 3/9 | Predictions: 265
INFO:b1k.shared.eval_b1k_wrapper:🔧 Gripper variation: Compression disabled (mean: 0.6077, max: 1.1519)
INFO:b1k.shared.eval_b1k_wrapper:🔧 Gripper variation: Compression disabled (mean: 0.2776, max: 0.7267)
INFO:b1k.shared.eval_b1k_wrapper:🔧 Gripper variation: Compression disabled (mean: 0.3107, max: 0.7062)
INFO:b1k.shared.eval_b1k_wrapper:🔧 Gripper variation: Compression disabled (mean: 0.8801, max: 1.2209)
INFO:b1k.shared.eval_b1k_wrapper:🔧 Gripper variation: Compression disabled (mean: 0.5987, max: 0.7103)
INFO:b1k.shared.eval_b1k_wrapper:🎯 Prediction #270 | Actions: uncompressed (20) | Inpainting: True
INFO:b1k.shared.eval_b1k_wrapper:📊 Step 5400 | Task: 32 | Stage: 3/9 | Predictions: 270
INFO:b1k.shared.eval_b1k_wrapper:🔧 Gripper variation: Compression disabled (mean: 0.3930, max: 0.8766)
INFO:b1k.shared.eval_b1k_wrapper:🔧 Gripper variation: Compression disabled (mean: 0.3660, max: 0.7408)
INFO:b1k.shared.eval_b1k_wrapper:🔧 Gripper variation: Compression disabled (mean: 0.3770, max: 0.7123)
INFO:b1k.shared.eval_b1k_wrapper:🔧 Gripper variation: Compression disabled (mean: 0.4151, max: 0.4819)
INFO:b1k.shared.eval_b1k_wrapper:🔧 Gripper variation: Compression disabled (mean: 0.3260, max: 0.5579)
INFO:b1k.shared.eval_b1k_wrapper:📊 Step 5500 | Task: 32 | Stage: 3/9 | Predictions: 275
INFO:b1k.shared.eval_b1k_wrapper:🔧 Gripper variation: Compression disabled (mean: 0.2998, max: 0.6071)
INFO:b1k.shared.eval_b1k_wrapper:🔧 Gripper variation: Compression disabled (mean: 0.2761, max: 1.0976)
INFO:b1k.shared.eval_b1k_wrapper:🔧 Gripper variation: Compression disabled (mean: 0.6198, max: 0.8464)
INFO:b1k.shared.eval_b1k_wrapper:🔧 Gripper variation: Compression disabled (mean: 0.8028, max: 0.9897)
INFO:b1k.shared.eval_b1k_wrapper:🔧 Gripper variation: Compression disabled (mean: 0.3651, max: 0.9561)
INFO:b1k.shared.eval_b1k_wrapper:🎯 Prediction #280 | Actions: uncompressed (20) | Inpainting: True
INFO:b1k.shared.eval_b1k_wrapper:📊 Step 5600 | Task: 32 | Stage: 3/9 | Predictions: 280
INFO:b1k.shared.eval_b1k_wrapper:🔧 Gripper variation: Compression disabled (mean: 0.3565, max: 0.8725)
INFO:b1k.shared.eval_b1k_wrapper:🔧 Gripper variation: Compression disabled (mean: 0.2573, max: 0.6564)
INFO:b1k.shared.eval_b1k_wrapper:🔧 Gripper variation: Compression disabled (mean: 0.3119, max: 1.3848)
INFO:b1k.shared.eval_b1k_wrapper:🔧 Gripper variation: Compression disabled (mean: 0.2601, max: 0.6467)
INFO:b1k.shared.eval_b1k_wrapper:🔧 Gripper variation: Compression disabled (mean: 0.3929, max: 0.9181)
INFO:b1k.shared.eval_b1k_wrapper:📊 Step 5700 | Task: 32 | Stage: 3/9 | Predictions: 285
INFO:b1k.shared.eval_b1k_wrapper:🔧 Gripper variation: Compression disabled (mean: 0.5014, max: 1.2695)
INFO:b1k.shared.eval_b1k_wrapper:🔧 Gripper variation: Compression disabled (mean: 0.3815, max: 0.9858)
INFO:b1k.shared.eval_b1k_wrapper:🔧 Gripper variation: Compression disabled (mean: 0.2025, max: 0.6240)
INFO:b1k.shared.eval_b1k_wrapper:🔧 Gripper variation: Compression disabled (mean: 0.6148, max: 0.7837)
INFO:b1k.shared.eval_b1k_wrapper:🔧 Gripper variation: Compression disabled (mean: 0.6088, max: 1.3364)
INFO:b1k.shared.eval_b1k_wrapper:🎯 Prediction #290 | Actions: uncompressed (20) | Inpainting: True
INFO:b1k.shared.eval_b1k_wrapper:📊 Step 5800 | Task: 32 | Stage: 3/9 | Predictions: 290
INFO:b1k.shared.eval_b1k_wrapper:🔧 Gripper variation: Compression disabled (mean: 0.5127, max: 0.8163)
INFO:b1k.shared.eval_b1k_wrapper:🔧 Gripper variation: Compression disabled (mean: 0.2203, max: 0.8290)
INFO:b1k.shared.eval_b1k_wrapper:🔧 Gripper variation: Compression disabled (mean: 0.5629, max: 0.9332)
INFO:b1k.shared.eval_b1k_wrapper:🔧 Gripper variation: Compression disabled (mean: 0.8419, max: 0.6643)
INFO:b1k.shared.eval_b1k_wrapper:🔧 Gripper variation: Compression disabled (mean: 0.5388, max: 0.7820)
INFO:b1k.shared.eval_b1k_wrapper:📊 Step 5900 | Task: 32 | Stage: 3/9 | Predictions: 295
INFO:b1k.shared.eval_b1k_wrapper:🔧 Gripper variation: Compression disabled (mean: 0.3524, max: 0.7336)
INFO:b1k.shared.eval_b1k_wrapper:🔧 Gripper variation: Compression disabled (mean: 0.5262, max: 0.8456)
INFO:b1k.shared.eval_b1k_wrapper:🔧 Gripper variation: Compression disabled (mean: 0.7157, max: 1.1401)
INFO:b1k.shared.eval_b1k_wrapper:🔧 Gripper variation: Compression disabled (mean: 1.4294, max: 0.8962)
INFO:b1k.shared.eval_b1k_wrapper:🎯 Prediction #300 | Actions: compressed 26→20 | Inpainting: True
INFO:b1k.shared.eval_b1k_wrapper:📊 Step 6000 | Task: 32 | Stage: 3/9 | Predictions: 300
INFO:b1k.shared.eval_b1k_wrapper:🔧 Gripper variation: Compression disabled (mean: 0.7668, max: 0.7902)
INFO:b1k.shared.eval_b1k_wrapper:🔧 Gripper variation: Compression disabled (mean: 0.7783, max: 1.0736)
INFO:b1k.shared.eval_b1k_wrapper:🔧 Gripper variation: Compression disabled (mean: 0.6718, max: 1.4181)
INFO:b1k.shared.eval_b1k_wrapper:🔧 Gripper variation: Compression disabled (mean: 1.1917, max: 1.0677)
INFO:b1k.shared.eval_b1k_wrapper:📊 Step 6100 | Task: 32 | Stage: 3/9 | Predictions: 305
INFO:b1k.shared.eval_b1k_wrapper:🎯 Prediction #310 | Actions: compressed 26→20 | Inpainting: True
INFO:b1k.shared.eval_b1k_wrapper:📊 Step 6200 | Task: 32 | Stage: 3/9 | Predictions: 310
INFO:b1k.shared.eval_b1k_wrapper:⬅️  Stage went back: 3 → 2 (task 32, step 6280)
INFO:b1k.shared.eval_b1k_wrapper:📊 Step 6300 | Task: 32 | Stage: 2/9 | Predictions: 315
INFO:b1k.shared.eval_b1k_wrapper:🎯 Prediction #320 | Actions: compressed 26→20 | Inpainting: True
INFO:b1k.shared.eval_b1k_wrapper:📊 Step 6400 | Task: 32 | Stage: 2/9 | Predictions: 320
INFO:b1k.shared.eval_b1k_wrapper:📊 Step 6500 | Task: 32 | Stage: 2/9 | Predictions: 325
INFO:b1k.shared.eval_b1k_wrapper:🎯 Prediction #330 | Actions: compressed 26→20 | Inpainting: True
INFO:b1k.shared.eval_b1k_wrapper:📊 Step 6600 | Task: 32 | Stage: 2/9 | Predictions: 330
INFO:b1k.shared.eval_b1k_wrapper:📊 Step 6700 | Task: 32 | Stage: 2/9 | Predictions: 335
INFO:b1k.shared.eval_b1k_wrapper:🎯 Prediction #340 | Actions: compressed 26→20 | Inpainting: True
INFO:b1k.shared.eval_b1k_wrapper:📊 Step 6800 | Task: 32 | Stage: 2/9 | Predictions: 340
INFO:b1k.shared.eval_b1k_wrapper:🔧 Gripper variation: Compression disabled (mean: 0.0602, max: 0.2088)
INFO:b1k.shared.eval_b1k_wrapper:🔧 Gripper variation: Compression disabled (mean: 0.2151, max: 0.7489)
INFO:b1k.shared.eval_b1k_wrapper:⬆️  Stage advanced: 2 → 3 (task 32, step 6840)
INFO:b1k.shared.eval_b1k_wrapper:🔧 Gripper variation: Compression disabled (mean: 0.1554, max: 1.0483)
INFO:b1k.shared.eval_b1k_wrapper:🔧 Gripper variation: Compression disabled (mean: 0.2905, max: 0.6849)
INFO:b1k.shared.eval_b1k_wrapper:📊 Step 6900 | Task: 32 | Stage: 3/9 | Predictions: 345
INFO:b1k.shared.eval_b1k_wrapper:🔧 Gripper variation: Compression disabled (mean: 0.3721, max: 0.6007)
INFO:b1k.shared.eval_b1k_wrapper:🔧 Gripper variation: Compression disabled (mean: 0.5766, max: 0.8411)
INFO:b1k.shared.eval_b1k_wrapper:🔧 Gripper variation: Compression disabled (mean: 0.4008, max: 0.7258)
INFO:b1k.shared.eval_b1k_wrapper:🔧 Gripper variation: Compression disabled (mean: 0.8451, max: 1.0361)
INFO:b1k.shared.eval_b1k_wrapper:⬅️  Stage went back: 3 → 2 (task 32, step 6960)
INFO:b1k.shared.eval_b1k_wrapper:🔧 Gripper variation: Compression disabled (mean: 0.2330, max: 1.3610)
INFO:b1k.shared.eval_b1k_wrapper:🎯 Prediction #350 | Actions: uncompressed (20) | Inpainting: True
INFO:b1k.shared.eval_b1k_wrapper:📊 Step 7000 | Task: 32 | Stage: 2/9 | Predictions: 350
INFO:b1k.shared.eval_b1k_wrapper:🔧 Gripper variation: Compression disabled (mean: 0.1690, max: 0.5297)
INFO:b1k.shared.eval_b1k_wrapper:🔧 Gripper variation: Compression disabled (mean: 0.3008, max: 0.8834)
INFO:b1k.shared.eval_b1k_wrapper:🔧 Gripper variation: Compression disabled (mean: 0.6934, max: 1.0086)
INFO:b1k.shared.eval_b1k_wrapper:🔧 Gripper variation: Compression disabled (mean: 0.9974, max: 1.2781)
INFO:b1k.shared.eval_b1k_wrapper:⬆️  Stage advanced: 2 → 3 (task 32, step 7060)
INFO:b1k.shared.eval_b1k_wrapper:🔧 Gripper variation: Compression disabled (mean: 1.1343, max: 0.8312)
INFO:b1k.shared.eval_b1k_wrapper:📊 Step 7100 | Task: 32 | Stage: 3/9 | Predictions: 355
INFO:b1k.shared.eval_b1k_wrapper:🔧 Gripper variation: Compression disabled (mean: 1.1026, max: 0.5534)
INFO:b1k.shared.eval_b1k_wrapper:🔧 Gripper variation: Compression disabled (mean: 0.9083, max: 1.0932)
INFO:b1k.shared.eval_b1k_wrapper:⬅️  Stage went back: 3 → 2 (task 32, step 7120)
INFO:b1k.shared.eval_b1k_wrapper:🔧 Gripper variation: Compression disabled (mean: 1.4885, max: 1.4457)
INFO:b1k.shared.eval_b1k_wrapper:🎯 Prediction #360 | Actions: compressed 26→20 | Inpainting: True
INFO:b1k.shared.eval_b1k_wrapper:📊 Step 7200 | Task: 32 | Stage: 2/9 | Predictions: 360
INFO:b1k.shared.eval_b1k_wrapper:🔧 Gripper variation: Compression disabled (mean: 0.2186, max: 0.1124)
INFO:b1k.shared.eval_b1k_wrapper:📊 Step 7300 | Task: 32 | Stage: 2/9 | Predictions: 365
INFO:b1k.shared.eval_b1k_wrapper:🔧 Gripper variation: Compression disabled (mean: 0.2478, max: 0.1402)
INFO:b1k.shared.eval_b1k_wrapper:🎯 Prediction #370 | Actions: compressed 26→20 | Inpainting: True
INFO:b1k.shared.eval_b1k_wrapper:📊 Step 7400 | Task: 32 | Stage: 2/9 | Predictions: 370
INFO:b1k.shared.eval_b1k_wrapper:🔧 Gripper variation: Compression disabled (mean: 0.4292, max: 0.6143)
INFO:b1k.shared.eval_b1k_wrapper:🔧 Gripper variation: Compression disabled (mean: 0.0360, max: 0.2751)
INFO:b1k.shared.eval_b1k_wrapper:⬆️  Stage advanced: 2 → 3 (task 32, step 7460)
INFO:b1k.shared.eval_b1k_wrapper:📊 Step 7500 | Task: 32 | Stage: 3/9 | Predictions: 375
INFO:b1k.shared.eval_b1k_wrapper:⬅️  Stage went back: 3 → 2 (task 32, step 7520)
INFO:b1k.shared.eval_b1k_wrapper:🎯 Prediction #380 | Actions: compressed 26→20 | Inpainting: True
INFO:b1k.shared.eval_b1k_wrapper:📊 Step 7600 | Task: 32 | Stage: 2/9 | Predictions: 380
INFO:b1k.shared.eval_b1k_wrapper:🔧 Gripper variation: Compression disabled (mean: 0.5616, max: 0.2429)
INFO:b1k.shared.eval_b1k_wrapper:⬆️  Stage advanced: 2 → 3 (task 32, step 7600)
INFO:b1k.shared.eval_b1k_wrapper:📊 Step 7700 | Task: 32 | Stage: 3/9 | Predictions: 385
INFO:b1k.shared.eval_b1k_wrapper:🎯 Prediction #390 | Actions: compressed 26→20 | Inpainting: True
INFO:b1k.shared.eval_b1k_wrapper:📊 Step 7800 | Task: 32 | Stage: 3/9 | Predictions: 390
INFO:b1k.shared.eval_b1k_wrapper:📊 Step 7900 | Task: 32 | Stage: 3/9 | Predictions: 395
INFO:b1k.shared.eval_b1k_wrapper:🎯 Prediction #400 | Actions: compressed 26→20 | Inpainting: True
INFO:b1k.shared.eval_b1k_wrapper:📊 Step 8000 | Task: 32 | Stage: 3/9 | Predictions: 400
INFO:b1k.shared.eval_b1k_wrapper:📊 Step 8100 | Task: 32 | Stage: 3/9 | Predictions: 405
INFO:b1k.shared.eval_b1k_wrapper:🎯 Prediction #410 | Actions: compressed 26→20 | Inpainting: True
INFO:b1k.shared.eval_b1k_wrapper:📊 Step 8200 | Task: 32 | Stage: 3/9 | Predictions: 410
INFO:b1k.shared.eval_b1k_wrapper:📊 Step 8300 | Task: 32 | Stage: 3/9 | Predictions: 415
INFO:b1k.shared.eval_b1k_wrapper:🎯 Prediction #420 | Actions: compressed 26→20 | Inpainting: True
INFO:b1k.shared.eval_b1k_wrapper:📊 Step 8400 | Task: 32 | Stage: 3/9 | Predictions: 420
INFO:b1k.shared.eval_b1k_wrapper:📊 Step 8500 | Task: 32 | Stage: 3/9 | Predictions: 425
INFO:b1k.shared.eval_b1k_wrapper:🎯 Prediction #430 | Actions: compressed 26→20 | Inpainting: True
INFO:b1k.shared.eval_b1k_wrapper:📊 Step 8600 | Task: 32 | Stage: 3/9 | Predictions: 430
INFO:b1k.shared.eval_b1k_wrapper:📊 Step 8700 | Task: 32 | Stage: 3/9 | Predictions: 435
INFO:b1k.shared.eval_b1k_wrapper:🎯 Prediction #440 | Actions: compressed 26→20 | Inpainting: True
INFO:b1k.shared.eval_b1k_wrapper:📊 Step 8800 | Task: 32 | Stage: 3/9 | Predictions: 440
INFO:b1k.shared.eval_b1k_wrapper:📊 Step 8900 | Task: 32 | Stage: 3/9 | Predictions: 445
INFO:b1k.shared.eval_b1k_wrapper:⬆️  Stage advanced: 3 → 4 (task 32, step 8920)
INFO:b1k.shared.eval_b1k_wrapper:🎯 Prediction #450 | Actions: compressed 26→20 | Inpainting: True
INFO:b1k.shared.eval_b1k_wrapper:📊 Step 9000 | Task: 32 | Stage: 4/9 | Predictions: 450
INFO:b1k.shared.eval_b1k_wrapper:📊 Step 9100 | Task: 32 | Stage: 4/9 | Predictions: 455
INFO:b1k.shared.eval_b1k_wrapper:🎯 Prediction #460 | Actions: compressed 26→20 | Inpainting: True
INFO:b1k.shared.eval_b1k_wrapper:📊 Step 9200 | Task: 32 | Stage: 4/9 | Predictions: 460
INFO:b1k.shared.eval_b1k_wrapper:📊 Step 9300 | Task: 32 | Stage: 4/9 | Predictions: 465
INFO:b1k.shared.eval_b1k_wrapper:🎯 Prediction #470 | Actions: compressed 26→20 | Inpainting: True
INFO:b1k.shared.eval_b1k_wrapper:📊 Step 9400 | Task: 32 | Stage: 4/9 | Predictions: 470
INFO:b1k.shared.eval_b1k_wrapper:📊 Step 9500 | Task: 32 | Stage: 4/9 | Predictions: 475
INFO:b1k.shared.eval_b1k_wrapper:🎯 Prediction #480 | Actions: compressed 26→20 | Inpainting: True
INFO:b1k.shared.eval_b1k_wrapper:📊 Step 9600 | Task: 32 | Stage: 4/9 | Predictions: 480
INFO:b1k.shared.eval_b1k_wrapper:📊 Step 9700 | Task: 32 | Stage: 4/9 | Predictions: 485
INFO:b1k.shared.eval_b1k_wrapper:🎯 Prediction #490 | Actions: compressed 26→20 | Inpainting: True
INFO:b1k.shared.eval_b1k_wrapper:📊 Step 9800 | Task: 32 | Stage: 4/9 | Predictions: 490
INFO:b1k.shared.eval_b1k_wrapper:🔧 Gripper variation: Compression disabled (mean: 0.9926, max: 0.8705)
INFO:b1k.shared.eval_b1k_wrapper:⬅️  Stage went back: 4 → 3 (task 32, step 9880)
INFO:b1k.shared.eval_b1k_wrapper:📊 Step 9900 | Task: 32 | Stage: 3/9 | Predictions: 495
INFO:b1k.shared.eval_b1k_wrapper:🎯 Prediction #500 | Actions: compressed 26→20 | Inpainting: True
INFO:b1k.shared.eval_b1k_wrapper:📊 Step 10000 | Task: 32 | Stage: 3/9 | Predictions: 500
INFO:b1k.shared.eval_b1k_wrapper:📊 Step 10100 | Task: 32 | Stage: 3/9 | Predictions: 505
INFO:b1k.shared.eval_b1k_wrapper:🎯 Prediction #510 | Actions: compressed 26→20 | Inpainting: True
INFO:b1k.shared.eval_b1k_wrapper:📊 Step 10200 | Task: 32 | Stage: 3/9 | Predictions: 510
INFO:b1k.shared.eval_b1k_wrapper:🔧 Gripper variation: Compression disabled (mean: 0.1919, max: 0.7340)
INFO:b1k.shared.eval_b1k_wrapper:📊 Step 10300 | Task: 32 | Stage: 3/9 | Predictions: 515
INFO:b1k.shared.eval_b1k_wrapper:🎯 Prediction #520 | Actions: compressed 26→20 | Inpainting: True
INFO:b1k.shared.eval_b1k_wrapper:📊 Step 10400 | Task: 32 | Stage: 3/9 | Predictions: 520
INFO:b1k.shared.eval_b1k_wrapper:📊 Step 10500 | Task: 32 | Stage: 3/9 | Predictions: 525
INFO:b1k.shared.eval_b1k_wrapper:🎯 Prediction #530 | Actions: compressed 26→20 | Inpainting: True
INFO:b1k.shared.eval_b1k_wrapper:📊 Step 10600 | Task: 32 | Stage: 3/9 | Predictions: 530
INFO:b1k.shared.eval_b1k_wrapper:📊 Step 10700 | Task: 32 | Stage: 3/9 | Predictions: 535
INFO:b1k.shared.eval_b1k_wrapper:🎯 Prediction #540 | Actions: compressed 26→20 | Inpainting: True
INFO:b1k.shared.eval_b1k_wrapper:📊 Step 10800 | Task: 32 | Stage: 3/9 | Predictions: 540
INFO:b1k.shared.eval_b1k_wrapper:📊 Step 10900 | Task: 32 | Stage: 3/9 | Predictions: 545
INFO:b1k.shared.eval_b1k_wrapper:🎯 Prediction #550 | Actions: compressed 26→20 | Inpainting: True
INFO:b1k.shared.eval_b1k_wrapper:📊 Step 11000 | Task: 32 | Stage: 3/9 | Predictions: 550
INFO:b1k.shared.eval_b1k_wrapper:📊 Step 11100 | Task: 32 | Stage: 3/9 | Predictions: 555
INFO:b1k.shared.eval_b1k_wrapper:🔧 Gripper variation: Compression disabled (mean: 0.0113, max: 1.9949)
INFO:b1k.shared.eval_b1k_wrapper:🎯 Prediction #560 | Actions: compressed 26→20 | Inpainting: True
INFO:b1k.shared.eval_b1k_wrapper:📊 Step 11200 | Task: 32 | Stage: 3/9 | Predictions: 560
INFO:b1k.shared.eval_b1k_wrapper:📊 Step 11300 | Task: 32 | Stage: 3/9 | Predictions: 565
INFO:b1k.shared.eval_b1k_wrapper:🎯 Prediction #570 | Actions: compressed 26→20 | Inpainting: True
INFO:b1k.shared.eval_b1k_wrapper:📊 Step 11400 | Task: 32 | Stage: 3/9 | Predictions: 570
INFO:b1k.shared.eval_b1k_wrapper:📊 Step 11500 | Task: 32 | Stage: 3/9 | Predictions: 575
INFO:b1k.shared.eval_b1k_wrapper:🎯 Prediction #580 | Actions: compressed 26→20 | Inpainting: True
INFO:b1k.shared.eval_b1k_wrapper:📊 Step 11600 | Task: 32 | Stage: 3/9 | Predictions: 580
INFO:b1k.shared.eval_b1k_wrapper:📊 Step 11700 | Task: 32 | Stage: 3/9 | Predictions: 585
INFO:b1k.shared.eval_b1k_wrapper:🎯 Prediction #590 | Actions: compressed 26→20 | Inpainting: True
INFO:b1k.shared.eval_b1k_wrapper:📊 Step 11800 | Task: 32 | Stage: 3/9 | Predictions: 590
INFO:b1k.shared.eval_b1k_wrapper:📊 Step 11900 | Task: 32 | Stage: 3/9 | Predictions: 595
INFO:b1k.shared.eval_b1k_wrapper:🎯 Prediction #600 | Actions: compressed 26→20 | Inpainting: True
INFO:b1k.shared.eval_b1k_wrapper:📊 Step 12000 | Task: 32 | Stage: 3/9 | Predictions: 600
INFO:b1k.shared.eval_b1k_wrapper:📊 Step 12100 | Task: 32 | Stage: 3/9 | Predictions: 605
INFO:b1k.shared.eval_b1k_wrapper:🎯 Prediction #610 | Actions: compressed 26→20 | Inpainting: True
INFO:b1k.shared.eval_b1k_wrapper:📊 Step 12200 | Task: 32 | Stage: 3/9 | Predictions: 610
INFO:b1k.shared.eval_b1k_wrapper:📊 Step 12300 | Task: 32 | Stage: 3/9 | Predictions: 615
INFO:b1k.shared.eval_b1k_wrapper:🎯 Prediction #620 | Actions: compressed 26→20 | Inpainting: True
INFO:b1k.shared.eval_b1k_wrapper:📊 Step 12400 | Task: 32 | Stage: 3/9 | Predictions: 620
INFO:b1k.shared.eval_b1k_wrapper:📊 Step 12500 | Task: 32 | Stage: 3/9 | Predictions: 625
INFO:b1k.shared.eval_b1k_wrapper:Policy reset - Task ID: 32, Action horizon: 30
INFO:b1k.shared.eval_b1k_wrapper:📊 Step 100 | Task: 32 | Stage: 0/9 | Predictions: 5
INFO:b1k.shared.eval_b1k_wrapper:🎯 Prediction #10 | Actions: compressed 26→20 | Inpainting: True
INFO:b1k.shared.eval_b1k_wrapper:📊 Step 200 | Task: 32 | Stage: 0/9 | Predictions: 10
INFO:b1k.shared.eval_b1k_wrapper:📊 Step 300 | Task: 32 | Stage: 0/9 | Predictions: 15
INFO:b1k.shared.eval_b1k_wrapper:🎯 Prediction #20 | Actions: compressed 26→20 | Inpainting: True
INFO:b1k.shared.eval_b1k_wrapper:📊 Step 400 | Task: 32 | Stage: 0/9 | Predictions: 20
INFO:b1k.shared.eval_b1k_wrapper:📊 Step 500 | Task: 32 | Stage: 0/9 | Predictions: 25
INFO:b1k.shared.eval_b1k_wrapper:🎯 Prediction #30 | Actions: compressed 26→20 | Inpainting: True
INFO:b1k.shared.eval_b1k_wrapper:📊 Step 600 | Task: 32 | Stage: 0/9 | Predictions: 30
INFO:b1k.shared.eval_b1k_wrapper:🔧 Gripper variation: Compression disabled (mean: 2.0286, max: 0.0061)
INFO:b1k.shared.eval_b1k_wrapper:📊 Step 700 | Task: 32 | Stage: 0/9 | Predictions: 35
INFO:b1k.shared.eval_b1k_wrapper:⬆️  Stage advanced: 0 → 1 (task 32, step 760)
INFO:b1k.shared.eval_b1k_wrapper:🎯 Prediction #40 | Actions: compressed 26→20 | Inpainting: True
INFO:b1k.shared.eval_b1k_wrapper:📊 Step 800 | Task: 32 | Stage: 1/9 | Predictions: 40
INFO:b1k.shared.eval_b1k_wrapper:🔧 Gripper variation: Compression disabled (mean: 2.0342, max: 0.0109)
INFO:b1k.shared.eval_b1k_wrapper:📊 Step 900 | Task: 32 | Stage: 1/9 | Predictions: 45
INFO:b1k.shared.eval_b1k_wrapper:🎯 Prediction #50 | Actions: compressed 26→20 | Inpainting: True
INFO:b1k.shared.eval_b1k_wrapper:📊 Step 1000 | Task: 32 | Stage: 1/9 | Predictions: 50
INFO:b1k.shared.eval_b1k_wrapper:📊 Step 1100 | Task: 32 | Stage: 1/9 | Predictions: 55
INFO:b1k.shared.eval_b1k_wrapper:🎯 Prediction #60 | Actions: compressed 26→20 | Inpainting: True
INFO:b1k.shared.eval_b1k_wrapper:📊 Step 1200 | Task: 32 | Stage: 1/9 | Predictions: 60
INFO:b1k.shared.eval_b1k_wrapper:📊 Step 1300 | Task: 32 | Stage: 1/9 | Predictions: 65
INFO:b1k.shared.eval_b1k_wrapper:🎯 Prediction #70 | Actions: compressed 26→20 | Inpainting: True
INFO:b1k.shared.eval_b1k_wrapper:⬆️  Stage advanced: 1 → 2 (task 32, step 1380)
INFO:b1k.shared.eval_b1k_wrapper:📊 Step 1400 | Task: 32 | Stage: 2/9 | Predictions: 70
INFO:b1k.shared.eval_b1k_wrapper:📊 Step 1500 | Task: 32 | Stage: 2/9 | Predictions: 75
INFO:b1k.shared.eval_b1k_wrapper:🎯 Prediction #80 | Actions: compressed 26→20 | Inpainting: True
INFO:b1k.shared.eval_b1k_wrapper:📊 Step 1600 | Task: 32 | Stage: 2/9 | Predictions: 80
INFO:b1k.shared.eval_b1k_wrapper:📊 Step 1700 | Task: 32 | Stage: 2/9 | Predictions: 85
INFO:b1k.shared.eval_b1k_wrapper:🎯 Prediction #90 | Actions: compressed 26→20 | Inpainting: True
INFO:b1k.shared.eval_b1k_wrapper:📊 Step 1800 | Task: 32 | Stage: 2/9 | Predictions: 90
INFO:b1k.shared.eval_b1k_wrapper:📊 Step 1900 | Task: 32 | Stage: 2/9 | Predictions: 95
INFO:b1k.shared.eval_b1k_wrapper:🎯 Prediction #100 | Actions: compressed 26→20 | Inpainting: True
INFO:b1k.shared.eval_b1k_wrapper:📊 Step 2000 | Task: 32 | Stage: 2/9 | Predictions: 100
INFO:b1k.shared.eval_b1k_wrapper:⬆️  Stage advanced: 2 → 3 (task 32, step 2020)
INFO:b1k.shared.eval_b1k_wrapper:📊 Step 2100 | Task: 32 | Stage: 3/9 | Predictions: 105
INFO:b1k.shared.eval_b1k_wrapper:🎯 Prediction #110 | Actions: compressed 26→20 | Inpainting: True
INFO:b1k.shared.eval_b1k_wrapper:📊 Step 2200 | Task: 32 | Stage: 3/9 | Predictions: 110
INFO:b1k.shared.eval_b1k_wrapper:📊 Step 2300 | Task: 32 | Stage: 3/9 | Predictions: 115
INFO:b1k.shared.eval_b1k_wrapper:🎯 Prediction #120 | Actions: compressed 26→20 | Inpainting: True
INFO:b1k.shared.eval_b1k_wrapper:📊 Step 2400 | Task: 32 | Stage: 3/9 | Predictions: 120
INFO:b1k.shared.eval_b1k_wrapper:📊 Step 2500 | Task: 32 | Stage: 3/9 | Predictions: 125
INFO:b1k.shared.eval_b1k_wrapper:🎯 Prediction #130 | Actions: compressed 26→20 | Inpainting: True
INFO:b1k.shared.eval_b1k_wrapper:📊 Step 2600 | Task: 32 | Stage: 3/9 | Predictions: 130
INFO:b1k.shared.eval_b1k_wrapper:📊 Step 2700 | Task: 32 | Stage: 3/9 | Predictions: 135
INFO:b1k.shared.eval_b1k_wrapper:🎯 Prediction #140 | Actions: compressed 26→20 | Inpainting: True
INFO:b1k.shared.eval_b1k_wrapper:📊 Step 2800 | Task: 32 | Stage: 3/9 | Predictions: 140
INFO:b1k.shared.eval_b1k_wrapper:🔧 Gripper variation: Compression disabled (mean: 0.0052, max: 2.0051)
INFO:b1k.shared.eval_b1k_wrapper:📊 Step 2900 | Task: 32 | Stage: 3/9 | Predictions: 145
INFO:b1k.shared.eval_b1k_wrapper:🎯 Prediction #150 | Actions: compressed 26→20 | Inpainting: True
INFO:b1k.shared.eval_b1k_wrapper:📊 Step 3000 | Task: 32 | Stage: 3/9 | Predictions: 150
INFO:b1k.shared.eval_b1k_wrapper:📊 Step 3100 | Task: 32 | Stage: 3/9 | Predictions: 155
INFO:b1k.shared.eval_b1k_wrapper:🎯 Prediction #160 | Actions: compressed 26→20 | Inpainting: True
INFO:b1k.shared.eval_b1k_wrapper:📊 Step 3200 | Task: 32 | Stage: 3/9 | Predictions: 160
INFO:b1k.shared.eval_b1k_wrapper:📊 Step 3300 | Task: 32 | Stage: 3/9 | Predictions: 165
INFO:b1k.shared.eval_b1k_wrapper:🎯 Prediction #170 | Actions: compressed 26→20 | Inpainting: True
INFO:b1k.shared.eval_b1k_wrapper:📊 Step 3400 | Task: 32 | Stage: 3/9 | Predictions: 170
INFO:b1k.shared.eval_b1k_wrapper:⬆️  Stage advanced: 3 → 4 (task 32, step 3460)
INFO:b1k.shared.eval_b1k_wrapper:📊 Step 3500 | Task: 32 | Stage: 4/9 | Predictions: 175
INFO:b1k.shared.eval_b1k_wrapper:🎯 Prediction #180 | Actions: compressed 26→20 | Inpainting: True
INFO:b1k.shared.eval_b1k_wrapper:📊 Step 3600 | Task: 32 | Stage: 4/9 | Predictions: 180
INFO:b1k.shared.eval_b1k_wrapper:📊 Step 3700 | Task: 32 | Stage: 4/9 | Predictions: 185
INFO:b1k.shared.eval_b1k_wrapper:🎯 Prediction #190 | Actions: compressed 26→20 | Inpainting: True
INFO:b1k.shared.eval_b1k_wrapper:📊 Step 3800 | Task: 32 | Stage: 4/9 | Predictions: 190
INFO:b1k.shared.eval_b1k_wrapper:📊 Step 3900 | Task: 32 | Stage: 4/9 | Predictions: 195
INFO:b1k.shared.eval_b1k_wrapper:🎯 Prediction #200 | Actions: compressed 26→20 | Inpainting: True
INFO:b1k.shared.eval_b1k_wrapper:📊 Step 4000 | Task: 32 | Stage: 4/9 | Predictions: 200
INFO:b1k.shared.eval_b1k_wrapper:⬅️  Stage went back: 4 → 3 (task 32, step 4060)
INFO:b1k.shared.eval_b1k_wrapper:📊 Step 4100 | Task: 32 | Stage: 3/9 | Predictions: 205
INFO:b1k.shared.eval_b1k_wrapper:⬆️  Stage advanced: 3 → 4 (task 32, step 4120)
INFO:b1k.shared.eval_b1k_wrapper:🎯 Prediction #210 | Actions: compressed 26→20 | Inpainting: True
INFO:b1k.shared.eval_b1k_wrapper:📊 Step 4200 | Task: 32 | Stage: 4/9 | Predictions: 210
INFO:b1k.shared.eval_b1k_wrapper:⬅️  Stage went back: 4 → 3 (task 32, step 4220)
INFO:b1k.shared.eval_b1k_wrapper:📊 Step 4300 | Task: 32 | Stage: 3/9 | Predictions: 215
INFO:b1k.shared.eval_b1k_wrapper:🎯 Prediction #220 | Actions: compressed 26→20 | Inpainting: True
INFO:b1k.shared.eval_b1k_wrapper:📊 Step 4400 | Task: 32 | Stage: 3/9 | Predictions: 220
INFO:b1k.shared.eval_b1k_wrapper:📊 Step 4500 | Task: 32 | Stage: 3/9 | Predictions: 225
INFO:b1k.shared.eval_b1k_wrapper:⬆️  Stage advanced: 3 → 4 (task 32, step 4520)
INFO:b1k.shared.eval_b1k_wrapper:🎯 Prediction #230 | Actions: compressed 26→20 | Inpainting: True
INFO:b1k.shared.eval_b1k_wrapper:📊 Step 4600 | Task: 32 | Stage: 4/9 | Predictions: 230
INFO:b1k.shared.eval_b1k_wrapper:📊 Step 4700 | Task: 32 | Stage: 4/9 | Predictions: 235
INFO:b1k.shared.eval_b1k_wrapper:🎯 Prediction #240 | Actions: compressed 26→20 | Inpainting: True
INFO:b1k.shared.eval_b1k_wrapper:📊 Step 4800 | Task: 32 | Stage: 4/9 | Predictions: 240
INFO:b1k.shared.eval_b1k_wrapper:📊 Step 4900 | Task: 32 | Stage: 4/9 | Predictions: 245
INFO:b1k.shared.eval_b1k_wrapper:🎯 Prediction #250 | Actions: compressed 26→20 | Inpainting: True
INFO:b1k.shared.eval_b1k_wrapper:📊 Step 5000 | Task: 32 | Stage: 4/9 | Predictions: 250
INFO:b1k.shared.eval_b1k_wrapper:📊 Step 5100 | Task: 32 | Stage: 4/9 | Predictions: 255
INFO:b1k.shared.eval_b1k_wrapper:🎯 Prediction #260 | Actions: compressed 26→20 | Inpainting: True
INFO:b1k.shared.eval_b1k_wrapper:📊 Step 5200 | Task: 32 | Stage: 4/9 | Predictions: 260
INFO:b1k.shared.eval_b1k_wrapper:📊 Step 5300 | Task: 32 | Stage: 4/9 | Predictions: 265
INFO:b1k.shared.eval_b1k_wrapper:🎯 Prediction #270 | Actions: compressed 26→20 | Inpainting: True
INFO:b1k.shared.eval_b1k_wrapper:📊 Step 5400 | Task: 32 | Stage: 4/9 | Predictions: 270
INFO:b1k.shared.eval_b1k_wrapper:📊 Step 5500 | Task: 32 | Stage: 4/9 | Predictions: 275
INFO:b1k.shared.eval_b1k_wrapper:🎯 Prediction #280 | Actions: compressed 26→20 | Inpainting: True
INFO:b1k.shared.eval_b1k_wrapper:📊 Step 5600 | Task: 32 | Stage: 4/9 | Predictions: 280
INFO:b1k.shared.eval_b1k_wrapper:📊 Step 5700 | Task: 32 | Stage: 4/9 | Predictions: 285
INFO:b1k.shared.eval_b1k_wrapper:🎯 Prediction #290 | Actions: compressed 26→20 | Inpainting: True
INFO:b1k.shared.eval_b1k_wrapper:📊 Step 5800 | Task: 32 | Stage: 4/9 | Predictions: 290
INFO:b1k.shared.eval_b1k_wrapper:📊 Step 5900 | Task: 32 | Stage: 4/9 | Predictions: 295
INFO:b1k.shared.eval_b1k_wrapper:🎯 Prediction #300 | Actions: compressed 26→20 | Inpainting: True
INFO:b1k.shared.eval_b1k_wrapper:📊 Step 6000 | Task: 32 | Stage: 4/9 | Predictions: 300
INFO:b1k.shared.eval_b1k_wrapper:📊 Step 6100 | Task: 32 | Stage: 4/9 | Predictions: 305
INFO:b1k.shared.eval_b1k_wrapper:🎯 Prediction #310 | Actions: compressed 26→20 | Inpainting: True
INFO:b1k.shared.eval_b1k_wrapper:📊 Step 6200 | Task: 32 | Stage: 4/9 | Predictions: 310
INFO:b1k.shared.eval_b1k_wrapper:📊 Step 6300 | Task: 32 | Stage: 4/9 | Predictions: 315
INFO:b1k.shared.eval_b1k_wrapper:🎯 Prediction #320 | Actions: compressed 26→20 | Inpainting: True
INFO:b1k.shared.eval_b1k_wrapper:📊 Step 6400 | Task: 32 | Stage: 4/9 | Predictions: 320
INFO:b1k.shared.eval_b1k_wrapper:📊 Step 6500 | Task: 32 | Stage: 4/9 | Predictions: 325
INFO:b1k.shared.eval_b1k_wrapper:🔧 Gripper variation: Compression disabled (mean: 0.0441, max: 0.2219)
INFO:b1k.shared.eval_b1k_wrapper:🔧 Gripper variation: Compression disabled (mean: 0.1661, max: 0.3732)
INFO:b1k.shared.eval_b1k_wrapper:🎯 Prediction #330 | Actions: uncompressed (20) | Inpainting: True
INFO:b1k.shared.eval_b1k_wrapper:📊 Step 6600 | Task: 32 | Stage: 4/9 | Predictions: 330
INFO:b1k.shared.eval_b1k_wrapper:🔧 Gripper variation: Compression disabled (mean: 0.3048, max: 0.7714)
INFO:b1k.shared.eval_b1k_wrapper:📊 Step 6700 | Task: 32 | Stage: 4/9 | Predictions: 335
INFO:b1k.shared.eval_b1k_wrapper:🎯 Prediction #340 | Actions: compressed 26→20 | Inpainting: True
INFO:b1k.shared.eval_b1k_wrapper:📊 Step 6800 | Task: 32 | Stage: 4/9 | Predictions: 340
INFO:b1k.shared.eval_b1k_wrapper:⬆️  Stage advanced: 4 → 5 (task 32, step 6880)
INFO:b1k.shared.eval_b1k_wrapper:📊 Step 6900 | Task: 32 | Stage: 5/9 | Predictions: 345
INFO:b1k.shared.eval_b1k_wrapper:⬅️  Stage went back: 5 → 4 (task 32, step 6940)
INFO:b1k.shared.eval_b1k_wrapper:🎯 Prediction #350 | Actions: compressed 26→20 | Inpainting: True
INFO:b1k.shared.eval_b1k_wrapper:📊 Step 7000 | Task: 32 | Stage: 4/9 | Predictions: 350
INFO:b1k.shared.eval_b1k_wrapper:📊 Step 7100 | Task: 32 | Stage: 4/9 | Predictions: 355
INFO:b1k.shared.eval_b1k_wrapper:🎯 Prediction #360 | Actions: compressed 26→20 | Inpainting: True
INFO:b1k.shared.eval_b1k_wrapper:📊 Step 7200 | Task: 32 | Stage: 4/9 | Predictions: 360
INFO:b1k.shared.eval_b1k_wrapper:📊 Step 7300 | Task: 32 | Stage: 4/9 | Predictions: 365
INFO:b1k.shared.eval_b1k_wrapper:🎯 Prediction #370 | Actions: compressed 26→20 | Inpainting: True
INFO:b1k.shared.eval_b1k_wrapper:📊 Step 7400 | Task: 32 | Stage: 4/9 | Predictions: 370
INFO:b1k.shared.eval_b1k_wrapper:📊 Step 7500 | Task: 32 | Stage: 4/9 | Predictions: 375
INFO:b1k.shared.eval_b1k_wrapper:⬆️  Stage advanced: 4 → 5 (task 32, step 7520)
INFO:b1k.shared.eval_b1k_wrapper:🎯 Prediction #380 | Actions: compressed 26→20 | Inpainting: True
INFO:b1k.shared.eval_b1k_wrapper:📊 Step 7600 | Task: 32 | Stage: 5/9 | Predictions: 380
INFO:b1k.shared.eval_b1k_wrapper:📊 Step 7700 | Task: 32 | Stage: 5/9 | Predictions: 385
INFO:b1k.shared.eval_b1k_wrapper:⬅️  Stage went back: 5 → 4 (task 32, step 7700)
INFO:b1k.shared.eval_b1k_wrapper:🎯 Prediction #390 | Actions: compressed 26→20 | Inpainting: True
INFO:b1k.shared.eval_b1k_wrapper:📊 Step 7800 | Task: 32 | Stage: 4/9 | Predictions: 390
INFO:b1k.shared.eval_b1k_wrapper:⬆️  Stage advanced: 4 → 5 (task 32, step 7820)
INFO:b1k.shared.eval_b1k_wrapper:🔧 Gripper variation: Compression disabled (mean: 0.0580, max: 0.2514)
INFO:b1k.shared.eval_b1k_wrapper:🔧 Gripper variation: Compression disabled (mean: 0.4063, max: 0.3357)
INFO:b1k.shared.eval_b1k_wrapper:📊 Step 7900 | Task: 32 | Stage: 5/9 | Predictions: 395
INFO:b1k.shared.eval_b1k_wrapper:🔧 Gripper variation: Compression disabled (mean: 0.0323, max: 0.2144)
INFO:b1k.shared.eval_b1k_wrapper:🔧 Gripper variation: Compression disabled (mean: 0.0834, max: 0.2167)
INFO:b1k.shared.eval_b1k_wrapper:🎯 Prediction #400 | Actions: compressed 26→20 | Inpainting: True
INFO:b1k.shared.eval_b1k_wrapper:📊 Step 8000 | Task: 32 | Stage: 5/9 | Predictions: 400
INFO:b1k.shared.eval_b1k_wrapper:🔧 Gripper variation: Compression disabled (mean: 0.0468, max: 0.2333)
INFO:b1k.shared.eval_b1k_wrapper:⬅️  Stage went back: 5 → 4 (task 32, step 8040)
INFO:b1k.shared.eval_b1k_wrapper:📊 Step 8100 | Task: 32 | Stage: 4/9 | Predictions: 405
INFO:b1k.shared.eval_b1k_wrapper:🎯 Prediction #410 | Actions: compressed 26→20 | Inpainting: True
INFO:b1k.shared.eval_b1k_wrapper:📊 Step 8200 | Task: 32 | Stage: 4/9 | Predictions: 410
INFO:b1k.shared.eval_b1k_wrapper:📊 Step 8300 | Task: 32 | Stage: 4/9 | Predictions: 415
INFO:b1k.shared.eval_b1k_wrapper:🎯 Prediction #420 | Actions: compressed 26→20 | Inpainting: True
INFO:b1k.shared.eval_b1k_wrapper:📊 Step 8400 | Task: 32 | Stage: 4/9 | Predictions: 420
INFO:b1k.shared.eval_b1k_wrapper:📊 Step 8500 | Task: 32 | Stage: 4/9 | Predictions: 425
INFO:b1k.shared.eval_b1k_wrapper:⬆️  Stage advanced: 4 → 5 (task 32, step 8540)
INFO:b1k.shared.eval_b1k_wrapper:🎯 Prediction #430 | Actions: compressed 26→20 | Inpainting: True
INFO:b1k.shared.eval_b1k_wrapper:📊 Step 8600 | Task: 32 | Stage: 5/9 | Predictions: 430
INFO:b1k.shared.eval_b1k_wrapper:⬅️  Stage went back: 5 → 4 (task 32, step 8620)
INFO:b1k.shared.eval_b1k_wrapper:📊 Step 8700 | Task: 32 | Stage: 4/9 | Predictions: 435
INFO:b1k.shared.eval_b1k_wrapper:⬆️  Stage advanced: 4 → 5 (task 32, step 8740)
INFO:b1k.shared.eval_b1k_wrapper:🎯 Prediction #440 | Actions: compressed 26→20 | Inpainting: True
INFO:b1k.shared.eval_b1k_wrapper:📊 Step 8800 | Task: 32 | Stage: 5/9 | Predictions: 440
INFO:b1k.shared.eval_b1k_wrapper:📊 Step 8900 | Task: 32 | Stage: 5/9 | Predictions: 445
INFO:b1k.shared.eval_b1k_wrapper:🎯 Prediction #450 | Actions: compressed 26→20 | Inpainting: True
INFO:b1k.shared.eval_b1k_wrapper:📊 Step 9000 | Task: 32 | Stage: 5/9 | Predictions: 450
INFO:b1k.shared.eval_b1k_wrapper:📊 Step 9100 | Task: 32 | Stage: 5/9 | Predictions: 455
INFO:b1k.shared.eval_b1k_wrapper:🎯 Prediction #460 | Actions: compressed 26→20 | Inpainting: True
INFO:b1k.shared.eval_b1k_wrapper:📊 Step 9200 | Task: 32 | Stage: 5/9 | Predictions: 460
INFO:b1k.shared.eval_b1k_wrapper:🔧 Gripper variation: Compression disabled (mean: 0.2328, max: 0.1732)
INFO:b1k.shared.eval_b1k_wrapper:📊 Step 9300 | Task: 32 | Stage: 5/9 | Predictions: 465
INFO:b1k.shared.eval_b1k_wrapper:🔧 Gripper variation: Compression disabled (mean: 0.3928, max: 0.4358)
INFO:b1k.shared.eval_b1k_wrapper:🔧 Gripper variation: Compression disabled (mean: 0.2920, max: 0.3465)
INFO:b1k.shared.eval_b1k_wrapper:🔧 Gripper variation: Compression disabled (mean: 0.2284, max: 0.3023)
INFO:b1k.shared.eval_b1k_wrapper:🎯 Prediction #470 | Actions: uncompressed (20) | Inpainting: True
INFO:b1k.shared.eval_b1k_wrapper:⬅️  Stage went back: 5 → 4 (task 32, step 9380)
INFO:b1k.shared.eval_b1k_wrapper:📊 Step 9400 | Task: 32 | Stage: 4/9 | Predictions: 470
INFO:b1k.shared.eval_b1k_wrapper:🔧 Gripper variation: Compression disabled (mean: 0.1851, max: 0.4246)
INFO:b1k.shared.eval_b1k_wrapper:🔧 Gripper variation: Compression disabled (mean: 0.2934, max: 0.2841)
INFO:b1k.shared.eval_b1k_wrapper:🔧 Gripper variation: Compression disabled (mean: 0.0989, max: 0.3089)
INFO:b1k.shared.eval_b1k_wrapper:🔧 Gripper variation: Compression disabled (mean: 0.5333, max: 0.7341)
INFO:b1k.shared.eval_b1k_wrapper:🔧 Gripper variation: Compression disabled (mean: 0.4256, max: 0.2546)
INFO:b1k.shared.eval_b1k_wrapper:📊 Step 9500 | Task: 32 | Stage: 4/9 | Predictions: 475
INFO:b1k.shared.eval_b1k_wrapper:🔧 Gripper variation: Compression disabled (mean: 0.6749, max: 0.6079)
INFO:b1k.shared.eval_b1k_wrapper:🔧 Gripper variation: Compression disabled (mean: 0.4791, max: 0.4564)
INFO:b1k.shared.eval_b1k_wrapper:🔧 Gripper variation: Compression disabled (mean: 0.2725, max: 0.4649)
INFO:b1k.shared.eval_b1k_wrapper:🔧 Gripper variation: Compression disabled (mean: 0.5533, max: 0.8597)
INFO:b1k.shared.eval_b1k_wrapper:🔧 Gripper variation: Compression disabled (mean: 0.5357, max: 0.7632)
INFO:b1k.shared.eval_b1k_wrapper:🎯 Prediction #480 | Actions: uncompressed (20) | Inpainting: True
INFO:b1k.shared.eval_b1k_wrapper:📊 Step 9600 | Task: 32 | Stage: 4/9 | Predictions: 480
INFO:b1k.shared.eval_b1k_wrapper:🔧 Gripper variation: Compression disabled (mean: 0.4070, max: 0.9819)
INFO:b1k.shared.eval_b1k_wrapper:🔧 Gripper variation: Compression disabled (mean: 0.2778, max: 0.7668)
INFO:b1k.shared.eval_b1k_wrapper:🔧 Gripper variation: Compression disabled (mean: 0.2916, max: 1.0728)
INFO:b1k.shared.eval_b1k_wrapper:⬆️  Stage advanced: 4 → 5 (task 32, step 9640)
INFO:b1k.shared.eval_b1k_wrapper:🔧 Gripper variation: Compression disabled (mean: 0.6443, max: 0.4660)
INFO:b1k.shared.eval_b1k_wrapper:🔧 Gripper variation: Compression disabled (mean: 0.3611, max: 0.8293)
INFO:b1k.shared.eval_b1k_wrapper:📊 Step 9700 | Task: 32 | Stage: 5/9 | Predictions: 485
INFO:b1k.shared.eval_b1k_wrapper:🔧 Gripper variation: Compression disabled (mean: 0.5320, max: 0.6427)
INFO:b1k.shared.eval_b1k_wrapper:🔧 Gripper variation: Compression disabled (mean: 0.6651, max: 0.4221)
INFO:b1k.shared.eval_b1k_wrapper:⬅️  Stage went back: 5 → 4 (task 32, step 9720)
INFO:b1k.shared.eval_b1k_wrapper:🔧 Gripper variation: Compression disabled (mean: 0.4612, max: 0.5551)
INFO:b1k.shared.eval_b1k_wrapper:🔧 Gripper variation: Compression disabled (mean: 0.5926, max: 0.5934)
INFO:b1k.shared.eval_b1k_wrapper:🔧 Gripper variation: Compression disabled (mean: 0.5638, max: 0.5113)
INFO:b1k.shared.eval_b1k_wrapper:🎯 Prediction #490 | Actions: uncompressed (20) | Inpainting: True
INFO:b1k.shared.eval_b1k_wrapper:📊 Step 9800 | Task: 32 | Stage: 4/9 | Predictions: 490
INFO:b1k.shared.eval_b1k_wrapper:🔧 Gripper variation: Compression disabled (mean: 0.5717, max: 1.0072)
INFO:b1k.shared.eval_b1k_wrapper:🔧 Gripper variation: Compression disabled (mean: 0.1387, max: 0.8563)
INFO:b1k.shared.eval_b1k_wrapper:🔧 Gripper variation: Compression disabled (mean: 0.4250, max: 0.4746)
INFO:b1k.shared.eval_b1k_wrapper:🔧 Gripper variation: Compression disabled (mean: 0.8611, max: 0.5283)
INFO:b1k.shared.eval_b1k_wrapper:🔧 Gripper variation: Compression disabled (mean: 0.2370, max: 0.9260)
INFO:b1k.shared.eval_b1k_wrapper:📊 Step 9900 | Task: 32 | Stage: 4/9 | Predictions: 495
INFO:b1k.shared.eval_b1k_wrapper:🔧 Gripper variation: Compression disabled (mean: 0.2225, max: 0.6812)
INFO:b1k.shared.eval_b1k_wrapper:🔧 Gripper variation: Compression disabled (mean: 0.5488, max: 1.4197)
INFO:b1k.shared.eval_b1k_wrapper:🔧 Gripper variation: Compression disabled (mean: 0.6958, max: 0.7925)
INFO:b1k.shared.eval_b1k_wrapper:🔧 Gripper variation: Compression disabled (mean: 0.5573, max: 0.7792)
INFO:b1k.shared.eval_b1k_wrapper:🔧 Gripper variation: Compression disabled (mean: 0.5797, max: 1.1465)
INFO:b1k.shared.eval_b1k_wrapper:🎯 Prediction #500 | Actions: uncompressed (20) | Inpainting: True
INFO:b1k.shared.eval_b1k_wrapper:📊 Step 10000 | Task: 32 | Stage: 4/9 | Predictions: 500
INFO:b1k.shared.eval_b1k_wrapper:🔧 Gripper variation: Compression disabled (mean: 0.1440, max: 0.8663)
INFO:b1k.shared.eval_b1k_wrapper:⬆️  Stage advanced: 4 → 5 (task 32, step 10000)
INFO:b1k.shared.eval_b1k_wrapper:🔧 Gripper variation: Compression disabled (mean: 0.3920, max: 0.8000)
INFO:b1k.shared.eval_b1k_wrapper:🔧 Gripper variation: Compression disabled (mean: 0.7083, max: 0.6307)
INFO:b1k.shared.eval_b1k_wrapper:🔧 Gripper variation: Compression disabled (mean: 0.4861, max: 0.4825)
INFO:b1k.shared.eval_b1k_wrapper:🔧 Gripper variation: Compression disabled (mean: 0.8034, max: 0.5470)
INFO:b1k.shared.eval_b1k_wrapper:📊 Step 10100 | Task: 32 | Stage: 5/9 | Predictions: 505
INFO:b1k.shared.eval_b1k_wrapper:🔧 Gripper variation: Compression disabled (mean: 0.4153, max: 0.4340)
INFO:b1k.shared.eval_b1k_wrapper:⬅️  Stage went back: 5 → 4 (task 32, step 10100)
INFO:b1k.shared.eval_b1k_wrapper:🔧 Gripper variation: Compression disabled (mean: 0.3226, max: 0.5242)
INFO:b1k.shared.eval_b1k_wrapper:🔧 Gripper variation: Compression disabled (mean: 0.3822, max: 0.7306)
INFO:b1k.shared.eval_b1k_wrapper:🔧 Gripper variation: Compression disabled (mean: 0.5156, max: 0.2787)
INFO:b1k.shared.eval_b1k_wrapper:⬆️  Stage advanced: 4 → 5 (task 32, step 10160)
INFO:b1k.shared.eval_b1k_wrapper:🔧 Gripper variation: Compression disabled (mean: 0.0903, max: 0.5401)
INFO:b1k.shared.eval_b1k_wrapper:🎯 Prediction #510 | Actions: uncompressed (20) | Inpainting: True
INFO:b1k.shared.eval_b1k_wrapper:📊 Step 10200 | Task: 32 | Stage: 5/9 | Predictions: 510
INFO:b1k.shared.eval_b1k_wrapper:🔧 Gripper variation: Compression disabled (mean: 0.3825, max: 1.0292)
INFO:b1k.shared.eval_b1k_wrapper:🔧 Gripper variation: Compression disabled (mean: 0.3869, max: 0.8708)
INFO:b1k.shared.eval_b1k_wrapper:🔧 Gripper variation: Compression disabled (mean: 0.3281, max: 0.4117)
INFO:b1k.shared.eval_b1k_wrapper:🔧 Gripper variation: Compression disabled (mean: 0.5264, max: 0.8778)
INFO:b1k.shared.eval_b1k_wrapper:🔧 Gripper variation: Compression disabled (mean: 0.6965, max: 0.8892)
INFO:b1k.shared.eval_b1k_wrapper:📊 Step 10300 | Task: 32 | Stage: 5/9 | Predictions: 515
INFO:b1k.shared.eval_b1k_wrapper:🔧 Gripper variation: Compression disabled (mean: 0.3850, max: 0.8624)
INFO:b1k.shared.eval_b1k_wrapper:🔧 Gripper variation: Compression disabled (mean: 0.7401, max: 0.7663)
INFO:b1k.shared.eval_b1k_wrapper:⬅️  Stage went back: 5 → 4 (task 32, step 10320)
INFO:b1k.shared.eval_b1k_wrapper:🔧 Gripper variation: Compression disabled (mean: 0.4072, max: 0.7977)
INFO:b1k.shared.eval_b1k_wrapper:🔧 Gripper variation: Compression disabled (mean: 0.2686, max: 0.7168)
INFO:b1k.shared.eval_b1k_wrapper:🔧 Gripper variation: Compression disabled (mean: 0.4456, max: 0.5712)
INFO:b1k.shared.eval_b1k_wrapper:🎯 Prediction #520 | Actions: uncompressed (20) | Inpainting: True
INFO:b1k.shared.eval_b1k_wrapper:📊 Step 10400 | Task: 32 | Stage: 4/9 | Predictions: 520
INFO:b1k.shared.eval_b1k_wrapper:🔧 Gripper variation: Compression disabled (mean: 0.7586, max: 0.7415)
INFO:b1k.shared.eval_b1k_wrapper:🔧 Gripper variation: Compression disabled (mean: 0.3398, max: 0.4675)
INFO:b1k.shared.eval_b1k_wrapper:🔧 Gripper variation: Compression disabled (mean: 0.4916, max: 0.7017)
INFO:b1k.shared.eval_b1k_wrapper:🔧 Gripper variation: Compression disabled (mean: 0.8999, max: 0.4467)
INFO:b1k.shared.eval_b1k_wrapper:🔧 Gripper variation: Compression disabled (mean: 0.4907, max: 0.6230)
INFO:b1k.shared.eval_b1k_wrapper:📊 Step 10500 | Task: 32 | Stage: 4/9 | Predictions: 525
INFO:b1k.shared.eval_b1k_wrapper:🔧 Gripper variation: Compression disabled (mean: 0.4884, max: 0.8100)
INFO:b1k.shared.eval_b1k_wrapper:🔧 Gripper variation: Compression disabled (mean: 0.4920, max: 0.6756)
INFO:b1k.shared.eval_b1k_wrapper:🔧 Gripper variation: Compression disabled (mean: 0.7182, max: 1.0825)
INFO:b1k.shared.eval_b1k_wrapper:🔧 Gripper variation: Compression disabled (mean: 0.4313, max: 0.4488)
INFO:b1k.shared.eval_b1k_wrapper:🔧 Gripper variation: Compression disabled (mean: 0.7927, max: 0.4873)
INFO:b1k.shared.eval_b1k_wrapper:🎯 Prediction #530 | Actions: uncompressed (20) | Inpainting: True
INFO:b1k.shared.eval_b1k_wrapper:📊 Step 10600 | Task: 32 | Stage: 4/9 | Predictions: 530
INFO:b1k.shared.eval_b1k_wrapper:🔧 Gripper variation: Compression disabled (mean: 0.4852, max: 0.8409)
INFO:b1k.shared.eval_b1k_wrapper:🔧 Gripper variation: Compression disabled (mean: 0.6101, max: 0.5458)
INFO:b1k.shared.eval_b1k_wrapper:🔧 Gripper variation: Compression disabled (mean: 1.3545, max: 1.0141)
INFO:b1k.shared.eval_b1k_wrapper:🔧 Gripper variation: Compression disabled (mean: 0.6767, max: 0.4247)
INFO:b1k.shared.eval_b1k_wrapper:🔧 Gripper variation: Compression disabled (mean: 0.0409, max: 0.3440)
INFO:b1k.shared.eval_b1k_wrapper:📊 Step 10700 | Task: 32 | Stage: 4/9 | Predictions: 535
INFO:b1k.shared.eval_b1k_wrapper:🔧 Gripper variation: Compression disabled (mean: 0.3579, max: 0.6949)
INFO:b1k.shared.eval_b1k_wrapper:🔧 Gripper variation: Compression disabled (mean: 0.3984, max: 0.5231)
INFO:b1k.shared.eval_b1k_wrapper:🔧 Gripper variation: Compression disabled (mean: 0.9800, max: 0.6047)
INFO:b1k.shared.eval_b1k_wrapper:🔧 Gripper variation: Compression disabled (mean: 1.0472, max: 0.5416)
INFO:b1k.shared.eval_b1k_wrapper:🔧 Gripper variation: Compression disabled (mean: 0.7058, max: 0.6802)
INFO:b1k.shared.eval_b1k_wrapper:🎯 Prediction #540 | Actions: uncompressed (20) | Inpainting: True
INFO:b1k.shared.eval_b1k_wrapper:📊 Step 10800 | Task: 32 | Stage: 4/9 | Predictions: 540
INFO:b1k.shared.eval_b1k_wrapper:📊 Step 10900 | Task: 32 | Stage: 4/9 | Predictions: 545
INFO:b1k.shared.eval_b1k_wrapper:🔧 Gripper variation: Compression disabled (mean: 0.1284, max: 0.3889)
INFO:b1k.shared.eval_b1k_wrapper:🔧 Gripper variation: Compression disabled (mean: 0.6232, max: 0.8542)
INFO:b1k.shared.eval_b1k_wrapper:🔧 Gripper variation: Compression disabled (mean: 1.0918, max: 0.9660)
INFO:b1k.shared.eval_b1k_wrapper:🎯 Prediction #550 | Actions: uncompressed (20) | Inpainting: True
INFO:b1k.shared.eval_b1k_wrapper:📊 Step 11000 | Task: 32 | Stage: 4/9 | Predictions: 550
INFO:b1k.shared.eval_b1k_wrapper:🔧 Gripper variation: Compression disabled (mean: 0.5582, max: 1.1422)
INFO:b1k.shared.eval_b1k_wrapper:🔧 Gripper variation: Compression disabled (mean: 0.8349, max: 1.1096)
INFO:b1k.shared.eval_b1k_wrapper:🔧 Gripper variation: Compression disabled (mean: 0.9606, max: 1.5018)
INFO:b1k.shared.eval_b1k_wrapper:🔧 Gripper variation: Compression disabled (mean: 0.8530, max: 0.3601)
INFO:b1k.shared.eval_b1k_wrapper:🔧 Gripper variation: Compression disabled (mean: 1.0820, max: 0.3874)
INFO:b1k.shared.eval_b1k_wrapper:📊 Step 11100 | Task: 32 | Stage: 4/9 | Predictions: 555
INFO:b1k.shared.eval_b1k_wrapper:🔧 Gripper variation: Compression disabled (mean: 0.4996, max: 0.3651)
INFO:b1k.shared.eval_b1k_wrapper:🔧 Gripper variation: Compression disabled (mean: 0.2786, max: 0.3567)
INFO:b1k.shared.eval_b1k_wrapper:🔧 Gripper variation: Compression disabled (mean: 0.3973, max: 0.9879)
INFO:b1k.shared.eval_b1k_wrapper:🔧 Gripper variation: Compression disabled (mean: 0.2418, max: 0.6928)
INFO:b1k.shared.eval_b1k_wrapper:🎯 Prediction #560 | Actions: uncompressed (20) | Inpainting: True
INFO:b1k.shared.eval_b1k_wrapper:📊 Step 11200 | Task: 32 | Stage: 4/9 | Predictions: 560
INFO:b1k.shared.eval_b1k_wrapper:🔧 Gripper variation: Compression disabled (mean: 0.5166, max: 0.7326)
INFO:b1k.shared.eval_b1k_wrapper:🔧 Gripper variation: Compression disabled (mean: 0.5079, max: 0.6849)
INFO:b1k.shared.eval_b1k_wrapper:🔧 Gripper variation: Compression disabled (mean: 0.6072, max: 0.9150)
INFO:b1k.shared.eval_b1k_wrapper:🔧 Gripper variation: Compression disabled (mean: 0.4445, max: 1.0048)
INFO:b1k.shared.eval_b1k_wrapper:🔧 Gripper variation: Compression disabled (mean: 0.5460, max: 0.4531)
INFO:b1k.shared.eval_b1k_wrapper:📊 Step 11300 | Task: 32 | Stage: 4/9 | Predictions: 565
INFO:b1k.shared.eval_b1k_wrapper:🔧 Gripper variation: Compression disabled (mean: 0.5086, max: 0.7938)
INFO:b1k.shared.eval_b1k_wrapper:🔧 Gripper variation: Compression disabled (mean: 1.0333, max: 0.6455)
INFO:b1k.shared.eval_b1k_wrapper:🔧 Gripper variation: Compression disabled (mean: 0.5627, max: 0.6654)
INFO:b1k.shared.eval_b1k_wrapper:🎯 Prediction #570 | Actions: compressed 26→20 | Inpainting: True
INFO:b1k.shared.eval_b1k_wrapper:📊 Step 11400 | Task: 32 | Stage: 4/9 | Predictions: 570
INFO:b1k.shared.eval_b1k_wrapper:📊 Step 11500 | Task: 32 | Stage: 4/9 | Predictions: 575
INFO:b1k.shared.eval_b1k_wrapper:🎯 Prediction #580 | Actions: compressed 26→20 | Inpainting: True
INFO:b1k.shared.eval_b1k_wrapper:📊 Step 11600 | Task: 32 | Stage: 4/9 | Predictions: 580
INFO:b1k.shared.eval_b1k_wrapper:📊 Step 11700 | Task: 32 | Stage: 4/9 | Predictions: 585
INFO:b1k.shared.eval_b1k_wrapper:🎯 Prediction #590 | Actions: compressed 26→20 | Inpainting: True
INFO:b1k.shared.eval_b1k_wrapper:📊 Step 11800 | Task: 32 | Stage: 4/9 | Predictions: 590
INFO:b1k.shared.eval_b1k_wrapper:📊 Step 11900 | Task: 32 | Stage: 4/9 | Predictions: 595
INFO:b1k.shared.eval_b1k_wrapper:🎯 Prediction #600 | Actions: compressed 26→20 | Inpainting: True
INFO:b1k.shared.eval_b1k_wrapper:📊 Step 12000 | Task: 32 | Stage: 4/9 | Predictions: 600
INFO:b1k.shared.eval_b1k_wrapper:📊 Step 12100 | Task: 32 | Stage: 4/9 | Predictions: 605
INFO:b1k.shared.eval_b1k_wrapper:🎯 Prediction #610 | Actions: compressed 26→20 | Inpainting: True
INFO:b1k.shared.eval_b1k_wrapper:📊 Step 12200 | Task: 32 | Stage: 4/9 | Predictions: 610
INFO:b1k.shared.eval_b1k_wrapper:📊 Step 12300 | Task: 32 | Stage: 4/9 | Predictions: 615
INFO:b1k.shared.eval_b1k_wrapper:🎯 Prediction #620 | Actions: compressed 26→20 | Inpainting: True
INFO:b1k.shared.eval_b1k_wrapper:📊 Step 12400 | Task: 32 | Stage: 4/9 | Predictions: 620
INFO:b1k.shared.eval_b1k_wrapper:📊 Step 12500 | Task: 32 | Stage: 4/9 | Predictions: 625
INFO:b1k.shared.eval_b1k_wrapper:Policy reset - Task ID: 32, Action horizon: 30
INFO:b1k.shared.eval_b1k_wrapper:📊 Step 100 | Task: 32 | Stage: 0/9 | Predictions: 5
INFO:b1k.shared.eval_b1k_wrapper:🎯 Prediction #10 | Actions: compressed 26→20 | Inpainting: True
INFO:b1k.shared.eval_b1k_wrapper:📊 Step 200 | Task: 32 | Stage: 0/9 | Predictions: 10
INFO:b1k.shared.eval_b1k_wrapper:📊 Step 300 | Task: 32 | Stage: 0/9 | Predictions: 15
INFO:b1k.shared.eval_b1k_wrapper:🎯 Prediction #20 | Actions: compressed 26→20 | Inpainting: True
INFO:b1k.shared.eval_b1k_wrapper:📊 Step 400 | Task: 32 | Stage: 0/9 | Predictions: 20
INFO:b1k.shared.eval_b1k_wrapper:⏭️  Stage skipped: 0 → 1 (task 32, step 480)
INFO:b1k.shared.eval_b1k_wrapper:📊 Step 500 | Task: 32 | Stage: 1/9 | Predictions: 25
INFO:b1k.shared.eval_b1k_wrapper:⬆️  Stage advanced: 1 → 2 (task 32, step 540)
INFO:b1k.shared.eval_b1k_wrapper:🎯 Prediction #30 | Actions: compressed 26→20 | Inpainting: True
INFO:b1k.shared.eval_b1k_wrapper:📊 Step 600 | Task: 32 | Stage: 2/9 | Predictions: 30
INFO:b1k.shared.eval_b1k_wrapper:📊 Step 700 | Task: 32 | Stage: 2/9 | Predictions: 35
INFO:b1k.shared.eval_b1k_wrapper:🎯 Prediction #40 | Actions: compressed 26→20 | Inpainting: True
INFO:b1k.shared.eval_b1k_wrapper:📊 Step 800 | Task: 32 | Stage: 2/9 | Predictions: 40
INFO:b1k.shared.eval_b1k_wrapper:📊 Step 900 | Task: 32 | Stage: 2/9 | Predictions: 45
INFO:b1k.shared.eval_b1k_wrapper:🎯 Prediction #50 | Actions: compressed 26→20 | Inpainting: True
INFO:b1k.shared.eval_b1k_wrapper:📊 Step 1000 | Task: 32 | Stage: 2/9 | Predictions: 50
INFO:b1k.shared.eval_b1k_wrapper:📊 Step 1100 | Task: 32 | Stage: 2/9 | Predictions: 55
INFO:b1k.shared.eval_b1k_wrapper:🎯 Prediction #60 | Actions: compressed 26→20 | Inpainting: True
INFO:b1k.shared.eval_b1k_wrapper:📊 Step 1200 | Task: 32 | Stage: 2/9 | Predictions: 60
INFO:b1k.shared.eval_b1k_wrapper:🔧 Gripper variation: Compression disabled (mean: 2.0246, max: 0.0060)
INFO:b1k.shared.eval_b1k_wrapper:⬅️  Stage went back: 2 → 1 (task 32, step 1220)
INFO:b1k.shared.eval_b1k_wrapper:📊 Step 1300 | Task: 32 | Stage: 1/9 | Predictions: 65
INFO:b1k.shared.eval_b1k_wrapper:🔧 Gripper variation: Compression disabled (mean: 2.0070, max: 0.0041)
INFO:b1k.shared.eval_b1k_wrapper:🎯 Prediction #70 | Actions: uncompressed (20) | Inpainting: True
INFO:b1k.shared.eval_b1k_wrapper:📊 Step 1400 | Task: 32 | Stage: 1/9 | Predictions: 70
INFO:b1k.shared.eval_b1k_wrapper:📊 Step 1500 | Task: 32 | Stage: 1/9 | Predictions: 75
INFO:b1k.shared.eval_b1k_wrapper:🎯 Prediction #80 | Actions: compressed 26→20 | Inpainting: True
INFO:b1k.shared.eval_b1k_wrapper:📊 Step 1600 | Task: 32 | Stage: 1/9 | Predictions: 80
INFO:b1k.shared.eval_b1k_wrapper:📊 Step 1700 | Task: 32 | Stage: 1/9 | Predictions: 85
INFO:b1k.shared.eval_b1k_wrapper:🎯 Prediction #90 | Actions: compressed 26→20 | Inpainting: True
INFO:b1k.shared.eval_b1k_wrapper:📊 Step 1800 | Task: 32 | Stage: 1/9 | Predictions: 90
INFO:b1k.shared.eval_b1k_wrapper:🔧 Gripper variation: Compression disabled (mean: 0.2618, max: 1.3366)
INFO:b1k.shared.eval_b1k_wrapper:📊 Step 1900 | Task: 32 | Stage: 1/9 | Predictions: 95
INFO:b1k.shared.eval_b1k_wrapper:🔧 Gripper variation: Compression disabled (mean: 0.0650, max: 0.4032)
INFO:b1k.shared.eval_b1k_wrapper:🔧 Gripper variation: Compression disabled (mean: 0.0156, max: 1.7058)
INFO:b1k.shared.eval_b1k_wrapper:⬆️  Stage advanced: 1 → 2 (task 32, step 1940)
INFO:b1k.shared.eval_b1k_wrapper:🎯 Prediction #100 | Actions: compressed 26→20 | Inpainting: True
INFO:b1k.shared.eval_b1k_wrapper:📊 Step 2000 | Task: 32 | Stage: 2/9 | Predictions: 100
INFO:b1k.shared.eval_b1k_wrapper:📊 Step 2100 | Task: 32 | Stage: 2/9 | Predictions: 105
INFO:b1k.shared.eval_b1k_wrapper:🎯 Prediction #110 | Actions: compressed 26→20 | Inpainting: True
INFO:b1k.shared.eval_b1k_wrapper:📊 Step 2200 | Task: 32 | Stage: 2/9 | Predictions: 110
INFO:b1k.shared.eval_b1k_wrapper:📊 Step 2300 | Task: 32 | Stage: 2/9 | Predictions: 115
INFO:b1k.shared.eval_b1k_wrapper:🎯 Prediction #120 | Actions: compressed 26→20 | Inpainting: True
INFO:b1k.shared.eval_b1k_wrapper:📊 Step 2400 | Task: 32 | Stage: 2/9 | Predictions: 120
INFO:b1k.shared.eval_b1k_wrapper:📊 Step 2500 | Task: 32 | Stage: 2/9 | Predictions: 125
INFO:b1k.shared.eval_b1k_wrapper:🎯 Prediction #130 | Actions: compressed 26→20 | Inpainting: True
INFO:b1k.shared.eval_b1k_wrapper:📊 Step 2600 | Task: 32 | Stage: 2/9 | Predictions: 130
INFO:b1k.shared.eval_b1k_wrapper:📊 Step 2700 | Task: 32 | Stage: 2/9 | Predictions: 135
INFO:b1k.shared.eval_b1k_wrapper:🎯 Prediction #140 | Actions: compressed 26→20 | Inpainting: True
INFO:b1k.shared.eval_b1k_wrapper:📊 Step 2800 | Task: 32 | Stage: 2/9 | Predictions: 140
INFO:b1k.shared.eval_b1k_wrapper:📊 Step 2900 | Task: 32 | Stage: 2/9 | Predictions: 145
INFO:b1k.shared.eval_b1k_wrapper:🎯 Prediction #150 | Actions: compressed 26→20 | Inpainting: True
INFO:b1k.shared.eval_b1k_wrapper:📊 Step 3000 | Task: 32 | Stage: 2/9 | Predictions: 150
INFO:b1k.shared.eval_b1k_wrapper:⬆️  Stage advanced: 2 → 3 (task 32, step 3080)
INFO:b1k.shared.eval_b1k_wrapper:📊 Step 3100 | Task: 32 | Stage: 3/9 | Predictions: 155
INFO:b1k.shared.eval_b1k_wrapper:🎯 Prediction #160 | Actions: compressed 26→20 | Inpainting: True
INFO:b1k.shared.eval_b1k_wrapper:📊 Step 3200 | Task: 32 | Stage: 3/9 | Predictions: 160
INFO:b1k.shared.eval_b1k_wrapper:📊 Step 3300 | Task: 32 | Stage: 3/9 | Predictions: 165
INFO:b1k.shared.eval_b1k_wrapper:🎯 Prediction #170 | Actions: compressed 26→20 | Inpainting: True
INFO:b1k.shared.eval_b1k_wrapper:📊 Step 3400 | Task: 32 | Stage: 3/9 | Predictions: 170
INFO:b1k.shared.eval_b1k_wrapper:📊 Step 3500 | Task: 32 | Stage: 3/9 | Predictions: 175
INFO:b1k.shared.eval_b1k_wrapper:🎯 Prediction #180 | Actions: compressed 26→20 | Inpainting: True
INFO:b1k.shared.eval_b1k_wrapper:📊 Step 3600 | Task: 32 | Stage: 3/9 | Predictions: 180
INFO:b1k.shared.eval_b1k_wrapper:📊 Step 3700 | Task: 32 | Stage: 3/9 | Predictions: 185
INFO:b1k.shared.eval_b1k_wrapper:🎯 Prediction #190 | Actions: compressed 26→20 | Inpainting: True
INFO:b1k.shared.eval_b1k_wrapper:📊 Step 3800 | Task: 32 | Stage: 3/9 | Predictions: 190
INFO:b1k.shared.eval_b1k_wrapper:📊 Step 3900 | Task: 32 | Stage: 3/9 | Predictions: 195
INFO:b1k.shared.eval_b1k_wrapper:🎯 Prediction #200 | Actions: compressed 26→20 | Inpainting: True
INFO:b1k.shared.eval_b1k_wrapper:📊 Step 4000 | Task: 32 | Stage: 3/9 | Predictions: 200
INFO:b1k.shared.eval_b1k_wrapper:📊 Step 4100 | Task: 32 | Stage: 3/9 | Predictions: 205
INFO:b1k.shared.eval_b1k_wrapper:🎯 Prediction #210 | Actions: compressed 26→20 | Inpainting: True
INFO:b1k.shared.eval_b1k_wrapper:📊 Step 4200 | Task: 32 | Stage: 3/9 | Predictions: 210
INFO:b1k.shared.eval_b1k_wrapper:📊 Step 4300 | Task: 32 | Stage: 3/9 | Predictions: 215
INFO:b1k.shared.eval_b1k_wrapper:🎯 Prediction #220 | Actions: compressed 26→20 | Inpainting: True
INFO:b1k.shared.eval_b1k_wrapper:📊 Step 4400 | Task: 32 | Stage: 3/9 | Predictions: 220
INFO:b1k.shared.eval_b1k_wrapper:📊 Step 4500 | Task: 32 | Stage: 3/9 | Predictions: 225
INFO:b1k.shared.eval_b1k_wrapper:🎯 Prediction #230 | Actions: compressed 26→20 | Inpainting: True
INFO:b1k.shared.eval_b1k_wrapper:📊 Step 4600 | Task: 32 | Stage: 3/9 | Predictions: 230
INFO:b1k.shared.eval_b1k_wrapper:🔧 Gripper variation: Compression disabled (mean: 0.0249, max: 0.2059)
INFO:b1k.shared.eval_b1k_wrapper:📊 Step 4700 | Task: 32 | Stage: 3/9 | Predictions: 235
INFO:b1k.shared.eval_b1k_wrapper:🔧 Gripper variation: Compression disabled (mean: 0.0727, max: 0.2835)
INFO:b1k.shared.eval_b1k_wrapper:🔧 Gripper variation: Compression disabled (mean: 0.2247, max: 0.3630)
INFO:b1k.shared.eval_b1k_wrapper:🔧 Gripper variation: Compression disabled (mean: 0.4213, max: 0.1826)
INFO:b1k.shared.eval_b1k_wrapper:🎯 Prediction #240 | Actions: compressed 26→20 | Inpainting: True
INFO:b1k.shared.eval_b1k_wrapper:📊 Step 4800 | Task: 32 | Stage: 3/9 | Predictions: 240
INFO:b1k.shared.eval_b1k_wrapper:📊 Step 4900 | Task: 32 | Stage: 3/9 | Predictions: 245
INFO:b1k.shared.eval_b1k_wrapper:🎯 Prediction #250 | Actions: compressed 26→20 | Inpainting: True
INFO:b1k.shared.eval_b1k_wrapper:📊 Step 5000 | Task: 32 | Stage: 3/9 | Predictions: 250
INFO:b1k.shared.eval_b1k_wrapper:📊 Step 5100 | Task: 32 | Stage: 3/9 | Predictions: 255
INFO:b1k.shared.eval_b1k_wrapper:🎯 Prediction #260 | Actions: compressed 26→20 | Inpainting: True
INFO:b1k.shared.eval_b1k_wrapper:📊 Step 5200 | Task: 32 | Stage: 3/9 | Predictions: 260
INFO:b1k.shared.eval_b1k_wrapper:📊 Step 5300 | Task: 32 | Stage: 3/9 | Predictions: 265
INFO:b1k.shared.eval_b1k_wrapper:🎯 Prediction #270 | Actions: compressed 26→20 | Inpainting: True
INFO:b1k.shared.eval_b1k_wrapper:📊 Step 5400 | Task: 32 | Stage: 3/9 | Predictions: 270
INFO:b1k.shared.eval_b1k_wrapper:📊 Step 5500 | Task: 32 | Stage: 3/9 | Predictions: 275
INFO:b1k.shared.eval_b1k_wrapper:🎯 Prediction #280 | Actions: compressed 26→20 | Inpainting: True
INFO:b1k.shared.eval_b1k_wrapper:📊 Step 5600 | Task: 32 | Stage: 3/9 | Predictions: 280
INFO:b1k.shared.eval_b1k_wrapper:📊 Step 5700 | Task: 32 | Stage: 3/9 | Predictions: 285
INFO:b1k.shared.eval_b1k_wrapper:🎯 Prediction #290 | Actions: compressed 26→20 | Inpainting: True
INFO:b1k.shared.eval_b1k_wrapper:⬅️  Stage went back: 3 → 2 (task 32, step 5780)
INFO:b1k.shared.eval_b1k_wrapper:📊 Step 5800 | Task: 32 | Stage: 2/9 | Predictions: 290
INFO:b1k.shared.eval_b1k_wrapper:📊 Step 5900 | Task: 32 | Stage: 2/9 | Predictions: 295
INFO:b1k.shared.eval_b1k_wrapper:🎯 Prediction #300 | Actions: compressed 26→20 | Inpainting: True
INFO:b1k.shared.eval_b1k_wrapper:📊 Step 6000 | Task: 32 | Stage: 2/9 | Predictions: 300
INFO:b1k.shared.eval_b1k_wrapper:📊 Step 6100 | Task: 32 | Stage: 2/9 | Predictions: 305
INFO:b1k.shared.eval_b1k_wrapper:⬅️  Stage went back: 2 → 1 (task 32, step 6140)
INFO:b1k.shared.eval_b1k_wrapper:🎯 Prediction #310 | Actions: compressed 26→20 | Inpainting: True
INFO:b1k.shared.eval_b1k_wrapper:📊 Step 6200 | Task: 32 | Stage: 1/9 | Predictions: 310
INFO:b1k.shared.eval_b1k_wrapper:📊 Step 6300 | Task: 32 | Stage: 1/9 | Predictions: 315
INFO:b1k.shared.eval_b1k_wrapper:🎯 Prediction #320 | Actions: compressed 26→20 | Inpainting: True
INFO:b1k.shared.eval_b1k_wrapper:📊 Step 6400 | Task: 32 | Stage: 1/9 | Predictions: 320
INFO:b1k.shared.eval_b1k_wrapper:📊 Step 6500 | Task: 32 | Stage: 1/9 | Predictions: 325
INFO:b1k.shared.eval_b1k_wrapper:🎯 Prediction #330 | Actions: compressed 26→20 | Inpainting: True
INFO:b1k.shared.eval_b1k_wrapper:📊 Step 6600 | Task: 32 | Stage: 1/9 | Predictions: 330
INFO:b1k.shared.eval_b1k_wrapper:📊 Step 6700 | Task: 32 | Stage: 1/9 | Predictions: 335
INFO:b1k.shared.eval_b1k_wrapper:🎯 Prediction #340 | Actions: compressed 26→20 | Inpainting: True
INFO:b1k.shared.eval_b1k_wrapper:📊 Step 6800 | Task: 32 | Stage: 1/9 | Predictions: 340
INFO:b1k.shared.eval_b1k_wrapper:📊 Step 6900 | Task: 32 | Stage: 1/9 | Predictions: 345
INFO:b1k.shared.eval_b1k_wrapper:🎯 Prediction #350 | Actions: compressed 26→20 | Inpainting: True
INFO:b1k.shared.eval_b1k_wrapper:📊 Step 7000 | Task: 32 | Stage: 1/9 | Predictions: 350
INFO:b1k.shared.eval_b1k_wrapper:📊 Step 7100 | Task: 32 | Stage: 1/9 | Predictions: 355
INFO:b1k.shared.eval_b1k_wrapper:🎯 Prediction #360 | Actions: compressed 26→20 | Inpainting: True
INFO:b1k.shared.eval_b1k_wrapper:📊 Step 7200 | Task: 32 | Stage: 1/9 | Predictions: 360
INFO:b1k.shared.eval_b1k_wrapper:📊 Step 7300 | Task: 32 | Stage: 1/9 | Predictions: 365
INFO:b1k.shared.eval_b1k_wrapper:🔧 Gripper variation: Compression disabled (mean: 0.0105, max: 1.9723)
INFO:b1k.shared.correction_rules:🔧 GENERAL GRIPPER CORRECTION: Task 32, Stage 1
INFO:b1k.shared.correction_rules:   Right gripper closed (-0.9863) → Opening to 1.0
INFO:b1k.shared.eval_b1k_wrapper:🔧 Correction rule: Actions modified (max diff: 2.0057, task 32, stage 1)
INFO:b1k.shared.eval_b1k_wrapper:🎯 Prediction #370 | Actions: compressed 26→20 | Inpainting: True
INFO:b1k.shared.eval_b1k_wrapper:📊 Step 7400 | Task: 32 | Stage: 1/9 | Predictions: 370
INFO:b1k.shared.eval_b1k_wrapper:🔧 Gripper variation: Compression disabled (mean: 0.0147, max: 1.9910)
INFO:b1k.shared.eval_b1k_wrapper:🔧 Gripper variation: Compression disabled (mean: 0.0286, max: 2.0070)
INFO:b1k.shared.eval_b1k_wrapper:🔧 Gripper variation: Compression disabled (mean: 0.0304, max: 2.0372)
INFO:b1k.shared.eval_b1k_wrapper:📊 Step 7500 | Task: 32 | Stage: 1/9 | Predictions: 375
INFO:b1k.shared.eval_b1k_wrapper:🔧 Gripper variation: Compression disabled (mean: 0.0444, max: 1.9873)
INFO:b1k.shared.eval_b1k_wrapper:🔧 Gripper variation: Compression disabled (mean: 0.0865, max: 1.8642)
INFO:b1k.shared.correction_rules:🔧 GENERAL GRIPPER CORRECTION: Task 32, Stage 1
INFO:b1k.shared.correction_rules:   Right gripper closed (-0.9847) → Opening to 1.0
INFO:b1k.shared.eval_b1k_wrapper:🔧 Correction rule: Actions modified (max diff: 2.0108, task 32, stage 1)
INFO:b1k.shared.eval_b1k_wrapper:🔧 Gripper variation: Compression disabled (mean: 0.1742, max: 0.7905)
INFO:b1k.shared.eval_b1k_wrapper:🎯 Prediction #380 | Actions: uncompressed (20) | Inpainting: True
INFO:b1k.shared.eval_b1k_wrapper:📊 Step 7600 | Task: 32 | Stage: 1/9 | Predictions: 380
INFO:b1k.shared.eval_b1k_wrapper:⬅️  Stage went back: 1 → 0 (task 32, step 7640)
INFO:b1k.shared.eval_b1k_wrapper:📊 Step 7700 | Task: 32 | Stage: 0/9 | Predictions: 385
INFO:b1k.shared.eval_b1k_wrapper:🎯 Prediction #390 | Actions: compressed 26→20 | Inpainting: True
INFO:b1k.shared.eval_b1k_wrapper:📊 Step 7800 | Task: 32 | Stage: 0/9 | Predictions: 390
INFO:b1k.shared.eval_b1k_wrapper:📊 Step 7900 | Task: 32 | Stage: 0/9 | Predictions: 395
INFO:b1k.shared.eval_b1k_wrapper:🎯 Prediction #400 | Actions: compressed 26→20 | Inpainting: True
INFO:b1k.shared.eval_b1k_wrapper:📊 Step 8000 | Task: 32 | Stage: 0/9 | Predictions: 400
INFO:b1k.shared.eval_b1k_wrapper:📊 Step 8100 | Task: 32 | Stage: 0/9 | Predictions: 405
INFO:b1k.shared.eval_b1k_wrapper:🎯 Prediction #410 | Actions: compressed 26→20 | Inpainting: True
INFO:b1k.shared.eval_b1k_wrapper:📊 Step 8200 | Task: 32 | Stage: 0/9 | Predictions: 410
INFO:b1k.shared.eval_b1k_wrapper:📊 Step 8300 | Task: 32 | Stage: 0/9 | Predictions: 415
INFO:b1k.shared.eval_b1k_wrapper:⬆️  Stage advanced: 0 → 1 (task 32, step 8360)
INFO:b1k.shared.eval_b1k_wrapper:🎯 Prediction #420 | Actions: compressed 26→20 | Inpainting: True
INFO:b1k.shared.eval_b1k_wrapper:📊 Step 8400 | Task: 32 | Stage: 1/9 | Predictions: 420
INFO:b1k.shared.eval_b1k_wrapper:🔧 Gripper variation: Compression disabled (mean: 2.0148, max: 0.0053)
INFO:b1k.shared.eval_b1k_wrapper:🔧 Gripper variation: Compression disabled (mean: 2.0196, max: 0.0067)
INFO:b1k.shared.eval_b1k_wrapper:📊 Step 8500 | Task: 32 | Stage: 1/9 | Predictions: 425
INFO:b1k.shared.eval_b1k_wrapper:🔧 Gripper variation: Compression disabled (mean: 0.1072, max: 0.2396)
INFO:b1k.shared.eval_b1k_wrapper:🔧 Gripper variation: Compression disabled (mean: 2.1747, max: 0.0375)
INFO:b1k.shared.eval_b1k_wrapper:🔧 Gripper variation: Compression disabled (mean: 2.0222, max: 0.0309)
INFO:b1k.shared.eval_b1k_wrapper:🎯 Prediction #430 | Actions: uncompressed (20) | Inpainting: True
INFO:b1k.shared.eval_b1k_wrapper:📊 Step 8600 | Task: 32 | Stage: 1/9 | Predictions: 430
INFO:b1k.shared.eval_b1k_wrapper:📊 Step 8700 | Task: 32 | Stage: 1/9 | Predictions: 435
INFO:b1k.shared.eval_b1k_wrapper:🎯 Prediction #440 | Actions: compressed 26→20 | Inpainting: True
INFO:b1k.shared.eval_b1k_wrapper:📊 Step 8800 | Task: 32 | Stage: 1/9 | Predictions: 440
INFO:b1k.shared.eval_b1k_wrapper:📊 Step 8900 | Task: 32 | Stage: 1/9 | Predictions: 445
INFO:b1k.shared.eval_b1k_wrapper:🎯 Prediction #450 | Actions: compressed 26→20 | Inpainting: True
INFO:b1k.shared.eval_b1k_wrapper:📊 Step 9000 | Task: 32 | Stage: 1/9 | Predictions: 450
INFO:b1k.shared.eval_b1k_wrapper:⬆️  Stage advanced: 1 → 2 (task 32, step 9040)
INFO:b1k.shared.eval_b1k_wrapper:📊 Step 9100 | Task: 32 | Stage: 2/9 | Predictions: 455
INFO:b1k.shared.eval_b1k_wrapper:⬅️  Stage went back: 2 → 1 (task 32, step 9160)
INFO:b1k.shared.eval_b1k_wrapper:🎯 Prediction #460 | Actions: compressed 26→20 | Inpainting: True
INFO:b1k.shared.eval_b1k_wrapper:📊 Step 9200 | Task: 32 | Stage: 1/9 | Predictions: 460
INFO:b1k.shared.eval_b1k_wrapper:⬆️  Stage advanced: 1 → 2 (task 32, step 9220)
INFO:b1k.shared.eval_b1k_wrapper:📊 Step 9300 | Task: 32 | Stage: 2/9 | Predictions: 465
INFO:b1k.shared.eval_b1k_wrapper:🎯 Prediction #470 | Actions: compressed 26→20 | Inpainting: True
INFO:b1k.shared.eval_b1k_wrapper:📊 Step 9400 | Task: 32 | Stage: 2/9 | Predictions: 470
INFO:b1k.shared.eval_b1k_wrapper:📊 Step 9500 | Task: 32 | Stage: 2/9 | Predictions: 475
INFO:b1k.shared.eval_b1k_wrapper:⬆️  Stage advanced: 2 → 3 (task 32, step 9560)
INFO:b1k.shared.eval_b1k_wrapper:🎯 Prediction #480 | Actions: compressed 26→20 | Inpainting: True
INFO:b1k.shared.eval_b1k_wrapper:📊 Step 9600 | Task: 32 | Stage: 3/9 | Predictions: 480
INFO:b1k.shared.eval_b1k_wrapper:📊 Step 9700 | Task: 32 | Stage: 3/9 | Predictions: 485
INFO:b1k.shared.eval_b1k_wrapper:⬅️  Stage went back: 3 → 2 (task 32, step 9740)
INFO:b1k.shared.eval_b1k_wrapper:🎯 Prediction #490 | Actions: compressed 26→20 | Inpainting: True
INFO:b1k.shared.eval_b1k_wrapper:📊 Step 9800 | Task: 32 | Stage: 2/9 | Predictions: 490
INFO:b1k.shared.eval_b1k_wrapper:⬆️  Stage advanced: 2 → 3 (task 32, step 9800)
INFO:b1k.shared.eval_b1k_wrapper:📊 Step 9900 | Task: 32 | Stage: 3/9 | Predictions: 495
INFO:b1k.shared.eval_b1k_wrapper:⬆️  Stage advanced: 3 → 4 (task 32, step 9940)
INFO:b1k.shared.eval_b1k_wrapper:🎯 Prediction #500 | Actions: compressed 26→20 | Inpainting: True
INFO:b1k.shared.eval_b1k_wrapper:📊 Step 10000 | Task: 32 | Stage: 4/9 | Predictions: 500
INFO:b1k.shared.eval_b1k_wrapper:⬅️  Stage went back: 4 → 3 (task 32, step 10020)
INFO:b1k.shared.eval_b1k_wrapper:📊 Step 10100 | Task: 32 | Stage: 3/9 | Predictions: 505
INFO:b1k.shared.eval_b1k_wrapper:🎯 Prediction #510 | Actions: compressed 26→20 | Inpainting: True
INFO:b1k.shared.eval_b1k_wrapper:📊 Step 10200 | Task: 32 | Stage: 3/9 | Predictions: 510
INFO:b1k.shared.eval_b1k_wrapper:📊 Step 10300 | Task: 32 | Stage: 3/9 | Predictions: 515
INFO:b1k.shared.eval_b1k_wrapper:🎯 Prediction #520 | Actions: compressed 26→20 | Inpainting: True
INFO:b1k.shared.eval_b1k_wrapper:📊 Step 10400 | Task: 32 | Stage: 3/9 | Predictions: 520
INFO:b1k.shared.eval_b1k_wrapper:📊 Step 10500 | Task: 32 | Stage: 3/9 | Predictions: 525
INFO:b1k.shared.eval_b1k_wrapper:🎯 Prediction #530 | Actions: compressed 26→20 | Inpainting: True
INFO:b1k.shared.eval_b1k_wrapper:📊 Step 10600 | Task: 32 | Stage: 3/9 | Predictions: 530
INFO:b1k.shared.eval_b1k_wrapper:📊 Step 10700 | Task: 32 | Stage: 3/9 | Predictions: 535
INFO:b1k.shared.eval_b1k_wrapper:🎯 Prediction #540 | Actions: compressed 26→20 | Inpainting: True
INFO:b1k.shared.eval_b1k_wrapper:📊 Step 10800 | Task: 32 | Stage: 3/9 | Predictions: 540
INFO:b1k.shared.eval_b1k_wrapper:📊 Step 10900 | Task: 32 | Stage: 3/9 | Predictions: 545
INFO:b1k.shared.eval_b1k_wrapper:🎯 Prediction #550 | Actions: compressed 26→20 | Inpainting: True
INFO:b1k.shared.eval_b1k_wrapper:📊 Step 11000 | Task: 32 | Stage: 3/9 | Predictions: 550
INFO:b1k.shared.eval_b1k_wrapper:📊 Step 11100 | Task: 32 | Stage: 3/9 | Predictions: 555
INFO:b1k.shared.eval_b1k_wrapper:🎯 Prediction #560 | Actions: compressed 26→20 | Inpainting: True
INFO:b1k.shared.eval_b1k_wrapper:📊 Step 11200 | Task: 32 | Stage: 3/9 | Predictions: 560
INFO:b1k.shared.eval_b1k_wrapper:📊 Step 11300 | Task: 32 | Stage: 3/9 | Predictions: 565
INFO:b1k.shared.eval_b1k_wrapper:🎯 Prediction #570 | Actions: compressed 26→20 | Inpainting: True
INFO:b1k.shared.eval_b1k_wrapper:📊 Step 11400 | Task: 32 | Stage: 3/9 | Predictions: 570
INFO:b1k.shared.eval_b1k_wrapper:📊 Step 11500 | Task: 32 | Stage: 3/9 | Predictions: 575
INFO:b1k.shared.eval_b1k_wrapper:🎯 Prediction #580 | Actions: compressed 26→20 | Inpainting: True
INFO:b1k.shared.eval_b1k_wrapper:📊 Step 11600 | Task: 32 | Stage: 3/9 | Predictions: 580
INFO:b1k.shared.eval_b1k_wrapper:📊 Step 11700 | Task: 32 | Stage: 3/9 | Predictions: 585
INFO:b1k.shared.eval_b1k_wrapper:🎯 Prediction #590 | Actions: compressed 26→20 | Inpainting: True
INFO:b1k.shared.eval_b1k_wrapper:📊 Step 11800 | Task: 32 | Stage: 3/9 | Predictions: 590
INFO:b1k.shared.eval_b1k_wrapper:⬆️  Stage advanced: 3 → 4 (task 32, step 11860)
INFO:b1k.shared.eval_b1k_wrapper:📊 Step 11900 | Task: 32 | Stage: 4/9 | Predictions: 595
INFO:b1k.shared.eval_b1k_wrapper:⬅️  Stage went back: 4 → 3 (task 32, step 11920)
INFO:b1k.shared.eval_b1k_wrapper:🎯 Prediction #600 | Actions: compressed 26→20 | Inpainting: True
INFO:b1k.shared.eval_b1k_wrapper:⬆️  Stage advanced: 3 → 4 (task 32, step 11980)
INFO:b1k.shared.eval_b1k_wrapper:📊 Step 12000 | Task: 32 | Stage: 4/9 | Predictions: 600
INFO:b1k.shared.eval_b1k_wrapper:⬅️  Stage went back: 4 → 3 (task 32, step 12040)
INFO:b1k.shared.eval_b1k_wrapper:📊 Step 12100 | Task: 32 | Stage: 3/9 | Predictions: 605
INFO:b1k.shared.eval_b1k_wrapper:🎯 Prediction #610 | Actions: compressed 26→20 | Inpainting: True
INFO:b1k.shared.eval_b1k_wrapper:📊 Step 12200 | Task: 32 | Stage: 3/9 | Predictions: 610
INFO:b1k.shared.eval_b1k_wrapper:📊 Step 12300 | Task: 32 | Stage: 3/9 | Predictions: 615
INFO:b1k.shared.eval_b1k_wrapper:🎯 Prediction #620 | Actions: compressed 26→20 | Inpainting: True
INFO:b1k.shared.eval_b1k_wrapper:📊 Step 12400 | Task: 32 | Stage: 3/9 | Predictions: 620
INFO:b1k.shared.eval_b1k_wrapper:⬆️  Stage advanced: 3 → 4 (task 32, step 12460)
INFO:b1k.shared.eval_b1k_wrapper:📊 Step 12500 | Task: 32 | Stage: 4/9 | Predictions: 625
INFO:b1k.shared.eval_b1k_wrapper:Policy reset - Task ID: 32, Action horizon: 30
INFO:b1k.shared.eval_b1k_wrapper:🔧 Gripper variation: Compression disabled (mean: 0.0439, max: 0.2977)
INFO:b1k.shared.eval_b1k_wrapper:📊 Step 100 | Task: 32 | Stage: 0/9 | Predictions: 5
INFO:b1k.shared.eval_b1k_wrapper:🔧 Gripper variation: Compression disabled (mean: 0.2081, max: 0.0519)
INFO:b1k.shared.eval_b1k_wrapper:⏭️  Stage skipped: 0 → 1 (task 32, step 100)
INFO:b1k.shared.eval_b1k_wrapper:🔧 Gripper variation: Compression disabled (mean: 0.1862, max: 0.7245)
INFO:b1k.shared.eval_b1k_wrapper:🔧 Gripper variation: Compression disabled (mean: 0.2090, max: 0.1754)
INFO:b1k.shared.eval_b1k_wrapper:🔧 Gripper variation: Compression disabled (mean: 0.1120, max: 0.2151)
INFO:b1k.shared.eval_b1k_wrapper:🔧 Gripper variation: Compression disabled (mean: 0.1651, max: 0.3143)
INFO:b1k.shared.eval_b1k_wrapper:🎯 Prediction #10 | Actions: uncompressed (20) | Inpainting: True
INFO:b1k.shared.eval_b1k_wrapper:📊 Step 200 | Task: 32 | Stage: 1/9 | Predictions: 10
INFO:b1k.shared.eval_b1k_wrapper:⏭️  Stage skipped: 1 → 2 (task 32, step 200)
INFO:b1k.shared.eval_b1k_wrapper:⬆️  Stage advanced: 2 → 3 (task 32, step 260)
INFO:b1k.shared.eval_b1k_wrapper:🔧 Gripper variation: Compression disabled (mean: 0.4125, max: 0.2139)
INFO:b1k.shared.eval_b1k_wrapper:📊 Step 300 | Task: 32 | Stage: 3/9 | Predictions: 15
INFO:b1k.shared.eval_b1k_wrapper:🎯 Prediction #20 | Actions: compressed 26→20 | Inpainting: True
INFO:b1k.shared.eval_b1k_wrapper:📊 Step 400 | Task: 32 | Stage: 3/9 | Predictions: 20
INFO:b1k.shared.eval_b1k_wrapper:📊 Step 500 | Task: 32 | Stage: 3/9 | Predictions: 25
INFO:b1k.shared.eval_b1k_wrapper:🎯 Prediction #30 | Actions: compressed 26→20 | Inpainting: True
INFO:b1k.shared.eval_b1k_wrapper:📊 Step 600 | Task: 32 | Stage: 3/9 | Predictions: 30
INFO:b1k.shared.eval_b1k_wrapper:📊 Step 700 | Task: 32 | Stage: 3/9 | Predictions: 35
INFO:b1k.shared.eval_b1k_wrapper:🎯 Prediction #40 | Actions: compressed 26→20 | Inpainting: True
INFO:b1k.shared.eval_b1k_wrapper:📊 Step 800 | Task: 32 | Stage: 3/9 | Predictions: 40
INFO:b1k.shared.eval_b1k_wrapper:📊 Step 900 | Task: 32 | Stage: 3/9 | Predictions: 45
INFO:b1k.shared.eval_b1k_wrapper:🎯 Prediction #50 | Actions: compressed 26→20 | Inpainting: True
INFO:b1k.shared.eval_b1k_wrapper:📊 Step 1000 | Task: 32 | Stage: 3/9 | Predictions: 50
INFO:b1k.shared.eval_b1k_wrapper:📊 Step 1100 | Task: 32 | Stage: 3/9 | Predictions: 55
INFO:b1k.shared.eval_b1k_wrapper:🎯 Prediction #60 | Actions: compressed 26→20 | Inpainting: True
INFO:b1k.shared.eval_b1k_wrapper:📊 Step 1200 | Task: 32 | Stage: 3/9 | Predictions: 60
INFO:b1k.shared.eval_b1k_wrapper:🔧 Gripper variation: Compression disabled (mean: 2.0046, max: 0.0120)
INFO:b1k.shared.eval_b1k_wrapper:📊 Step 1300 | Task: 32 | Stage: 3/9 | Predictions: 65
INFO:b1k.shared.eval_b1k_wrapper:🎯 Prediction #70 | Actions: compressed 26→20 | Inpainting: True
INFO:b1k.shared.eval_b1k_wrapper:📊 Step 1400 | Task: 32 | Stage: 3/9 | Predictions: 70
INFO:b1k.shared.eval_b1k_wrapper:🔧 Gripper variation: Compression disabled (mean: 0.1438, max: 0.2299)
INFO:b1k.shared.eval_b1k_wrapper:🔧 Gripper variation: Compression disabled (mean: 0.5877, max: 0.1640)
INFO:b1k.shared.eval_b1k_wrapper:📊 Step 1500 | Task: 32 | Stage: 3/9 | Predictions: 75
INFO:b1k.shared.eval_b1k_wrapper:🔧 Gripper variation: Compression disabled (mean: 0.2237, max: 0.2448)
INFO:b1k.shared.eval_b1k_wrapper:🔧 Gripper variation: Compression disabled (mean: 0.4849, max: 0.3667)
INFO:b1k.shared.eval_b1k_wrapper:🔧 Gripper variation: Compression disabled (mean: 0.3178, max: 0.1612)
INFO:b1k.shared.eval_b1k_wrapper:🔧 Gripper variation: Compression disabled (mean: 0.2665, max: 0.1458)
INFO:b1k.shared.eval_b1k_wrapper:🔧 Gripper variation: Compression disabled (mean: 0.3318, max: 0.2962)
INFO:b1k.shared.eval_b1k_wrapper:🎯 Prediction #80 | Actions: uncompressed (20) | Inpainting: True
INFO:b1k.shared.eval_b1k_wrapper:📊 Step 1600 | Task: 32 | Stage: 3/9 | Predictions: 80
INFO:b1k.shared.eval_b1k_wrapper:🔧 Gripper variation: Compression disabled (mean: 2.0296, max: 0.0279)
INFO:b1k.shared.eval_b1k_wrapper:📊 Step 1700 | Task: 32 | Stage: 3/9 | Predictions: 85
INFO:b1k.shared.eval_b1k_wrapper:🎯 Prediction #90 | Actions: compressed 26→20 | Inpainting: True
INFO:b1k.shared.eval_b1k_wrapper:📊 Step 1800 | Task: 32 | Stage: 3/9 | Predictions: 90
INFO:b1k.shared.eval_b1k_wrapper:📊 Step 1900 | Task: 32 | Stage: 3/9 | Predictions: 95
INFO:b1k.shared.eval_b1k_wrapper:🎯 Prediction #100 | Actions: compressed 26→20 | Inpainting: True
INFO:b1k.shared.eval_b1k_wrapper:📊 Step 2000 | Task: 32 | Stage: 3/9 | Predictions: 100
INFO:b1k.shared.eval_b1k_wrapper:📊 Step 2100 | Task: 32 | Stage: 3/9 | Predictions: 105
INFO:b1k.shared.eval_b1k_wrapper:🎯 Prediction #110 | Actions: compressed 26→20 | Inpainting: True
INFO:b1k.shared.eval_b1k_wrapper:📊 Step 2200 | Task: 32 | Stage: 3/9 | Predictions: 110
INFO:b1k.shared.eval_b1k_wrapper:📊 Step 2300 | Task: 32 | Stage: 3/9 | Predictions: 115
INFO:b1k.shared.eval_b1k_wrapper:🎯 Prediction #120 | Actions: compressed 26→20 | Inpainting: True
INFO:b1k.shared.eval_b1k_wrapper:📊 Step 2400 | Task: 32 | Stage: 3/9 | Predictions: 120
INFO:b1k.shared.eval_b1k_wrapper:⬅️  Stage went back: 3 → 2 (task 32, step 2420)
INFO:b1k.shared.eval_b1k_wrapper:📊 Step 2500 | Task: 32 | Stage: 2/9 | Predictions: 125
INFO:b1k.shared.eval_b1k_wrapper:🎯 Prediction #130 | Actions: compressed 26→20 | Inpainting: True
INFO:b1k.shared.eval_b1k_wrapper:📊 Step 2600 | Task: 32 | Stage: 2/9 | Predictions: 130
INFO:b1k.shared.eval_b1k_wrapper:⬆️  Stage advanced: 2 → 3 (task 32, step 2660)
INFO:b1k.shared.eval_b1k_wrapper:📊 Step 2700 | Task: 32 | Stage: 3/9 | Predictions: 135
INFO:b1k.shared.eval_b1k_wrapper:🎯 Prediction #140 | Actions: compressed 26→20 | Inpainting: True
INFO:b1k.shared.eval_b1k_wrapper:📊 Step 2800 | Task: 32 | Stage: 3/9 | Predictions: 140
INFO:b1k.shared.eval_b1k_wrapper:📊 Step 2900 | Task: 32 | Stage: 3/9 | Predictions: 145
INFO:b1k.shared.eval_b1k_wrapper:🎯 Prediction #150 | Actions: compressed 26→20 | Inpainting: True
INFO:b1k.shared.eval_b1k_wrapper:📊 Step 3000 | Task: 32 | Stage: 3/9 | Predictions: 150
INFO:b1k.shared.eval_b1k_wrapper:📊 Step 3100 | Task: 32 | Stage: 3/9 | Predictions: 155
INFO:b1k.shared.eval_b1k_wrapper:🎯 Prediction #160 | Actions: compressed 26→20 | Inpainting: True
INFO:b1k.shared.eval_b1k_wrapper:📊 Step 3200 | Task: 32 | Stage: 3/9 | Predictions: 160
INFO:b1k.shared.eval_b1k_wrapper:📊 Step 3300 | Task: 32 | Stage: 3/9 | Predictions: 165
INFO:b1k.shared.eval_b1k_wrapper:🎯 Prediction #170 | Actions: compressed 26→20 | Inpainting: True
INFO:b1k.shared.eval_b1k_wrapper:📊 Step 3400 | Task: 32 | Stage: 3/9 | Predictions: 170
INFO:b1k.shared.eval_b1k_wrapper:📊 Step 3500 | Task: 32 | Stage: 3/9 | Predictions: 175
INFO:b1k.shared.eval_b1k_wrapper:⏭️  Stage skipped: 3 → 4 (task 32, step 3540)
INFO:b1k.shared.eval_b1k_wrapper:🎯 Prediction #180 | Actions: compressed 26→20 | Inpainting: True
INFO:b1k.shared.eval_b1k_wrapper:📊 Step 3600 | Task: 32 | Stage: 4/9 | Predictions: 180
INFO:b1k.shared.eval_b1k_wrapper:⬆️  Stage advanced: 4 → 5 (task 32, step 3680)
INFO:b1k.shared.eval_b1k_wrapper:📊 Step 3700 | Task: 32 | Stage: 5/9 | Predictions: 185
INFO:b1k.shared.eval_b1k_wrapper:🎯 Prediction #190 | Actions: compressed 26→20 | Inpainting: True
INFO:b1k.shared.eval_b1k_wrapper:📊 Step 3800 | Task: 32 | Stage: 5/9 | Predictions: 190
INFO:b1k.shared.eval_b1k_wrapper:⏭️  Stage skipped: 5 → 6 (task 32, step 3860)
INFO:b1k.shared.eval_b1k_wrapper:📊 Step 3900 | Task: 32 | Stage: 6/9 | Predictions: 195
INFO:b1k.shared.eval_b1k_wrapper:⬆️  Stage advanced: 6 → 7 (task 32, step 3920)
INFO:b1k.shared.eval_b1k_wrapper:🎯 Prediction #200 | Actions: compressed 26→20 | Inpainting: True
INFO:b1k.shared.eval_b1k_wrapper:📊 Step 4000 | Task: 32 | Stage: 7/9 | Predictions: 200
INFO:b1k.shared.eval_b1k_wrapper:⬆️  Stage advanced: 7 → 8 (task 32, step 4060)
INFO:b1k.shared.eval_b1k_wrapper:📊 Step 4100 | Task: 32 | Stage: 8/9 | Predictions: 205
INFO:b1k.shared.eval_b1k_wrapper:🎯 Prediction #210 | Actions: compressed 26→20 | Inpainting: True
INFO:b1k.shared.eval_b1k_wrapper:📊 Step 4200 | Task: 32 | Stage: 8/9 | Predictions: 210
INFO:b1k.shared.eval_b1k_wrapper:📊 Step 4300 | Task: 32 | Stage: 8/9 | Predictions: 215
INFO:b1k.shared.eval_b1k_wrapper:🎯 Prediction #220 | Actions: compressed 26→20 | Inpainting: True
INFO:b1k.shared.eval_b1k_wrapper:📊 Step 4400 | Task: 32 | Stage: 8/9 | Predictions: 220
INFO:b1k.shared.eval_b1k_wrapper:📊 Step 4500 | Task: 32 | Stage: 8/9 | Predictions: 225
INFO:b1k.shared.eval_b1k_wrapper:🎯 Prediction #230 | Actions: compressed 26→20 | Inpainting: True
INFO:b1k.shared.eval_b1k_wrapper:📊 Step 4600 | Task: 32 | Stage: 8/9 | Predictions: 230
INFO:b1k.shared.eval_b1k_wrapper:📊 Step 4700 | Task: 32 | Stage: 8/9 | Predictions: 235
INFO:b1k.shared.eval_b1k_wrapper:⬆️  Stage advanced: 8 → 9 (task 32, step 4760)
INFO:b1k.shared.eval_b1k_wrapper:🎯 Prediction #240 | Actions: compressed 26→20 | Inpainting: True
INFO:b1k.shared.eval_b1k_wrapper:📊 Step 4800 | Task: 32 | Stage: 9/9 | Predictions: 240
INFO:b1k.shared.eval_b1k_wrapper:🔧 Gripper variation: Compression disabled (mean: 0.0142, max: 1.5770)
INFO:b1k.shared.eval_b1k_wrapper:📊 Step 4900 | Task: 32 | Stage: 9/9 | Predictions: 245
INFO:b1k.shared.eval_b1k_wrapper:🎯 Prediction #250 | Actions: compressed 26→20 | Inpainting: True
INFO:b1k.shared.eval_b1k_wrapper:📊 Step 5000 | Task: 32 | Stage: 9/9 | Predictions: 250
INFO:b1k.shared.eval_b1k_wrapper:🔧 Gripper variation: Compression disabled (mean: 0.0062, max: 2.0041)
INFO:b1k.shared.eval_b1k_wrapper:📊 Step 5100 | Task: 32 | Stage: 9/9 | Predictions: 255
INFO:b1k.shared.eval_b1k_wrapper:🔧 Gripper variation: Compression disabled (mean: 0.0029, max: 2.0029)
INFO:b1k.shared.eval_b1k_wrapper:🎯 Prediction #260 | Actions: uncompressed (20) | Inpainting: True
INFO:b1k.shared.eval_b1k_wrapper:📊 Step 5200 | Task: 32 | Stage: 9/9 | Predictions: 260
INFO:b1k.shared.eval_b1k_wrapper:📊 Step 5300 | Task: 32 | Stage: 9/9 | Predictions: 265
INFO:b1k.shared.eval_b1k_wrapper:🎯 Prediction #270 | Actions: compressed 26→20 | Inpainting: True
INFO:b1k.shared.eval_b1k_wrapper:📊 Step 5400 | Task: 32 | Stage: 9/9 | Predictions: 270
INFO:b1k.shared.eval_b1k_wrapper:📊 Step 5500 | Task: 32 | Stage: 9/9 | Predictions: 275
INFO:b1k.shared.eval_b1k_wrapper:🎯 Prediction #280 | Actions: compressed 26→20 | Inpainting: True
INFO:b1k.shared.eval_b1k_wrapper:📊 Step 5600 | Task: 32 | Stage: 9/9 | Predictions: 280
INFO:b1k.shared.eval_b1k_wrapper:📊 Step 5700 | Task: 32 | Stage: 9/9 | Predictions: 285
INFO:b1k.shared.eval_b1k_wrapper:🎯 Prediction #290 | Actions: compressed 26→20 | Inpainting: True
INFO:b1k.shared.eval_b1k_wrapper:📊 Step 5800 | Task: 32 | Stage: 9/9 | Predictions: 290
INFO:b1k.shared.eval_b1k_wrapper:📊 Step 5900 | Task: 32 | Stage: 9/9 | Predictions: 295
INFO:b1k.shared.eval_b1k_wrapper:🎯 Prediction #300 | Actions: compressed 26→20 | Inpainting: True
INFO:b1k.shared.eval_b1k_wrapper:📊 Step 6000 | Task: 32 | Stage: 9/9 | Predictions: 300
INFO:b1k.shared.eval_b1k_wrapper:📊 Step 6100 | Task: 32 | Stage: 9/9 | Predictions: 305
INFO:b1k.shared.eval_b1k_wrapper:🎯 Prediction #310 | Actions: compressed 26→20 | Inpainting: True
INFO:b1k.shared.eval_b1k_wrapper:📊 Step 6200 | Task: 32 | Stage: 9/9 | Predictions: 310
INFO:b1k.shared.eval_b1k_wrapper:📊 Step 6300 | Task: 32 | Stage: 9/9 | Predictions: 315
INFO:b1k.shared.eval_b1k_wrapper:🎯 Prediction #320 | Actions: compressed 26→20 | Inpainting: True
INFO:b1k.shared.eval_b1k_wrapper:📊 Step 6400 | Task: 32 | Stage: 9/9 | Predictions: 320
INFO:b1k.shared.eval_b1k_wrapper:📊 Step 6500 | Task: 32 | Stage: 9/9 | Predictions: 325
INFO:b1k.shared.eval_b1k_wrapper:🎯 Prediction #330 | Actions: compressed 26→20 | Inpainting: True
INFO:b1k.shared.eval_b1k_wrapper:📊 Step 6600 | Task: 32 | Stage: 9/9 | Predictions: 330
INFO:b1k.shared.eval_b1k_wrapper:📊 Step 6700 | Task: 32 | Stage: 9/9 | Predictions: 335
INFO:b1k.shared.eval_b1k_wrapper:🎯 Prediction #340 | Actions: compressed 26→20 | Inpainting: True
INFO:b1k.shared.eval_b1k_wrapper:📊 Step 6800 | Task: 32 | Stage: 9/9 | Predictions: 340
INFO:b1k.shared.eval_b1k_wrapper:📊 Step 6900 | Task: 32 | Stage: 9/9 | Predictions: 345
INFO:b1k.shared.eval_b1k_wrapper:🎯 Prediction #350 | Actions: compressed 26→20 | Inpainting: True
INFO:b1k.shared.eval_b1k_wrapper:📊 Step 7000 | Task: 32 | Stage: 9/9 | Predictions: 350
INFO:b1k.shared.eval_b1k_wrapper:📊 Step 7100 | Task: 32 | Stage: 9/9 | Predictions: 355
INFO:b1k.shared.eval_b1k_wrapper:🎯 Prediction #360 | Actions: compressed 26→20 | Inpainting: True
INFO:b1k.shared.eval_b1k_wrapper:📊 Step 7200 | Task: 32 | Stage: 9/9 | Predictions: 360
INFO:b1k.shared.eval_b1k_wrapper:📊 Step 7300 | Task: 32 | Stage: 9/9 | Predictions: 365
INFO:b1k.shared.eval_b1k_wrapper:🎯 Prediction #370 | Actions: compressed 26→20 | Inpainting: True
INFO:b1k.shared.eval_b1k_wrapper:📊 Step 7400 | Task: 32 | Stage: 9/9 | Predictions: 370
INFO:b1k.shared.eval_b1k_wrapper:📊 Step 7500 | Task: 32 | Stage: 9/9 | Predictions: 375
INFO:b1k.shared.eval_b1k_wrapper:🎯 Prediction #380 | Actions: compressed 26→20 | Inpainting: True
INFO:b1k.shared.eval_b1k_wrapper:📊 Step 7600 | Task: 32 | Stage: 9/9 | Predictions: 380
INFO:b1k.shared.eval_b1k_wrapper:📊 Step 7700 | Task: 32 | Stage: 9/9 | Predictions: 385
INFO:b1k.shared.eval_b1k_wrapper:🎯 Prediction #390 | Actions: compressed 26→20 | Inpainting: True
INFO:b1k.shared.eval_b1k_wrapper:📊 Step 7800 | Task: 32 | Stage: 9/9 | Predictions: 390
INFO:b1k.shared.eval_b1k_wrapper:📊 Step 7900 | Task: 32 | Stage: 9/9 | Predictions: 395
INFO:b1k.shared.eval_b1k_wrapper:🎯 Prediction #400 | Actions: compressed 26→20 | Inpainting: True
INFO:b1k.shared.eval_b1k_wrapper:📊 Step 8000 | Task: 32 | Stage: 9/9 | Predictions: 400
INFO:b1k.shared.eval_b1k_wrapper:📊 Step 8100 | Task: 32 | Stage: 9/9 | Predictions: 405
INFO:b1k.shared.eval_b1k_wrapper:🎯 Prediction #410 | Actions: compressed 26→20 | Inpainting: True
INFO:b1k.shared.eval_b1k_wrapper:📊 Step 8200 | Task: 32 | Stage: 9/9 | Predictions: 410
INFO:b1k.shared.eval_b1k_wrapper:📊 Step 8300 | Task: 32 | Stage: 9/9 | Predictions: 415
INFO:b1k.shared.eval_b1k_wrapper:🎯 Prediction #420 | Actions: compressed 26→20 | Inpainting: True
INFO:b1k.shared.eval_b1k_wrapper:📊 Step 8400 | Task: 32 | Stage: 9/9 | Predictions: 420
INFO:b1k.shared.eval_b1k_wrapper:📊 Step 8500 | Task: 32 | Stage: 9/9 | Predictions: 425
INFO:b1k.shared.eval_b1k_wrapper:🎯 Prediction #430 | Actions: compressed 26→20 | Inpainting: True
INFO:b1k.shared.eval_b1k_wrapper:📊 Step 8600 | Task: 32 | Stage: 9/9 | Predictions: 430
INFO:b1k.shared.eval_b1k_wrapper:📊 Step 8700 | Task: 32 | Stage: 9/9 | Predictions: 435
INFO:b1k.shared.eval_b1k_wrapper:🎯 Prediction #440 | Actions: compressed 26→20 | Inpainting: True
INFO:b1k.shared.eval_b1k_wrapper:📊 Step 8800 | Task: 32 | Stage: 9/9 | Predictions: 440
INFO:b1k.shared.eval_b1k_wrapper:📊 Step 8900 | Task: 32 | Stage: 9/9 | Predictions: 445
INFO:b1k.shared.eval_b1k_wrapper:🎯 Prediction #450 | Actions: compressed 26→20 | Inpainting: True
INFO:b1k.shared.eval_b1k_wrapper:📊 Step 9000 | Task: 32 | Stage: 9/9 | Predictions: 450
INFO:b1k.shared.eval_b1k_wrapper:📊 Step 9100 | Task: 32 | Stage: 9/9 | Predictions: 455
INFO:b1k.shared.eval_b1k_wrapper:🎯 Prediction #460 | Actions: compressed 26→20 | Inpainting: True
INFO:b1k.shared.eval_b1k_wrapper:📊 Step 9200 | Task: 32 | Stage: 9/9 | Predictions: 460
INFO:b1k.shared.eval_b1k_wrapper:📊 Step 9300 | Task: 32 | Stage: 9/9 | Predictions: 465
INFO:b1k.shared.eval_b1k_wrapper:🎯 Prediction #470 | Actions: compressed 26→20 | Inpainting: True
INFO:b1k.shared.eval_b1k_wrapper:📊 Step 9400 | Task: 32 | Stage: 9/9 | Predictions: 470
INFO:b1k.shared.eval_b1k_wrapper:📊 Step 9500 | Task: 32 | Stage: 9/9 | Predictions: 475
INFO:b1k.shared.eval_b1k_wrapper:🎯 Prediction #480 | Actions: compressed 26→20 | Inpainting: True
INFO:b1k.shared.eval_b1k_wrapper:📊 Step 9600 | Task: 32 | Stage: 9/9 | Predictions: 480
INFO:b1k.shared.eval_b1k_wrapper:📊 Step 9700 | Task: 32 | Stage: 9/9 | Predictions: 485
INFO:b1k.shared.eval_b1k_wrapper:🎯 Prediction #490 | Actions: compressed 26→20 | Inpainting: True
INFO:b1k.shared.eval_b1k_wrapper:📊 Step 9800 | Task: 32 | Stage: 9/9 | Predictions: 490
INFO:b1k.shared.eval_b1k_wrapper:📊 Step 9900 | Task: 32 | Stage: 9/9 | Predictions: 495
INFO:b1k.shared.eval_b1k_wrapper:🎯 Prediction #500 | Actions: compressed 26→20 | Inpainting: True
INFO:b1k.shared.eval_b1k_wrapper:📊 Step 10000 | Task: 32 | Stage: 9/9 | Predictions: 500
INFO:b1k.shared.eval_b1k_wrapper:📊 Step 10100 | Task: 32 | Stage: 9/9 | Predictions: 505
INFO:b1k.shared.eval_b1k_wrapper:🎯 Prediction #510 | Actions: compressed 26→20 | Inpainting: True
INFO:b1k.shared.eval_b1k_wrapper:📊 Step 10200 | Task: 32 | Stage: 9/9 | Predictions: 510
INFO:b1k.shared.eval_b1k_wrapper:📊 Step 10300 | Task: 32 | Stage: 9/9 | Predictions: 515
INFO:b1k.shared.eval_b1k_wrapper:🎯 Prediction #520 | Actions: compressed 26→20 | Inpainting: True
INFO:b1k.shared.eval_b1k_wrapper:📊 Step 10400 | Task: 32 | Stage: 9/9 | Predictions: 520
INFO:b1k.shared.eval_b1k_wrapper:📊 Step 10500 | Task: 32 | Stage: 9/9 | Predictions: 525
INFO:b1k.shared.eval_b1k_wrapper:🎯 Prediction #530 | Actions: compressed 26→20 | Inpainting: True
INFO:b1k.shared.eval_b1k_wrapper:📊 Step 10600 | Task: 32 | Stage: 9/9 | Predictions: 530
INFO:b1k.shared.eval_b1k_wrapper:📊 Step 10700 | Task: 32 | Stage: 9/9 | Predictions: 535
INFO:b1k.shared.eval_b1k_wrapper:🎯 Prediction #540 | Actions: compressed 26→20 | Inpainting: True
INFO:b1k.shared.eval_b1k_wrapper:📊 Step 10800 | Task: 32 | Stage: 9/9 | Predictions: 540
INFO:b1k.shared.eval_b1k_wrapper:📊 Step 10900 | Task: 32 | Stage: 9/9 | Predictions: 545
INFO:b1k.shared.eval_b1k_wrapper:🎯 Prediction #550 | Actions: compressed 26→20 | Inpainting: True
INFO:b1k.shared.eval_b1k_wrapper:📊 Step 11000 | Task: 32 | Stage: 9/9 | Predictions: 550
INFO:b1k.shared.eval_b1k_wrapper:📊 Step 11100 | Task: 32 | Stage: 9/9 | Predictions: 555
INFO:b1k.shared.eval_b1k_wrapper:🎯 Prediction #560 | Actions: compressed 26→20 | Inpainting: True
INFO:b1k.shared.eval_b1k_wrapper:📊 Step 11200 | Task: 32 | Stage: 9/9 | Predictions: 560
INFO:b1k.shared.eval_b1k_wrapper:📊 Step 11300 | Task: 32 | Stage: 9/9 | Predictions: 565
INFO:b1k.shared.eval_b1k_wrapper:🎯 Prediction #570 | Actions: compressed 26→20 | Inpainting: True
INFO:b1k.shared.eval_b1k_wrapper:📊 Step 11400 | Task: 32 | Stage: 9/9 | Predictions: 570
INFO:b1k.shared.eval_b1k_wrapper:📊 Step 11500 | Task: 32 | Stage: 9/9 | Predictions: 575
INFO:b1k.shared.eval_b1k_wrapper:🎯 Prediction #580 | Actions: compressed 26→20 | Inpainting: True
INFO:b1k.shared.eval_b1k_wrapper:📊 Step 11600 | Task: 32 | Stage: 9/9 | Predictions: 580
INFO:b1k.shared.eval_b1k_wrapper:📊 Step 11700 | Task: 32 | Stage: 9/9 | Predictions: 585
INFO:b1k.shared.eval_b1k_wrapper:🎯 Prediction #590 | Actions: compressed 26→20 | Inpainting: True
INFO:b1k.shared.eval_b1k_wrapper:📊 Step 11800 | Task: 32 | Stage: 9/9 | Predictions: 590
INFO:b1k.shared.eval_b1k_wrapper:📊 Step 11900 | Task: 32 | Stage: 9/9 | Predictions: 595
INFO:b1k.shared.eval_b1k_wrapper:🔧 Gripper variation: Compression disabled (mean: 0.0070, max: 0.2606)
INFO:b1k.shared.eval_b1k_wrapper:🎯 Prediction #600 | Actions: uncompressed (20) | Inpainting: True
INFO:b1k.shared.eval_b1k_wrapper:📊 Step 12000 | Task: 32 | Stage: 9/9 | Predictions: 600
INFO:b1k.shared.eval_b1k_wrapper:📊 Step 12100 | Task: 32 | Stage: 9/9 | Predictions: 605
INFO:b1k.shared.eval_b1k_wrapper:🎯 Prediction #610 | Actions: compressed 26→20 | Inpainting: True
INFO:b1k.shared.eval_b1k_wrapper:📊 Step 12200 | Task: 32 | Stage: 9/9 | Predictions: 610
INFO:b1k.shared.eval_b1k_wrapper:📊 Step 12300 | Task: 32 | Stage: 9/9 | Predictions: 615
INFO:b1k.shared.eval_b1k_wrapper:🎯 Prediction #620 | Actions: compressed 26→20 | Inpainting: True
INFO:b1k.shared.eval_b1k_wrapper:📊 Step 12400 | Task: 32 | Stage: 9/9 | Predictions: 620
INFO:b1k.shared.eval_b1k_wrapper:📊 Step 12500 | Task: 32 | Stage: 9/9 | Predictions: 625
INFO:b1k.shared.eval_b1k_wrapper:Policy reset - Task ID: 32, Action horizon: 30
INFO:b1k.shared.eval_b1k_wrapper:📊 Step 100 | Task: 32 | Stage: 0/9 | Predictions: 5
INFO:b1k.shared.eval_b1k_wrapper:🎯 Prediction #10 | Actions: compressed 26→20 | Inpainting: True
INFO:b1k.shared.eval_b1k_wrapper:📊 Step 200 | Task: 32 | Stage: 0/9 | Predictions: 10
INFO:b1k.shared.eval_b1k_wrapper:📊 Step 300 | Task: 32 | Stage: 0/9 | Predictions: 15
INFO:b1k.shared.eval_b1k_wrapper:🎯 Prediction #20 | Actions: compressed 26→20 | Inpainting: True
INFO:b1k.shared.eval_b1k_wrapper:📊 Step 400 | Task: 32 | Stage: 0/9 | Predictions: 20
INFO:b1k.shared.eval_b1k_wrapper:📊 Step 500 | Task: 32 | Stage: 0/9 | Predictions: 25
INFO:b1k.shared.eval_b1k_wrapper:🎯 Prediction #30 | Actions: compressed 26→20 | Inpainting: True
INFO:b1k.shared.eval_b1k_wrapper:📊 Step 600 | Task: 32 | Stage: 0/9 | Predictions: 30
INFO:b1k.shared.eval_b1k_wrapper:🔧 Gripper variation: Compression disabled (mean: 2.0132, max: 0.1131)
INFO:b1k.shared.eval_b1k_wrapper:⬆️  Stage advanced: 0 → 1 (task 32, step 660)
INFO:b1k.shared.eval_b1k_wrapper:📊 Step 700 | Task: 32 | Stage: 1/9 | Predictions: 35
INFO:b1k.shared.eval_b1k_wrapper:🔧 Gripper variation: Compression disabled (mean: 2.0019, max: 0.0107)
INFO:b1k.shared.eval_b1k_wrapper:🎯 Prediction #40 | Actions: compressed 26→20 | Inpainting: True
INFO:b1k.shared.eval_b1k_wrapper:📊 Step 800 | Task: 32 | Stage: 1/9 | Predictions: 40
INFO:b1k.shared.eval_b1k_wrapper:📊 Step 900 | Task: 32 | Stage: 1/9 | Predictions: 45
INFO:b1k.shared.eval_b1k_wrapper:🎯 Prediction #50 | Actions: compressed 26→20 | Inpainting: True
INFO:b1k.shared.eval_b1k_wrapper:📊 Step 1000 | Task: 32 | Stage: 1/9 | Predictions: 50
INFO:b1k.shared.eval_b1k_wrapper:📊 Step 1100 | Task: 32 | Stage: 1/9 | Predictions: 55
INFO:b1k.shared.eval_b1k_wrapper:🎯 Prediction #60 | Actions: compressed 26→20 | Inpainting: True
INFO:b1k.shared.eval_b1k_wrapper:📊 Step 1200 | Task: 32 | Stage: 1/9 | Predictions: 60
INFO:b1k.shared.eval_b1k_wrapper:🔧 Gripper variation: Compression disabled (mean: 0.1651, max: 0.6784)
INFO:b1k.shared.eval_b1k_wrapper:📊 Step 1300 | Task: 32 | Stage: 1/9 | Predictions: 65
INFO:b1k.shared.eval_b1k_wrapper:🔧 Gripper variation: Compression disabled (mean: 0.1437, max: 0.7802)
INFO:b1k.shared.eval_b1k_wrapper:🔧 Gripper variation: Compression disabled (mean: 0.0802, max: 0.4983)
INFO:b1k.shared.eval_b1k_wrapper:🔧 Gripper variation: Compression disabled (mean: 0.0682, max: 0.3993)
INFO:b1k.shared.eval_b1k_wrapper:🎯 Prediction #70 | Actions: uncompressed (20) | Inpainting: True
INFO:b1k.shared.eval_b1k_wrapper:📊 Step 1400 | Task: 32 | Stage: 1/9 | Predictions: 70
INFO:b1k.shared.eval_b1k_wrapper:🔧 Gripper variation: Compression disabled (mean: 0.3646, max: 0.0676)
INFO:b1k.shared.eval_b1k_wrapper:📊 Step 1500 | Task: 32 | Stage: 1/9 | Predictions: 75
INFO:b1k.shared.eval_b1k_wrapper:🔧 Gripper variation: Compression disabled (mean: 0.0579, max: 0.5546)
INFO:b1k.shared.eval_b1k_wrapper:🔧 Gripper variation: Compression disabled (mean: 0.0998, max: 0.5441)
INFO:b1k.shared.eval_b1k_wrapper:🔧 Gripper variation: Compression disabled (mean: 0.0692, max: 0.2998)
INFO:b1k.shared.eval_b1k_wrapper:🎯 Prediction #80 | Actions: compressed 26→20 | Inpainting: True
INFO:b1k.shared.eval_b1k_wrapper:📊 Step 1600 | Task: 32 | Stage: 1/9 | Predictions: 80
INFO:b1k.shared.eval_b1k_wrapper:🔧 Gripper variation: Compression disabled (mean: 0.2858, max: 0.0703)
INFO:b1k.shared.eval_b1k_wrapper:🔧 Gripper variation: Compression disabled (mean: 0.0569, max: 0.2178)
INFO:b1k.shared.eval_b1k_wrapper:📊 Step 1700 | Task: 32 | Stage: 1/9 | Predictions: 85
INFO:b1k.shared.eval_b1k_wrapper:🎯 Prediction #90 | Actions: compressed 26→20 | Inpainting: True
INFO:b1k.shared.eval_b1k_wrapper:📊 Step 1800 | Task: 32 | Stage: 1/9 | Predictions: 90
INFO:b1k.shared.eval_b1k_wrapper:🔧 Gripper variation: Compression disabled (mean: 0.2920, max: 0.2833)
INFO:b1k.shared.eval_b1k_wrapper:📊 Step 1900 | Task: 32 | Stage: 1/9 | Predictions: 95
INFO:b1k.shared.eval_b1k_wrapper:🎯 Prediction #100 | Actions: compressed 26→20 | Inpainting: True
INFO:b1k.shared.eval_b1k_wrapper:📊 Step 2000 | Task: 32 | Stage: 1/9 | Predictions: 100
INFO:b1k.shared.eval_b1k_wrapper:📊 Step 2100 | Task: 32 | Stage: 1/9 | Predictions: 105
INFO:b1k.shared.eval_b1k_wrapper:🔧 Gripper variation: Compression disabled (mean: 0.4313, max: 0.6006)
INFO:b1k.shared.eval_b1k_wrapper:🔧 Gripper variation: Compression disabled (mean: 0.2903, max: 0.1257)
INFO:b1k.shared.eval_b1k_wrapper:🎯 Prediction #110 | Actions: compressed 26→20 | Inpainting: True
INFO:b1k.shared.eval_b1k_wrapper:📊 Step 2200 | Task: 32 | Stage: 1/9 | Predictions: 110
INFO:b1k.shared.eval_b1k_wrapper:🔧 Gripper variation: Compression disabled (mean: 0.5100, max: 0.4678)
INFO:b1k.shared.eval_b1k_wrapper:🔧 Gripper variation: Compression disabled (mean: 0.6022, max: 0.4985)
INFO:b1k.shared.eval_b1k_wrapper:🔧 Gripper variation: Compression disabled (mean: 0.5800, max: 0.3884)
INFO:b1k.shared.eval_b1k_wrapper:📊 Step 2300 | Task: 32 | Stage: 1/9 | Predictions: 115
INFO:b1k.shared.eval_b1k_wrapper:🔧 Gripper variation: Compression disabled (mean: 0.2894, max: 0.2526)
INFO:b1k.shared.eval_b1k_wrapper:🔧 Gripper variation: Compression disabled (mean: 0.4604, max: 0.4247)
INFO:b1k.shared.eval_b1k_wrapper:🔧 Gripper variation: Compression disabled (mean: 0.3570, max: 0.0521)
INFO:b1k.shared.eval_b1k_wrapper:🎯 Prediction #120 | Actions: uncompressed (20) | Inpainting: True
INFO:b1k.shared.eval_b1k_wrapper:📊 Step 2400 | Task: 32 | Stage: 1/9 | Predictions: 120
INFO:b1k.shared.eval_b1k_wrapper:🔧 Gripper variation: Compression disabled (mean: 0.2680, max: 0.2631)
INFO:b1k.shared.eval_b1k_wrapper:🔧 Gripper variation: Compression disabled (mean: 0.2330, max: 0.0490)
INFO:b1k.shared.eval_b1k_wrapper:🔧 Gripper variation: Compression disabled (mean: 0.1619, max: 0.3087)
INFO:b1k.shared.eval_b1k_wrapper:📊 Step 2500 | Task: 32 | Stage: 1/9 | Predictions: 125
INFO:b1k.shared.eval_b1k_wrapper:🔧 Gripper variation: Compression disabled (mean: 0.1119, max: 0.2781)
INFO:b1k.shared.eval_b1k_wrapper:🔧 Gripper variation: Compression disabled (mean: 0.2732, max: 0.4524)
INFO:b1k.shared.eval_b1k_wrapper:🎯 Prediction #130 | Actions: uncompressed (20) | Inpainting: True
INFO:b1k.shared.eval_b1k_wrapper:📊 Step 2600 | Task: 32 | Stage: 1/9 | Predictions: 130
INFO:b1k.shared.eval_b1k_wrapper:🔧 Gripper variation: Compression disabled (mean: 0.1691, max: 0.4493)
INFO:b1k.shared.eval_b1k_wrapper:🔧 Gripper variation: Compression disabled (mean: 0.3020, max: 0.7592)
INFO:b1k.shared.eval_b1k_wrapper:🔧 Gripper variation: Compression disabled (mean: 0.2842, max: 0.8143)
INFO:b1k.shared.eval_b1k_wrapper:🔧 Gripper variation: Compression disabled (mean: 0.3335, max: 0.7611)
INFO:b1k.shared.eval_b1k_wrapper:📊 Step 2700 | Task: 32 | Stage: 1/9 | Predictions: 135
INFO:b1k.shared.eval_b1k_wrapper:🔧 Gripper variation: Compression disabled (mean: 0.2237, max: 0.5197)
INFO:b1k.shared.eval_b1k_wrapper:🔧 Gripper variation: Compression disabled (mean: 0.5935, max: 1.0112)
INFO:b1k.shared.eval_b1k_wrapper:🔧 Gripper variation: Compression disabled (mean: 0.4219, max: 0.9552)
INFO:b1k.shared.eval_b1k_wrapper:🔧 Gripper variation: Compression disabled (mean: 0.5874, max: 1.1372)
INFO:b1k.shared.eval_b1k_wrapper:🔧 Gripper variation: Compression disabled (mean: 0.5588, max: 0.7011)
INFO:b1k.shared.eval_b1k_wrapper:🎯 Prediction #140 | Actions: uncompressed (20) | Inpainting: True
INFO:b1k.shared.eval_b1k_wrapper:📊 Step 2800 | Task: 32 | Stage: 1/9 | Predictions: 140
INFO:b1k.shared.eval_b1k_wrapper:🔧 Gripper variation: Compression disabled (mean: 0.5410, max: 0.6875)
INFO:b1k.shared.eval_b1k_wrapper:🔧 Gripper variation: Compression disabled (mean: 0.6329, max: 0.5716)
INFO:b1k.shared.eval_b1k_wrapper:🔧 Gripper variation: Compression disabled (mean: 0.2440, max: 0.6121)
INFO:b1k.shared.eval_b1k_wrapper:🔧 Gripper variation: Compression disabled (mean: 0.4083, max: 0.8712)
INFO:b1k.shared.eval_b1k_wrapper:🔧 Gripper variation: Compression disabled (mean: 0.7922, max: 0.8882)
INFO:b1k.shared.eval_b1k_wrapper:📊 Step 2900 | Task: 32 | Stage: 1/9 | Predictions: 145
INFO:b1k.shared.eval_b1k_wrapper:🔧 Gripper variation: Compression disabled (mean: 0.4296, max: 0.5563)
INFO:b1k.shared.eval_b1k_wrapper:🔧 Gripper variation: Compression disabled (mean: 0.2535, max: 0.7584)
INFO:b1k.shared.eval_b1k_wrapper:🔧 Gripper variation: Compression disabled (mean: 0.5424, max: 0.7001)
INFO:b1k.shared.eval_b1k_wrapper:🔧 Gripper variation: Compression disabled (mean: 0.5430, max: 1.1569)
INFO:b1k.shared.eval_b1k_wrapper:🔧 Gripper variation: Compression disabled (mean: 0.4713, max: 1.0860)
INFO:b1k.shared.eval_b1k_wrapper:🎯 Prediction #150 | Actions: uncompressed (20) | Inpainting: True
INFO:b1k.shared.eval_b1k_wrapper:📊 Step 3000 | Task: 32 | Stage: 1/9 | Predictions: 150
INFO:b1k.shared.eval_b1k_wrapper:🔧 Gripper variation: Compression disabled (mean: 0.3706, max: 0.2912)
INFO:b1k.shared.eval_b1k_wrapper:🔧 Gripper variation: Compression disabled (mean: 0.8111, max: 0.8826)
INFO:b1k.shared.eval_b1k_wrapper:🔧 Gripper variation: Compression disabled (mean: 0.4041, max: 1.1067)
INFO:b1k.shared.eval_b1k_wrapper:🔧 Gripper variation: Compression disabled (mean: 0.5483, max: 1.1692)
INFO:b1k.shared.eval_b1k_wrapper:🔧 Gripper variation: Compression disabled (mean: 0.1521, max: 1.0114)
INFO:b1k.shared.eval_b1k_wrapper:📊 Step 3100 | Task: 32 | Stage: 1/9 | Predictions: 155
INFO:b1k.shared.eval_b1k_wrapper:🔧 Gripper variation: Compression disabled (mean: 0.4478, max: 0.9392)
INFO:b1k.shared.eval_b1k_wrapper:🔧 Gripper variation: Compression disabled (mean: 0.6090, max: 0.6938)
INFO:b1k.shared.eval_b1k_wrapper:🔧 Gripper variation: Compression disabled (mean: 0.3228, max: 0.7951)
INFO:b1k.shared.eval_b1k_wrapper:🔧 Gripper variation: Compression disabled (mean: 0.2387, max: 1.3549)
INFO:b1k.shared.eval_b1k_wrapper:🔧 Gripper variation: Compression disabled (mean: 0.9298, max: 1.1089)
INFO:b1k.shared.eval_b1k_wrapper:🎯 Prediction #160 | Actions: uncompressed (20) | Inpainting: True
INFO:b1k.shared.eval_b1k_wrapper:📊 Step 3200 | Task: 32 | Stage: 1/9 | Predictions: 160
INFO:b1k.shared.eval_b1k_wrapper:🔧 Gripper variation: Compression disabled (mean: 0.2803, max: 0.8855)
INFO:b1k.shared.eval_b1k_wrapper:🔧 Gripper variation: Compression disabled (mean: 0.5240, max: 0.6843)
INFO:b1k.shared.eval_b1k_wrapper:🔧 Gripper variation: Compression disabled (mean: 0.7077, max: 1.0113)
INFO:b1k.shared.eval_b1k_wrapper:🔧 Gripper variation: Compression disabled (mean: 0.2590, max: 0.8420)
INFO:b1k.shared.eval_b1k_wrapper:⬆️  Stage advanced: 1 → 2 (task 32, step 3260)
INFO:b1k.shared.eval_b1k_wrapper:🔧 Gripper variation: Compression disabled (mean: 0.3546, max: 0.8857)
INFO:b1k.shared.eval_b1k_wrapper:📊 Step 3300 | Task: 32 | Stage: 2/9 | Predictions: 165
INFO:b1k.shared.eval_b1k_wrapper:🔧 Gripper variation: Compression disabled (mean: 0.6772, max: 1.0402)
INFO:b1k.shared.eval_b1k_wrapper:🔧 Gripper variation: Compression disabled (mean: 0.3716, max: 0.7464)
INFO:b1k.shared.eval_b1k_wrapper:🔧 Gripper variation: Compression disabled (mean: 0.4380, max: 1.0260)
INFO:b1k.shared.eval_b1k_wrapper:🔧 Gripper variation: Compression disabled (mean: 0.8450, max: 1.3469)
INFO:b1k.shared.eval_b1k_wrapper:🔧 Gripper variation: Compression disabled (mean: 0.2369, max: 0.9097)
INFO:b1k.shared.eval_b1k_wrapper:🎯 Prediction #170 | Actions: uncompressed (20) | Inpainting: True
INFO:b1k.shared.eval_b1k_wrapper:📊 Step 3400 | Task: 32 | Stage: 2/9 | Predictions: 170
INFO:b1k.shared.eval_b1k_wrapper:🔧 Gripper variation: Compression disabled (mean: 0.1860, max: 1.0380)
INFO:b1k.shared.eval_b1k_wrapper:🔧 Gripper variation: Compression disabled (mean: 0.2975, max: 0.7820)
INFO:b1k.shared.eval_b1k_wrapper:🔧 Gripper variation: Compression disabled (mean: 0.4885, max: 1.1238)
INFO:b1k.shared.eval_b1k_wrapper:🔧 Gripper variation: Compression disabled (mean: 0.4210, max: 0.5730)
INFO:b1k.shared.eval_b1k_wrapper:🔧 Gripper variation: Compression disabled (mean: 0.3149, max: 0.8220)
INFO:b1k.shared.eval_b1k_wrapper:📊 Step 3500 | Task: 32 | Stage: 2/9 | Predictions: 175
INFO:b1k.shared.eval_b1k_wrapper:🔧 Gripper variation: Compression disabled (mean: 0.4127, max: 0.1551)
INFO:b1k.shared.eval_b1k_wrapper:🔧 Gripper variation: Compression disabled (mean: 0.4022, max: 0.8848)
INFO:b1k.shared.eval_b1k_wrapper:🔧 Gripper variation: Compression disabled (mean: 0.5096, max: 0.8143)
INFO:b1k.shared.eval_b1k_wrapper:🔧 Gripper variation: Compression disabled (mean: 0.5412, max: 0.8951)
INFO:b1k.shared.eval_b1k_wrapper:🔧 Gripper variation: Compression disabled (mean: 0.4712, max: 1.4641)
INFO:b1k.shared.eval_b1k_wrapper:🎯 Prediction #180 | Actions: uncompressed (20) | Inpainting: True
INFO:b1k.shared.eval_b1k_wrapper:📊 Step 3600 | Task: 32 | Stage: 2/9 | Predictions: 180
INFO:b1k.shared.eval_b1k_wrapper:🔧 Gripper variation: Compression disabled (mean: 0.6601, max: 0.9943)
INFO:b1k.shared.eval_b1k_wrapper:🔧 Gripper variation: Compression disabled (mean: 0.4695, max: 0.9733)
INFO:b1k.shared.eval_b1k_wrapper:🔧 Gripper variation: Compression disabled (mean: 0.5211, max: 0.8748)
INFO:b1k.shared.eval_b1k_wrapper:🔧 Gripper variation: Compression disabled (mean: 0.5905, max: 1.0577)
INFO:b1k.shared.eval_b1k_wrapper:🔧 Gripper variation: Compression disabled (mean: 0.5036, max: 0.9381)
INFO:b1k.shared.eval_b1k_wrapper:📊 Step 3700 | Task: 32 | Stage: 2/9 | Predictions: 185
INFO:b1k.shared.eval_b1k_wrapper:🔧 Gripper variation: Compression disabled (mean: 0.5485, max: 0.8502)
INFO:b1k.shared.eval_b1k_wrapper:🔧 Gripper variation: Compression disabled (mean: 0.4363, max: 0.7521)
INFO:b1k.shared.eval_b1k_wrapper:🔧 Gripper variation: Compression disabled (mean: 0.6937, max: 0.8149)
INFO:b1k.shared.eval_b1k_wrapper:🔧 Gripper variation: Compression disabled (mean: 0.6179, max: 0.8342)
INFO:b1k.shared.eval_b1k_wrapper:🔧 Gripper variation: Compression disabled (mean: 0.7893, max: 0.9310)
INFO:b1k.shared.eval_b1k_wrapper:🎯 Prediction #190 | Actions: uncompressed (20) | Inpainting: True
INFO:b1k.shared.eval_b1k_wrapper:📊 Step 3800 | Task: 32 | Stage: 2/9 | Predictions: 190
INFO:b1k.shared.eval_b1k_wrapper:🔧 Gripper variation: Compression disabled (mean: 0.3736, max: 0.8986)
INFO:b1k.shared.eval_b1k_wrapper:⬆️  Stage advanced: 2 → 3 (task 32, step 3800)
INFO:b1k.shared.eval_b1k_wrapper:🔧 Gripper variation: Compression disabled (mean: 0.3966, max: 0.7155)
INFO:b1k.shared.eval_b1k_wrapper:🔧 Gripper variation: Compression disabled (mean: 0.5261, max: 0.8516)
INFO:b1k.shared.eval_b1k_wrapper:🔧 Gripper variation: Compression disabled (mean: 0.3266, max: 0.8979)
INFO:b1k.shared.eval_b1k_wrapper:🔧 Gripper variation: Compression disabled (mean: 0.3652, max: 1.0184)
INFO:b1k.shared.eval_b1k_wrapper:⬅️  Stage went back: 3 → 2 (task 32, step 3880)
INFO:b1k.shared.eval_b1k_wrapper:📊 Step 3900 | Task: 32 | Stage: 2/9 | Predictions: 195
INFO:b1k.shared.eval_b1k_wrapper:🔧 Gripper variation: Compression disabled (mean: 0.3988, max: 0.8481)
INFO:b1k.shared.eval_b1k_wrapper:🔧 Gripper variation: Compression disabled (mean: 0.4001, max: 0.7367)
INFO:b1k.shared.eval_b1k_wrapper:🔧 Gripper variation: Compression disabled (mean: 0.7517, max: 0.7984)
INFO:b1k.shared.eval_b1k_wrapper:🔧 Gripper variation: Compression disabled (mean: 1.1242, max: 0.7466)
INFO:b1k.shared.eval_b1k_wrapper:🔧 Gripper variation: Compression disabled (mean: 0.9026, max: 0.6833)
INFO:b1k.shared.eval_b1k_wrapper:🎯 Prediction #200 | Actions: uncompressed (20) | Inpainting: True
INFO:b1k.shared.eval_b1k_wrapper:📊 Step 4000 | Task: 32 | Stage: 2/9 | Predictions: 200
INFO:b1k.shared.eval_b1k_wrapper:🔧 Gripper variation: Compression disabled (mean: 0.4233, max: 0.4639)
INFO:b1k.shared.eval_b1k_wrapper:⬆️  Stage advanced: 2 → 3 (task 32, step 4000)
INFO:b1k.shared.eval_b1k_wrapper:🔧 Gripper variation: Compression disabled (mean: 0.4897, max: 0.9977)
INFO:b1k.shared.eval_b1k_wrapper:🔧 Gripper variation: Compression disabled (mean: 0.3931, max: 0.7838)
INFO:b1k.shared.eval_b1k_wrapper:🔧 Gripper variation: Compression disabled (mean: 0.7209, max: 0.8504)
INFO:b1k.shared.eval_b1k_wrapper:🔧 Gripper variation: Compression disabled (mean: 0.2530, max: 1.1224)
INFO:b1k.shared.eval_b1k_wrapper:⬅️  Stage went back: 3 → 2 (task 32, step 4080)
INFO:b1k.shared.eval_b1k_wrapper:📊 Step 4100 | Task: 32 | Stage: 2/9 | Predictions: 205
INFO:b1k.shared.eval_b1k_wrapper:🔧 Gripper variation: Compression disabled (mean: 0.6277, max: 1.0895)
INFO:b1k.shared.eval_b1k_wrapper:🔧 Gripper variation: Compression disabled (mean: 0.5393, max: 1.0352)
INFO:b1k.shared.eval_b1k_wrapper:🔧 Gripper variation: Compression disabled (mean: 0.5870, max: 0.9839)
INFO:b1k.shared.eval_b1k_wrapper:🔧 Gripper variation: Compression disabled (mean: 0.4939, max: 1.2266)
INFO:b1k.shared.eval_b1k_wrapper:🔧 Gripper variation: Compression disabled (mean: 0.9054, max: 1.0384)
INFO:b1k.shared.eval_b1k_wrapper:🎯 Prediction #210 | Actions: uncompressed (20) | Inpainting: True
INFO:b1k.shared.eval_b1k_wrapper:📊 Step 4200 | Task: 32 | Stage: 2/9 | Predictions: 210
INFO:b1k.shared.eval_b1k_wrapper:🔧 Gripper variation: Compression disabled (mean: 0.6977, max: 1.2670)
INFO:b1k.shared.eval_b1k_wrapper:🔧 Gripper variation: Compression disabled (mean: 0.5401, max: 0.6615)
INFO:b1k.shared.eval_b1k_wrapper:🔧 Gripper variation: Compression disabled (mean: 0.4060, max: 1.0848)
INFO:b1k.shared.eval_b1k_wrapper:🔧 Gripper variation: Compression disabled (mean: 0.5423, max: 0.5999)
INFO:b1k.shared.eval_b1k_wrapper:🔧 Gripper variation: Compression disabled (mean: 0.6199, max: 0.8174)
INFO:b1k.shared.eval_b1k_wrapper:📊 Step 4300 | Task: 32 | Stage: 2/9 | Predictions: 215
INFO:b1k.shared.eval_b1k_wrapper:🔧 Gripper variation: Compression disabled (mean: 0.7311, max: 1.1953)
INFO:b1k.shared.eval_b1k_wrapper:⬆️  Stage advanced: 2 → 3 (task 32, step 4300)
INFO:b1k.shared.eval_b1k_wrapper:🔧 Gripper variation: Compression disabled (mean: 0.9266, max: 0.9236)
INFO:b1k.shared.eval_b1k_wrapper:🔧 Gripper variation: Compression disabled (mean: 0.6611, max: 1.0728)
INFO:b1k.shared.eval_b1k_wrapper:🎯 Prediction #220 | Actions: compressed 26→20 | Inpainting: True
INFO:b1k.shared.eval_b1k_wrapper:📊 Step 4400 | Task: 32 | Stage: 3/9 | Predictions: 220
INFO:b1k.shared.eval_b1k_wrapper:📊 Step 4500 | Task: 32 | Stage: 3/9 | Predictions: 225
INFO:b1k.shared.eval_b1k_wrapper:🎯 Prediction #230 | Actions: compressed 26→20 | Inpainting: True
INFO:b1k.shared.eval_b1k_wrapper:📊 Step 4600 | Task: 32 | Stage: 3/9 | Predictions: 230
INFO:b1k.shared.eval_b1k_wrapper:📊 Step 4700 | Task: 32 | Stage: 3/9 | Predictions: 235
INFO:b1k.shared.eval_b1k_wrapper:🎯 Prediction #240 | Actions: compressed 26→20 | Inpainting: True
INFO:b1k.shared.eval_b1k_wrapper:⬅️  Stage went back: 3 → 2 (task 32, step 4780)
INFO:b1k.shared.eval_b1k_wrapper:📊 Step 4800 | Task: 32 | Stage: 2/9 | Predictions: 240
INFO:b1k.shared.eval_b1k_wrapper:📊 Step 4900 | Task: 32 | Stage: 2/9 | Predictions: 245
INFO:b1k.shared.eval_b1k_wrapper:🎯 Prediction #250 | Actions: compressed 26→20 | Inpainting: True
INFO:b1k.shared.eval_b1k_wrapper:📊 Step 5000 | Task: 32 | Stage: 2/9 | Predictions: 250
INFO:b1k.shared.eval_b1k_wrapper:📊 Step 5100 | Task: 32 | Stage: 2/9 | Predictions: 255
INFO:b1k.shared.eval_b1k_wrapper:🎯 Prediction #260 | Actions: compressed 26→20 | Inpainting: True
INFO:b1k.shared.eval_b1k_wrapper:📊 Step 5200 | Task: 32 | Stage: 2/9 | Predictions: 260
INFO:b1k.shared.eval_b1k_wrapper:📊 Step 5300 | Task: 32 | Stage: 2/9 | Predictions: 265
INFO:b1k.shared.eval_b1k_wrapper:🎯 Prediction #270 | Actions: compressed 26→20 | Inpainting: True
INFO:b1k.shared.eval_b1k_wrapper:📊 Step 5400 | Task: 32 | Stage: 2/9 | Predictions: 270
INFO:b1k.shared.eval_b1k_wrapper:📊 Step 5500 | Task: 32 | Stage: 2/9 | Predictions: 275
INFO:b1k.shared.eval_b1k_wrapper:🎯 Prediction #280 | Actions: compressed 26→20 | Inpainting: True
INFO:b1k.shared.eval_b1k_wrapper:📊 Step 5600 | Task: 32 | Stage: 2/9 | Predictions: 280
INFO:b1k.shared.eval_b1k_wrapper:📊 Step 5700 | Task: 32 | Stage: 2/9 | Predictions: 285
INFO:b1k.shared.eval_b1k_wrapper:🎯 Prediction #290 | Actions: compressed 26→20 | Inpainting: True
INFO:b1k.shared.eval_b1k_wrapper:📊 Step 5800 | Task: 32 | Stage: 2/9 | Predictions: 290
INFO:b1k.shared.eval_b1k_wrapper:🔧 Gripper variation: Compression disabled (mean: 0.0958, max: 0.6772)
INFO:b1k.shared.eval_b1k_wrapper:🔧 Gripper variation: Compression disabled (mean: 0.2784, max: 0.8984)
INFO:b1k.shared.eval_b1k_wrapper:📊 Step 5900 | Task: 32 | Stage: 2/9 | Predictions: 295
INFO:b1k.shared.eval_b1k_wrapper:🔧 Gripper variation: Compression disabled (mean: 0.3669, max: 1.4570)
INFO:b1k.shared.eval_b1k_wrapper:🔧 Gripper variation: Compression disabled (mean: 0.3095, max: 0.8862)
INFO:b1k.shared.eval_b1k_wrapper:🔧 Gripper variation: Compression disabled (mean: 0.4737, max: 1.2233)
INFO:b1k.shared.eval_b1k_wrapper:🔧 Gripper variation: Compression disabled (mean: 0.9361, max: 1.2046)
INFO:b1k.shared.eval_b1k_wrapper:🔧 Gripper variation: Compression disabled (mean: 0.3382, max: 0.4849)
INFO:b1k.shared.eval_b1k_wrapper:🎯 Prediction #300 | Actions: uncompressed (20) | Inpainting: True
INFO:b1k.shared.eval_b1k_wrapper:⬅️  Stage went back: 2 → 1 (task 32, step 5980)
INFO:b1k.shared.eval_b1k_wrapper:📊 Step 6000 | Task: 32 | Stage: 1/9 | Predictions: 300
INFO:b1k.shared.eval_b1k_wrapper:🔧 Gripper variation: Compression disabled (mean: 0.1060, max: 0.5848)
INFO:b1k.shared.eval_b1k_wrapper:🔧 Gripper variation: Compression disabled (mean: 0.5503, max: 0.8692)
INFO:b1k.shared.eval_b1k_wrapper:🔧 Gripper variation: Compression disabled (mean: 0.7541, max: 0.4026)
INFO:b1k.shared.eval_b1k_wrapper:🔧 Gripper variation: Compression disabled (mean: 0.5712, max: 0.7419)
INFO:b1k.shared.eval_b1k_wrapper:🔧 Gripper variation: Compression disabled (mean: 0.4263, max: 0.8686)
INFO:b1k.shared.eval_b1k_wrapper:📊 Step 6100 | Task: 32 | Stage: 1/9 | Predictions: 305
INFO:b1k.shared.eval_b1k_wrapper:🔧 Gripper variation: Compression disabled (mean: 0.5085, max: 1.0018)
INFO:b1k.shared.eval_b1k_wrapper:🔧 Gripper variation: Compression disabled (mean: 0.6138, max: 1.0067)
INFO:b1k.shared.eval_b1k_wrapper:🔧 Gripper variation: Compression disabled (mean: 0.6234, max: 0.4718)
INFO:b1k.shared.eval_b1k_wrapper:🔧 Gripper variation: Compression disabled (mean: 0.2356, max: 0.7003)
INFO:b1k.shared.eval_b1k_wrapper:🔧 Gripper variation: Compression disabled (mean: 0.2389, max: 0.8296)
INFO:b1k.shared.eval_b1k_wrapper:🎯 Prediction #310 | Actions: uncompressed (20) | Inpainting: True
INFO:b1k.shared.eval_b1k_wrapper:📊 Step 6200 | Task: 32 | Stage: 1/9 | Predictions: 310
INFO:b1k.shared.eval_b1k_wrapper:🔧 Gripper variation: Compression disabled (mean: 0.2714, max: 0.8167)
INFO:b1k.shared.eval_b1k_wrapper:🔧 Gripper variation: Compression disabled (mean: 0.7472, max: 0.9651)
INFO:b1k.shared.eval_b1k_wrapper:⬆️  Stage advanced: 1 → 2 (task 32, step 6220)
INFO:b1k.shared.eval_b1k_wrapper:🔧 Gripper variation: Compression disabled (mean: 0.4575, max: 1.0181)
INFO:b1k.shared.eval_b1k_wrapper:🔧 Gripper variation: Compression disabled (mean: 1.3764, max: 1.4198)
INFO:b1k.shared.eval_b1k_wrapper:🔧 Gripper variation: Compression disabled (mean: 0.0917, max: 0.2070)
INFO:b1k.shared.eval_b1k_wrapper:⬆️  Stage advanced: 2 → 3 (task 32, step 6280)
INFO:b1k.shared.eval_b1k_wrapper:📊 Step 6300 | Task: 32 | Stage: 3/9 | Predictions: 315
INFO:b1k.shared.eval_b1k_wrapper:🔧 Gripper variation: Compression disabled (mean: 0.3003, max: 1.2694)
INFO:b1k.shared.eval_b1k_wrapper:🔧 Gripper variation: Compression disabled (mean: 0.5469, max: 1.2538)
INFO:b1k.shared.eval_b1k_wrapper:🔧 Gripper variation: Compression disabled (mean: 0.2454, max: 1.1674)
INFO:b1k.shared.eval_b1k_wrapper:🔧 Gripper variation: Compression disabled (mean: 0.8908, max: 0.8925)
INFO:b1k.shared.eval_b1k_wrapper:🔧 Gripper variation: Compression disabled (mean: 0.1967, max: 1.0084)
INFO:b1k.shared.eval_b1k_wrapper:🎯 Prediction #320 | Actions: uncompressed (20) | Inpainting: True
INFO:b1k.shared.eval_b1k_wrapper:📊 Step 6400 | Task: 32 | Stage: 3/9 | Predictions: 320
INFO:b1k.shared.eval_b1k_wrapper:🔧 Gripper variation: Compression disabled (mean: 0.5680, max: 0.7567)
INFO:b1k.shared.eval_b1k_wrapper:🔧 Gripper variation: Compression disabled (mean: 1.1715, max: 1.0054)
INFO:b1k.shared.eval_b1k_wrapper:🔧 Gripper variation: Compression disabled (mean: 1.0022, max: 1.1769)
INFO:b1k.shared.eval_b1k_wrapper:🔧 Gripper variation: Compression disabled (mean: 0.4808, max: 0.6711)
INFO:b1k.shared.eval_b1k_wrapper:🔧 Gripper variation: Compression disabled (mean: 0.4230, max: 0.4478)
INFO:b1k.shared.eval_b1k_wrapper:📊 Step 6500 | Task: 32 | Stage: 3/9 | Predictions: 325
INFO:b1k.shared.eval_b1k_wrapper:🔧 Gripper variation: Compression disabled (mean: 0.7491, max: 0.7153)
INFO:b1k.shared.eval_b1k_wrapper:🔧 Gripper variation: Compression disabled (mean: 0.9507, max: 0.5154)
INFO:b1k.shared.eval_b1k_wrapper:🔧 Gripper variation: Compression disabled (mean: 0.5523, max: 0.4170)
INFO:b1k.shared.eval_b1k_wrapper:🔧 Gripper variation: Compression disabled (mean: 0.6891, max: 0.8191)
INFO:b1k.shared.eval_b1k_wrapper:🔧 Gripper variation: Compression disabled (mean: 0.4515, max: 0.3851)
INFO:b1k.shared.eval_b1k_wrapper:🎯 Prediction #330 | Actions: uncompressed (20) | Inpainting: True
INFO:b1k.shared.eval_b1k_wrapper:📊 Step 6600 | Task: 32 | Stage: 3/9 | Predictions: 330
INFO:b1k.shared.eval_b1k_wrapper:🔧 Gripper variation: Compression disabled (mean: 0.2582, max: 0.4866)
INFO:b1k.shared.eval_b1k_wrapper:🔧 Gripper variation: Compression disabled (mean: 0.3446, max: 0.8702)
INFO:b1k.shared.eval_b1k_wrapper:🔧 Gripper variation: Compression disabled (mean: 0.4738, max: 0.9853)
INFO:b1k.shared.eval_b1k_wrapper:🔧 Gripper variation: Compression disabled (mean: 0.3008, max: 0.9904)
INFO:b1k.shared.eval_b1k_wrapper:🔧 Gripper variation: Compression disabled (mean: 0.6745, max: 0.8440)
INFO:b1k.shared.eval_b1k_wrapper:📊 Step 6700 | Task: 32 | Stage: 3/9 | Predictions: 335
INFO:b1k.shared.eval_b1k_wrapper:🔧 Gripper variation: Compression disabled (mean: 0.5845, max: 0.8026)
INFO:b1k.shared.eval_b1k_wrapper:🔧 Gripper variation: Compression disabled (mean: 0.6375, max: 0.6833)
INFO:b1k.shared.eval_b1k_wrapper:🔧 Gripper variation: Compression disabled (mean: 0.5321, max: 0.5106)
INFO:b1k.shared.eval_b1k_wrapper:🔧 Gripper variation: Compression disabled (mean: 0.2336, max: 0.3371)
INFO:b1k.shared.eval_b1k_wrapper:🔧 Gripper variation: Compression disabled (mean: 0.5549, max: 0.5962)
INFO:b1k.shared.eval_b1k_wrapper:🎯 Prediction #340 | Actions: uncompressed (20) | Inpainting: True
INFO:b1k.shared.eval_b1k_wrapper:📊 Step 6800 | Task: 32 | Stage: 3/9 | Predictions: 340
INFO:b1k.shared.eval_b1k_wrapper:🔧 Gripper variation: Compression disabled (mean: 0.3388, max: 0.5129)
INFO:b1k.shared.eval_b1k_wrapper:🔧 Gripper variation: Compression disabled (mean: 0.2891, max: 0.5098)
INFO:b1k.shared.eval_b1k_wrapper:🔧 Gripper variation: Compression disabled (mean: 0.4103, max: 1.0068)
INFO:b1k.shared.eval_b1k_wrapper:🔧 Gripper variation: Compression disabled (mean: 0.3646, max: 1.0339)
INFO:b1k.shared.eval_b1k_wrapper:🔧 Gripper variation: Compression disabled (mean: 0.3091, max: 0.3202)
INFO:b1k.shared.eval_b1k_wrapper:📊 Step 6900 | Task: 32 | Stage: 3/9 | Predictions: 345
INFO:b1k.shared.eval_b1k_wrapper:🔧 Gripper variation: Compression disabled (mean: 0.3699, max: 0.9477)
INFO:b1k.shared.eval_b1k_wrapper:🔧 Gripper variation: Compression disabled (mean: 0.3772, max: 0.2981)
INFO:b1k.shared.eval_b1k_wrapper:🔧 Gripper variation: Compression disabled (mean: 0.3302, max: 0.2240)
INFO:b1k.shared.eval_b1k_wrapper:🔧 Gripper variation: Compression disabled (mean: 0.4965, max: 0.7405)
INFO:b1k.shared.eval_b1k_wrapper:🔧 Gripper variation: Compression disabled (mean: 0.3295, max: 0.6615)
INFO:b1k.shared.eval_b1k_wrapper:🎯 Prediction #350 | Actions: uncompressed (20) | Inpainting: True
INFO:b1k.shared.eval_b1k_wrapper:📊 Step 7000 | Task: 32 | Stage: 3/9 | Predictions: 350
INFO:b1k.shared.eval_b1k_wrapper:🔧 Gripper variation: Compression disabled (mean: 0.3183, max: 1.0346)
INFO:b1k.shared.eval_b1k_wrapper:🔧 Gripper variation: Compression disabled (mean: 0.3778, max: 0.8618)
INFO:b1k.shared.eval_b1k_wrapper:🔧 Gripper variation: Compression disabled (mean: 0.3473, max: 0.5023)
INFO:b1k.shared.eval_b1k_wrapper:🔧 Gripper variation: Compression disabled (mean: 0.1883, max: 0.5114)
INFO:b1k.shared.eval_b1k_wrapper:📊 Step 7100 | Task: 32 | Stage: 3/9 | Predictions: 355
INFO:b1k.shared.eval_b1k_wrapper:🔧 Gripper variation: Compression disabled (mean: 0.0482, max: 0.4245)
INFO:b1k.shared.eval_b1k_wrapper:🔧 Gripper variation: Compression disabled (mean: 0.3816, max: 0.6047)
INFO:b1k.shared.eval_b1k_wrapper:🔧 Gripper variation: Compression disabled (mean: 0.7310, max: 0.4989)
INFO:b1k.shared.eval_b1k_wrapper:🔧 Gripper variation: Compression disabled (mean: 0.4860, max: 0.2043)
INFO:b1k.shared.eval_b1k_wrapper:🎯 Prediction #360 | Actions: compressed 26→20 | Inpainting: True
INFO:b1k.shared.eval_b1k_wrapper:📊 Step 7200 | Task: 32 | Stage: 3/9 | Predictions: 360
INFO:b1k.shared.eval_b1k_wrapper:📊 Step 7300 | Task: 32 | Stage: 3/9 | Predictions: 365
INFO:b1k.shared.eval_b1k_wrapper:🎯 Prediction #370 | Actions: compressed 26→20 | Inpainting: True
INFO:b1k.shared.eval_b1k_wrapper:⬅️  Stage went back: 3 → 2 (task 32, step 7380)
INFO:b1k.shared.eval_b1k_wrapper:📊 Step 7400 | Task: 32 | Stage: 2/9 | Predictions: 370
INFO:b1k.shared.eval_b1k_wrapper:⬆️  Stage advanced: 2 → 3 (task 32, step 7440)
INFO:b1k.shared.eval_b1k_wrapper:📊 Step 7500 | Task: 32 | Stage: 3/9 | Predictions: 375
INFO:b1k.shared.eval_b1k_wrapper:🎯 Prediction #380 | Actions: compressed 26→20 | Inpainting: True
INFO:b1k.shared.eval_b1k_wrapper:📊 Step 7600 | Task: 32 | Stage: 3/9 | Predictions: 380
INFO:b1k.shared.eval_b1k_wrapper:📊 Step 7700 | Task: 32 | Stage: 3/9 | Predictions: 385
INFO:b1k.shared.eval_b1k_wrapper:🎯 Prediction #390 | Actions: compressed 26→20 | Inpainting: True
INFO:b1k.shared.eval_b1k_wrapper:📊 Step 7800 | Task: 32 | Stage: 3/9 | Predictions: 390
INFO:b1k.shared.eval_b1k_wrapper:⬅️  Stage went back: 3 → 2 (task 32, step 7840)
INFO:b1k.shared.eval_b1k_wrapper:📊 Step 7900 | Task: 32 | Stage: 2/9 | Predictions: 395
INFO:b1k.shared.eval_b1k_wrapper:🎯 Prediction #400 | Actions: compressed 26→20 | Inpainting: True
INFO:b1k.shared.eval_b1k_wrapper:📊 Step 8000 | Task: 32 | Stage: 2/9 | Predictions: 400
INFO:b1k.shared.eval_b1k_wrapper:📊 Step 8100 | Task: 32 | Stage: 2/9 | Predictions: 405
INFO:b1k.shared.eval_b1k_wrapper:🎯 Prediction #410 | Actions: compressed 26→20 | Inpainting: True
INFO:b1k.shared.eval_b1k_wrapper:📊 Step 8200 | Task: 32 | Stage: 2/9 | Predictions: 410
INFO:b1k.shared.eval_b1k_wrapper:📊 Step 8300 | Task: 32 | Stage: 2/9 | Predictions: 415
INFO:b1k.shared.eval_b1k_wrapper:🎯 Prediction #420 | Actions: compressed 26→20 | Inpainting: True
INFO:b1k.shared.eval_b1k_wrapper:📊 Step 8400 | Task: 32 | Stage: 2/9 | Predictions: 420
INFO:b1k.shared.eval_b1k_wrapper:📊 Step 8500 | Task: 32 | Stage: 2/9 | Predictions: 425
INFO:b1k.shared.eval_b1k_wrapper:🎯 Prediction #430 | Actions: compressed 26→20 | Inpainting: True
INFO:b1k.shared.eval_b1k_wrapper:📊 Step 8600 | Task: 32 | Stage: 2/9 | Predictions: 430
INFO:b1k.shared.eval_b1k_wrapper:📊 Step 8700 | Task: 32 | Stage: 2/9 | Predictions: 435
INFO:b1k.shared.eval_b1k_wrapper:🎯 Prediction #440 | Actions: compressed 26→20 | Inpainting: True
INFO:b1k.shared.eval_b1k_wrapper:📊 Step 8800 | Task: 32 | Stage: 2/9 | Predictions: 440
INFO:b1k.shared.eval_b1k_wrapper:📊 Step 8900 | Task: 32 | Stage: 2/9 | Predictions: 445
INFO:b1k.shared.eval_b1k_wrapper:🎯 Prediction #450 | Actions: compressed 26→20 | Inpainting: True
INFO:b1k.shared.eval_b1k_wrapper:📊 Step 9000 | Task: 32 | Stage: 2/9 | Predictions: 450
INFO:b1k.shared.eval_b1k_wrapper:📊 Step 9100 | Task: 32 | Stage: 2/9 | Predictions: 455
INFO:b1k.shared.eval_b1k_wrapper:🎯 Prediction #460 | Actions: compressed 26→20 | Inpainting: True
INFO:b1k.shared.eval_b1k_wrapper:📊 Step 9200 | Task: 32 | Stage: 2/9 | Predictions: 460
INFO:b1k.shared.eval_b1k_wrapper:📊 Step 9300 | Task: 32 | Stage: 2/9 | Predictions: 465
INFO:b1k.shared.eval_b1k_wrapper:🎯 Prediction #470 | Actions: compressed 26→20 | Inpainting: True
INFO:b1k.shared.eval_b1k_wrapper:📊 Step 9400 | Task: 32 | Stage: 2/9 | Predictions: 470
INFO:b1k.shared.eval_b1k_wrapper:📊 Step 9500 | Task: 32 | Stage: 2/9 | Predictions: 475
INFO:b1k.shared.eval_b1k_wrapper:🎯 Prediction #480 | Actions: compressed 26→20 | Inpainting: True
INFO:b1k.shared.eval_b1k_wrapper:📊 Step 9600 | Task: 32 | Stage: 2/9 | Predictions: 480
INFO:b1k.shared.eval_b1k_wrapper:⬅️  Stage went back: 2 → 1 (task 32, step 9600)
INFO:b1k.shared.eval_b1k_wrapper:📊 Step 9700 | Task: 32 | Stage: 1/9 | Predictions: 485
INFO:b1k.shared.eval_b1k_wrapper:🔧 Gripper variation: Compression disabled (mean: 0.3080, max: 0.8516)
INFO:b1k.shared.eval_b1k_wrapper:🎯 Prediction #490 | Actions: uncompressed (20) | Inpainting: True
INFO:b1k.shared.eval_b1k_wrapper:📊 Step 9800 | Task: 32 | Stage: 1/9 | Predictions: 490
INFO:b1k.shared.eval_b1k_wrapper:🔧 Gripper variation: Compression disabled (mean: 0.2122, max: 0.6343)
INFO:b1k.shared.eval_b1k_wrapper:🔧 Gripper variation: Compression disabled (mean: 0.5242, max: 0.8235)
INFO:b1k.shared.eval_b1k_wrapper:🔧 Gripper variation: Compression disabled (mean: 0.3453, max: 0.8353)
INFO:b1k.shared.eval_b1k_wrapper:🔧 Gripper variation: Compression disabled (mean: 0.3910, max: 1.1182)
INFO:b1k.shared.eval_b1k_wrapper:🔧 Gripper variation: Compression disabled (mean: 0.2131, max: 1.0509)
INFO:b1k.shared.eval_b1k_wrapper:📊 Step 9900 | Task: 32 | Stage: 1/9 | Predictions: 495
INFO:b1k.shared.eval_b1k_wrapper:🔧 Gripper variation: Compression disabled (mean: 0.1920, max: 0.7925)
INFO:b1k.shared.eval_b1k_wrapper:🔧 Gripper variation: Compression disabled (mean: 0.6519, max: 0.5646)
INFO:b1k.shared.eval_b1k_wrapper:🔧 Gripper variation: Compression disabled (mean: 0.5847, max: 1.1490)
INFO:b1k.shared.eval_b1k_wrapper:🔧 Gripper variation: Compression disabled (mean: 0.7684, max: 0.8070)
INFO:b1k.shared.eval_b1k_wrapper:🔧 Gripper variation: Compression disabled (mean: 0.5873, max: 0.5547)
INFO:b1k.shared.eval_b1k_wrapper:🎯 Prediction #500 | Actions: uncompressed (20) | Inpainting: True
INFO:b1k.shared.eval_b1k_wrapper:📊 Step 10000 | Task: 32 | Stage: 1/9 | Predictions: 500
INFO:b1k.shared.eval_b1k_wrapper:🔧 Gripper variation: Compression disabled (mean: 0.5491, max: 1.0924)
INFO:b1k.shared.eval_b1k_wrapper:🔧 Gripper variation: Compression disabled (mean: 0.1897, max: 0.6115)
INFO:b1k.shared.eval_b1k_wrapper:🔧 Gripper variation: Compression disabled (mean: 0.1188, max: 1.1439)
INFO:b1k.shared.eval_b1k_wrapper:🔧 Gripper variation: Compression disabled (mean: 0.4834, max: 1.0010)
INFO:b1k.shared.eval_b1k_wrapper:🔧 Gripper variation: Compression disabled (mean: 0.4253, max: 0.9389)
INFO:b1k.shared.eval_b1k_wrapper:📊 Step 10100 | Task: 32 | Stage: 1/9 | Predictions: 505
INFO:b1k.shared.eval_b1k_wrapper:🔧 Gripper variation: Compression disabled (mean: 0.5414, max: 0.6787)
INFO:b1k.shared.eval_b1k_wrapper:🔧 Gripper variation: Compression disabled (mean: 0.6624, max: 1.1439)
INFO:b1k.shared.eval_b1k_wrapper:⬆️  Stage advanced: 1 → 2 (task 32, step 10120)
INFO:b1k.shared.eval_b1k_wrapper:🔧 Gripper variation: Compression disabled (mean: 0.4036, max: 1.3573)
INFO:b1k.shared.eval_b1k_wrapper:🔧 Gripper variation: Compression disabled (mean: 0.6911, max: 0.9136)
INFO:b1k.shared.eval_b1k_wrapper:🔧 Gripper variation: Compression disabled (mean: 0.4335, max: 0.9750)
INFO:b1k.shared.eval_b1k_wrapper:🎯 Prediction #510 | Actions: uncompressed (20) | Inpainting: True
INFO:b1k.shared.eval_b1k_wrapper:⬅️  Stage went back: 2 → 1 (task 32, step 10180)
INFO:b1k.shared.eval_b1k_wrapper:📊 Step 10200 | Task: 32 | Stage: 1/9 | Predictions: 510
INFO:b1k.shared.eval_b1k_wrapper:🔧 Gripper variation: Compression disabled (mean: 0.7389, max: 0.9680)
INFO:b1k.shared.eval_b1k_wrapper:🔧 Gripper variation: Compression disabled (mean: 0.4645, max: 1.1949)
INFO:b1k.shared.eval_b1k_wrapper:🔧 Gripper variation: Compression disabled (mean: 0.1846, max: 0.4407)
INFO:b1k.shared.eval_b1k_wrapper:🔧 Gripper variation: Compression disabled (mean: 0.1990, max: 0.3840)
INFO:b1k.shared.eval_b1k_wrapper:🔧 Gripper variation: Compression disabled (mean: 0.3606, max: 0.6514)
INFO:b1k.shared.eval_b1k_wrapper:📊 Step 10300 | Task: 32 | Stage: 1/9 | Predictions: 515
INFO:b1k.shared.eval_b1k_wrapper:🔧 Gripper variation: Compression disabled (mean: 0.3360, max: 0.9251)
INFO:b1k.shared.eval_b1k_wrapper:🔧 Gripper variation: Compression disabled (mean: 0.3723, max: 1.0333)
INFO:b1k.shared.eval_b1k_wrapper:🔧 Gripper variation: Compression disabled (mean: 0.2727, max: 0.9320)
INFO:b1k.shared.eval_b1k_wrapper:🔧 Gripper variation: Compression disabled (mean: 0.4618, max: 0.4889)
INFO:b1k.shared.eval_b1k_wrapper:🔧 Gripper variation: Compression disabled (mean: 0.4753, max: 0.8863)
INFO:b1k.shared.eval_b1k_wrapper:🎯 Prediction #520 | Actions: uncompressed (20) | Inpainting: True
INFO:b1k.shared.eval_b1k_wrapper:📊 Step 10400 | Task: 32 | Stage: 1/9 | Predictions: 520
INFO:b1k.shared.eval_b1k_wrapper:🔧 Gripper variation: Compression disabled (mean: 0.4963, max: 1.1605)
INFO:b1k.shared.eval_b1k_wrapper:⏭️  Stage skipped: 1 → 2 (task 32, step 10400)
INFO:b1k.shared.eval_b1k_wrapper:🔧 Gripper variation: Compression disabled (mean: 0.4195, max: 0.8831)
INFO:b1k.shared.eval_b1k_wrapper:🔧 Gripper variation: Compression disabled (mean: 0.2531, max: 0.4598)
INFO:b1k.shared.eval_b1k_wrapper:🔧 Gripper variation: Compression disabled (mean: 0.5969, max: 0.7995)
INFO:b1k.shared.eval_b1k_wrapper:⬆️  Stage advanced: 2 → 3 (task 32, step 10460)
INFO:b1k.shared.eval_b1k_wrapper:🔧 Gripper variation: Compression disabled (mean: 0.3800, max: 0.8569)
INFO:b1k.shared.eval_b1k_wrapper:📊 Step 10500 | Task: 32 | Stage: 3/9 | Predictions: 525
INFO:b1k.shared.eval_b1k_wrapper:🔧 Gripper variation: Compression disabled (mean: 0.2637, max: 0.5198)
INFO:b1k.shared.eval_b1k_wrapper:🔧 Gripper variation: Compression disabled (mean: 0.9080, max: 0.9388)
INFO:b1k.shared.eval_b1k_wrapper:🔧 Gripper variation: Compression disabled (mean: 0.5855, max: 1.1109)
INFO:b1k.shared.eval_b1k_wrapper:🔧 Gripper variation: Compression disabled (mean: 0.8582, max: 0.5948)
INFO:b1k.shared.eval_b1k_wrapper:🔧 Gripper variation: Compression disabled (mean: 0.3501, max: 0.6589)
INFO:b1k.shared.eval_b1k_wrapper:🎯 Prediction #530 | Actions: uncompressed (20) | Inpainting: True
INFO:b1k.shared.eval_b1k_wrapper:📊 Step 10600 | Task: 32 | Stage: 3/9 | Predictions: 530
INFO:b1k.shared.eval_b1k_wrapper:🔧 Gripper variation: Compression disabled (mean: 0.1951, max: 1.0839)
INFO:b1k.shared.eval_b1k_wrapper:🔧 Gripper variation: Compression disabled (mean: 0.3861, max: 0.6510)
INFO:b1k.shared.eval_b1k_wrapper:🔧 Gripper variation: Compression disabled (mean: 0.6014, max: 0.8131)
INFO:b1k.shared.eval_b1k_wrapper:🔧 Gripper variation: Compression disabled (mean: 0.3095, max: 1.0239)
INFO:b1k.shared.eval_b1k_wrapper:🔧 Gripper variation: Compression disabled (mean: 0.2328, max: 0.8400)
INFO:b1k.shared.eval_b1k_wrapper:📊 Step 10700 | Task: 32 | Stage: 3/9 | Predictions: 535
INFO:b1k.shared.eval_b1k_wrapper:🔧 Gripper variation: Compression disabled (mean: 0.1829, max: 0.6684)
INFO:b1k.shared.eval_b1k_wrapper:🔧 Gripper variation: Compression disabled (mean: 0.6290, max: 1.1046)
INFO:b1k.shared.eval_b1k_wrapper:🔧 Gripper variation: Compression disabled (mean: 0.5758, max: 1.2023)
INFO:b1k.shared.eval_b1k_wrapper:🔧 Gripper variation: Compression disabled (mean: 0.5654, max: 0.5046)
INFO:b1k.shared.eval_b1k_wrapper:⬅️  Stage went back: 3 → 2 (task 32, step 10760)
INFO:b1k.shared.eval_b1k_wrapper:🔧 Gripper variation: Compression disabled (mean: 0.6261, max: 0.9847)
INFO:b1k.shared.eval_b1k_wrapper:🎯 Prediction #540 | Actions: uncompressed (20) | Inpainting: True
INFO:b1k.shared.eval_b1k_wrapper:📊 Step 10800 | Task: 32 | Stage: 2/9 | Predictions: 540
INFO:b1k.shared.eval_b1k_wrapper:🔧 Gripper variation: Compression disabled (mean: 0.4182, max: 0.6398)
INFO:b1k.shared.eval_b1k_wrapper:🔧 Gripper variation: Compression disabled (mean: 0.3345, max: 1.0671)
INFO:b1k.shared.eval_b1k_wrapper:📊 Step 10900 | Task: 32 | Stage: 2/9 | Predictions: 545
INFO:b1k.shared.eval_b1k_wrapper:🔧 Gripper variation: Compression disabled (mean: 1.0583, max: 1.1852)
INFO:b1k.shared.eval_b1k_wrapper:🔧 Gripper variation: Compression disabled (mean: 0.4736, max: 1.0472)
INFO:b1k.shared.eval_b1k_wrapper:🔧 Gripper variation: Compression disabled (mean: 0.6786, max: 1.1228)
INFO:b1k.shared.eval_b1k_wrapper:🔧 Gripper variation: Compression disabled (mean: 0.4012, max: 1.1368)
INFO:b1k.shared.eval_b1k_wrapper:🔧 Gripper variation: Compression disabled (mean: 0.4413, max: 0.9298)
INFO:b1k.shared.eval_b1k_wrapper:🎯 Prediction #550 | Actions: uncompressed (20) | Inpainting: True
INFO:b1k.shared.eval_b1k_wrapper:📊 Step 11000 | Task: 32 | Stage: 2/9 | Predictions: 550
INFO:b1k.shared.eval_b1k_wrapper:🔧 Gripper variation: Compression disabled (mean: 0.4190, max: 0.9114)
INFO:b1k.shared.eval_b1k_wrapper:⬆️  Stage advanced: 2 → 3 (task 32, step 11000)
INFO:b1k.shared.eval_b1k_wrapper:🔧 Gripper variation: Compression disabled (mean: 0.4951, max: 0.7431)
INFO:b1k.shared.eval_b1k_wrapper:🔧 Gripper variation: Compression disabled (mean: 1.0393, max: 0.9611)
INFO:b1k.shared.eval_b1k_wrapper:🔧 Gripper variation: Compression disabled (mean: 0.3659, max: 1.3081)
INFO:b1k.shared.eval_b1k_wrapper:📊 Step 11100 | Task: 32 | Stage: 3/9 | Predictions: 555
INFO:b1k.shared.eval_b1k_wrapper:⬆️  Stage advanced: 3 → 4 (task 32, step 11100)
INFO:b1k.shared.eval_b1k_wrapper:🔧 Gripper variation: Compression disabled (mean: 0.5649, max: 0.7298)
INFO:b1k.shared.eval_b1k_wrapper:🔧 Gripper variation: Compression disabled (mean: 0.9976, max: 0.5874)
INFO:b1k.shared.eval_b1k_wrapper:🎯 Prediction #560 | Actions: compressed 26→20 | Inpainting: True
INFO:b1k.shared.eval_b1k_wrapper:📊 Step 11200 | Task: 32 | Stage: 4/9 | Predictions: 560
INFO:b1k.shared.eval_b1k_wrapper:📊 Step 11300 | Task: 32 | Stage: 4/9 | Predictions: 565
INFO:b1k.shared.eval_b1k_wrapper:⬅️  Stage went back: 4 → 3 (task 32, step 11320)
INFO:b1k.shared.eval_b1k_wrapper:🎯 Prediction #570 | Actions: compressed 26→20 | Inpainting: True
INFO:b1k.shared.eval_b1k_wrapper:📊 Step 11400 | Task: 32 | Stage: 3/9 | Predictions: 570
INFO:b1k.shared.eval_b1k_wrapper:⬅️  Stage went back: 3 → 2 (task 32, step 11480)
INFO:b1k.shared.eval_b1k_wrapper:📊 Step 11500 | Task: 32 | Stage: 2/9 | Predictions: 575
INFO:b1k.shared.eval_b1k_wrapper:⬆️  Stage advanced: 2 → 3 (task 32, step 11540)
INFO:b1k.shared.eval_b1k_wrapper:🔧 Gripper variation: Compression disabled (mean: 0.3462, max: 0.9831)
INFO:b1k.shared.eval_b1k_wrapper:🎯 Prediction #580 | Actions: uncompressed (20) | Inpainting: True
INFO:b1k.shared.eval_b1k_wrapper:📊 Step 11600 | Task: 32 | Stage: 3/9 | Predictions: 580
INFO:b1k.shared.eval_b1k_wrapper:🔧 Gripper variation: Compression disabled (mean: 0.2179, max: 1.0256)
INFO:b1k.shared.eval_b1k_wrapper:🔧 Gripper variation: Compression disabled (mean: 0.2889, max: 0.5143)
INFO:b1k.shared.eval_b1k_wrapper:🔧 Gripper variation: Compression disabled (mean: 0.3433, max: 0.5418)
INFO:b1k.shared.eval_b1k_wrapper:🔧 Gripper variation: Compression disabled (mean: 0.2265, max: 0.9835)
INFO:b1k.shared.eval_b1k_wrapper:🔧 Gripper variation: Compression disabled (mean: 0.3850, max: 1.4136)
INFO:b1k.shared.eval_b1k_wrapper:📊 Step 11700 | Task: 32 | Stage: 3/9 | Predictions: 585
INFO:b1k.shared.eval_b1k_wrapper:🔧 Gripper variation: Compression disabled (mean: 0.7408, max: 1.4559)
INFO:b1k.shared.eval_b1k_wrapper:🔧 Gripper variation: Compression disabled (mean: 0.5309, max: 1.0020)
INFO:b1k.shared.eval_b1k_wrapper:🔧 Gripper variation: Compression disabled (mean: 0.4862, max: 0.7505)
INFO:b1k.shared.eval_b1k_wrapper:🔧 Gripper variation: Compression disabled (mean: 0.2864, max: 0.5735)
INFO:b1k.shared.eval_b1k_wrapper:🔧 Gripper variation: Compression disabled (mean: 0.4913, max: 0.8947)
INFO:b1k.shared.eval_b1k_wrapper:🎯 Prediction #590 | Actions: uncompressed (20) | Inpainting: True
INFO:b1k.shared.eval_b1k_wrapper:📊 Step 11800 | Task: 32 | Stage: 3/9 | Predictions: 590
INFO:b1k.shared.eval_b1k_wrapper:🔧 Gripper variation: Compression disabled (mean: 0.2624, max: 0.9372)
INFO:b1k.shared.eval_b1k_wrapper:🔧 Gripper variation: Compression disabled (mean: 0.3938, max: 1.3859)
INFO:b1k.shared.eval_b1k_wrapper:🔧 Gripper variation: Compression disabled (mean: 0.3960, max: 0.5286)
INFO:b1k.shared.eval_b1k_wrapper:🔧 Gripper variation: Compression disabled (mean: 0.3732, max: 1.4229)
INFO:b1k.shared.eval_b1k_wrapper:🔧 Gripper variation: Compression disabled (mean: 0.6921, max: 0.6624)
INFO:b1k.shared.eval_b1k_wrapper:📊 Step 11900 | Task: 32 | Stage: 3/9 | Predictions: 595
INFO:b1k.shared.eval_b1k_wrapper:🔧 Gripper variation: Compression disabled (mean: 0.8745, max: 0.9213)
INFO:b1k.shared.eval_b1k_wrapper:🔧 Gripper variation: Compression disabled (mean: 0.8149, max: 1.0653)
INFO:b1k.shared.eval_b1k_wrapper:🔧 Gripper variation: Compression disabled (mean: 0.3448, max: 1.2662)
INFO:b1k.shared.eval_b1k_wrapper:🔧 Gripper variation: Compression disabled (mean: 1.1231, max: 0.9807)
INFO:b1k.shared.eval_b1k_wrapper:🎯 Prediction #600 | Actions: compressed 26→20 | Inpainting: True
INFO:b1k.shared.eval_b1k_wrapper:📊 Step 12000 | Task: 32 | Stage: 3/9 | Predictions: 600
INFO:b1k.shared.eval_b1k_wrapper:🔧 Gripper variation: Compression disabled (mean: 0.2211, max: 0.0965)
INFO:b1k.shared.eval_b1k_wrapper:🔧 Gripper variation: Compression disabled (mean: 0.0939, max: 0.2464)
INFO:b1k.shared.eval_b1k_wrapper:🔧 Gripper variation: Compression disabled (mean: 0.1178, max: 0.7231)
INFO:b1k.shared.eval_b1k_wrapper:📊 Step 12100 | Task: 32 | Stage: 3/9 | Predictions: 605
INFO:b1k.shared.eval_b1k_wrapper:🔧 Gripper variation: Compression disabled (mean: 0.4108, max: 0.8555)
INFO:b1k.shared.eval_b1k_wrapper:🔧 Gripper variation: Compression disabled (mean: 0.7741, max: 1.0957)
INFO:b1k.shared.eval_b1k_wrapper:🔧 Gripper variation: Compression disabled (mean: 0.4842, max: 0.9082)
INFO:b1k.shared.eval_b1k_wrapper:🔧 Gripper variation: Compression disabled (mean: 1.0789, max: 0.9169)
INFO:b1k.shared.eval_b1k_wrapper:🔧 Gripper variation: Compression disabled (mean: 0.1905, max: 1.1467)
INFO:b1k.shared.eval_b1k_wrapper:🎯 Prediction #610 | Actions: uncompressed (20) | Inpainting: True
INFO:b1k.shared.eval_b1k_wrapper:📊 Step 12200 | Task: 32 | Stage: 3/9 | Predictions: 610
INFO:b1k.shared.eval_b1k_wrapper:🔧 Gripper variation: Compression disabled (mean: 0.5246, max: 1.1345)
INFO:b1k.shared.eval_b1k_wrapper:🔧 Gripper variation: Compression disabled (mean: 0.8706, max: 1.1249)
INFO:b1k.shared.eval_b1k_wrapper:🔧 Gripper variation: Compression disabled (mean: 0.7558, max: 1.1275)
INFO:b1k.shared.eval_b1k_wrapper:🔧 Gripper variation: Compression disabled (mean: 0.7397, max: 1.2343)
INFO:b1k.shared.eval_b1k_wrapper:📊 Step 12300 | Task: 32 | Stage: 3/9 | Predictions: 615
INFO:b1k.shared.eval_b1k_wrapper:🎯 Prediction #620 | Actions: compressed 26→20 | Inpainting: True
INFO:b1k.shared.eval_b1k_wrapper:📊 Step 12400 | Task: 32 | Stage: 3/9 | Predictions: 620
INFO:b1k.shared.eval_b1k_wrapper:🔧 Gripper variation: Compression disabled (mean: 0.4356, max: 0.3039)
INFO:b1k.shared.eval_b1k_wrapper:📊 Step 12500 | Task: 32 | Stage: 3/9 | Predictions: 625
INFO:b1k.shared.eval_b1k_wrapper:Policy reset - Task ID: 32, Action horizon: 30
INFO:b1k.shared.eval_b1k_wrapper:📊 Step 100 | Task: 32 | Stage: 0/9 | Predictions: 5
INFO:b1k.shared.eval_b1k_wrapper:🎯 Prediction #10 | Actions: compressed 26→20 | Inpainting: True
INFO:b1k.shared.eval_b1k_wrapper:📊 Step 200 | Task: 32 | Stage: 0/9 | Predictions: 10
INFO:b1k.shared.eval_b1k_wrapper:📊 Step 300 | Task: 32 | Stage: 0/9 | Predictions: 15
INFO:b1k.shared.eval_b1k_wrapper:🎯 Prediction #20 | Actions: compressed 26→20 | Inpainting: True
INFO:b1k.shared.eval_b1k_wrapper:📊 Step 400 | Task: 32 | Stage: 0/9 | Predictions: 20
INFO:b1k.shared.eval_b1k_wrapper:📊 Step 500 | Task: 32 | Stage: 0/9 | Predictions: 25
INFO:b1k.shared.eval_b1k_wrapper:🎯 Prediction #30 | Actions: compressed 26→20 | Inpainting: True
INFO:b1k.shared.eval_b1k_wrapper:📊 Step 600 | Task: 32 | Stage: 0/9 | Predictions: 30
INFO:b1k.shared.eval_b1k_wrapper:📊 Step 700 | Task: 32 | Stage: 0/9 | Predictions: 35
INFO:b1k.shared.eval_b1k_wrapper:⬆️  Stage advanced: 0 → 1 (task 32, step 720)
INFO:b1k.shared.eval_b1k_wrapper:🔧 Gripper variation: Compression disabled (mean: 2.0141, max: 0.0088)
INFO:b1k.shared.eval_b1k_wrapper:🎯 Prediction #40 | Actions: uncompressed (20) | Inpainting: True
INFO:b1k.shared.eval_b1k_wrapper:📊 Step 800 | Task: 32 | Stage: 1/9 | Predictions: 40
INFO:b1k.shared.eval_b1k_wrapper:🔧 Gripper variation: Compression disabled (mean: 1.5920, max: 0.2848)
INFO:b1k.shared.eval_b1k_wrapper:📊 Step 900 | Task: 32 | Stage: 1/9 | Predictions: 45
INFO:b1k.shared.eval_b1k_wrapper:🎯 Prediction #50 | Actions: compressed 26→20 | Inpainting: True
INFO:b1k.shared.eval_b1k_wrapper:📊 Step 1000 | Task: 32 | Stage: 1/9 | Predictions: 50
INFO:b1k.shared.eval_b1k_wrapper:📊 Step 1100 | Task: 32 | Stage: 1/9 | Predictions: 55
INFO:b1k.shared.eval_b1k_wrapper:🎯 Prediction #60 | Actions: compressed 26→20 | Inpainting: True
INFO:b1k.shared.eval_b1k_wrapper:📊 Step 1200 | Task: 32 | Stage: 1/9 | Predictions: 60
INFO:b1k.shared.eval_b1k_wrapper:📊 Step 1300 | Task: 32 | Stage: 1/9 | Predictions: 65
INFO:b1k.shared.eval_b1k_wrapper:⬆️  Stage advanced: 1 → 2 (task 32, step 1300)
INFO:b1k.shared.eval_b1k_wrapper:🎯 Prediction #70 | Actions: compressed 26→20 | Inpainting: True
INFO:b1k.shared.eval_b1k_wrapper:📊 Step 1400 | Task: 32 | Stage: 2/9 | Predictions: 70
INFO:b1k.shared.eval_b1k_wrapper:📊 Step 1500 | Task: 32 | Stage: 2/9 | Predictions: 75
INFO:b1k.shared.eval_b1k_wrapper:🎯 Prediction #80 | Actions: compressed 26→20 | Inpainting: True
INFO:b1k.shared.eval_b1k_wrapper:📊 Step 1600 | Task: 32 | Stage: 2/9 | Predictions: 80
INFO:b1k.shared.eval_b1k_wrapper:⬆️  Stage advanced: 2 → 3 (task 32, step 1640)
INFO:b1k.shared.eval_b1k_wrapper:📊 Step 1700 | Task: 32 | Stage: 3/9 | Predictions: 85
INFO:b1k.shared.eval_b1k_wrapper:⬅️  Stage went back: 3 → 2 (task 32, step 1700)
INFO:b1k.shared.eval_b1k_wrapper:🎯 Prediction #90 | Actions: compressed 26→20 | Inpainting: True
INFO:b1k.shared.eval_b1k_wrapper:📊 Step 1800 | Task: 32 | Stage: 2/9 | Predictions: 90
INFO:b1k.shared.eval_b1k_wrapper:⬆️  Stage advanced: 2 → 3 (task 32, step 1840)
INFO:b1k.shared.eval_b1k_wrapper:📊 Step 1900 | Task: 32 | Stage: 3/9 | Predictions: 95
INFO:b1k.shared.eval_b1k_wrapper:🎯 Prediction #100 | Actions: compressed 26→20 | Inpainting: True
INFO:b1k.shared.eval_b1k_wrapper:📊 Step 2000 | Task: 32 | Stage: 3/9 | Predictions: 100
INFO:b1k.shared.eval_b1k_wrapper:📊 Step 2100 | Task: 32 | Stage: 3/9 | Predictions: 105
INFO:b1k.shared.eval_b1k_wrapper:🎯 Prediction #110 | Actions: compressed 26→20 | Inpainting: True
INFO:b1k.shared.eval_b1k_wrapper:📊 Step 2200 | Task: 32 | Stage: 3/9 | Predictions: 110
INFO:b1k.shared.eval_b1k_wrapper:📊 Step 2300 | Task: 32 | Stage: 3/9 | Predictions: 115
INFO:b1k.shared.eval_b1k_wrapper:🎯 Prediction #120 | Actions: compressed 26→20 | Inpainting: True
INFO:b1k.shared.eval_b1k_wrapper:📊 Step 2400 | Task: 32 | Stage: 3/9 | Predictions: 120
INFO:b1k.shared.eval_b1k_wrapper:📊 Step 2500 | Task: 32 | Stage: 3/9 | Predictions: 125
INFO:b1k.shared.eval_b1k_wrapper:🎯 Prediction #130 | Actions: compressed 26→20 | Inpainting: True
INFO:b1k.shared.eval_b1k_wrapper:📊 Step 2600 | Task: 32 | Stage: 3/9 | Predictions: 130
INFO:b1k.shared.eval_b1k_wrapper:⬅️  Stage went back: 3 → 2 (task 32, step 2660)
INFO:b1k.shared.eval_b1k_wrapper:📊 Step 2700 | Task: 32 | Stage: 2/9 | Predictions: 135
INFO:b1k.shared.eval_b1k_wrapper:🔧 Gripper variation: Compression disabled (mean: 0.1973, max: 0.5230)
INFO:b1k.shared.eval_b1k_wrapper:⬆️  Stage advanced: 2 → 3 (task 32, step 2740)
INFO:b1k.shared.eval_b1k_wrapper:🎯 Prediction #140 | Actions: compressed 26→20 | Inpainting: True
INFO:b1k.shared.eval_b1k_wrapper:📊 Step 2800 | Task: 32 | Stage: 3/9 | Predictions: 140
INFO:b1k.shared.eval_b1k_wrapper:📊 Step 2900 | Task: 32 | Stage: 3/9 | Predictions: 145
INFO:b1k.shared.eval_b1k_wrapper:🎯 Prediction #150 | Actions: compressed 26→20 | Inpainting: True
INFO:b1k.shared.eval_b1k_wrapper:📊 Step 3000 | Task: 32 | Stage: 3/9 | Predictions: 150
INFO:b1k.shared.eval_b1k_wrapper:⬆️  Stage advanced: 3 → 4 (task 32, step 3060)
INFO:b1k.shared.eval_b1k_wrapper:📊 Step 3100 | Task: 32 | Stage: 4/9 | Predictions: 155
INFO:b1k.shared.eval_b1k_wrapper:🎯 Prediction #160 | Actions: compressed 26→20 | Inpainting: True
INFO:b1k.shared.eval_b1k_wrapper:📊 Step 3200 | Task: 32 | Stage: 4/9 | Predictions: 160
INFO:b1k.shared.eval_b1k_wrapper:📊 Step 3300 | Task: 32 | Stage: 4/9 | Predictions: 165
INFO:b1k.shared.eval_b1k_wrapper:🎯 Prediction #170 | Actions: compressed 26→20 | Inpainting: True
INFO:b1k.shared.eval_b1k_wrapper:📊 Step 3400 | Task: 32 | Stage: 4/9 | Predictions: 170
INFO:b1k.shared.eval_b1k_wrapper:📊 Step 3500 | Task: 32 | Stage: 4/9 | Predictions: 175
INFO:b1k.shared.eval_b1k_wrapper:🎯 Prediction #180 | Actions: compressed 26→20 | Inpainting: True
INFO:b1k.shared.eval_b1k_wrapper:📊 Step 3600 | Task: 32 | Stage: 4/9 | Predictions: 180
INFO:b1k.shared.eval_b1k_wrapper:📊 Step 3700 | Task: 32 | Stage: 4/9 | Predictions: 185
INFO:b1k.shared.eval_b1k_wrapper:🎯 Prediction #190 | Actions: compressed 26→20 | Inpainting: True
INFO:b1k.shared.eval_b1k_wrapper:📊 Step 3800 | Task: 32 | Stage: 4/9 | Predictions: 190
INFO:b1k.shared.eval_b1k_wrapper:📊 Step 3900 | Task: 32 | Stage: 4/9 | Predictions: 195
INFO:b1k.shared.eval_b1k_wrapper:🎯 Prediction #200 | Actions: compressed 26→20 | Inpainting: True
INFO:b1k.shared.eval_b1k_wrapper:📊 Step 4000 | Task: 32 | Stage: 4/9 | Predictions: 200
INFO:b1k.shared.eval_b1k_wrapper:📊 Step 4100 | Task: 32 | Stage: 4/9 | Predictions: 205
INFO:b1k.shared.eval_b1k_wrapper:🎯 Prediction #210 | Actions: compressed 26→20 | Inpainting: True
INFO:b1k.shared.eval_b1k_wrapper:📊 Step 4200 | Task: 32 | Stage: 4/9 | Predictions: 210
INFO:b1k.shared.eval_b1k_wrapper:📊 Step 4300 | Task: 32 | Stage: 4/9 | Predictions: 215
INFO:b1k.shared.eval_b1k_wrapper:🔧 Gripper variation: Compression disabled (mean: 0.2565, max: 0.3143)
INFO:b1k.shared.eval_b1k_wrapper:🔧 Gripper variation: Compression disabled (mean: 0.1124, max: 0.3919)
INFO:b1k.shared.eval_b1k_wrapper:🎯 Prediction #220 | Actions: compressed 26→20 | Inpainting: True
INFO:b1k.shared.eval_b1k_wrapper:⬆️  Stage advanced: 4 → 5 (task 32, step 4380)
INFO:b1k.shared.eval_b1k_wrapper:📊 Step 4400 | Task: 32 | Stage: 5/9 | Predictions: 220
INFO:b1k.shared.eval_b1k_wrapper:🔧 Gripper variation: Compression disabled (mean: 0.0380, max: 0.6010)
INFO:b1k.shared.eval_b1k_wrapper:📊 Step 4500 | Task: 32 | Stage: 5/9 | Predictions: 225
INFO:b1k.shared.eval_b1k_wrapper:🎯 Prediction #230 | Actions: compressed 26→20 | Inpainting: True
INFO:b1k.shared.eval_b1k_wrapper:📊 Step 4600 | Task: 32 | Stage: 5/9 | Predictions: 230
INFO:b1k.shared.eval_b1k_wrapper:⬆️  Stage advanced: 5 → 6 (task 32, step 4600)
INFO:b1k.shared.eval_b1k_wrapper:🔧 Gripper variation: Compression disabled (mean: 0.4708, max: 0.3891)
INFO:b1k.shared.eval_b1k_wrapper:🔧 Gripper variation: Compression disabled (mean: 0.7506, max: 0.5404)
INFO:b1k.shared.eval_b1k_wrapper:📊 Step 4700 | Task: 32 | Stage: 6/9 | Predictions: 235
INFO:b1k.shared.eval_b1k_wrapper:🔧 Gripper variation: Compression disabled (mean: 0.8060, max: 0.5844)
INFO:b1k.shared.eval_b1k_wrapper:🔧 Gripper variation: Compression disabled (mean: 0.6318, max: 0.4780)
INFO:b1k.shared.eval_b1k_wrapper:🎯 Prediction #240 | Actions: compressed 26→20 | Inpainting: True
INFO:b1k.shared.eval_b1k_wrapper:📊 Step 4800 | Task: 32 | Stage: 6/9 | Predictions: 240
INFO:b1k.shared.eval_b1k_wrapper:🔧 Gripper variation: Compression disabled (mean: 0.0335, max: 0.2445)
INFO:b1k.shared.eval_b1k_wrapper:🔧 Gripper variation: Compression disabled (mean: 0.7806, max: 0.5906)
INFO:b1k.shared.eval_b1k_wrapper:📊 Step 4900 | Task: 32 | Stage: 6/9 | Predictions: 245
INFO:b1k.shared.eval_b1k_wrapper:🔧 Gripper variation: Compression disabled (mean: 0.2174, max: 0.0943)
INFO:b1k.shared.eval_b1k_wrapper:🔧 Gripper variation: Compression disabled (mean: 0.3748, max: 0.2363)
INFO:b1k.shared.eval_b1k_wrapper:🎯 Prediction #250 | Actions: uncompressed (20) | Inpainting: True
INFO:b1k.shared.eval_b1k_wrapper:📊 Step 5000 | Task: 32 | Stage: 6/9 | Predictions: 250
INFO:b1k.shared.eval_b1k_wrapper:🔧 Gripper variation: Compression disabled (mean: 0.1347, max: 0.3540)
INFO:b1k.shared.eval_b1k_wrapper:🔧 Gripper variation: Compression disabled (mean: 0.2659, max: 0.1973)
INFO:b1k.shared.eval_b1k_wrapper:📊 Step 5100 | Task: 32 | Stage: 6/9 | Predictions: 255
INFO:b1k.shared.eval_b1k_wrapper:⬆️  Stage advanced: 6 → 7 (task 32, step 5160)
INFO:b1k.shared.eval_b1k_wrapper:🎯 Prediction #260 | Actions: compressed 26→20 | Inpainting: True
INFO:b1k.shared.eval_b1k_wrapper:📊 Step 5200 | Task: 32 | Stage: 7/9 | Predictions: 260
INFO:b1k.shared.eval_b1k_wrapper:🔧 Gripper variation: Compression disabled (mean: 0.2172, max: 0.1490)
INFO:b1k.shared.eval_b1k_wrapper:🔧 Gripper variation: Compression disabled (mean: 0.0893, max: 0.4934)
INFO:b1k.shared.eval_b1k_wrapper:🔧 Gripper variation: Compression disabled (mean: 0.2736, max: 1.3846)
INFO:b1k.shared.eval_b1k_wrapper:📊 Step 5300 | Task: 32 | Stage: 7/9 | Predictions: 265
INFO:b1k.shared.eval_b1k_wrapper:🔧 Gripper variation: Compression disabled (mean: 0.7477, max: 0.4522)
INFO:b1k.shared.eval_b1k_wrapper:🔧 Gripper variation: Compression disabled (mean: 0.3567, max: 0.7510)
INFO:b1k.shared.eval_b1k_wrapper:🔧 Gripper variation: Compression disabled (mean: 0.5714, max: 1.7167)
INFO:b1k.shared.eval_b1k_wrapper:🎯 Prediction #270 | Actions: uncompressed (20) | Inpainting: True
INFO:b1k.shared.eval_b1k_wrapper:📊 Step 5400 | Task: 32 | Stage: 7/9 | Predictions: 270
INFO:b1k.shared.eval_b1k_wrapper:🔧 Gripper variation: Compression disabled (mean: 0.4397, max: 0.2352)
INFO:b1k.shared.eval_b1k_wrapper:🔧 Gripper variation: Compression disabled (mean: 0.0533, max: 0.3459)
INFO:b1k.shared.eval_b1k_wrapper:🔧 Gripper variation: Compression disabled (mean: 0.0423, max: 0.2343)
INFO:b1k.shared.eval_b1k_wrapper:📊 Step 5500 | Task: 32 | Stage: 7/9 | Predictions: 275
INFO:b1k.shared.eval_b1k_wrapper:⬆️  Stage advanced: 7 → 8 (task 32, step 5520)
INFO:b1k.shared.eval_b1k_wrapper:🔧 Gripper variation: Compression disabled (mean: 0.1769, max: 1.1776)
INFO:b1k.shared.eval_b1k_wrapper:🔧 Gripper variation: Compression disabled (mean: 0.1842, max: 1.0834)
INFO:b1k.shared.eval_b1k_wrapper:🎯 Prediction #280 | Actions: compressed 26→20 | Inpainting: True
INFO:b1k.shared.eval_b1k_wrapper:📊 Step 5600 | Task: 32 | Stage: 8/9 | Predictions: 280
INFO:b1k.shared.eval_b1k_wrapper:⬆️  Stage advanced: 8 → 9 (task 32, step 5620)
INFO:b1k.shared.eval_b1k_wrapper:📊 Step 5700 | Task: 32 | Stage: 9/9 | Predictions: 285
INFO:b1k.shared.eval_b1k_wrapper:🔧 Gripper variation: Compression disabled (mean: 0.1979, max: 0.7545)
INFO:b1k.shared.eval_b1k_wrapper:🔧 Gripper variation: Compression disabled (mean: 0.2667, max: 0.3460)
INFO:b1k.shared.eval_b1k_wrapper:🎯 Prediction #290 | Actions: uncompressed (20) | Inpainting: True
INFO:b1k.shared.eval_b1k_wrapper:📊 Step 5800 | Task: 32 | Stage: 9/9 | Predictions: 290
INFO:b1k.shared.eval_b1k_wrapper:🔧 Gripper variation: Compression disabled (mean: 0.9934, max: 0.6642)
INFO:b1k.shared.eval_b1k_wrapper:🔧 Gripper variation: Compression disabled (mean: 0.6388, max: 0.5688)
INFO:b1k.shared.eval_b1k_wrapper:🔧 Gripper variation: Compression disabled (mean: 1.1787, max: 0.3561)
INFO:b1k.shared.eval_b1k_wrapper:🔧 Gripper variation: Compression disabled (mean: 0.1203, max: 0.4677)
INFO:b1k.shared.eval_b1k_wrapper:🔧 Gripper variation: Compression disabled (mean: 0.4629, max: 0.3768)
INFO:b1k.shared.eval_b1k_wrapper:📊 Step 5900 | Task: 32 | Stage: 9/9 | Predictions: 295
INFO:b1k.shared.eval_b1k_wrapper:🔧 Gripper variation: Compression disabled (mean: 0.4048, max: 0.6029)
INFO:b1k.shared.eval_b1k_wrapper:🔧 Gripper variation: Compression disabled (mean: 0.3442, max: 0.6698)
INFO:b1k.shared.eval_b1k_wrapper:🔧 Gripper variation: Compression disabled (mean: 0.0386, max: 0.5508)
INFO:b1k.shared.eval_b1k_wrapper:🎯 Prediction #300 | Actions: compressed 26→20 | Inpainting: True
INFO:b1k.shared.eval_b1k_wrapper:📊 Step 6000 | Task: 32 | Stage: 9/9 | Predictions: 300
INFO:b1k.shared.eval_b1k_wrapper:🔧 Gripper variation: Compression disabled (mean: 0.0603, max: 0.4036)
INFO:b1k.shared.eval_b1k_wrapper:🔧 Gripper variation: Compression disabled (mean: 0.2814, max: 1.9952)
INFO:b1k.shared.eval_b1k_wrapper:🔧 Gripper variation: Compression disabled (mean: 0.1509, max: 0.7369)
INFO:b1k.shared.eval_b1k_wrapper:🔧 Gripper variation: Compression disabled (mean: 0.2416, max: 0.3735)
INFO:b1k.shared.eval_b1k_wrapper:📊 Step 6100 | Task: 32 | Stage: 9/9 | Predictions: 305
INFO:b1k.shared.eval_b1k_wrapper:🔧 Gripper variation: Compression disabled (mean: 0.3292, max: 0.2547)
INFO:b1k.shared.eval_b1k_wrapper:🔧 Gripper variation: Compression disabled (mean: 0.0830, max: 0.3046)
INFO:b1k.shared.eval_b1k_wrapper:🎯 Prediction #310 | Actions: uncompressed (20) | Inpainting: True
INFO:b1k.shared.eval_b1k_wrapper:📊 Step 6200 | Task: 32 | Stage: 9/9 | Predictions: 310
INFO:b1k.shared.eval_b1k_wrapper:🔧 Gripper variation: Compression disabled (mean: 0.3723, max: 0.6537)
INFO:b1k.shared.eval_b1k_wrapper:🔧 Gripper variation: Compression disabled (mean: 0.1074, max: 0.5245)
INFO:b1k.shared.eval_b1k_wrapper:🔧 Gripper variation: Compression disabled (mean: 0.1520, max: 0.2302)
INFO:b1k.shared.eval_b1k_wrapper:📊 Step 6300 | Task: 32 | Stage: 9/9 | Predictions: 315
INFO:b1k.shared.eval_b1k_wrapper:🔧 Gripper variation: Compression disabled (mean: 0.1048, max: 0.4205)
INFO:b1k.shared.eval_b1k_wrapper:🔧 Gripper variation: Compression disabled (mean: 0.1676, max: 0.6025)
INFO:b1k.shared.eval_b1k_wrapper:🔧 Gripper variation: Compression disabled (mean: 0.2853, max: 0.4672)
INFO:b1k.shared.eval_b1k_wrapper:🔧 Gripper variation: Compression disabled (mean: 0.0805, max: 0.5542)
INFO:b1k.shared.eval_b1k_wrapper:🔧 Gripper variation: Compression disabled (mean: 0.2648, max: 0.7076)
INFO:b1k.shared.eval_b1k_wrapper:🎯 Prediction #320 | Actions: uncompressed (20) | Inpainting: True
INFO:b1k.shared.eval_b1k_wrapper:📊 Step 6400 | Task: 32 | Stage: 9/9 | Predictions: 320
INFO:b1k.shared.eval_b1k_wrapper:🔧 Gripper variation: Compression disabled (mean: 0.2494, max: 0.7376)
INFO:b1k.shared.eval_b1k_wrapper:🔧 Gripper variation: Compression disabled (mean: 0.6599, max: 1.0858)
INFO:b1k.shared.eval_b1k_wrapper:🔧 Gripper variation: Compression disabled (mean: 0.6839, max: 0.2745)
INFO:b1k.shared.eval_b1k_wrapper:🔧 Gripper variation: Compression disabled (mean: 0.2771, max: 1.0540)
INFO:b1k.shared.eval_b1k_wrapper:🔧 Gripper variation: Compression disabled (mean: 0.1478, max: 0.6226)
INFO:b1k.shared.eval_b1k_wrapper:📊 Step 6500 | Task: 32 | Stage: 9/9 | Predictions: 325
INFO:b1k.shared.eval_b1k_wrapper:🔧 Gripper variation: Compression disabled (mean: 0.4150, max: 0.3840)
INFO:b1k.shared.eval_b1k_wrapper:🔧 Gripper variation: Compression disabled (mean: 0.4490, max: 1.1013)
INFO:b1k.shared.eval_b1k_wrapper:🔧 Gripper variation: Compression disabled (mean: 0.1221, max: 0.5683)
INFO:b1k.shared.eval_b1k_wrapper:🔧 Gripper variation: Compression disabled (mean: 0.2336, max: 0.1061)
INFO:b1k.shared.eval_b1k_wrapper:🎯 Prediction #330 | Actions: compressed 26→20 | Inpainting: True
INFO:b1k.shared.eval_b1k_wrapper:📊 Step 6600 | Task: 32 | Stage: 9/9 | Predictions: 330
INFO:b1k.shared.eval_b1k_wrapper:🔧 Gripper variation: Compression disabled (mean: 0.2398, max: 0.5790)
INFO:b1k.shared.eval_b1k_wrapper:🔧 Gripper variation: Compression disabled (mean: 0.3770, max: 0.8510)
INFO:b1k.shared.eval_b1k_wrapper:🔧 Gripper variation: Compression disabled (mean: 0.7018, max: 0.6300)
INFO:b1k.shared.eval_b1k_wrapper:📊 Step 6700 | Task: 32 | Stage: 9/9 | Predictions: 335
INFO:b1k.shared.eval_b1k_wrapper:🔧 Gripper variation: Compression disabled (mean: 0.1183, max: 0.7366)
INFO:b1k.shared.eval_b1k_wrapper:🔧 Gripper variation: Compression disabled (mean: 0.2108, max: 0.5704)
INFO:b1k.shared.eval_b1k_wrapper:🔧 Gripper variation: Compression disabled (mean: 0.1321, max: 0.8417)
INFO:b1k.shared.eval_b1k_wrapper:🎯 Prediction #340 | Actions: uncompressed (20) | Inpainting: True
INFO:b1k.shared.eval_b1k_wrapper:📊 Step 6800 | Task: 32 | Stage: 9/9 | Predictions: 340
INFO:b1k.shared.eval_b1k_wrapper:🔧 Gripper variation: Compression disabled (mean: 0.3629, max: 1.0235)
INFO:b1k.shared.eval_b1k_wrapper:🔧 Gripper variation: Compression disabled (mean: 0.5098, max: 0.3536)
INFO:b1k.shared.eval_b1k_wrapper:🔧 Gripper variation: Compression disabled (mean: 0.2919, max: 0.6189)
INFO:b1k.shared.eval_b1k_wrapper:🔧 Gripper variation: Compression disabled (mean: 0.3957, max: 0.7821)
INFO:b1k.shared.eval_b1k_wrapper:🔧 Gripper variation: Compression disabled (mean: 0.2958, max: 1.1061)
INFO:b1k.shared.eval_b1k_wrapper:📊 Step 6900 | Task: 32 | Stage: 9/9 | Predictions: 345
INFO:b1k.shared.eval_b1k_wrapper:🔧 Gripper variation: Compression disabled (mean: 0.3510, max: 0.6331)
INFO:b1k.shared.eval_b1k_wrapper:🔧 Gripper variation: Compression disabled (mean: 0.2835, max: 0.1515)
INFO:b1k.shared.eval_b1k_wrapper:🔧 Gripper variation: Compression disabled (mean: 0.3151, max: 0.2390)
INFO:b1k.shared.eval_b1k_wrapper:🎯 Prediction #350 | Actions: compressed 26→20 | Inpainting: True
INFO:b1k.shared.eval_b1k_wrapper:📊 Step 7000 | Task: 32 | Stage: 9/9 | Predictions: 350
INFO:b1k.shared.eval_b1k_wrapper:🔧 Gripper variation: Compression disabled (mean: 0.1134, max: 0.2728)
INFO:b1k.shared.eval_b1k_wrapper:🔧 Gripper variation: Compression disabled (mean: 0.1856, max: 0.5641)
INFO:b1k.shared.eval_b1k_wrapper:📊 Step 7100 | Task: 32 | Stage: 9/9 | Predictions: 355
INFO:b1k.shared.eval_b1k_wrapper:🔧 Gripper variation: Compression disabled (mean: 0.2100, max: 0.3855)
INFO:b1k.shared.eval_b1k_wrapper:🔧 Gripper variation: Compression disabled (mean: 0.1180, max: 0.2600)
INFO:b1k.shared.eval_b1k_wrapper:🔧 Gripper variation: Compression disabled (mean: 0.1478, max: 0.7192)
INFO:b1k.shared.eval_b1k_wrapper:🔧 Gripper variation: Compression disabled (mean: 0.1895, max: 0.3249)
INFO:b1k.shared.eval_b1k_wrapper:🎯 Prediction #360 | Actions: uncompressed (20) | Inpainting: True
INFO:b1k.shared.eval_b1k_wrapper:📊 Step 7200 | Task: 32 | Stage: 9/9 | Predictions: 360
INFO:b1k.shared.eval_b1k_wrapper:🔧 Gripper variation: Compression disabled (mean: 0.1487, max: 0.2854)
INFO:b1k.shared.eval_b1k_wrapper:🔧 Gripper variation: Compression disabled (mean: 0.2180, max: 0.6674)
INFO:b1k.shared.eval_b1k_wrapper:🔧 Gripper variation: Compression disabled (mean: 0.0912, max: 0.2940)
INFO:b1k.shared.eval_b1k_wrapper:🔧 Gripper variation: Compression disabled (mean: 0.0874, max: 0.5347)
INFO:b1k.shared.eval_b1k_wrapper:📊 Step 7300 | Task: 32 | Stage: 9/9 | Predictions: 365
INFO:b1k.shared.eval_b1k_wrapper:🔧 Gripper variation: Compression disabled (mean: 0.2214, max: 0.0680)
INFO:b1k.shared.eval_b1k_wrapper:🔧 Gripper variation: Compression disabled (mean: 0.0335, max: 0.4971)
INFO:b1k.shared.eval_b1k_wrapper:🔧 Gripper variation: Compression disabled (mean: 0.2547, max: 0.4266)
INFO:b1k.shared.eval_b1k_wrapper:🎯 Prediction #370 | Actions: uncompressed (20) | Inpainting: True
INFO:b1k.shared.eval_b1k_wrapper:📊 Step 7400 | Task: 32 | Stage: 9/9 | Predictions: 370
INFO:b1k.shared.eval_b1k_wrapper:🔧 Gripper variation: Compression disabled (mean: 0.3268, max: 0.7444)
INFO:b1k.shared.eval_b1k_wrapper:🔧 Gripper variation: Compression disabled (mean: 0.1714, max: 0.2120)
INFO:b1k.shared.eval_b1k_wrapper:🔧 Gripper variation: Compression disabled (mean: 0.1403, max: 0.2279)
INFO:b1k.shared.eval_b1k_wrapper:🔧 Gripper variation: Compression disabled (mean: 0.2382, max: 0.2217)
INFO:b1k.shared.eval_b1k_wrapper:📊 Step 7500 | Task: 32 | Stage: 9/9 | Predictions: 375
INFO:b1k.shared.eval_b1k_wrapper:🔧 Gripper variation: Compression disabled (mean: 0.0899, max: 0.3050)
INFO:b1k.shared.eval_b1k_wrapper:🔧 Gripper variation: Compression disabled (mean: 0.0999, max: 0.5286)
INFO:b1k.shared.eval_b1k_wrapper:🔧 Gripper variation: Compression disabled (mean: 0.2046, max: 0.0598)
INFO:b1k.shared.eval_b1k_wrapper:🎯 Prediction #380 | Actions: uncompressed (20) | Inpainting: True
INFO:b1k.shared.eval_b1k_wrapper:📊 Step 7600 | Task: 32 | Stage: 9/9 | Predictions: 380
INFO:b1k.shared.eval_b1k_wrapper:🔧 Gripper variation: Compression disabled (mean: 0.0680, max: 0.3237)
INFO:b1k.shared.eval_b1k_wrapper:📊 Step 7700 | Task: 32 | Stage: 9/9 | Predictions: 385
INFO:b1k.shared.eval_b1k_wrapper:🔧 Gripper variation: Compression disabled (mean: 0.1669, max: 0.2605)
INFO:b1k.shared.eval_b1k_wrapper:🔧 Gripper variation: Compression disabled (mean: 0.0388, max: 0.3701)
INFO:b1k.shared.eval_b1k_wrapper:🎯 Prediction #390 | Actions: compressed 26→20 | Inpainting: True
INFO:b1k.shared.eval_b1k_wrapper:📊 Step 7800 | Task: 32 | Stage: 9/9 | Predictions: 390
INFO:b1k.shared.eval_b1k_wrapper:🔧 Gripper variation: Compression disabled (mean: 0.1489, max: 0.6216)
INFO:b1k.shared.eval_b1k_wrapper:🔧 Gripper variation: Compression disabled (mean: 0.1706, max: 0.6812)
INFO:b1k.shared.eval_b1k_wrapper:📊 Step 7900 | Task: 32 | Stage: 9/9 | Predictions: 395
INFO:b1k.shared.eval_b1k_wrapper:🔧 Gripper variation: Compression disabled (mean: 0.1583, max: 0.8081)
INFO:b1k.shared.eval_b1k_wrapper:🔧 Gripper variation: Compression disabled (mean: 0.3811, max: 0.6455)
INFO:b1k.shared.eval_b1k_wrapper:🔧 Gripper variation: Compression disabled (mean: 0.2334, max: 0.1565)
INFO:b1k.shared.eval_b1k_wrapper:🔧 Gripper variation: Compression disabled (mean: 0.0407, max: 0.3099)
INFO:b1k.shared.eval_b1k_wrapper:🔧 Gripper variation: Compression disabled (mean: 0.2531, max: 0.5270)
INFO:b1k.shared.eval_b1k_wrapper:🎯 Prediction #400 | Actions: uncompressed (20) | Inpainting: True
INFO:b1k.shared.eval_b1k_wrapper:📊 Step 8000 | Task: 32 | Stage: 9/9 | Predictions: 400
INFO:b1k.shared.eval_b1k_wrapper:🔧 Gripper variation: Compression disabled (mean: 0.4236, max: 0.6100)
INFO:b1k.shared.eval_b1k_wrapper:🔧 Gripper variation: Compression disabled (mean: 0.3487, max: 0.3629)
INFO:b1k.shared.eval_b1k_wrapper:🔧 Gripper variation: Compression disabled (mean: 0.3051, max: 0.6256)
INFO:b1k.shared.eval_b1k_wrapper:🔧 Gripper variation: Compression disabled (mean: 0.1899, max: 0.5349)
INFO:b1k.shared.eval_b1k_wrapper:📊 Step 8100 | Task: 32 | Stage: 9/9 | Predictions: 405
INFO:b1k.shared.eval_b1k_wrapper:🔧 Gripper variation: Compression disabled (mean: 0.1036, max: 0.4951)
INFO:b1k.shared.eval_b1k_wrapper:🔧 Gripper variation: Compression disabled (mean: 0.3856, max: 0.8571)
INFO:b1k.shared.eval_b1k_wrapper:🔧 Gripper variation: Compression disabled (mean: 0.0411, max: 0.2918)
INFO:b1k.shared.eval_b1k_wrapper:🔧 Gripper variation: Compression disabled (mean: 0.1668, max: 1.0831)
INFO:b1k.shared.eval_b1k_wrapper:🎯 Prediction #410 | Actions: uncompressed (20) | Inpainting: True
INFO:b1k.shared.eval_b1k_wrapper:📊 Step 8200 | Task: 32 | Stage: 9/9 | Predictions: 410
INFO:b1k.shared.eval_b1k_wrapper:🔧 Gripper variation: Compression disabled (mean: 0.2031, max: 0.6527)
INFO:b1k.shared.eval_b1k_wrapper:🔧 Gripper variation: Compression disabled (mean: 0.3148, max: 1.3170)
INFO:b1k.shared.eval_b1k_wrapper:🔧 Gripper variation: Compression disabled (mean: 0.4008, max: 0.8436)
INFO:b1k.shared.eval_b1k_wrapper:🔧 Gripper variation: Compression disabled (mean: 0.3845, max: 1.0290)
INFO:b1k.shared.eval_b1k_wrapper:🔧 Gripper variation: Compression disabled (mean: 0.1537, max: 0.5708)
INFO:b1k.shared.eval_b1k_wrapper:📊 Step 8300 | Task: 32 | Stage: 9/9 | Predictions: 415
INFO:b1k.shared.eval_b1k_wrapper:🔧 Gripper variation: Compression disabled (mean: 0.4188, max: 0.6438)
INFO:b1k.shared.eval_b1k_wrapper:🔧 Gripper variation: Compression disabled (mean: 0.1024, max: 0.6307)
INFO:b1k.shared.eval_b1k_wrapper:🔧 Gripper variation: Compression disabled (mean: 0.2146, max: 0.3015)
INFO:b1k.shared.eval_b1k_wrapper:🔧 Gripper variation: Compression disabled (mean: 0.4859, max: 0.9555)
INFO:b1k.shared.eval_b1k_wrapper:🔧 Gripper variation: Compression disabled (mean: 0.4449, max: 1.0020)
INFO:b1k.shared.eval_b1k_wrapper:🎯 Prediction #420 | Actions: uncompressed (20) | Inpainting: True
INFO:b1k.shared.eval_b1k_wrapper:📊 Step 8400 | Task: 32 | Stage: 9/9 | Predictions: 420
INFO:b1k.shared.eval_b1k_wrapper:🔧 Gripper variation: Compression disabled (mean: 0.5992, max: 0.9250)
INFO:b1k.shared.eval_b1k_wrapper:🔧 Gripper variation: Compression disabled (mean: 0.3774, max: 1.1023)
INFO:b1k.shared.eval_b1k_wrapper:🔧 Gripper variation: Compression disabled (mean: 0.1356, max: 0.3444)
INFO:b1k.shared.eval_b1k_wrapper:🔧 Gripper variation: Compression disabled (mean: 0.2618, max: 0.9065)
INFO:b1k.shared.eval_b1k_wrapper:🔧 Gripper variation: Compression disabled (mean: 0.1350, max: 0.6848)
INFO:b1k.shared.eval_b1k_wrapper:📊 Step 8500 | Task: 32 | Stage: 9/9 | Predictions: 425
INFO:b1k.shared.eval_b1k_wrapper:🔧 Gripper variation: Compression disabled (mean: 0.2862, max: 0.3754)
INFO:b1k.shared.eval_b1k_wrapper:🔧 Gripper variation: Compression disabled (mean: 0.3165, max: 0.8043)
INFO:b1k.shared.eval_b1k_wrapper:🔧 Gripper variation: Compression disabled (mean: 0.4351, max: 1.2411)
INFO:b1k.shared.eval_b1k_wrapper:🔧 Gripper variation: Compression disabled (mean: 0.3259, max: 0.9345)
INFO:b1k.shared.eval_b1k_wrapper:🔧 Gripper variation: Compression disabled (mean: 0.2409, max: 0.9702)
INFO:b1k.shared.eval_b1k_wrapper:🎯 Prediction #430 | Actions: uncompressed (20) | Inpainting: True
INFO:b1k.shared.eval_b1k_wrapper:📊 Step 8600 | Task: 32 | Stage: 9/9 | Predictions: 430
INFO:b1k.shared.eval_b1k_wrapper:🔧 Gripper variation: Compression disabled (mean: 0.3077, max: 0.0810)
INFO:b1k.shared.eval_b1k_wrapper:🔧 Gripper variation: Compression disabled (mean: 0.2553, max: 0.4935)
INFO:b1k.shared.eval_b1k_wrapper:📊 Step 8700 | Task: 32 | Stage: 9/9 | Predictions: 435
INFO:b1k.shared.eval_b1k_wrapper:🔧 Gripper variation: Compression disabled (mean: 0.2964, max: 0.1167)
INFO:b1k.shared.eval_b1k_wrapper:🔧 Gripper variation: Compression disabled (mean: 0.1153, max: 0.5065)
INFO:b1k.shared.eval_b1k_wrapper:🔧 Gripper variation: Compression disabled (mean: 0.2023, max: 0.8389)
INFO:b1k.shared.eval_b1k_wrapper:🔧 Gripper variation: Compression disabled (mean: 0.7036, max: 0.6051)
INFO:b1k.shared.eval_b1k_wrapper:🎯 Prediction #440 | Actions: uncompressed (20) | Inpainting: True
INFO:b1k.shared.eval_b1k_wrapper:📊 Step 8800 | Task: 32 | Stage: 9/9 | Predictions: 440
INFO:b1k.shared.eval_b1k_wrapper:🔧 Gripper variation: Compression disabled (mean: 0.2402, max: 0.6071)
INFO:b1k.shared.eval_b1k_wrapper:🔧 Gripper variation: Compression disabled (mean: 0.1324, max: 0.7751)
INFO:b1k.shared.eval_b1k_wrapper:🔧 Gripper variation: Compression disabled (mean: 0.6836, max: 0.4497)
INFO:b1k.shared.eval_b1k_wrapper:🔧 Gripper variation: Compression disabled (mean: 0.1872, max: 0.2064)
INFO:b1k.shared.eval_b1k_wrapper:📊 Step 8900 | Task: 32 | Stage: 9/9 | Predictions: 445
INFO:b1k.shared.eval_b1k_wrapper:🔧 Gripper variation: Compression disabled (mean: 0.0727, max: 0.3324)
INFO:b1k.shared.eval_b1k_wrapper:🔧 Gripper variation: Compression disabled (mean: 0.1429, max: 0.6683)
INFO:b1k.shared.eval_b1k_wrapper:🔧 Gripper variation: Compression disabled (mean: 0.1825, max: 0.7433)
INFO:b1k.shared.eval_b1k_wrapper:🔧 Gripper variation: Compression disabled (mean: 0.1364, max: 0.3819)
INFO:b1k.shared.eval_b1k_wrapper:🎯 Prediction #450 | Actions: uncompressed (20) | Inpainting: True
INFO:b1k.shared.eval_b1k_wrapper:📊 Step 9000 | Task: 32 | Stage: 9/9 | Predictions: 450
INFO:b1k.shared.eval_b1k_wrapper:🔧 Gripper variation: Compression disabled (mean: 0.1128, max: 0.4961)
INFO:b1k.shared.eval_b1k_wrapper:🔧 Gripper variation: Compression disabled (mean: 0.0981, max: 0.2259)
INFO:b1k.shared.eval_b1k_wrapper:📊 Step 9100 | Task: 32 | Stage: 9/9 | Predictions: 455
INFO:b1k.shared.eval_b1k_wrapper:🔧 Gripper variation: Compression disabled (mean: 0.1622, max: 1.9809)
INFO:b1k.shared.eval_b1k_wrapper:🔧 Gripper variation: Compression disabled (mean: 0.1392, max: 0.2897)
INFO:b1k.shared.eval_b1k_wrapper:🔧 Gripper variation: Compression disabled (mean: 0.2674, max: 0.1461)
INFO:b1k.shared.eval_b1k_wrapper:🎯 Prediction #460 | Actions: uncompressed (20) | Inpainting: True
INFO:b1k.shared.eval_b1k_wrapper:📊 Step 9200 | Task: 32 | Stage: 9/9 | Predictions: 460
INFO:b1k.shared.eval_b1k_wrapper:🔧 Gripper variation: Compression disabled (mean: 0.0865, max: 0.4194)
INFO:b1k.shared.eval_b1k_wrapper:📊 Step 9300 | Task: 32 | Stage: 9/9 | Predictions: 465
INFO:b1k.shared.eval_b1k_wrapper:🔧 Gripper variation: Compression disabled (mean: 0.2972, max: 0.8068)
INFO:b1k.shared.eval_b1k_wrapper:🔧 Gripper variation: Compression disabled (mean: 0.2920, max: 0.4144)
INFO:b1k.shared.eval_b1k_wrapper:🔧 Gripper variation: Compression disabled (mean: 0.1067, max: 0.2170)
INFO:b1k.shared.eval_b1k_wrapper:🔧 Gripper variation: Compression disabled (mean: 0.0821, max: 0.4618)
INFO:b1k.shared.eval_b1k_wrapper:🔧 Gripper variation: Compression disabled (mean: 0.1196, max: 0.2838)
INFO:b1k.shared.eval_b1k_wrapper:🎯 Prediction #470 | Actions: uncompressed (20) | Inpainting: True
INFO:b1k.shared.eval_b1k_wrapper:📊 Step 9400 | Task: 32 | Stage: 9/9 | Predictions: 470
INFO:b1k.shared.eval_b1k_wrapper:🔧 Gripper variation: Compression disabled (mean: 0.1079, max: 1.7037)
INFO:b1k.shared.eval_b1k_wrapper:🔧 Gripper variation: Compression disabled (mean: 0.2350, max: 0.5746)
INFO:b1k.shared.eval_b1k_wrapper:🔧 Gripper variation: Compression disabled (mean: 0.2628, max: 0.7821)
INFO:b1k.shared.eval_b1k_wrapper:🔧 Gripper variation: Compression disabled (mean: 0.0379, max: 0.6384)
INFO:b1k.shared.eval_b1k_wrapper:📊 Step 9500 | Task: 32 | Stage: 9/9 | Predictions: 475
INFO:b1k.shared.eval_b1k_wrapper:🔧 Gripper variation: Compression disabled (mean: 0.1898, max: 0.6259)
INFO:b1k.shared.eval_b1k_wrapper:🔧 Gripper variation: Compression disabled (mean: 0.0456, max: 0.3907)
INFO:b1k.shared.eval_b1k_wrapper:🔧 Gripper variation: Compression disabled (mean: 0.1068, max: 0.4725)
INFO:b1k.shared.eval_b1k_wrapper:🔧 Gripper variation: Compression disabled (mean: 0.4707, max: 0.3641)
INFO:b1k.shared.eval_b1k_wrapper:🔧 Gripper variation: Compression disabled (mean: 0.0637, max: 1.0222)
INFO:b1k.shared.eval_b1k_wrapper:🎯 Prediction #480 | Actions: uncompressed (20) | Inpainting: True
INFO:b1k.shared.eval_b1k_wrapper:📊 Step 9600 | Task: 32 | Stage: 9/9 | Predictions: 480
INFO:b1k.shared.eval_b1k_wrapper:🔧 Gripper variation: Compression disabled (mean: 0.7707, max: 0.9170)
INFO:b1k.shared.eval_b1k_wrapper:🔧 Gripper variation: Compression disabled (mean: 0.3844, max: 0.6392)
INFO:b1k.shared.eval_b1k_wrapper:🔧 Gripper variation: Compression disabled (mean: 0.5034, max: 0.7893)
INFO:b1k.shared.eval_b1k_wrapper:🔧 Gripper variation: Compression disabled (mean: 0.1518, max: 0.2197)
INFO:b1k.shared.eval_b1k_wrapper:🔧 Gripper variation: Compression disabled (mean: 0.1764, max: 0.2432)
INFO:b1k.shared.eval_b1k_wrapper:📊 Step 9700 | Task: 32 | Stage: 9/9 | Predictions: 485
INFO:b1k.shared.eval_b1k_wrapper:🔧 Gripper variation: Compression disabled (mean: 0.4082, max: 0.5251)
INFO:b1k.shared.eval_b1k_wrapper:🔧 Gripper variation: Compression disabled (mean: 0.5204, max: 0.9457)
INFO:b1k.shared.eval_b1k_wrapper:🔧 Gripper variation: Compression disabled (mean: 0.2591, max: 0.9682)
INFO:b1k.shared.eval_b1k_wrapper:🎯 Prediction #490 | Actions: uncompressed (20) | Inpainting: True
INFO:b1k.shared.eval_b1k_wrapper:📊 Step 9800 | Task: 32 | Stage: 9/9 | Predictions: 490
INFO:b1k.shared.eval_b1k_wrapper:🔧 Gripper variation: Compression disabled (mean: 0.1944, max: 0.9520)
INFO:b1k.shared.eval_b1k_wrapper:🔧 Gripper variation: Compression disabled (mean: 0.5841, max: 0.9710)
INFO:b1k.shared.eval_b1k_wrapper:🔧 Gripper variation: Compression disabled (mean: 0.3860, max: 1.9722)
INFO:b1k.shared.eval_b1k_wrapper:🔧 Gripper variation: Compression disabled (mean: 0.2167, max: 0.3449)
INFO:b1k.shared.eval_b1k_wrapper:🔧 Gripper variation: Compression disabled (mean: 0.3996, max: 0.4615)
INFO:b1k.shared.eval_b1k_wrapper:📊 Step 9900 | Task: 32 | Stage: 9/9 | Predictions: 495
INFO:b1k.shared.eval_b1k_wrapper:🔧 Gripper variation: Compression disabled (mean: 0.2322, max: 0.0266)
INFO:b1k.shared.eval_b1k_wrapper:🔧 Gripper variation: Compression disabled (mean: 0.0443, max: 0.2060)
INFO:b1k.shared.eval_b1k_wrapper:🎯 Prediction #500 | Actions: compressed 26→20 | Inpainting: True
INFO:b1k.shared.eval_b1k_wrapper:📊 Step 10000 | Task: 32 | Stage: 9/9 | Predictions: 500
INFO:b1k.shared.eval_b1k_wrapper:🔧 Gripper variation: Compression disabled (mean: 0.5640, max: 0.3918)
INFO:b1k.shared.eval_b1k_wrapper:🔧 Gripper variation: Compression disabled (mean: 0.3105, max: 0.5520)
INFO:b1k.shared.eval_b1k_wrapper:🔧 Gripper variation: Compression disabled (mean: 0.2503, max: 0.2679)
INFO:b1k.shared.eval_b1k_wrapper:🔧 Gripper variation: Compression disabled (mean: 0.4556, max: 0.7240)
INFO:b1k.shared.eval_b1k_wrapper:📊 Step 10100 | Task: 32 | Stage: 9/9 | Predictions: 505
INFO:b1k.shared.eval_b1k_wrapper:🎯 Prediction #510 | Actions: compressed 26→20 | Inpainting: True
INFO:b1k.shared.eval_b1k_wrapper:📊 Step 10200 | Task: 32 | Stage: 9/9 | Predictions: 510
INFO:b1k.shared.eval_b1k_wrapper:📊 Step 10300 | Task: 32 | Stage: 9/9 | Predictions: 515
INFO:b1k.shared.eval_b1k_wrapper:🎯 Prediction #520 | Actions: compressed 26→20 | Inpainting: True
INFO:b1k.shared.eval_b1k_wrapper:📊 Step 10400 | Task: 32 | Stage: 9/9 | Predictions: 520
INFO:b1k.shared.eval_b1k_wrapper:🔧 Gripper variation: Compression disabled (mean: 0.2003, max: 0.4773)
INFO:b1k.shared.eval_b1k_wrapper:🔧 Gripper variation: Compression disabled (mean: 0.1340, max: 0.3044)
INFO:b1k.shared.eval_b1k_wrapper:📊 Step 10500 | Task: 32 | Stage: 9/9 | Predictions: 525
INFO:b1k.shared.eval_b1k_wrapper:🔧 Gripper variation: Compression disabled (mean: 0.4888, max: 0.1584)
INFO:b1k.shared.eval_b1k_wrapper:🔧 Gripper variation: Compression disabled (mean: 0.1697, max: 0.8820)
INFO:b1k.shared.eval_b1k_wrapper:🔧 Gripper variation: Compression disabled (mean: 0.2809, max: 0.8631)
INFO:b1k.shared.eval_b1k_wrapper:🔧 Gripper variation: Compression disabled (mean: 0.3370, max: 0.2161)
INFO:b1k.shared.eval_b1k_wrapper:🔧 Gripper variation: Compression disabled (mean: 0.2540, max: 0.3585)
INFO:b1k.shared.eval_b1k_wrapper:🎯 Prediction #530 | Actions: uncompressed (20) | Inpainting: True
INFO:b1k.shared.eval_b1k_wrapper:📊 Step 10600 | Task: 32 | Stage: 9/9 | Predictions: 530
INFO:b1k.shared.eval_b1k_wrapper:🔧 Gripper variation: Compression disabled (mean: 0.2239, max: 0.1715)
INFO:b1k.shared.eval_b1k_wrapper:🔧 Gripper variation: Compression disabled (mean: 0.5112, max: 0.7927)
INFO:b1k.shared.eval_b1k_wrapper:🔧 Gripper variation: Compression disabled (mean: 0.5728, max: 0.6672)
INFO:b1k.shared.eval_b1k_wrapper:🔧 Gripper variation: Compression disabled (mean: 0.3181, max: 0.2467)
INFO:b1k.shared.eval_b1k_wrapper:📊 Step 10700 | Task: 32 | Stage: 9/9 | Predictions: 535
INFO:b1k.shared.eval_b1k_wrapper:🔧 Gripper variation: Compression disabled (mean: 0.2708, max: 0.4622)
INFO:b1k.shared.eval_b1k_wrapper:🔧 Gripper variation: Compression disabled (mean: 0.2597, max: 0.3801)
INFO:b1k.shared.eval_b1k_wrapper:🔧 Gripper variation: Compression disabled (mean: 0.4251, max: 0.7163)
INFO:b1k.shared.eval_b1k_wrapper:🔧 Gripper variation: Compression disabled (mean: 0.5940, max: 0.6630)
INFO:b1k.shared.eval_b1k_wrapper:🎯 Prediction #540 | Actions: uncompressed (20) | Inpainting: True
INFO:b1k.shared.eval_b1k_wrapper:📊 Step 10800 | Task: 32 | Stage: 9/9 | Predictions: 540
INFO:b1k.shared.eval_b1k_wrapper:🔧 Gripper variation: Compression disabled (mean: 0.4592, max: 0.5774)
INFO:b1k.shared.eval_b1k_wrapper:🔧 Gripper variation: Compression disabled (mean: 0.1525, max: 0.3707)
INFO:b1k.shared.eval_b1k_wrapper:🔧 Gripper variation: Compression disabled (mean: 0.0825, max: 0.7626)
INFO:b1k.shared.eval_b1k_wrapper:🔧 Gripper variation: Compression disabled (mean: 0.2108, max: 0.5979)
INFO:b1k.shared.eval_b1k_wrapper:🔧 Gripper variation: Compression disabled (mean: 0.2745, max: 0.4454)
INFO:b1k.shared.eval_b1k_wrapper:📊 Step 10900 | Task: 32 | Stage: 9/9 | Predictions: 545
INFO:b1k.shared.eval_b1k_wrapper:🔧 Gripper variation: Compression disabled (mean: 0.0956, max: 0.2665)
INFO:b1k.shared.eval_b1k_wrapper:🔧 Gripper variation: Compression disabled (mean: 0.3368, max: 0.4996)
INFO:b1k.shared.eval_b1k_wrapper:🔧 Gripper variation: Compression disabled (mean: 0.0471, max: 0.4893)
INFO:b1k.shared.eval_b1k_wrapper:🎯 Prediction #550 | Actions: compressed 26→20 | Inpainting: True
INFO:b1k.shared.eval_b1k_wrapper:📊 Step 11000 | Task: 32 | Stage: 9/9 | Predictions: 550
INFO:b1k.shared.eval_b1k_wrapper:🔧 Gripper variation: Compression disabled (mean: 0.4071, max: 0.1181)
INFO:b1k.shared.eval_b1k_wrapper:🔧 Gripper variation: Compression disabled (mean: 0.3940, max: 0.3405)
INFO:b1k.shared.eval_b1k_wrapper:📊 Step 11100 | Task: 32 | Stage: 9/9 | Predictions: 555
INFO:b1k.shared.eval_b1k_wrapper:🎯 Prediction #560 | Actions: compressed 26→20 | Inpainting: True
INFO:b1k.shared.eval_b1k_wrapper:📊 Step 11200 | Task: 32 | Stage: 9/9 | Predictions: 560
INFO:b1k.shared.eval_b1k_wrapper:📊 Step 11300 | Task: 32 | Stage: 9/9 | Predictions: 565
INFO:b1k.shared.eval_b1k_wrapper:🔧 Gripper variation: Compression disabled (mean: 0.5112, max: 0.5750)
INFO:b1k.shared.eval_b1k_wrapper:🎯 Prediction #570 | Actions: uncompressed (20) | Inpainting: True
INFO:b1k.shared.eval_b1k_wrapper:📊 Step 11400 | Task: 32 | Stage: 9/9 | Predictions: 570
INFO:b1k.shared.eval_b1k_wrapper:🔧 Gripper variation: Compression disabled (mean: 0.5787, max: 0.4805)
INFO:b1k.shared.eval_b1k_wrapper:🔧 Gripper variation: Compression disabled (mean: 0.3595, max: 0.3831)
INFO:b1k.shared.eval_b1k_wrapper:🔧 Gripper variation: Compression disabled (mean: 0.5397, max: 0.5254)
INFO:b1k.shared.eval_b1k_wrapper:📊 Step 11500 | Task: 32 | Stage: 9/9 | Predictions: 575
INFO:b1k.shared.eval_b1k_wrapper:🔧 Gripper variation: Compression disabled (mean: 0.2543, max: 0.0976)
INFO:b1k.shared.eval_b1k_wrapper:🎯 Prediction #580 | Actions: uncompressed (20) | Inpainting: True
INFO:b1k.shared.eval_b1k_wrapper:📊 Step 11600 | Task: 32 | Stage: 9/9 | Predictions: 580
INFO:b1k.shared.eval_b1k_wrapper:🔧 Gripper variation: Compression disabled (mean: 0.3583, max: 0.2435)
INFO:b1k.shared.eval_b1k_wrapper:🔧 Gripper variation: Compression disabled (mean: 0.5012, max: 0.5844)
INFO:b1k.shared.eval_b1k_wrapper:🔧 Gripper variation: Compression disabled (mean: 0.9142, max: 0.6083)
INFO:b1k.shared.eval_b1k_wrapper:🔧 Gripper variation: Compression disabled (mean: 0.6662, max: 0.1546)
INFO:b1k.shared.eval_b1k_wrapper:📊 Step 11700 | Task: 32 | Stage: 9/9 | Predictions: 585
INFO:b1k.shared.eval_b1k_wrapper:🔧 Gripper variation: Compression disabled (mean: 0.6015, max: 0.3310)
INFO:b1k.shared.eval_b1k_wrapper:🔧 Gripper variation: Compression disabled (mean: 0.4238, max: 0.3429)
INFO:b1k.shared.eval_b1k_wrapper:🔧 Gripper variation: Compression disabled (mean: 0.0711, max: 0.5669)
INFO:b1k.shared.eval_b1k_wrapper:🔧 Gripper variation: Compression disabled (mean: 0.6742, max: 0.7483)
INFO:b1k.shared.eval_b1k_wrapper:🔧 Gripper variation: Compression disabled (mean: 0.6129, max: 1.9670)
INFO:b1k.shared.eval_b1k_wrapper:🎯 Prediction #590 | Actions: uncompressed (20) | Inpainting: True
INFO:b1k.shared.eval_b1k_wrapper:📊 Step 11800 | Task: 32 | Stage: 9/9 | Predictions: 590
INFO:b1k.shared.eval_b1k_wrapper:🔧 Gripper variation: Compression disabled (mean: 0.4479, max: 0.7939)
INFO:b1k.shared.eval_b1k_wrapper:🔧 Gripper variation: Compression disabled (mean: 0.5610, max: 0.9974)
INFO:b1k.shared.eval_b1k_wrapper:🔧 Gripper variation: Compression disabled (mean: 0.2947, max: 0.4772)
INFO:b1k.shared.eval_b1k_wrapper:🔧 Gripper variation: Compression disabled (mean: 0.4371, max: 0.3767)
INFO:b1k.shared.eval_b1k_wrapper:🔧 Gripper variation: Compression disabled (mean: 0.6448, max: 0.4501)
INFO:b1k.shared.eval_b1k_wrapper:📊 Step 11900 | Task: 32 | Stage: 9/9 | Predictions: 595
INFO:b1k.shared.eval_b1k_wrapper:🔧 Gripper variation: Compression disabled (mean: 0.6612, max: 1.2204)
INFO:b1k.shared.eval_b1k_wrapper:🔧 Gripper variation: Compression disabled (mean: 0.2463, max: 1.2849)
INFO:b1k.shared.eval_b1k_wrapper:🔧 Gripper variation: Compression disabled (mean: 0.1849, max: 0.2282)
INFO:b1k.shared.eval_b1k_wrapper:🔧 Gripper variation: Compression disabled (mean: 0.2321, max: 0.0693)
INFO:b1k.shared.eval_b1k_wrapper:🎯 Prediction #600 | Actions: uncompressed (20) | Inpainting: True
INFO:b1k.shared.eval_b1k_wrapper:📊 Step 12000 | Task: 32 | Stage: 9/9 | Predictions: 600
INFO:b1k.shared.eval_b1k_wrapper:🔧 Gripper variation: Compression disabled (mean: 0.1522, max: 0.2709)
INFO:b1k.shared.eval_b1k_wrapper:📊 Step 12100 | Task: 32 | Stage: 9/9 | Predictions: 605
INFO:b1k.shared.eval_b1k_wrapper:🎯 Prediction #610 | Actions: compressed 26→20 | Inpainting: True
INFO:b1k.shared.eval_b1k_wrapper:📊 Step 12200 | Task: 32 | Stage: 9/9 | Predictions: 610
INFO:b1k.shared.eval_b1k_wrapper:📊 Step 12300 | Task: 32 | Stage: 9/9 | Predictions: 615
INFO:b1k.shared.eval_b1k_wrapper:🎯 Prediction #620 | Actions: compressed 26→20 | Inpainting: True
INFO:b1k.shared.eval_b1k_wrapper:📊 Step 12400 | Task: 32 | Stage: 9/9 | Predictions: 620
INFO:b1k.shared.eval_b1k_wrapper:📊 Step 12500 | Task: 32 | Stage: 9/9 | Predictions: 625
INFO:websockets.server:connection closed
INFO:omnigibson.learning.utils.network_utils:Connection from ('127.0.0.1', 49814) closed
