INFO:2026-10-05 03:06:50,142:jax._src.xla_bridge:925: Unable to initialize backend 'rocm': module 'jaxlib.xla_extension' has no attribute 'GpuAllocatorConfig'
INFO:jax._src.xla_bridge:Unable to initialize backend 'rocm': module 'jaxlib.xla_extension' has no attribute 'GpuAllocatorConfig'
INFO:2026-10-05 03:06:50,143:jax._src.xla_bridge:925: Unable to initialize backend 'tpu': INTERNAL: Failed to open libtpu.so: libtpu.so: cannot open shared object file: No such file or directory
INFO:jax._src.xla_bridge:Unable to initialize backend 'tpu': INTERNAL: Failed to open libtpu.so: libtpu.so: cannot open shared object file: No such file or directory
INFO:absl:orbax-checkpoint version: 0.11.13
INFO:absl:Created BasePyTreeCheckpointHandler: use_ocdbt=True, use_zarr3=False, pytree_metadata_options=PyTreeMetadataOptions(support_rich_types=False), array_metadata_store=<orbax.checkpoint._src.metadata.array_metadata_store.Store object at 0x7d977ad27490>
INFO:absl:Restoring checkpoint from /workspace/checkpoints/ckpt3-10k/params.
INFO:absl:[thread=MainThread] Failed to get flag value for EXPERIMENTAL_ORBAX_USE_DISTRIBUTED_PROCESS_ID.
INFO:absl:[process=0] /jax/checkpoint/read/bytes_per_sec: 528.7 MiB/s (total bytes: 6.3 GiB) (time elapsed: 12 seconds) (per-host)
INFO:absl:Finished restoring checkpoint in 12.29 seconds from /workspace/checkpoints/ckpt3-10k/params.
INFO:b1k:FAST auxiliary enabled, vocab_size=1024
INFO:root:Loaded norm stats from /workspace/checkpoints/ckpt3-10k/assets/behavior-1k/2026-challenge-demos
INFO:root:Loaded norm stats from /workspace/checkpoints/ckpt3-10k/assets/behavior-1k/2026-challenge-demos
INFO:root:Loaded norm stats from /workspace/checkpoints/ckpt3-10k/assets/behavior-1k/2026-challenge-demos
INFO:b1k:Successfully accessed correlation matrix via attribute access
INFO:b1k:Applying shrinkage regularization with beta=0.50
INFO:b1k:✓ Loaded correlation matrix with shape (960, 960) (beta=0.50 shrinkage applied)
INFO:b1k:  Memory usage: 3.52 MB
INFO:root:Loaded correlation matrix for inference
INFO:omnigibson.learning.utils.network_utils:Starting websocket server on 127.0.0.1:8000...
INFO:websockets.server:server listening on 127.0.0.1:8000
INFO:websockets.server:HTTP response sent (200 OK)
INFO:websockets.server:connection closed
INFO:websockets.server:HTTP response sent (200 OK)
INFO:websockets.server:connection closed
INFO:websockets.server:connection open
INFO:omnigibson.learning.utils.network_utils:Connection from ('127.0.0.1', 55032) opened
INFO:b1k.shared.eval_b1k_wrapper:Policy reset - Task ID: 31, Action horizon: 30
INFO:root:2026 observation shapes: {'robot_r1::robot_r1:left_realsense_link:Camera:0::depth_linear': (480, 480), 'robot_r1::robot_r1:left_realsense_link:Camera:0::rgb': (480, 480, 4), 'robot_r1::robot_r1:right_realsense_link:Camera:0::depth_linear': (480, 480), 'robot_r1::robot_r1:right_realsense_link:Camera:0::rgb': (480, 480, 4), 'robot_r1::robot_r1:zed_link:Camera:0::depth_linear': (720, 720), 'robot_r1::robot_r1:zed_link:Camera:0::rgb': (720, 720, 4), 'robot_r1::proprio': (256,), 'robot_r1::cam_rel_poses': (21,), 'task_id': (1,)}
INFO:root:Evaluator task id=[31]; checkpoint task id=31
INFO:b1k:Computing correction matrix for 4 steps, 32 dims...
INFO:b1k.shared.eval_b1k_wrapper:📊 Step 100 | Task: 31 | Stage: 0/9 | Predictions: 5
INFO:b1k.shared.eval_b1k_wrapper:🎯 Prediction #10 | Actions: compressed 26→20 | Inpainting: True
INFO:b1k.shared.eval_b1k_wrapper:📊 Step 200 | Task: 31 | Stage: 0/9 | Predictions: 10
INFO:b1k.shared.eval_b1k_wrapper:📊 Step 300 | Task: 31 | Stage: 0/9 | Predictions: 15
INFO:b1k.shared.eval_b1k_wrapper:🎯 Prediction #20 | Actions: compressed 26→20 | Inpainting: True
INFO:b1k.shared.eval_b1k_wrapper:📊 Step 400 | Task: 31 | Stage: 0/9 | Predictions: 20
INFO:b1k.shared.eval_b1k_wrapper:📊 Step 500 | Task: 31 | Stage: 0/9 | Predictions: 25
INFO:b1k.shared.eval_b1k_wrapper:🎯 Prediction #30 | Actions: compressed 26→20 | Inpainting: True
INFO:b1k.shared.eval_b1k_wrapper:📊 Step 600 | Task: 31 | Stage: 0/9 | Predictions: 30
INFO:b1k.shared.eval_b1k_wrapper:📊 Step 700 | Task: 31 | Stage: 0/9 | Predictions: 35
INFO:b1k.shared.eval_b1k_wrapper:⬆️  Stage advanced: 0 → 1 (task 31, step 700)
INFO:b1k.shared.eval_b1k_wrapper:⬅️  Stage went back: 1 → 0 (task 31, step 760)
INFO:b1k.shared.eval_b1k_wrapper:🎯 Prediction #40 | Actions: compressed 26→20 | Inpainting: True
INFO:b1k.shared.eval_b1k_wrapper:📊 Step 800 | Task: 31 | Stage: 0/9 | Predictions: 40
INFO:b1k.shared.eval_b1k_wrapper:📊 Step 900 | Task: 31 | Stage: 0/9 | Predictions: 45
INFO:b1k.shared.eval_b1k_wrapper:⬆️  Stage advanced: 0 → 1 (task 31, step 920)
INFO:b1k.shared.eval_b1k_wrapper:🎯 Prediction #50 | Actions: compressed 26→20 | Inpainting: True
INFO:b1k.shared.eval_b1k_wrapper:📊 Step 1000 | Task: 31 | Stage: 1/9 | Predictions: 50
INFO:b1k.shared.eval_b1k_wrapper:🔧 Gripper variation: Compression disabled (mean: 1.9875, max: 0.0060)
INFO:b1k.shared.eval_b1k_wrapper:📊 Step 1100 | Task: 31 | Stage: 1/9 | Predictions: 55
INFO:b1k.shared.eval_b1k_wrapper:🎯 Prediction #60 | Actions: compressed 26→20 | Inpainting: True
INFO:b1k.shared.eval_b1k_wrapper:📊 Step 1200 | Task: 31 | Stage: 1/9 | Predictions: 60
INFO:b1k.shared.eval_b1k_wrapper:⬅️  Stage went back: 1 → 0 (task 31, step 1280)
INFO:b1k.shared.eval_b1k_wrapper:📊 Step 1300 | Task: 31 | Stage: 0/9 | Predictions: 65
INFO:b1k.shared.eval_b1k_wrapper:⬆️  Stage advanced: 0 → 1 (task 31, step 1340)
INFO:b1k.shared.eval_b1k_wrapper:🎯 Prediction #70 | Actions: compressed 26→20 | Inpainting: True
INFO:b1k.shared.eval_b1k_wrapper:📊 Step 1400 | Task: 31 | Stage: 1/9 | Predictions: 70
INFO:b1k.shared.eval_b1k_wrapper:📊 Step 1500 | Task: 31 | Stage: 1/9 | Predictions: 75
INFO:b1k.shared.eval_b1k_wrapper:🎯 Prediction #80 | Actions: compressed 26→20 | Inpainting: True
INFO:b1k.shared.eval_b1k_wrapper:📊 Step 1600 | Task: 31 | Stage: 1/9 | Predictions: 80
INFO:b1k.shared.eval_b1k_wrapper:📊 Step 1700 | Task: 31 | Stage: 1/9 | Predictions: 85
INFO:b1k.shared.eval_b1k_wrapper:🎯 Prediction #90 | Actions: compressed 26→20 | Inpainting: True
INFO:b1k.shared.eval_b1k_wrapper:📊 Step 1800 | Task: 31 | Stage: 1/9 | Predictions: 90
INFO:b1k.shared.eval_b1k_wrapper:📊 Step 1900 | Task: 31 | Stage: 1/9 | Predictions: 95
INFO:b1k.shared.eval_b1k_wrapper:🎯 Prediction #100 | Actions: compressed 26→20 | Inpainting: True
INFO:b1k.shared.eval_b1k_wrapper:⬆️  Stage advanced: 1 → 2 (task 31, step 1980)
INFO:b1k.shared.eval_b1k_wrapper:📊 Step 2000 | Task: 31 | Stage: 2/9 | Predictions: 100
INFO:b1k.shared.eval_b1k_wrapper:📊 Step 2100 | Task: 31 | Stage: 2/9 | Predictions: 105
INFO:b1k.shared.eval_b1k_wrapper:🎯 Prediction #110 | Actions: compressed 26→20 | Inpainting: True
INFO:b1k.shared.eval_b1k_wrapper:📊 Step 2200 | Task: 31 | Stage: 2/9 | Predictions: 110
INFO:b1k.shared.eval_b1k_wrapper:⬆️  Stage advanced: 2 → 3 (task 31, step 2280)
INFO:b1k.shared.eval_b1k_wrapper:📊 Step 2300 | Task: 31 | Stage: 3/9 | Predictions: 115
INFO:b1k.shared.eval_b1k_wrapper:🔧 Gripper variation: Compression disabled (mean: 2.0473, max: 0.0057)
INFO:b1k.shared.eval_b1k_wrapper:🎯 Prediction #120 | Actions: uncompressed (20) | Inpainting: True
INFO:b1k.shared.eval_b1k_wrapper:📊 Step 2400 | Task: 31 | Stage: 3/9 | Predictions: 120
INFO:b1k.shared.eval_b1k_wrapper:🔧 Gripper variation: Compression disabled (mean: 2.0094, max: 0.0149)
INFO:b1k.shared.eval_b1k_wrapper:🔧 Gripper variation: Compression disabled (mean: 2.0230, max: 0.0063)
INFO:b1k.shared.eval_b1k_wrapper:📊 Step 2500 | Task: 31 | Stage: 3/9 | Predictions: 125
INFO:b1k.shared.eval_b1k_wrapper:🎯 Prediction #130 | Actions: compressed 26→20 | Inpainting: True
INFO:b1k.shared.eval_b1k_wrapper:📊 Step 2600 | Task: 31 | Stage: 3/9 | Predictions: 130
INFO:b1k.shared.eval_b1k_wrapper:⬆️  Stage advanced: 3 → 4 (task 31, step 2620)
INFO:b1k.shared.eval_b1k_wrapper:📊 Step 2700 | Task: 31 | Stage: 4/9 | Predictions: 135
INFO:b1k.shared.eval_b1k_wrapper:🔧 Gripper variation: Compression disabled (mean: 0.0119, max: 2.0137)
INFO:b1k.shared.correction_rules:🔧 GENERAL GRIPPER CORRECTION: Task 31, Stage 4
INFO:b1k.shared.correction_rules:   Right gripper closed (-1.0000) → Opening to 1.0
INFO:b1k.shared.eval_b1k_wrapper:🔧 Correction rule: Actions modified (max diff: 2.0028, task 31, stage 4)
INFO:b1k.shared.eval_b1k_wrapper:🔧 Gripper variation: Compression disabled (mean: 1.6067, max: 0.0548)
INFO:b1k.shared.eval_b1k_wrapper:🎯 Prediction #140 | Actions: uncompressed (20) | Inpainting: True
INFO:b1k.shared.eval_b1k_wrapper:📊 Step 2800 | Task: 31 | Stage: 4/9 | Predictions: 140
INFO:b1k.shared.eval_b1k_wrapper:🔧 Gripper variation: Compression disabled (mean: 0.7936, max: 0.0071)
INFO:b1k.shared.eval_b1k_wrapper:🔧 Gripper variation: Compression disabled (mean: 1.4329, max: 0.0073)
INFO:b1k.shared.correction_rules:🔧 GENERAL GRIPPER CORRECTION: Task 31, Stage 4
INFO:b1k.shared.correction_rules:   Left gripper closed (-0.9840) → Opening to 1.0
INFO:b1k.shared.eval_b1k_wrapper:🔧 Correction rule: Actions modified (max diff: 2.0046, task 31, stage 4)
INFO:b1k.shared.eval_b1k_wrapper:⬅️  Stage went back: 4 → 3 (task 31, step 2860)
INFO:b1k.shared.eval_b1k_wrapper:📊 Step 2900 | Task: 31 | Stage: 3/9 | Predictions: 145
INFO:b1k.shared.eval_b1k_wrapper:🔧 Gripper variation: Compression disabled (mean: 0.0077, max: 2.0067)
INFO:b1k.shared.eval_b1k_wrapper:⬆️  Stage advanced: 3 → 4 (task 31, step 2960)
INFO:b1k.shared.eval_b1k_wrapper:🎯 Prediction #150 | Actions: compressed 26→20 | Inpainting: True
INFO:b1k.shared.eval_b1k_wrapper:📊 Step 3000 | Task: 31 | Stage: 4/9 | Predictions: 150
INFO:b1k.shared.eval_b1k_wrapper:📊 Step 3100 | Task: 31 | Stage: 4/9 | Predictions: 155
INFO:b1k.shared.eval_b1k_wrapper:🎯 Prediction #160 | Actions: compressed 26→20 | Inpainting: True
INFO:b1k.shared.eval_b1k_wrapper:📊 Step 3200 | Task: 31 | Stage: 4/9 | Predictions: 160
INFO:b1k.shared.eval_b1k_wrapper:📊 Step 3300 | Task: 31 | Stage: 4/9 | Predictions: 165
INFO:b1k.shared.eval_b1k_wrapper:🔧 Gripper variation: Compression disabled (mean: 0.4738, max: 0.1816)
INFO:b1k.shared.eval_b1k_wrapper:🔧 Gripper variation: Compression disabled (mean: 0.2623, max: 0.1682)
INFO:b1k.shared.eval_b1k_wrapper:🎯 Prediction #170 | Actions: compressed 26→20 | Inpainting: True
INFO:b1k.shared.eval_b1k_wrapper:📊 Step 3400 | Task: 31 | Stage: 4/9 | Predictions: 170
INFO:b1k.shared.eval_b1k_wrapper:📊 Step 3500 | Task: 31 | Stage: 4/9 | Predictions: 175
INFO:b1k.shared.eval_b1k_wrapper:🎯 Prediction #180 | Actions: compressed 26→20 | Inpainting: True
INFO:b1k.shared.eval_b1k_wrapper:📊 Step 3600 | Task: 31 | Stage: 4/9 | Predictions: 180
INFO:b1k.shared.eval_b1k_wrapper:🔧 Gripper variation: Compression disabled (mean: 0.5185, max: 0.0263)
INFO:b1k.shared.eval_b1k_wrapper:🔧 Gripper variation: Compression disabled (mean: 0.0474, max: 0.2047)
INFO:b1k.shared.eval_b1k_wrapper:🔧 Gripper variation: Compression disabled (mean: 0.1069, max: 0.2718)
INFO:b1k.shared.eval_b1k_wrapper:📊 Step 3700 | Task: 31 | Stage: 4/9 | Predictions: 185
INFO:b1k.shared.eval_b1k_wrapper:🔧 Gripper variation: Compression disabled (mean: 0.0659, max: 0.3293)
INFO:b1k.shared.eval_b1k_wrapper:🔧 Gripper variation: Compression disabled (mean: 1.2674, max: 0.2931)
INFO:b1k.shared.eval_b1k_wrapper:🎯 Prediction #190 | Actions: uncompressed (20) | Inpainting: True
INFO:b1k.shared.eval_b1k_wrapper:📊 Step 3800 | Task: 31 | Stage: 4/9 | Predictions: 190
INFO:b1k.shared.correction_rules:🔧 GENERAL GRIPPER CORRECTION: Task 31, Stage 4
INFO:b1k.shared.correction_rules:   Left gripper closed (-0.9876) → Opening to 1.0
INFO:b1k.shared.eval_b1k_wrapper:🔧 Correction rule: Actions modified (max diff: 2.0331, task 31, stage 4)
INFO:b1k.shared.eval_b1k_wrapper:🔧 Gripper variation: Compression disabled (mean: 0.9001, max: 1.2759)
INFO:b1k.shared.eval_b1k_wrapper:⬆️  Stage advanced: 4 → 5 (task 31, step 3820)
INFO:b1k.shared.eval_b1k_wrapper:🔧 Gripper variation: Compression disabled (mean: 2.0084, max: 0.0086)
INFO:b1k.shared.eval_b1k_wrapper:📊 Step 3900 | Task: 31 | Stage: 5/9 | Predictions: 195
INFO:b1k.shared.eval_b1k_wrapper:🔧 Gripper variation: Compression disabled (mean: 2.0043, max: 0.0125)
INFO:b1k.shared.correction_rules:🔧 GENERAL GRIPPER CORRECTION: Task 31, Stage 5
INFO:b1k.shared.correction_rules:   Left gripper closed (-0.9987) → Opening to 1.0
INFO:b1k.shared.eval_b1k_wrapper:🔧 Correction rule: Actions modified (max diff: 1.9990, task 31, stage 5)
INFO:b1k.shared.eval_b1k_wrapper:🔧 Gripper variation: Compression disabled (mean: 0.7268, max: 1.4084)
INFO:b1k.shared.eval_b1k_wrapper:🔧 Gripper variation: Compression disabled (mean: 2.0243, max: 0.0071)
INFO:b1k.shared.eval_b1k_wrapper:🎯 Prediction #200 | Actions: uncompressed (20) | Inpainting: True
INFO:b1k.shared.eval_b1k_wrapper:📊 Step 4000 | Task: 31 | Stage: 5/9 | Predictions: 200
INFO:b1k.shared.eval_b1k_wrapper:🔧 Gripper variation: Compression disabled (mean: 2.0162, max: 0.0190)
INFO:b1k.shared.eval_b1k_wrapper:⬅️  Stage went back: 5 → 4 (task 31, step 4000)
INFO:b1k.shared.correction_rules:🔧 GENERAL GRIPPER CORRECTION: Task 31, Stage 4
INFO:b1k.shared.correction_rules:   Left gripper closed (-1.0000) → Opening to 1.0
INFO:b1k.shared.eval_b1k_wrapper:🔧 Correction rule: Actions modified (max diff: 2.0034, task 31, stage 4)
INFO:b1k.shared.eval_b1k_wrapper:🔧 Gripper variation: Compression disabled (mean: 0.2256, max: 1.1994)
INFO:b1k.shared.eval_b1k_wrapper:🔧 Gripper variation: Compression disabled (mean: 1.9179, max: 0.0212)
INFO:b1k.shared.eval_b1k_wrapper:📊 Step 4100 | Task: 31 | Stage: 4/9 | Predictions: 205
INFO:b1k.shared.correction_rules:🔧 GENERAL GRIPPER CORRECTION: Task 31, Stage 4
INFO:b1k.shared.correction_rules:   Left gripper closed (-0.9985) → Opening to 1.0
INFO:b1k.shared.eval_b1k_wrapper:🔧 Correction rule: Actions modified (max diff: 2.0102, task 31, stage 4)
INFO:b1k.shared.eval_b1k_wrapper:🔧 Gripper variation: Compression disabled (mean: 0.4470, max: 1.2523)
INFO:b1k.shared.eval_b1k_wrapper:🎯 Prediction #210 | Actions: compressed 26→20 | Inpainting: True
INFO:b1k.shared.eval_b1k_wrapper:📊 Step 4200 | Task: 31 | Stage: 4/9 | Predictions: 210
INFO:b1k.shared.eval_b1k_wrapper:🔧 Gripper variation: Compression disabled (mean: 1.9957, max: 0.0303)
INFO:b1k.shared.eval_b1k_wrapper:⬆️  Stage advanced: 4 → 5 (task 31, step 4240)
INFO:b1k.shared.eval_b1k_wrapper:📊 Step 4300 | Task: 31 | Stage: 5/9 | Predictions: 215
INFO:b1k.shared.eval_b1k_wrapper:🎯 Prediction #220 | Actions: compressed 26→20 | Inpainting: True
INFO:b1k.shared.eval_b1k_wrapper:⬅️  Stage went back: 5 → 4 (task 31, step 4380)
INFO:b1k.shared.eval_b1k_wrapper:📊 Step 4400 | Task: 31 | Stage: 4/9 | Predictions: 220
INFO:b1k.shared.eval_b1k_wrapper:🔧 Gripper variation: Compression disabled (mean: 1.9883, max: 0.0129)
INFO:b1k.shared.correction_rules:🔧 GENERAL GRIPPER CORRECTION: Task 31, Stage 4
INFO:b1k.shared.correction_rules:   Left gripper closed (-0.9961) → Opening to 1.0
INFO:b1k.shared.eval_b1k_wrapper:🔧 Correction rule: Actions modified (max diff: 2.0651, task 31, stage 4)
INFO:b1k.shared.eval_b1k_wrapper:📊 Step 4500 | Task: 31 | Stage: 4/9 | Predictions: 225
INFO:b1k.shared.eval_b1k_wrapper:🔧 Gripper variation: Compression disabled (mean: 2.0120, max: 0.0100)
INFO:b1k.shared.correction_rules:🔧 GENERAL GRIPPER CORRECTION: Task 31, Stage 4
INFO:b1k.shared.correction_rules:   Left gripper closed (-0.9997) → Opening to 1.0
INFO:b1k.shared.eval_b1k_wrapper:🔧 Correction rule: Actions modified (max diff: 2.0006, task 31, stage 4)
INFO:b1k.shared.eval_b1k_wrapper:🎯 Prediction #230 | Actions: compressed 26→20 | Inpainting: True
INFO:b1k.shared.eval_b1k_wrapper:📊 Step 4600 | Task: 31 | Stage: 4/9 | Predictions: 230
INFO:b1k.shared.eval_b1k_wrapper:🔧 Gripper variation: Compression disabled (mean: 0.4380, max: 0.9191)
INFO:b1k.shared.eval_b1k_wrapper:⬆️  Stage advanced: 4 → 5 (task 31, step 4600)
INFO:b1k.shared.eval_b1k_wrapper:🔧 Gripper variation: Compression disabled (mean: 2.0127, max: 0.0098)
INFO:b1k.shared.correction_rules:🔧 GENERAL GRIPPER CORRECTION: Task 31, Stage 5
INFO:b1k.shared.correction_rules:   Left gripper closed (-1.0000) → Opening to 1.0
INFO:b1k.shared.eval_b1k_wrapper:🔧 Correction rule: Actions modified (max diff: 2.0013, task 31, stage 5)
INFO:b1k.shared.eval_b1k_wrapper:🔧 Gripper variation: Compression disabled (mean: 0.6626, max: 1.0158)
INFO:b1k.shared.eval_b1k_wrapper:🔧 Gripper variation: Compression disabled (mean: 2.0027, max: 0.0072)
INFO:b1k.shared.eval_b1k_wrapper:📊 Step 4700 | Task: 31 | Stage: 5/9 | Predictions: 235
INFO:b1k.shared.correction_rules:🔧 GENERAL GRIPPER CORRECTION: Task 31, Stage 5
INFO:b1k.shared.correction_rules:   Left gripper closed (-0.9988) → Opening to 1.0
INFO:b1k.shared.eval_b1k_wrapper:🔧 Correction rule: Actions modified (max diff: 1.9997, task 31, stage 5)
INFO:b1k.shared.eval_b1k_wrapper:🔧 Gripper variation: Compression disabled (mean: 1.9265, max: 1.0867)
INFO:b1k.shared.eval_b1k_wrapper:⬆️  Stage advanced: 5 → 6 (task 31, step 4740)
INFO:b1k.shared.correction_rules:🔧 GENERAL GRIPPER CORRECTION: Task 31, Stage 6
INFO:b1k.shared.correction_rules:   Left gripper closed (-0.9993) → Opening to 1.0
INFO:b1k.shared.eval_b1k_wrapper:🔧 Correction rule: Actions modified (max diff: 2.0016, task 31, stage 6)
INFO:b1k.shared.eval_b1k_wrapper:🔧 Gripper variation: Compression disabled (mean: 0.3647, max: 0.8991)
INFO:b1k.shared.eval_b1k_wrapper:🎯 Prediction #240 | Actions: uncompressed (20) | Inpainting: True
INFO:b1k.shared.eval_b1k_wrapper:📊 Step 4800 | Task: 31 | Stage: 6/9 | Predictions: 240
INFO:b1k.shared.eval_b1k_wrapper:🔧 Gripper variation: Compression disabled (mean: 2.0095, max: 0.0134)
INFO:b1k.shared.eval_b1k_wrapper:📊 Step 4900 | Task: 31 | Stage: 6/9 | Predictions: 245
INFO:b1k.shared.correction_rules:🔧 GENERAL GRIPPER CORRECTION: Task 31, Stage 6
INFO:b1k.shared.correction_rules:   Left gripper closed (-0.9914) → Opening to 1.0
INFO:b1k.shared.eval_b1k_wrapper:🔧 Correction rule: Actions modified (max diff: 2.0128, task 31, stage 6)
INFO:b1k.shared.eval_b1k_wrapper:🔧 Gripper variation: Compression disabled (mean: 2.0049, max: 0.8744)
INFO:b1k.shared.eval_b1k_wrapper:🔧 Gripper variation: Compression disabled (mean: 2.0076, max: 0.0114)
INFO:b1k.shared.correction_rules:🔧 GENERAL GRIPPER CORRECTION: Task 31, Stage 6
INFO:b1k.shared.correction_rules:   Left gripper closed (-0.9972) → Opening to 1.0
INFO:b1k.shared.eval_b1k_wrapper:🔧 Correction rule: Actions modified (max diff: 2.0029, task 31, stage 6)
INFO:b1k.shared.eval_b1k_wrapper:⬆️  Stage advanced: 6 → 7 (task 31, step 4960)
INFO:b1k.shared.eval_b1k_wrapper:🔧 Gripper variation: Compression disabled (mean: 1.5841, max: 0.5963)
INFO:b1k.shared.eval_b1k_wrapper:🎯 Prediction #250 | Actions: uncompressed (20) | Inpainting: True
INFO:b1k.shared.eval_b1k_wrapper:📊 Step 5000 | Task: 31 | Stage: 7/9 | Predictions: 250
INFO:b1k.shared.correction_rules:🔧 GENERAL GRIPPER CORRECTION: Task 31, Stage 7
INFO:b1k.shared.correction_rules:   Left gripper closed (-0.9841) → Opening to 1.0
INFO:b1k.shared.eval_b1k_wrapper:🔧 Correction rule: Actions modified (max diff: 2.0024, task 31, stage 7)
INFO:b1k.shared.eval_b1k_wrapper:🔧 Gripper variation: Compression disabled (mean: 0.4550, max: 0.5511)
INFO:b1k.shared.eval_b1k_wrapper:🔧 Gripper variation: Compression disabled (mean: 1.8070, max: 0.0148)
INFO:b1k.shared.correction_rules:🔧 GENERAL GRIPPER CORRECTION: Task 31, Stage 7
INFO:b1k.shared.correction_rules:   Left gripper closed (-0.9915) → Opening to 1.0
INFO:b1k.shared.eval_b1k_wrapper:🔧 Correction rule: Actions modified (max diff: 2.0000, task 31, stage 7)
INFO:b1k.shared.eval_b1k_wrapper:🔧 Gripper variation: Compression disabled (mean: 1.2931, max: 0.9673)
INFO:b1k.shared.eval_b1k_wrapper:📊 Step 5100 | Task: 31 | Stage: 7/9 | Predictions: 255
INFO:b1k.shared.correction_rules:🔧 GENERAL GRIPPER CORRECTION: Task 31, Stage 7
INFO:b1k.shared.correction_rules:   Left gripper closed (-0.9832) → Opening to 1.0
INFO:b1k.shared.eval_b1k_wrapper:🔧 Correction rule: Actions modified (max diff: 2.0121, task 31, stage 7)
INFO:b1k.shared.eval_b1k_wrapper:🔧 Gripper variation: Compression disabled (mean: 1.8966, max: 1.4627)
INFO:b1k.shared.correction_rules:🔧 GENERAL GRIPPER CORRECTION: Task 31, Stage 7
INFO:b1k.shared.correction_rules:   Left gripper closed (-0.9975) → Opening to 1.0
INFO:b1k.shared.eval_b1k_wrapper:🔧 Correction rule: Actions modified (max diff: 2.0017, task 31, stage 7)
INFO:b1k.shared.eval_b1k_wrapper:🔧 Gripper variation: Compression disabled (mean: 2.0256, max: 0.0205)
INFO:b1k.shared.eval_b1k_wrapper:🎯 Prediction #260 | Actions: uncompressed (20) | Inpainting: True
INFO:b1k.shared.eval_b1k_wrapper:📊 Step 5200 | Task: 31 | Stage: 7/9 | Predictions: 260
INFO:b1k.shared.correction_rules:🔧 GENERAL GRIPPER CORRECTION: Task 31, Stage 7
INFO:b1k.shared.correction_rules:   Left gripper closed (-0.9971) → Opening to 1.0
INFO:b1k.shared.eval_b1k_wrapper:🔧 Correction rule: Actions modified (max diff: 2.0051, task 31, stage 7)
INFO:b1k.shared.eval_b1k_wrapper:🔧 Gripper variation: Compression disabled (mean: 0.1727, max: 0.7459)
INFO:b1k.shared.eval_b1k_wrapper:🔧 Gripper variation: Compression disabled (mean: 2.0090, max: 0.0086)
INFO:b1k.shared.correction_rules:🔧 GENERAL GRIPPER CORRECTION: Task 31, Stage 7
INFO:b1k.shared.correction_rules:   Left gripper closed (-0.9988) → Opening to 1.0
INFO:b1k.shared.eval_b1k_wrapper:🔧 Correction rule: Actions modified (max diff: 2.0005, task 31, stage 7)
INFO:b1k.shared.eval_b1k_wrapper:🔧 Gripper variation: Compression disabled (mean: 1.9848, max: 0.4985)
INFO:b1k.shared.eval_b1k_wrapper:📊 Step 5300 | Task: 31 | Stage: 7/9 | Predictions: 265
INFO:b1k.shared.correction_rules:🔧 GENERAL GRIPPER CORRECTION: Task 31, Stage 7
INFO:b1k.shared.correction_rules:   Left gripper closed (-0.9845) → Opening to 1.0
INFO:b1k.shared.eval_b1k_wrapper:🔧 Correction rule: Actions modified (max diff: 2.0022, task 31, stage 7)
INFO:b1k.shared.eval_b1k_wrapper:🔧 Gripper variation: Compression disabled (mean: 1.7960, max: 0.6225)
INFO:b1k.shared.correction_rules:🔧 GENERAL GRIPPER CORRECTION: Task 31, Stage 7
INFO:b1k.shared.correction_rules:   Left gripper closed (-0.9851) → Opening to 1.0
INFO:b1k.shared.eval_b1k_wrapper:🔧 Correction rule: Actions modified (max diff: 2.0005, task 31, stage 7)
INFO:b1k.shared.eval_b1k_wrapper:🔧 Gripper variation: Compression disabled (mean: 0.2204, max: 0.4672)
INFO:b1k.shared.eval_b1k_wrapper:🔧 Gripper variation: Compression disabled (mean: 2.0086, max: 0.0117)
INFO:b1k.shared.eval_b1k_wrapper:🎯 Prediction #270 | Actions: uncompressed (20) | Inpainting: True
INFO:b1k.shared.eval_b1k_wrapper:📊 Step 5400 | Task: 31 | Stage: 7/9 | Predictions: 270
INFO:b1k.shared.correction_rules:🔧 GENERAL GRIPPER CORRECTION: Task 31, Stage 7
INFO:b1k.shared.correction_rules:   Left gripper closed (-0.9973) → Opening to 1.0
INFO:b1k.shared.eval_b1k_wrapper:🔧 Correction rule: Actions modified (max diff: 2.0000, task 31, stage 7)
INFO:b1k.shared.eval_b1k_wrapper:🔧 Gripper variation: Compression disabled (mean: 0.5335, max: 1.3182)
INFO:b1k.shared.eval_b1k_wrapper:🔧 Gripper variation: Compression disabled (mean: 2.0138, max: 0.0066)
INFO:b1k.shared.eval_b1k_wrapper:🔧 Gripper variation: Compression disabled (mean: 2.0065, max: 0.0087)
INFO:b1k.shared.correction_rules:🔧 GENERAL GRIPPER CORRECTION: Task 31, Stage 7
INFO:b1k.shared.correction_rules:   Left gripper closed (-0.9948) → Opening to 1.0
INFO:b1k.shared.eval_b1k_wrapper:🔧 Correction rule: Actions modified (max diff: 2.0021, task 31, stage 7)
INFO:b1k.shared.eval_b1k_wrapper:📊 Step 5500 | Task: 31 | Stage: 7/9 | Predictions: 275
INFO:b1k.shared.eval_b1k_wrapper:🔧 Gripper variation: Compression disabled (mean: 1.6316, max: 1.1224)
INFO:b1k.shared.correction_rules:🔧 GENERAL GRIPPER CORRECTION: Task 31, Stage 7
INFO:b1k.shared.correction_rules:   Left gripper closed (-0.9997) → Opening to 1.0
INFO:b1k.shared.eval_b1k_wrapper:🔧 Correction rule: Actions modified (max diff: 2.0077, task 31, stage 7)
INFO:b1k.shared.eval_b1k_wrapper:🔧 Gripper variation: Compression disabled (mean: 0.1119, max: 0.9652)
INFO:b1k.shared.eval_b1k_wrapper:🎯 Prediction #280 | Actions: compressed 26→20 | Inpainting: True
INFO:b1k.shared.eval_b1k_wrapper:📊 Step 5600 | Task: 31 | Stage: 7/9 | Predictions: 280
INFO:b1k.shared.eval_b1k_wrapper:🔧 Gripper variation: Compression disabled (mean: 2.0324, max: 0.0161)
INFO:b1k.shared.correction_rules:🔧 GENERAL GRIPPER CORRECTION: Task 31, Stage 7
INFO:b1k.shared.correction_rules:   Left gripper closed (-0.9976) → Opening to 1.0
INFO:b1k.shared.eval_b1k_wrapper:🔧 Correction rule: Actions modified (max diff: 2.0022, task 31, stage 7)
INFO:b1k.shared.eval_b1k_wrapper:🔧 Gripper variation: Compression disabled (mean: 1.9871, max: 0.8221)
INFO:b1k.shared.eval_b1k_wrapper:📊 Step 5700 | Task: 31 | Stage: 7/9 | Predictions: 285
INFO:b1k.shared.eval_b1k_wrapper:🔧 Gripper variation: Compression disabled (mean: 2.0046, max: 0.0132)
INFO:b1k.shared.correction_rules:🔧 GENERAL GRIPPER CORRECTION: Task 31, Stage 7
INFO:b1k.shared.correction_rules:   Left gripper closed (-0.9995) → Opening to 1.0
INFO:b1k.shared.eval_b1k_wrapper:🔧 Correction rule: Actions modified (max diff: 2.0018, task 31, stage 7)
INFO:b1k.shared.eval_b1k_wrapper:🔧 Gripper variation: Compression disabled (mean: 1.9947, max: 0.7238)
INFO:b1k.shared.eval_b1k_wrapper:🔧 Gripper variation: Compression disabled (mean: 0.3817, max: 0.0089)
INFO:b1k.shared.eval_b1k_wrapper:🎯 Prediction #290 | Actions: compressed 26→20 | Inpainting: True
INFO:b1k.shared.eval_b1k_wrapper:📊 Step 5800 | Task: 31 | Stage: 7/9 | Predictions: 290
INFO:b1k.shared.correction_rules:🔧 GENERAL GRIPPER CORRECTION: Task 31, Stage 7
INFO:b1k.shared.correction_rules:   Left gripper closed (-0.9990) → Opening to 1.0
INFO:b1k.shared.eval_b1k_wrapper:🔧 Correction rule: Actions modified (max diff: 1.9998, task 31, stage 7)
INFO:b1k.shared.eval_b1k_wrapper:🔧 Gripper variation: Compression disabled (mean: 0.2700, max: 1.0272)
INFO:b1k.shared.eval_b1k_wrapper:📊 Step 5900 | Task: 31 | Stage: 7/9 | Predictions: 295
INFO:b1k.shared.eval_b1k_wrapper:🎯 Prediction #300 | Actions: compressed 26→20 | Inpainting: True
INFO:b1k.shared.eval_b1k_wrapper:📊 Step 6000 | Task: 31 | Stage: 7/9 | Predictions: 300
INFO:b1k.shared.eval_b1k_wrapper:🔧 Gripper variation: Compression disabled (mean: 2.0064, max: 0.0087)
INFO:b1k.shared.eval_b1k_wrapper:📊 Step 6100 | Task: 31 | Stage: 7/9 | Predictions: 305
INFO:b1k.shared.correction_rules:🔧 GENERAL GRIPPER CORRECTION: Task 31, Stage 7
INFO:b1k.shared.correction_rules:   Left gripper closed (-0.9955) → Opening to 1.0
INFO:b1k.shared.eval_b1k_wrapper:🔧 Correction rule: Actions modified (max diff: 2.0006, task 31, stage 7)
INFO:b1k.shared.eval_b1k_wrapper:🔧 Gripper variation: Compression disabled (mean: 0.3582, max: 1.1070)
INFO:b1k.shared.eval_b1k_wrapper:🎯 Prediction #310 | Actions: compressed 26→20 | Inpainting: True
INFO:b1k.shared.eval_b1k_wrapper:📊 Step 6200 | Task: 31 | Stage: 7/9 | Predictions: 310
INFO:b1k.shared.eval_b1k_wrapper:🔧 Gripper variation: Compression disabled (mean: 2.0000, max: 0.0195)
INFO:b1k.shared.correction_rules:🔧 GENERAL GRIPPER CORRECTION: Task 31, Stage 7
INFO:b1k.shared.correction_rules:   Left gripper closed (-0.9939) → Opening to 1.0
INFO:b1k.shared.eval_b1k_wrapper:🔧 Correction rule: Actions modified (max diff: 2.0086, task 31, stage 7)
INFO:b1k.shared.eval_b1k_wrapper:🔧 Gripper variation: Compression disabled (mean: 0.4510, max: 1.3226)
INFO:b1k.shared.eval_b1k_wrapper:📊 Step 6300 | Task: 31 | Stage: 7/9 | Predictions: 315
INFO:b1k.shared.eval_b1k_wrapper:🔧 Gripper variation: Compression disabled (mean: 2.0001, max: 0.0225)
INFO:b1k.shared.correction_rules:🔧 GENERAL GRIPPER CORRECTION: Task 31, Stage 7
INFO:b1k.shared.correction_rules:   Left gripper closed (-0.9948) → Opening to 1.0
INFO:b1k.shared.eval_b1k_wrapper:🔧 Correction rule: Actions modified (max diff: 2.0110, task 31, stage 7)
INFO:b1k.shared.eval_b1k_wrapper:🔧 Gripper variation: Compression disabled (mean: 0.3491, max: 0.9061)
INFO:b1k.shared.eval_b1k_wrapper:🎯 Prediction #320 | Actions: compressed 26→20 | Inpainting: True
INFO:b1k.shared.eval_b1k_wrapper:📊 Step 6400 | Task: 31 | Stage: 7/9 | Predictions: 320
INFO:b1k.shared.eval_b1k_wrapper:🔧 Gripper variation: Compression disabled (mean: 2.0051, max: 0.0102)
INFO:b1k.shared.correction_rules:🔧 GENERAL GRIPPER CORRECTION: Task 31, Stage 7
INFO:b1k.shared.correction_rules:   Left gripper closed (-0.9895) → Opening to 1.0
INFO:b1k.shared.eval_b1k_wrapper:🔧 Correction rule: Actions modified (max diff: 2.0170, task 31, stage 7)
INFO:b1k.shared.eval_b1k_wrapper:🔧 Gripper variation: Compression disabled (mean: 1.5956, max: 0.7755)
INFO:b1k.shared.eval_b1k_wrapper:📊 Step 6500 | Task: 31 | Stage: 7/9 | Predictions: 325
INFO:b1k.shared.correction_rules:🔧 GENERAL GRIPPER CORRECTION: Task 31, Stage 7
INFO:b1k.shared.correction_rules:   Left gripper closed (-1.0000) → Opening to 1.0
INFO:b1k.shared.eval_b1k_wrapper:🔧 Correction rule: Actions modified (max diff: 2.0012, task 31, stage 7)
INFO:b1k.shared.eval_b1k_wrapper:🔧 Gripper variation: Compression disabled (mean: 1.1787, max: 1.5179)
INFO:b1k.shared.correction_rules:🔧 GENERAL GRIPPER CORRECTION: Task 31, Stage 7
INFO:b1k.shared.correction_rules:   Left gripper closed (-0.9955) → Opening to 1.0
INFO:b1k.shared.eval_b1k_wrapper:🔧 Correction rule: Actions modified (max diff: 2.0083, task 31, stage 7)
INFO:b1k.shared.eval_b1k_wrapper:🎯 Prediction #330 | Actions: compressed 26→20 | Inpainting: True
INFO:b1k.shared.eval_b1k_wrapper:📊 Step 6600 | Task: 31 | Stage: 7/9 | Predictions: 330
INFO:b1k.shared.eval_b1k_wrapper:🔧 Gripper variation: Compression disabled (mean: 0.7919, max: 1.4895)
INFO:b1k.shared.eval_b1k_wrapper:🔧 Gripper variation: Compression disabled (mean: 2.0094, max: 0.0138)
INFO:b1k.shared.correction_rules:🔧 GENERAL GRIPPER CORRECTION: Task 31, Stage 7
INFO:b1k.shared.correction_rules:   Left gripper closed (-1.0000) → Opening to 1.0
INFO:b1k.shared.eval_b1k_wrapper:🔧 Correction rule: Actions modified (max diff: 2.0031, task 31, stage 7)
INFO:b1k.shared.eval_b1k_wrapper:🔧 Gripper variation: Compression disabled (mean: 2.0000, max: 0.9135)
INFO:b1k.shared.eval_b1k_wrapper:📊 Step 6700 | Task: 31 | Stage: 7/9 | Predictions: 335
INFO:b1k.shared.eval_b1k_wrapper:🎯 Prediction #340 | Actions: compressed 26→20 | Inpainting: True
INFO:b1k.shared.eval_b1k_wrapper:📊 Step 6800 | Task: 31 | Stage: 7/9 | Predictions: 340
INFO:b1k.shared.eval_b1k_wrapper:🔧 Gripper variation: Compression disabled (mean: 2.0373, max: 0.0195)
INFO:b1k.shared.correction_rules:🔧 GENERAL GRIPPER CORRECTION: Task 31, Stage 7
INFO:b1k.shared.correction_rules:   Left gripper closed (-0.9971) → Opening to 1.0
INFO:b1k.shared.eval_b1k_wrapper:🔧 Correction rule: Actions modified (max diff: 2.0107, task 31, stage 7)
INFO:b1k.shared.eval_b1k_wrapper:🔧 Gripper variation: Compression disabled (mean: 1.0534, max: 1.3537)
INFO:b1k.shared.eval_b1k_wrapper:📊 Step 6900 | Task: 31 | Stage: 7/9 | Predictions: 345
INFO:b1k.shared.eval_b1k_wrapper:🔧 Gripper variation: Compression disabled (mean: 2.0165, max: 0.0089)
INFO:b1k.shared.eval_b1k_wrapper:🔧 Gripper variation: Compression disabled (mean: 1.9621, max: 0.0153)
INFO:b1k.shared.eval_b1k_wrapper:🎯 Prediction #350 | Actions: uncompressed (20) | Inpainting: True
INFO:b1k.shared.eval_b1k_wrapper:📊 Step 7000 | Task: 31 | Stage: 7/9 | Predictions: 350
INFO:b1k.shared.eval_b1k_wrapper:🔧 Gripper variation: Compression disabled (mean: 2.0362, max: 0.0108)
INFO:b1k.shared.correction_rules:🔧 GENERAL GRIPPER CORRECTION: Task 31, Stage 7
INFO:b1k.shared.correction_rules:   Left gripper closed (-0.9987) → Opening to 1.0
INFO:b1k.shared.eval_b1k_wrapper:🔧 Correction rule: Actions modified (max diff: 2.0084, task 31, stage 7)
INFO:b1k.shared.eval_b1k_wrapper:🔧 Gripper variation: Compression disabled (mean: 0.2433, max: 0.8725)
INFO:b1k.shared.eval_b1k_wrapper:📊 Step 7100 | Task: 31 | Stage: 7/9 | Predictions: 355
INFO:b1k.shared.eval_b1k_wrapper:🔧 Gripper variation: Compression disabled (mean: 2.0154, max: 0.0073)
INFO:b1k.shared.correction_rules:🔧 GENERAL GRIPPER CORRECTION: Task 31, Stage 7
INFO:b1k.shared.correction_rules:   Left gripper closed (-0.9996) → Opening to 1.0
INFO:b1k.shared.eval_b1k_wrapper:🔧 Correction rule: Actions modified (max diff: 2.0034, task 31, stage 7)
INFO:b1k.shared.eval_b1k_wrapper:🔧 Gripper variation: Compression disabled (mean: 1.9833, max: 0.6928)
INFO:b1k.shared.eval_b1k_wrapper:🔧 Gripper variation: Compression disabled (mean: 2.0178, max: 0.0100)
INFO:b1k.shared.eval_b1k_wrapper:🎯 Prediction #360 | Actions: uncompressed (20) | Inpainting: True
INFO:b1k.shared.eval_b1k_wrapper:📊 Step 7200 | Task: 31 | Stage: 7/9 | Predictions: 360
INFO:b1k.shared.correction_rules:🔧 GENERAL GRIPPER CORRECTION: Task 31, Stage 7
INFO:b1k.shared.correction_rules:   Left gripper closed (-0.9996) → Opening to 1.0
INFO:b1k.shared.eval_b1k_wrapper:🔧 Correction rule: Actions modified (max diff: 2.0019, task 31, stage 7)
INFO:b1k.shared.eval_b1k_wrapper:🔧 Gripper variation: Compression disabled (mean: 0.1162, max: 0.6121)
INFO:b1k.shared.eval_b1k_wrapper:🔧 Gripper variation: Compression disabled (mean: 1.9625, max: 0.0113)
INFO:b1k.shared.eval_b1k_wrapper:🔧 Gripper variation: Compression disabled (mean: 1.9827, max: 0.0153)
INFO:b1k.shared.eval_b1k_wrapper:📊 Step 7300 | Task: 31 | Stage: 7/9 | Predictions: 365
INFO:b1k.shared.correction_rules:🔧 GENERAL GRIPPER CORRECTION: Task 31, Stage 7
INFO:b1k.shared.correction_rules:   Left gripper closed (-0.9925) → Opening to 1.0
INFO:b1k.shared.eval_b1k_wrapper:🔧 Correction rule: Actions modified (max diff: 2.0013, task 31, stage 7)
INFO:b1k.shared.eval_b1k_wrapper:🔧 Gripper variation: Compression disabled (mean: 1.7859, max: 0.7766)
INFO:b1k.shared.correction_rules:🔧 GENERAL GRIPPER CORRECTION: Task 31, Stage 7
INFO:b1k.shared.correction_rules:   Left gripper closed (-0.9840) → Opening to 1.0
INFO:b1k.shared.eval_b1k_wrapper:🔧 Correction rule: Actions modified (max diff: 2.0034, task 31, stage 7)
INFO:b1k.shared.eval_b1k_wrapper:🔧 Gripper variation: Compression disabled (mean: 0.1546, max: 0.7489)
INFO:b1k.shared.eval_b1k_wrapper:🎯 Prediction #370 | Actions: compressed 26→20 | Inpainting: True
INFO:b1k.shared.eval_b1k_wrapper:📊 Step 7400 | Task: 31 | Stage: 7/9 | Predictions: 370
INFO:b1k.shared.eval_b1k_wrapper:🔧 Gripper variation: Compression disabled (mean: 2.0062, max: 0.0053)
INFO:b1k.shared.correction_rules:🔧 GENERAL GRIPPER CORRECTION: Task 31, Stage 7
INFO:b1k.shared.correction_rules:   Left gripper closed (-0.9990) → Opening to 1.0
INFO:b1k.shared.eval_b1k_wrapper:🔧 Correction rule: Actions modified (max diff: 2.0029, task 31, stage 7)
INFO:b1k.shared.eval_b1k_wrapper:🔧 Gripper variation: Compression disabled (mean: 0.3846, max: 0.6064)
INFO:b1k.shared.eval_b1k_wrapper:🔧 Gripper variation: Compression disabled (mean: 2.0117, max: 0.0054)
INFO:b1k.shared.eval_b1k_wrapper:📊 Step 7500 | Task: 31 | Stage: 7/9 | Predictions: 375
INFO:b1k.shared.eval_b1k_wrapper:🔧 Gripper variation: Compression disabled (mean: 1.9320, max: 0.0086)
INFO:b1k.shared.correction_rules:🔧 GENERAL GRIPPER CORRECTION: Task 31, Stage 7
INFO:b1k.shared.correction_rules:   Left gripper closed (-1.0000) → Opening to 1.0
INFO:b1k.shared.eval_b1k_wrapper:🔧 Correction rule: Actions modified (max diff: 2.0068, task 31, stage 7)
INFO:b1k.shared.eval_b1k_wrapper:🔧 Gripper variation: Compression disabled (mean: 1.9826, max: 0.6951)
INFO:b1k.shared.correction_rules:🔧 GENERAL GRIPPER CORRECTION: Task 31, Stage 7
INFO:b1k.shared.correction_rules:   Left gripper closed (-0.9976) → Opening to 1.0
INFO:b1k.shared.eval_b1k_wrapper:🔧 Correction rule: Actions modified (max diff: 2.0018, task 31, stage 7)
INFO:b1k.shared.eval_b1k_wrapper:🎯 Prediction #380 | Actions: compressed 26→20 | Inpainting: True
INFO:b1k.shared.eval_b1k_wrapper:📊 Step 7600 | Task: 31 | Stage: 7/9 | Predictions: 380
INFO:b1k.shared.eval_b1k_wrapper:🔧 Gripper variation: Compression disabled (mean: 0.1892, max: 0.6565)
INFO:b1k.shared.eval_b1k_wrapper:🔧 Gripper variation: Compression disabled (mean: 2.0052, max: 0.0099)
INFO:b1k.shared.correction_rules:🔧 GENERAL GRIPPER CORRECTION: Task 31, Stage 7
INFO:b1k.shared.correction_rules:   Left gripper closed (-1.0000) → Opening to 1.0
INFO:b1k.shared.eval_b1k_wrapper:🔧 Correction rule: Actions modified (max diff: 2.0065, task 31, stage 7)
INFO:b1k.shared.eval_b1k_wrapper:📊 Step 7700 | Task: 31 | Stage: 7/9 | Predictions: 385
INFO:b1k.shared.eval_b1k_wrapper:🔧 Gripper variation: Compression disabled (mean: 0.2501, max: 0.7530)
INFO:b1k.shared.eval_b1k_wrapper:🔧 Gripper variation: Compression disabled (mean: 1.9999, max: 0.0091)
INFO:b1k.shared.correction_rules:🔧 GENERAL GRIPPER CORRECTION: Task 31, Stage 7
INFO:b1k.shared.correction_rules:   Left gripper closed (-0.9973) → Opening to 1.0
INFO:b1k.shared.eval_b1k_wrapper:🔧 Correction rule: Actions modified (max diff: 2.0014, task 31, stage 7)
INFO:b1k.shared.eval_b1k_wrapper:🎯 Prediction #390 | Actions: compressed 26→20 | Inpainting: True
INFO:b1k.shared.eval_b1k_wrapper:📊 Step 7800 | Task: 31 | Stage: 7/9 | Predictions: 390
INFO:b1k.shared.eval_b1k_wrapper:🔧 Gripper variation: Compression disabled (mean: 0.3391, max: 1.0396)
INFO:b1k.shared.eval_b1k_wrapper:🔧 Gripper variation: Compression disabled (mean: 1.9927, max: 0.0097)
INFO:b1k.shared.correction_rules:🔧 GENERAL GRIPPER CORRECTION: Task 31, Stage 7
INFO:b1k.shared.correction_rules:   Left gripper closed (-0.9914) → Opening to 1.0
INFO:b1k.shared.eval_b1k_wrapper:🔧 Correction rule: Actions modified (max diff: 2.0065, task 31, stage 7)
INFO:b1k.shared.eval_b1k_wrapper:🔧 Gripper variation: Compression disabled (mean: 0.4641, max: 1.6756)
INFO:b1k.shared.eval_b1k_wrapper:🔧 Gripper variation: Compression disabled (mean: 1.9964, max: 0.0064)
INFO:b1k.shared.eval_b1k_wrapper:📊 Step 7900 | Task: 31 | Stage: 7/9 | Predictions: 395
INFO:b1k.shared.correction_rules:🔧 GENERAL GRIPPER CORRECTION: Task 31, Stage 7
INFO:b1k.shared.correction_rules:   Left gripper closed (-0.9969) → Opening to 1.0
INFO:b1k.shared.eval_b1k_wrapper:🔧 Correction rule: Actions modified (max diff: 2.0047, task 31, stage 7)
INFO:b1k.shared.eval_b1k_wrapper:🔧 Gripper variation: Compression disabled (mean: 1.8847, max: 1.6139)
INFO:b1k.shared.correction_rules:🔧 GENERAL GRIPPER CORRECTION: Task 31, Stage 7
INFO:b1k.shared.correction_rules:   Left gripper closed (-0.9951) → Opening to 1.0
INFO:b1k.shared.eval_b1k_wrapper:🔧 Correction rule: Actions modified (max diff: 2.0136, task 31, stage 7)
INFO:b1k.shared.eval_b1k_wrapper:🔧 Gripper variation: Compression disabled (mean: 1.9914, max: 0.1727)
INFO:b1k.shared.eval_b1k_wrapper:🎯 Prediction #400 | Actions: uncompressed (20) | Inpainting: True
INFO:b1k.shared.eval_b1k_wrapper:📊 Step 8000 | Task: 31 | Stage: 7/9 | Predictions: 400
INFO:b1k.shared.correction_rules:🔧 GENERAL GRIPPER CORRECTION: Task 31, Stage 7
INFO:b1k.shared.correction_rules:   Left gripper closed (-0.9954) → Opening to 1.0
INFO:b1k.shared.eval_b1k_wrapper:🔧 Correction rule: Actions modified (max diff: 2.0014, task 31, stage 7)
INFO:b1k.shared.eval_b1k_wrapper:🔧 Gripper variation: Compression disabled (mean: 0.2350, max: 1.0158)
INFO:b1k.shared.eval_b1k_wrapper:🔧 Gripper variation: Compression disabled (mean: 2.0074, max: 0.0147)
INFO:b1k.shared.correction_rules:🔧 GENERAL GRIPPER CORRECTION: Task 31, Stage 7
INFO:b1k.shared.correction_rules:   Left gripper closed (-1.0000) → Opening to 1.0
INFO:b1k.shared.eval_b1k_wrapper:🔧 Correction rule: Actions modified (max diff: 2.0050, task 31, stage 7)
INFO:b1k.shared.eval_b1k_wrapper:🔧 Gripper variation: Compression disabled (mean: 2.0119, max: 0.7460)
INFO:b1k.shared.eval_b1k_wrapper:📊 Step 8100 | Task: 31 | Stage: 7/9 | Predictions: 405
INFO:b1k.shared.correction_rules:🔧 GENERAL GRIPPER CORRECTION: Task 31, Stage 7
INFO:b1k.shared.correction_rules:   Left gripper closed (-0.9967) → Opening to 1.0
INFO:b1k.shared.eval_b1k_wrapper:🔧 Correction rule: Actions modified (max diff: 2.0051, task 31, stage 7)
INFO:b1k.shared.eval_b1k_wrapper:🔧 Gripper variation: Compression disabled (mean: 0.3623, max: 0.7238)
INFO:b1k.shared.eval_b1k_wrapper:🎯 Prediction #410 | Actions: compressed 26→20 | Inpainting: True
INFO:b1k.shared.eval_b1k_wrapper:📊 Step 8200 | Task: 31 | Stage: 7/9 | Predictions: 410
INFO:b1k.shared.eval_b1k_wrapper:🔧 Gripper variation: Compression disabled (mean: 2.0073, max: 0.0087)
INFO:b1k.shared.correction_rules:🔧 GENERAL GRIPPER CORRECTION: Task 31, Stage 7
INFO:b1k.shared.correction_rules:   Left gripper closed (-0.9992) → Opening to 1.0
INFO:b1k.shared.eval_b1k_wrapper:🔧 Correction rule: Actions modified (max diff: 2.0026, task 31, stage 7)
INFO:b1k.shared.eval_b1k_wrapper:🔧 Gripper variation: Compression disabled (mean: 1.5849, max: 0.7236)
INFO:b1k.shared.correction_rules:🔧 GENERAL GRIPPER CORRECTION: Task 31, Stage 7
INFO:b1k.shared.correction_rules:   Left gripper closed (-0.9997) → Opening to 1.0
INFO:b1k.shared.eval_b1k_wrapper:🔧 Correction rule: Actions modified (max diff: 2.0030, task 31, stage 7)
INFO:b1k.shared.eval_b1k_wrapper:📊 Step 8300 | Task: 31 | Stage: 7/9 | Predictions: 415
INFO:b1k.shared.eval_b1k_wrapper:🔧 Gripper variation: Compression disabled (mean: 0.1226, max: 0.6858)
INFO:b1k.shared.eval_b1k_wrapper:🔧 Gripper variation: Compression disabled (mean: 2.0061, max: 0.0120)
INFO:b1k.shared.correction_rules:🔧 GENERAL GRIPPER CORRECTION: Task 31, Stage 7
INFO:b1k.shared.correction_rules:   Left gripper closed (-1.0000) → Opening to 1.0
INFO:b1k.shared.eval_b1k_wrapper:🔧 Correction rule: Actions modified (max diff: 2.0039, task 31, stage 7)
INFO:b1k.shared.eval_b1k_wrapper:🔧 Gripper variation: Compression disabled (mean: 1.9840, max: 0.0571)
INFO:b1k.shared.correction_rules:🔧 GENERAL GRIPPER CORRECTION: Task 31, Stage 7
INFO:b1k.shared.correction_rules:   Left gripper closed (-0.9849) → Opening to 1.0
INFO:b1k.shared.eval_b1k_wrapper:🔧 Correction rule: Actions modified (max diff: 2.0044, task 31, stage 7)
INFO:b1k.shared.eval_b1k_wrapper:🎯 Prediction #420 | Actions: compressed 26→20 | Inpainting: True
INFO:b1k.shared.eval_b1k_wrapper:📊 Step 8400 | Task: 31 | Stage: 7/9 | Predictions: 420
INFO:b1k.shared.eval_b1k_wrapper:🔧 Gripper variation: Compression disabled (mean: 0.3599, max: 0.8223)
INFO:b1k.shared.eval_b1k_wrapper:🔧 Gripper variation: Compression disabled (mean: 2.0281, max: 0.0159)
INFO:b1k.shared.correction_rules:🔧 GENERAL GRIPPER CORRECTION: Task 31, Stage 7
INFO:b1k.shared.correction_rules:   Left gripper closed (-1.0000) → Opening to 1.0
INFO:b1k.shared.eval_b1k_wrapper:🔧 Correction rule: Actions modified (max diff: 2.0100, task 31, stage 7)
INFO:b1k.shared.eval_b1k_wrapper:🔧 Gripper variation: Compression disabled (mean: 0.3392, max: 1.2579)
INFO:b1k.shared.eval_b1k_wrapper:🔧 Gripper variation: Compression disabled (mean: 2.0066, max: 0.0092)
INFO:b1k.shared.eval_b1k_wrapper:📊 Step 8500 | Task: 31 | Stage: 7/9 | Predictions: 425
INFO:b1k.shared.correction_rules:🔧 GENERAL GRIPPER CORRECTION: Task 31, Stage 7
INFO:b1k.shared.correction_rules:   Left gripper closed (-0.9993) → Opening to 1.0
INFO:b1k.shared.eval_b1k_wrapper:🔧 Correction rule: Actions modified (max diff: 2.0084, task 31, stage 7)
INFO:b1k.shared.eval_b1k_wrapper:🔧 Gripper variation: Compression disabled (mean: 0.5584, max: 1.4034)
INFO:b1k.shared.eval_b1k_wrapper:🔧 Gripper variation: Compression disabled (mean: 2.0049, max: 0.0052)
INFO:b1k.shared.correction_rules:🔧 GENERAL GRIPPER CORRECTION: Task 31, Stage 7
INFO:b1k.shared.correction_rules:   Left gripper closed (-0.9999) → Opening to 1.0
INFO:b1k.shared.eval_b1k_wrapper:🔧 Correction rule: Actions modified (max diff: 2.0046, task 31, stage 7)
INFO:b1k.shared.eval_b1k_wrapper:🔧 Gripper variation: Compression disabled (mean: 2.1224, max: 1.0959)
INFO:b1k.shared.eval_b1k_wrapper:🎯 Prediction #430 | Actions: uncompressed (20) | Inpainting: True
INFO:b1k.shared.eval_b1k_wrapper:📊 Step 8600 | Task: 31 | Stage: 7/9 | Predictions: 430
INFO:b1k.shared.correction_rules:🔧 GENERAL GRIPPER CORRECTION: Task 31, Stage 7
INFO:b1k.shared.correction_rules:   Left gripper closed (-0.9984) → Opening to 1.0
INFO:b1k.shared.eval_b1k_wrapper:🔧 Correction rule: Actions modified (max diff: 2.0006, task 31, stage 7)
INFO:b1k.shared.eval_b1k_wrapper:🔧 Gripper variation: Compression disabled (mean: 1.9833, max: 1.2892)
INFO:b1k.shared.correction_rules:🔧 GENERAL GRIPPER CORRECTION: Task 31, Stage 7
INFO:b1k.shared.correction_rules:   Left gripper closed (-0.9977) → Opening to 1.0
INFO:b1k.shared.eval_b1k_wrapper:🔧 Correction rule: Actions modified (max diff: 2.0038, task 31, stage 7)
INFO:b1k.shared.eval_b1k_wrapper:📊 Step 8700 | Task: 31 | Stage: 7/9 | Predictions: 435
INFO:b1k.shared.eval_b1k_wrapper:🔧 Gripper variation: Compression disabled (mean: 0.1129, max: 0.8084)
INFO:b1k.shared.eval_b1k_wrapper:🔧 Gripper variation: Compression disabled (mean: 2.0200, max: 0.0137)
INFO:b1k.shared.eval_b1k_wrapper:🔧 Gripper variation: Compression disabled (mean: 2.0091, max: 0.0100)
INFO:b1k.shared.eval_b1k_wrapper:🎯 Prediction #440 | Actions: compressed 26→20 | Inpainting: True
INFO:b1k.shared.eval_b1k_wrapper:📊 Step 8800 | Task: 31 | Stage: 7/9 | Predictions: 440
INFO:b1k.shared.eval_b1k_wrapper:🔧 Gripper variation: Compression disabled (mean: 2.0484, max: 0.0219)
INFO:b1k.shared.correction_rules:🔧 GENERAL GRIPPER CORRECTION: Task 31, Stage 7
INFO:b1k.shared.correction_rules:   Left gripper closed (-1.0000) → Opening to 1.0
INFO:b1k.shared.eval_b1k_wrapper:🔧 Correction rule: Actions modified (max diff: 2.0016, task 31, stage 7)
INFO:b1k.shared.eval_b1k_wrapper:🔧 Gripper variation: Compression disabled (mean: 1.7585, max: 1.0242)
INFO:b1k.shared.correction_rules:🔧 GENERAL GRIPPER CORRECTION: Task 31, Stage 7
INFO:b1k.shared.correction_rules:   Left gripper closed (-0.9989) → Opening to 1.0
INFO:b1k.shared.eval_b1k_wrapper:🔧 Correction rule: Actions modified (max diff: 2.0016, task 31, stage 7)
INFO:b1k.shared.eval_b1k_wrapper:📊 Step 8900 | Task: 31 | Stage: 7/9 | Predictions: 445
INFO:b1k.shared.eval_b1k_wrapper:🔧 Gripper variation: Compression disabled (mean: 0.3470, max: 1.1859)
INFO:b1k.shared.eval_b1k_wrapper:🔧 Gripper variation: Compression disabled (mean: 2.0117, max: 0.0114)
INFO:b1k.shared.correction_rules:🔧 GENERAL GRIPPER CORRECTION: Task 31, Stage 7
INFO:b1k.shared.correction_rules:   Left gripper closed (-0.9997) → Opening to 1.0
INFO:b1k.shared.eval_b1k_wrapper:🔧 Correction rule: Actions modified (max diff: 2.0000, task 31, stage 7)
INFO:b1k.shared.eval_b1k_wrapper:🎯 Prediction #450 | Actions: compressed 26→20 | Inpainting: True
INFO:b1k.shared.eval_b1k_wrapper:📊 Step 9000 | Task: 31 | Stage: 7/9 | Predictions: 450
INFO:b1k.shared.eval_b1k_wrapper:🔧 Gripper variation: Compression disabled (mean: 1.6018, max: 0.6975)
INFO:b1k.shared.correction_rules:🔧 GENERAL GRIPPER CORRECTION: Task 31, Stage 7
INFO:b1k.shared.correction_rules:   Left gripper closed (-0.9977) → Opening to 1.0
INFO:b1k.shared.eval_b1k_wrapper:🔧 Correction rule: Actions modified (max diff: 2.0011, task 31, stage 7)
INFO:b1k.shared.eval_b1k_wrapper:🔧 Gripper variation: Compression disabled (mean: 0.3574, max: 0.8294)
INFO:b1k.shared.eval_b1k_wrapper:📊 Step 9100 | Task: 31 | Stage: 7/9 | Predictions: 455
INFO:b1k.shared.eval_b1k_wrapper:🔧 Gripper variation: Compression disabled (mean: 2.0092, max: 0.0082)
INFO:b1k.shared.correction_rules:🔧 GENERAL GRIPPER CORRECTION: Task 31, Stage 7
INFO:b1k.shared.correction_rules:   Left gripper closed (-0.9955) → Opening to 1.0
INFO:b1k.shared.eval_b1k_wrapper:🔧 Correction rule: Actions modified (max diff: 2.0024, task 31, stage 7)
INFO:b1k.shared.eval_b1k_wrapper:🔧 Gripper variation: Compression disabled (mean: 0.4405, max: 1.2058)
INFO:b1k.shared.eval_b1k_wrapper:🎯 Prediction #460 | Actions: uncompressed (20) | Inpainting: True
INFO:b1k.shared.eval_b1k_wrapper:📊 Step 9200 | Task: 31 | Stage: 7/9 | Predictions: 460
INFO:b1k.shared.eval_b1k_wrapper:🔧 Gripper variation: Compression disabled (mean: 2.0226, max: 0.0065)
INFO:b1k.shared.eval_b1k_wrapper:🔧 Gripper variation: Compression disabled (mean: 2.0145, max: 0.0109)
INFO:b1k.shared.eval_b1k_wrapper:📊 Step 9300 | Task: 31 | Stage: 7/9 | Predictions: 465
INFO:b1k.shared.correction_rules:🔧 GENERAL GRIPPER CORRECTION: Task 31, Stage 7
INFO:b1k.shared.correction_rules:   Left gripper closed (-0.9990) → Opening to 1.0
INFO:b1k.shared.eval_b1k_wrapper:🔧 Correction rule: Actions modified (max diff: 2.0003, task 31, stage 7)
INFO:b1k.shared.eval_b1k_wrapper:🔧 Gripper variation: Compression disabled (mean: 0.1538, max: 0.7257)
INFO:b1k.shared.eval_b1k_wrapper:🔧 Gripper variation: Compression disabled (mean: 1.9898, max: 0.0086)
INFO:b1k.shared.correction_rules:🔧 GENERAL GRIPPER CORRECTION: Task 31, Stage 7
INFO:b1k.shared.correction_rules:   Left gripper closed (-0.9975) → Opening to 1.0
INFO:b1k.shared.eval_b1k_wrapper:🔧 Correction rule: Actions modified (max diff: 2.0005, task 31, stage 7)
INFO:b1k.shared.eval_b1k_wrapper:🎯 Prediction #470 | Actions: compressed 26→20 | Inpainting: True
INFO:b1k.shared.eval_b1k_wrapper:📊 Step 9400 | Task: 31 | Stage: 7/9 | Predictions: 470
INFO:b1k.shared.eval_b1k_wrapper:🔧 Gripper variation: Compression disabled (mean: 0.2418, max: 0.8298)
INFO:b1k.shared.eval_b1k_wrapper:🔧 Gripper variation: Compression disabled (mean: 1.9990, max: 0.0077)
INFO:b1k.shared.correction_rules:🔧 GENERAL GRIPPER CORRECTION: Task 31, Stage 7
INFO:b1k.shared.correction_rules:   Left gripper closed (-0.9974) → Opening to 1.0
INFO:b1k.shared.eval_b1k_wrapper:🔧 Correction rule: Actions modified (max diff: 2.0036, task 31, stage 7)
INFO:b1k.shared.eval_b1k_wrapper:🔧 Gripper variation: Compression disabled (mean: 1.7475, max: 0.8280)
INFO:b1k.shared.eval_b1k_wrapper:📊 Step 9500 | Task: 31 | Stage: 7/9 | Predictions: 475
INFO:b1k.shared.correction_rules:🔧 GENERAL GRIPPER CORRECTION: Task 31, Stage 7
INFO:b1k.shared.correction_rules:   Left gripper closed (-0.9844) → Opening to 1.0
INFO:b1k.shared.eval_b1k_wrapper:🔧 Correction rule: Actions modified (max diff: 2.0011, task 31, stage 7)
INFO:b1k.shared.eval_b1k_wrapper:🔧 Gripper variation: Compression disabled (mean: 1.3967, max: 0.4958)
INFO:b1k.shared.correction_rules:🔧 GENERAL GRIPPER CORRECTION: Task 31, Stage 7
INFO:b1k.shared.correction_rules:   Left gripper closed (-0.9880) → Opening to 1.0
INFO:b1k.shared.eval_b1k_wrapper:🔧 Correction rule: Actions modified (max diff: 2.0047, task 31, stage 7)
INFO:b1k.shared.eval_b1k_wrapper:🔧 Gripper variation: Compression disabled (mean: 0.5947, max: 1.8928)
INFO:b1k.shared.eval_b1k_wrapper:🎯 Prediction #480 | Actions: compressed 26→20 | Inpainting: True
INFO:b1k.shared.eval_b1k_wrapper:📊 Step 9600 | Task: 31 | Stage: 7/9 | Predictions: 480
INFO:b1k.shared.eval_b1k_wrapper:🔧 Gripper variation: Compression disabled (mean: 2.0058, max: 0.0151)
INFO:b1k.shared.correction_rules:🔧 GENERAL GRIPPER CORRECTION: Task 31, Stage 7
INFO:b1k.shared.correction_rules:   Left gripper closed (-0.9985) → Opening to 1.0
INFO:b1k.shared.eval_b1k_wrapper:🔧 Correction rule: Actions modified (max diff: 2.0012, task 31, stage 7)
INFO:b1k.shared.eval_b1k_wrapper:🔧 Gripper variation: Compression disabled (mean: 1.2089, max: 1.1447)
INFO:b1k.shared.eval_b1k_wrapper:📊 Step 9700 | Task: 31 | Stage: 7/9 | Predictions: 485
INFO:b1k.shared.correction_rules:🔧 GENERAL GRIPPER CORRECTION: Task 31, Stage 7
INFO:b1k.shared.correction_rules:   Left gripper closed (-0.9991) → Opening to 1.0
INFO:b1k.shared.eval_b1k_wrapper:🔧 Correction rule: Actions modified (max diff: 2.0009, task 31, stage 7)
INFO:b1k.shared.eval_b1k_wrapper:🔧 Gripper variation: Compression disabled (mean: 0.3106, max: 0.8780)
INFO:b1k.shared.eval_b1k_wrapper:🎯 Prediction #490 | Actions: compressed 26→20 | Inpainting: True
INFO:b1k.shared.eval_b1k_wrapper:📊 Step 9800 | Task: 31 | Stage: 7/9 | Predictions: 490
INFO:b1k.shared.eval_b1k_wrapper:🔧 Gripper variation: Compression disabled (mean: 2.0145, max: 0.0068)
INFO:b1k.shared.eval_b1k_wrapper:📊 Step 9900 | Task: 31 | Stage: 7/9 | Predictions: 495
INFO:b1k.shared.eval_b1k_wrapper:🔧 Gripper variation: Compression disabled (mean: 2.0028, max: 0.0073)
INFO:b1k.shared.correction_rules:🔧 GENERAL GRIPPER CORRECTION: Task 31, Stage 7
INFO:b1k.shared.correction_rules:   Left gripper closed (-1.0000) → Opening to 1.0
INFO:b1k.shared.eval_b1k_wrapper:🔧 Correction rule: Actions modified (max diff: 2.0023, task 31, stage 7)
INFO:b1k.shared.eval_b1k_wrapper:🔧 Gripper variation: Compression disabled (mean: 0.4941, max: 0.6345)
INFO:b1k.shared.eval_b1k_wrapper:🔧 Gripper variation: Compression disabled (mean: 2.0031, max: 0.0123)
INFO:b1k.shared.eval_b1k_wrapper:🎯 Prediction #500 | Actions: compressed 26→20 | Inpainting: True
INFO:b1k.shared.eval_b1k_wrapper:📊 Step 10000 | Task: 31 | Stage: 7/9 | Predictions: 500
INFO:b1k.shared.correction_rules:🔧 GENERAL GRIPPER CORRECTION: Task 31, Stage 7
INFO:b1k.shared.correction_rules:   Left gripper closed (-1.0000) → Opening to 1.0
INFO:b1k.shared.eval_b1k_wrapper:🔧 Correction rule: Actions modified (max diff: 2.0136, task 31, stage 7)
INFO:b1k.shared.eval_b1k_wrapper:🔧 Gripper variation: Compression disabled (mean: 1.7491, max: 0.9293)
INFO:b1k.shared.correction_rules:🔧 GENERAL GRIPPER CORRECTION: Task 31, Stage 7
INFO:b1k.shared.correction_rules:   Left gripper closed (-0.9874) → Opening to 1.0
INFO:b1k.shared.eval_b1k_wrapper:🔧 Correction rule: Actions modified (max diff: 1.9988, task 31, stage 7)
INFO:b1k.shared.eval_b1k_wrapper:🔧 Gripper variation: Compression disabled (mean: 0.0908, max: 0.5513)
INFO:b1k.shared.eval_b1k_wrapper:📊 Step 10100 | Task: 31 | Stage: 7/9 | Predictions: 505
INFO:b1k.shared.eval_b1k_wrapper:🔧 Gripper variation: Compression disabled (mean: 2.0105, max: 0.0106)
INFO:b1k.shared.correction_rules:🔧 GENERAL GRIPPER CORRECTION: Task 31, Stage 7
INFO:b1k.shared.correction_rules:   Left gripper closed (-1.0000) → Opening to 1.0
INFO:b1k.shared.eval_b1k_wrapper:🔧 Correction rule: Actions modified (max diff: 2.0017, task 31, stage 7)
INFO:b1k.shared.eval_b1k_wrapper:🔧 Gripper variation: Compression disabled (mean: 0.0642, max: 0.6493)
INFO:b1k.shared.eval_b1k_wrapper:🔧 Gripper variation: Compression disabled (mean: 1.9982, max: 0.0109)
INFO:b1k.shared.eval_b1k_wrapper:🔧 Gripper variation: Compression disabled (mean: 2.0166, max: 0.0105)
INFO:b1k.shared.eval_b1k_wrapper:🎯 Prediction #510 | Actions: uncompressed (20) | Inpainting: True
INFO:b1k.shared.eval_b1k_wrapper:📊 Step 10200 | Task: 31 | Stage: 7/9 | Predictions: 510
INFO:b1k.shared.correction_rules:🔧 GENERAL GRIPPER CORRECTION: Task 31, Stage 7
INFO:b1k.shared.correction_rules:   Left gripper closed (-0.9941) → Opening to 1.0
INFO:b1k.shared.eval_b1k_wrapper:🔧 Correction rule: Actions modified (max diff: 2.0055, task 31, stage 7)
INFO:b1k.shared.eval_b1k_wrapper:🔧 Gripper variation: Compression disabled (mean: 0.2576, max: 1.0372)
INFO:b1k.shared.eval_b1k_wrapper:🔧 Gripper variation: Compression disabled (mean: 2.0163, max: 0.0118)
INFO:b1k.shared.eval_b1k_wrapper:📊 Step 10300 | Task: 31 | Stage: 7/9 | Predictions: 515
INFO:b1k.shared.eval_b1k_wrapper:🔧 Gripper variation: Compression disabled (mean: 2.0059, max: 0.0081)
INFO:b1k.shared.correction_rules:🔧 GENERAL GRIPPER CORRECTION: Task 31, Stage 7
INFO:b1k.shared.correction_rules:   Left gripper closed (-0.9999) → Opening to 1.0
INFO:b1k.shared.eval_b1k_wrapper:🔧 Correction rule: Actions modified (max diff: 2.0040, task 31, stage 7)
INFO:b1k.shared.eval_b1k_wrapper:🔧 Gripper variation: Compression disabled (mean: 1.9923, max: 0.6603)
INFO:b1k.shared.correction_rules:🔧 GENERAL GRIPPER CORRECTION: Task 31, Stage 7
INFO:b1k.shared.correction_rules:   Left gripper closed (-0.9951) → Opening to 1.0
INFO:b1k.shared.eval_b1k_wrapper:🔧 Correction rule: Actions modified (max diff: 2.0014, task 31, stage 7)
INFO:b1k.shared.eval_b1k_wrapper:🎯 Prediction #520 | Actions: compressed 26→20 | Inpainting: True
INFO:b1k.shared.eval_b1k_wrapper:📊 Step 10400 | Task: 31 | Stage: 7/9 | Predictions: 520
INFO:b1k.shared.eval_b1k_wrapper:🔧 Gripper variation: Compression disabled (mean: 0.4772, max: 0.8017)
INFO:b1k.shared.eval_b1k_wrapper:📊 Step 10500 | Task: 31 | Stage: 7/9 | Predictions: 525
INFO:b1k.shared.eval_b1k_wrapper:🔧 Gripper variation: Compression disabled (mean: 1.9721, max: 0.0105)
INFO:b1k.shared.correction_rules:🔧 GENERAL GRIPPER CORRECTION: Task 31, Stage 7
INFO:b1k.shared.correction_rules:   Left gripper closed (-1.0000) → Opening to 1.0
INFO:b1k.shared.eval_b1k_wrapper:🔧 Correction rule: Actions modified (max diff: 2.0034, task 31, stage 7)
INFO:b1k.shared.eval_b1k_wrapper:🔧 Gripper variation: Compression disabled (mean: 1.9849, max: 0.5505)
INFO:b1k.shared.eval_b1k_wrapper:🎯 Prediction #530 | Actions: uncompressed (20) | Inpainting: True
INFO:b1k.shared.eval_b1k_wrapper:📊 Step 10600 | Task: 31 | Stage: 7/9 | Predictions: 530
INFO:b1k.shared.eval_b1k_wrapper:🔧 Gripper variation: Compression disabled (mean: 1.9865, max: 0.0090)
INFO:b1k.shared.correction_rules:🔧 GENERAL GRIPPER CORRECTION: Task 31, Stage 7
INFO:b1k.shared.correction_rules:   Left gripper closed (-1.0000) → Opening to 1.0
INFO:b1k.shared.eval_b1k_wrapper:🔧 Correction rule: Actions modified (max diff: 1.9991, task 31, stage 7)
INFO:b1k.shared.eval_b1k_wrapper:🔧 Gripper variation: Compression disabled (mean: 1.4843, max: 0.6222)
INFO:b1k.shared.correction_rules:🔧 GENERAL GRIPPER CORRECTION: Task 31, Stage 7
INFO:b1k.shared.correction_rules:   Left gripper closed (-0.9981) → Opening to 1.0
INFO:b1k.shared.eval_b1k_wrapper:🔧 Correction rule: Actions modified (max diff: 2.0027, task 31, stage 7)
INFO:b1k.shared.eval_b1k_wrapper:📊 Step 10700 | Task: 31 | Stage: 7/9 | Predictions: 535
INFO:b1k.shared.eval_b1k_wrapper:🔧 Gripper variation: Compression disabled (mean: 1.9706, max: 0.6370)
INFO:b1k.shared.correction_rules:🔧 GENERAL GRIPPER CORRECTION: Task 31, Stage 7
INFO:b1k.shared.correction_rules:   Left gripper closed (-0.9964) → Opening to 1.0
INFO:b1k.shared.eval_b1k_wrapper:🔧 Correction rule: Actions modified (max diff: 2.0017, task 31, stage 7)
INFO:b1k.shared.eval_b1k_wrapper:🔧 Gripper variation: Compression disabled (mean: 2.0060, max: 0.5820)
INFO:b1k.shared.eval_b1k_wrapper:🎯 Prediction #540 | Actions: compressed 26→20 | Inpainting: True
INFO:b1k.shared.eval_b1k_wrapper:📊 Step 10800 | Task: 31 | Stage: 7/9 | Predictions: 540
INFO:b1k.shared.eval_b1k_wrapper:📊 Step 10900 | Task: 31 | Stage: 7/9 | Predictions: 545
INFO:b1k.shared.eval_b1k_wrapper:🎯 Prediction #550 | Actions: compressed 26→20 | Inpainting: True
INFO:b1k.shared.eval_b1k_wrapper:📊 Step 11000 | Task: 31 | Stage: 7/9 | Predictions: 550
INFO:b1k.shared.eval_b1k_wrapper:📊 Step 11100 | Task: 31 | Stage: 7/9 | Predictions: 555
INFO:b1k.shared.eval_b1k_wrapper:🎯 Prediction #560 | Actions: compressed 26→20 | Inpainting: True
INFO:b1k.shared.eval_b1k_wrapper:📊 Step 11200 | Task: 31 | Stage: 7/9 | Predictions: 560
INFO:b1k.shared.eval_b1k_wrapper:📊 Step 11300 | Task: 31 | Stage: 7/9 | Predictions: 565
INFO:b1k.shared.eval_b1k_wrapper:🎯 Prediction #570 | Actions: compressed 26→20 | Inpainting: True
INFO:b1k.shared.eval_b1k_wrapper:📊 Step 11400 | Task: 31 | Stage: 7/9 | Predictions: 570
INFO:b1k.shared.eval_b1k_wrapper:🔧 Gripper variation: Compression disabled (mean: 0.5777, max: 0.2068)
INFO:b1k.shared.eval_b1k_wrapper:📊 Step 11500 | Task: 31 | Stage: 7/9 | Predictions: 575
INFO:b1k.shared.eval_b1k_wrapper:🔧 Gripper variation: Compression disabled (mean: 0.8305, max: 0.4198)
INFO:b1k.shared.eval_b1k_wrapper:🔧 Gripper variation: Compression disabled (mean: 0.7103, max: 0.8703)
INFO:b1k.shared.eval_b1k_wrapper:🔧 Gripper variation: Compression disabled (mean: 0.9604, max: 0.6473)
INFO:b1k.shared.eval_b1k_wrapper:🔧 Gripper variation: Compression disabled (mean: 0.5167, max: 0.6983)
INFO:b1k.shared.eval_b1k_wrapper:🔧 Gripper variation: Compression disabled (mean: 0.8404, max: 1.0907)
INFO:b1k.shared.eval_b1k_wrapper:🎯 Prediction #580 | Actions: uncompressed (20) | Inpainting: True
INFO:b1k.shared.eval_b1k_wrapper:📊 Step 11600 | Task: 31 | Stage: 7/9 | Predictions: 580
INFO:b1k.shared.eval_b1k_wrapper:🔧 Gripper variation: Compression disabled (mean: 0.5830, max: 0.9239)
INFO:b1k.shared.eval_b1k_wrapper:🔧 Gripper variation: Compression disabled (mean: 0.6073, max: 0.3797)
INFO:b1k.shared.eval_b1k_wrapper:🔧 Gripper variation: Compression disabled (mean: 0.3736, max: 0.5141)
INFO:b1k.shared.eval_b1k_wrapper:🔧 Gripper variation: Compression disabled (mean: 0.3330, max: 0.7701)
INFO:b1k.shared.eval_b1k_wrapper:🔧 Gripper variation: Compression disabled (mean: 0.6402, max: 0.8677)
INFO:b1k.shared.eval_b1k_wrapper:📊 Step 11700 | Task: 31 | Stage: 7/9 | Predictions: 585
INFO:b1k.shared.eval_b1k_wrapper:🔧 Gripper variation: Compression disabled (mean: 0.5302, max: 0.7946)
INFO:b1k.shared.eval_b1k_wrapper:🔧 Gripper variation: Compression disabled (mean: 0.3928, max: 0.5294)
INFO:b1k.shared.eval_b1k_wrapper:🔧 Gripper variation: Compression disabled (mean: 0.2977, max: 0.7713)
INFO:b1k.shared.eval_b1k_wrapper:🔧 Gripper variation: Compression disabled (mean: 0.6196, max: 0.8264)
INFO:b1k.shared.eval_b1k_wrapper:🔧 Gripper variation: Compression disabled (mean: 0.8746, max: 0.6726)
INFO:b1k.shared.eval_b1k_wrapper:🎯 Prediction #590 | Actions: uncompressed (20) | Inpainting: True
INFO:b1k.shared.eval_b1k_wrapper:📊 Step 11800 | Task: 31 | Stage: 7/9 | Predictions: 590
INFO:b1k.shared.eval_b1k_wrapper:🔧 Gripper variation: Compression disabled (mean: 0.7782, max: 0.8738)
INFO:b1k.shared.eval_b1k_wrapper:🔧 Gripper variation: Compression disabled (mean: 0.2664, max: 0.5535)
INFO:b1k.shared.eval_b1k_wrapper:🔧 Gripper variation: Compression disabled (mean: 0.5239, max: 0.4679)
INFO:b1k.shared.eval_b1k_wrapper:🔧 Gripper variation: Compression disabled (mean: 0.2520, max: 0.6296)
INFO:b1k.shared.eval_b1k_wrapper:🔧 Gripper variation: Compression disabled (mean: 0.9872, max: 0.6177)
INFO:b1k.shared.eval_b1k_wrapper:📊 Step 11900 | Task: 31 | Stage: 7/9 | Predictions: 595
INFO:b1k.shared.eval_b1k_wrapper:🔧 Gripper variation: Compression disabled (mean: 0.7898, max: 0.7910)
INFO:b1k.shared.eval_b1k_wrapper:🔧 Gripper variation: Compression disabled (mean: 0.7142, max: 0.3875)
INFO:b1k.shared.eval_b1k_wrapper:🔧 Gripper variation: Compression disabled (mean: 0.6250, max: 0.5644)
INFO:b1k.shared.eval_b1k_wrapper:🔧 Gripper variation: Compression disabled (mean: 0.7081, max: 0.5135)
INFO:b1k.shared.eval_b1k_wrapper:🔧 Gripper variation: Compression disabled (mean: 0.5875, max: 0.6207)
INFO:b1k.shared.eval_b1k_wrapper:🎯 Prediction #600 | Actions: uncompressed (20) | Inpainting: True
INFO:b1k.shared.eval_b1k_wrapper:📊 Step 12000 | Task: 31 | Stage: 7/9 | Predictions: 600
INFO:b1k.shared.eval_b1k_wrapper:🔧 Gripper variation: Compression disabled (mean: 0.6714, max: 0.7007)
INFO:b1k.shared.eval_b1k_wrapper:🔧 Gripper variation: Compression disabled (mean: 0.6718, max: 0.6666)
INFO:b1k.shared.eval_b1k_wrapper:🔧 Gripper variation: Compression disabled (mean: 0.1428, max: 0.6320)
INFO:b1k.shared.eval_b1k_wrapper:🔧 Gripper variation: Compression disabled (mean: 0.3374, max: 1.0450)
INFO:b1k.shared.eval_b1k_wrapper:🔧 Gripper variation: Compression disabled (mean: 0.2064, max: 0.9442)
INFO:b1k.shared.eval_b1k_wrapper:📊 Step 12100 | Task: 31 | Stage: 7/9 | Predictions: 605
INFO:b1k.shared.eval_b1k_wrapper:🔧 Gripper variation: Compression disabled (mean: 0.6011, max: 0.7239)
INFO:b1k.shared.eval_b1k_wrapper:🔧 Gripper variation: Compression disabled (mean: 0.3166, max: 1.0170)
INFO:b1k.shared.eval_b1k_wrapper:🔧 Gripper variation: Compression disabled (mean: 0.6631, max: 0.8321)
INFO:b1k.shared.eval_b1k_wrapper:🔧 Gripper variation: Compression disabled (mean: 0.1698, max: 0.4499)
INFO:b1k.shared.eval_b1k_wrapper:🔧 Gripper variation: Compression disabled (mean: 0.9815, max: 0.5562)
INFO:b1k.shared.eval_b1k_wrapper:🎯 Prediction #610 | Actions: uncompressed (20) | Inpainting: True
INFO:b1k.shared.eval_b1k_wrapper:📊 Step 12200 | Task: 31 | Stage: 7/9 | Predictions: 610
INFO:b1k.shared.eval_b1k_wrapper:🔧 Gripper variation: Compression disabled (mean: 0.3928, max: 0.5872)
INFO:b1k.shared.eval_b1k_wrapper:🔧 Gripper variation: Compression disabled (mean: 0.8492, max: 0.6212)
INFO:b1k.shared.eval_b1k_wrapper:🔧 Gripper variation: Compression disabled (mean: 0.3032, max: 0.9723)
INFO:b1k.shared.eval_b1k_wrapper:🔧 Gripper variation: Compression disabled (mean: 0.4836, max: 1.1218)
INFO:b1k.shared.eval_b1k_wrapper:🔧 Gripper variation: Compression disabled (mean: 0.6140, max: 0.5126)
INFO:b1k.shared.eval_b1k_wrapper:📊 Step 12300 | Task: 31 | Stage: 7/9 | Predictions: 615
INFO:b1k.shared.eval_b1k_wrapper:🔧 Gripper variation: Compression disabled (mean: 0.7976, max: 0.6171)
INFO:b1k.shared.eval_b1k_wrapper:🔧 Gripper variation: Compression disabled (mean: 0.6305, max: 0.8066)
INFO:b1k.shared.eval_b1k_wrapper:🔧 Gripper variation: Compression disabled (mean: 0.9068, max: 0.7293)
INFO:websockets.server:connection closed
INFO:omnigibson.learning.utils.network_utils:Connection from ('127.0.0.1', 55032) closed
INFO:websockets.server:HTTP response sent (200 OK)
INFO:websockets.server:connection closed
INFO:websockets.server:connection open
INFO:omnigibson.learning.utils.network_utils:Connection from ('127.0.0.1', 40588) opened
INFO:b1k.shared.eval_b1k_wrapper:Policy reset - Task ID: 31, Action horizon: 30
INFO:b1k.shared.eval_b1k_wrapper:📊 Step 100 | Task: 31 | Stage: 0/9 | Predictions: 5
INFO:b1k.shared.eval_b1k_wrapper:🎯 Prediction #10 | Actions: compressed 26→20 | Inpainting: True
INFO:b1k.shared.eval_b1k_wrapper:📊 Step 200 | Task: 31 | Stage: 0/9 | Predictions: 10
INFO:b1k.shared.eval_b1k_wrapper:📊 Step 300 | Task: 31 | Stage: 0/9 | Predictions: 15
INFO:b1k.shared.eval_b1k_wrapper:🎯 Prediction #20 | Actions: compressed 26→20 | Inpainting: True
INFO:b1k.shared.eval_b1k_wrapper:📊 Step 400 | Task: 31 | Stage: 0/9 | Predictions: 20
INFO:b1k.shared.eval_b1k_wrapper:📊 Step 500 | Task: 31 | Stage: 0/9 | Predictions: 25
INFO:b1k.shared.eval_b1k_wrapper:🎯 Prediction #30 | Actions: compressed 26→20 | Inpainting: True
INFO:b1k.shared.eval_b1k_wrapper:📊 Step 600 | Task: 31 | Stage: 0/9 | Predictions: 30
INFO:b1k.shared.eval_b1k_wrapper:📊 Step 700 | Task: 31 | Stage: 0/9 | Predictions: 35
INFO:b1k.shared.eval_b1k_wrapper:🎯 Prediction #40 | Actions: compressed 26→20 | Inpainting: True
INFO:b1k.shared.eval_b1k_wrapper:📊 Step 800 | Task: 31 | Stage: 0/9 | Predictions: 40
INFO:b1k.shared.eval_b1k_wrapper:⬆️  Stage advanced: 0 → 1 (task 31, step 820)
INFO:b1k.shared.eval_b1k_wrapper:📊 Step 900 | Task: 31 | Stage: 1/9 | Predictions: 45
INFO:b1k.shared.eval_b1k_wrapper:🔧 Gripper variation: Compression disabled (mean: 2.0691, max: 0.0077)
INFO:b1k.shared.eval_b1k_wrapper:🎯 Prediction #50 | Actions: uncompressed (20) | Inpainting: True
INFO:b1k.shared.eval_b1k_wrapper:📊 Step 1000 | Task: 31 | Stage: 1/9 | Predictions: 50
INFO:b1k.shared.eval_b1k_wrapper:📊 Step 1100 | Task: 31 | Stage: 1/9 | Predictions: 55
INFO:b1k.shared.eval_b1k_wrapper:🔧 Gripper variation: Compression disabled (mean: 2.0054, max: 0.0075)
INFO:b1k.shared.eval_b1k_wrapper:🎯 Prediction #60 | Actions: compressed 26→20 | Inpainting: True
INFO:b1k.shared.eval_b1k_wrapper:📊 Step 1200 | Task: 31 | Stage: 1/9 | Predictions: 60
INFO:b1k.shared.eval_b1k_wrapper:📊 Step 1300 | Task: 31 | Stage: 1/9 | Predictions: 65
INFO:b1k.shared.eval_b1k_wrapper:🎯 Prediction #70 | Actions: compressed 26→20 | Inpainting: True
INFO:b1k.shared.eval_b1k_wrapper:📊 Step 1400 | Task: 31 | Stage: 1/9 | Predictions: 70
INFO:b1k.shared.eval_b1k_wrapper:📊 Step 1500 | Task: 31 | Stage: 1/9 | Predictions: 75
INFO:b1k.shared.eval_b1k_wrapper:🎯 Prediction #80 | Actions: compressed 26→20 | Inpainting: True
INFO:b1k.shared.eval_b1k_wrapper:📊 Step 1600 | Task: 31 | Stage: 1/9 | Predictions: 80
INFO:b1k.shared.eval_b1k_wrapper:📊 Step 1700 | Task: 31 | Stage: 1/9 | Predictions: 85
INFO:b1k.shared.eval_b1k_wrapper:🎯 Prediction #90 | Actions: compressed 26→20 | Inpainting: True
INFO:b1k.shared.eval_b1k_wrapper:📊 Step 1800 | Task: 31 | Stage: 1/9 | Predictions: 90
INFO:b1k.shared.eval_b1k_wrapper:📊 Step 1900 | Task: 31 | Stage: 1/9 | Predictions: 95
INFO:b1k.shared.eval_b1k_wrapper:⬆️  Stage advanced: 1 → 2 (task 31, step 1900)
INFO:b1k.shared.eval_b1k_wrapper:🎯 Prediction #100 | Actions: compressed 26→20 | Inpainting: True
INFO:b1k.shared.eval_b1k_wrapper:📊 Step 2000 | Task: 31 | Stage: 2/9 | Predictions: 100
INFO:b1k.shared.eval_b1k_wrapper:📊 Step 2100 | Task: 31 | Stage: 2/9 | Predictions: 105
INFO:b1k.shared.eval_b1k_wrapper:🎯 Prediction #110 | Actions: compressed 26→20 | Inpainting: True
INFO:b1k.shared.eval_b1k_wrapper:📊 Step 2200 | Task: 31 | Stage: 2/9 | Predictions: 110
INFO:b1k.shared.eval_b1k_wrapper:📊 Step 2300 | Task: 31 | Stage: 2/9 | Predictions: 115
INFO:b1k.shared.eval_b1k_wrapper:⬆️  Stage advanced: 2 → 3 (task 31, step 2360)
INFO:b1k.shared.eval_b1k_wrapper:🎯 Prediction #120 | Actions: compressed 26→20 | Inpainting: True
INFO:b1k.shared.eval_b1k_wrapper:📊 Step 2400 | Task: 31 | Stage: 3/9 | Predictions: 120
INFO:b1k.shared.eval_b1k_wrapper:📊 Step 2500 | Task: 31 | Stage: 3/9 | Predictions: 125
INFO:b1k.shared.eval_b1k_wrapper:🎯 Prediction #130 | Actions: compressed 26→20 | Inpainting: True
INFO:b1k.shared.eval_b1k_wrapper:📊 Step 2600 | Task: 31 | Stage: 3/9 | Predictions: 130
INFO:b1k.shared.eval_b1k_wrapper:🔧 Gripper variation: Compression disabled (mean: 2.0101, max: 0.0038)
INFO:b1k.shared.eval_b1k_wrapper:📊 Step 2700 | Task: 31 | Stage: 3/9 | Predictions: 135
INFO:b1k.shared.eval_b1k_wrapper:🎯 Prediction #140 | Actions: compressed 26→20 | Inpainting: True
INFO:b1k.shared.eval_b1k_wrapper:📊 Step 2800 | Task: 31 | Stage: 3/9 | Predictions: 140
INFO:b1k.shared.eval_b1k_wrapper:⬆️  Stage advanced: 3 → 4 (task 31, step 2800)
INFO:b1k.shared.eval_b1k_wrapper:📊 Step 2900 | Task: 31 | Stage: 4/9 | Predictions: 145
INFO:b1k.shared.eval_b1k_wrapper:🎯 Prediction #150 | Actions: compressed 26→20 | Inpainting: True
INFO:b1k.shared.eval_b1k_wrapper:📊 Step 3000 | Task: 31 | Stage: 4/9 | Predictions: 150
INFO:b1k.shared.eval_b1k_wrapper:📊 Step 3100 | Task: 31 | Stage: 4/9 | Predictions: 155
INFO:b1k.shared.eval_b1k_wrapper:🎯 Prediction #160 | Actions: compressed 26→20 | Inpainting: True
INFO:b1k.shared.eval_b1k_wrapper:📊 Step 3200 | Task: 31 | Stage: 4/9 | Predictions: 160
INFO:b1k.shared.eval_b1k_wrapper:🔧 Gripper variation: Compression disabled (mean: 0.0067, max: 2.0117)
INFO:b1k.shared.eval_b1k_wrapper:📊 Step 3300 | Task: 31 | Stage: 4/9 | Predictions: 165
INFO:b1k.shared.eval_b1k_wrapper:🎯 Prediction #170 | Actions: compressed 26→20 | Inpainting: True
INFO:b1k.shared.eval_b1k_wrapper:📊 Step 3400 | Task: 31 | Stage: 4/9 | Predictions: 170
INFO:b1k.shared.eval_b1k_wrapper:⬆️  Stage advanced: 4 → 5 (task 31, step 3420)
INFO:b1k.shared.eval_b1k_wrapper:📊 Step 3500 | Task: 31 | Stage: 5/9 | Predictions: 175
INFO:b1k.shared.eval_b1k_wrapper:🎯 Prediction #180 | Actions: compressed 26→20 | Inpainting: True
INFO:b1k.shared.eval_b1k_wrapper:📊 Step 3600 | Task: 31 | Stage: 5/9 | Predictions: 180
INFO:b1k.shared.eval_b1k_wrapper:📊 Step 3700 | Task: 31 | Stage: 5/9 | Predictions: 185
INFO:b1k.shared.eval_b1k_wrapper:🎯 Prediction #190 | Actions: compressed 26→20 | Inpainting: True
INFO:b1k.shared.eval_b1k_wrapper:📊 Step 3800 | Task: 31 | Stage: 5/9 | Predictions: 190
INFO:b1k.shared.eval_b1k_wrapper:📊 Step 3900 | Task: 31 | Stage: 5/9 | Predictions: 195
INFO:b1k.shared.eval_b1k_wrapper:⬆️  Stage advanced: 5 → 6 (task 31, step 3900)
INFO:b1k.shared.eval_b1k_wrapper:🎯 Prediction #200 | Actions: compressed 26→20 | Inpainting: True
INFO:b1k.shared.eval_b1k_wrapper:📊 Step 4000 | Task: 31 | Stage: 6/9 | Predictions: 200
INFO:b1k.shared.eval_b1k_wrapper:📊 Step 4100 | Task: 31 | Stage: 6/9 | Predictions: 205
INFO:b1k.shared.eval_b1k_wrapper:🎯 Prediction #210 | Actions: compressed 26→20 | Inpainting: True
INFO:b1k.shared.eval_b1k_wrapper:📊 Step 4200 | Task: 31 | Stage: 6/9 | Predictions: 210
INFO:b1k.shared.eval_b1k_wrapper:📊 Step 4300 | Task: 31 | Stage: 6/9 | Predictions: 215
INFO:b1k.shared.eval_b1k_wrapper:🔧 Gripper variation: Compression disabled (mean: 2.0146, max: 0.0111)
INFO:b1k.shared.eval_b1k_wrapper:🔧 Gripper variation: Compression disabled (mean: 2.0027, max: 0.0079)
INFO:b1k.shared.eval_b1k_wrapper:🎯 Prediction #220 | Actions: uncompressed (20) | Inpainting: True
INFO:b1k.shared.eval_b1k_wrapper:📊 Step 4400 | Task: 31 | Stage: 6/9 | Predictions: 220
INFO:b1k.shared.eval_b1k_wrapper:⬆️  Stage advanced: 6 → 7 (task 31, step 4420)
INFO:b1k.shared.eval_b1k_wrapper:📊 Step 4500 | Task: 31 | Stage: 7/9 | Predictions: 225
INFO:b1k.shared.eval_b1k_wrapper:🎯 Prediction #230 | Actions: compressed 26→20 | Inpainting: True
INFO:b1k.shared.eval_b1k_wrapper:📊 Step 4600 | Task: 31 | Stage: 7/9 | Predictions: 230
INFO:b1k.shared.eval_b1k_wrapper:📊 Step 4700 | Task: 31 | Stage: 7/9 | Predictions: 235
INFO:b1k.shared.eval_b1k_wrapper:🎯 Prediction #240 | Actions: compressed 26→20 | Inpainting: True
INFO:b1k.shared.eval_b1k_wrapper:📊 Step 4800 | Task: 31 | Stage: 7/9 | Predictions: 240
INFO:b1k.shared.eval_b1k_wrapper:🔧 Gripper variation: Compression disabled (mean: 0.0068, max: 2.0025)
INFO:b1k.shared.eval_b1k_wrapper:🔧 Gripper variation: Compression disabled (mean: 0.0114, max: 1.9965)
INFO:b1k.shared.eval_b1k_wrapper:⬆️  Stage advanced: 7 → 8 (task 31, step 4860)
INFO:b1k.shared.eval_b1k_wrapper:🔧 Gripper variation: Compression disabled (mean: 0.0046, max: 2.0165)
INFO:b1k.shared.eval_b1k_wrapper:📊 Step 4900 | Task: 31 | Stage: 8/9 | Predictions: 245
INFO:b1k.shared.eval_b1k_wrapper:🎯 Prediction #250 | Actions: compressed 26→20 | Inpainting: True
INFO:b1k.shared.eval_b1k_wrapper:📊 Step 5000 | Task: 31 | Stage: 8/9 | Predictions: 250
INFO:b1k.shared.eval_b1k_wrapper:📊 Step 5100 | Task: 31 | Stage: 8/9 | Predictions: 255
INFO:b1k.shared.eval_b1k_wrapper:🎯 Prediction #260 | Actions: compressed 26→20 | Inpainting: True
INFO:b1k.shared.eval_b1k_wrapper:📊 Step 5200 | Task: 31 | Stage: 8/9 | Predictions: 260
INFO:b1k.shared.eval_b1k_wrapper:📊 Step 5300 | Task: 31 | Stage: 8/9 | Predictions: 265
INFO:b1k.shared.eval_b1k_wrapper:🎯 Prediction #270 | Actions: compressed 26→20 | Inpainting: True
INFO:b1k.shared.eval_b1k_wrapper:📊 Step 5400 | Task: 31 | Stage: 8/9 | Predictions: 270
INFO:b1k.shared.eval_b1k_wrapper:⬆️  Stage advanced: 8 → 9 (task 31, step 5420)
INFO:b1k.shared.eval_b1k_wrapper:🔧 Gripper variation: Compression disabled (mean: 2.0235, max: 0.0062)
INFO:b1k.shared.eval_b1k_wrapper:📊 Step 5500 | Task: 31 | Stage: 9/9 | Predictions: 275
INFO:b1k.shared.correction_rules:🔧 GENERAL GRIPPER CORRECTION: Task 31, Stage 9
INFO:b1k.shared.correction_rules:   Left gripper closed (-0.9986) → Opening to 1.0
INFO:b1k.shared.eval_b1k_wrapper:🔧 Correction rule: Actions modified (max diff: 2.0069, task 31, stage 9)
INFO:b1k.shared.eval_b1k_wrapper:🔧 Gripper variation: Compression disabled (mean: 0.9958, max: 0.1770)
INFO:b1k.shared.eval_b1k_wrapper:🔧 Gripper variation: Compression disabled (mean: 1.9898, max: 0.0160)
INFO:b1k.shared.correction_rules:🔧 GENERAL GRIPPER CORRECTION: Task 31, Stage 9
INFO:b1k.shared.correction_rules:   Left gripper closed (-0.9863) → Opening to 1.0
INFO:b1k.shared.eval_b1k_wrapper:🔧 Correction rule: Actions modified (max diff: 2.0114, task 31, stage 9)
INFO:b1k.shared.eval_b1k_wrapper:🎯 Prediction #280 | Actions: compressed 26→20 | Inpainting: True
INFO:b1k.shared.eval_b1k_wrapper:📊 Step 5600 | Task: 31 | Stage: 9/9 | Predictions: 280
INFO:b1k.shared.eval_b1k_wrapper:📊 Step 5700 | Task: 31 | Stage: 9/9 | Predictions: 285
INFO:b1k.shared.eval_b1k_wrapper:🎯 Prediction #290 | Actions: compressed 26→20 | Inpainting: True
INFO:b1k.shared.eval_b1k_wrapper:📊 Step 5800 | Task: 31 | Stage: 9/9 | Predictions: 290
INFO:b1k.shared.eval_b1k_wrapper:📊 Step 5900 | Task: 31 | Stage: 9/9 | Predictions: 295
INFO:b1k.shared.eval_b1k_wrapper:🎯 Prediction #300 | Actions: compressed 26→20 | Inpainting: True
INFO:b1k.shared.eval_b1k_wrapper:📊 Step 6000 | Task: 31 | Stage: 9/9 | Predictions: 300
INFO:b1k.shared.eval_b1k_wrapper:📊 Step 6100 | Task: 31 | Stage: 9/9 | Predictions: 305
INFO:b1k.shared.eval_b1k_wrapper:🎯 Prediction #310 | Actions: compressed 26→20 | Inpainting: True
INFO:b1k.shared.eval_b1k_wrapper:📊 Step 6200 | Task: 31 | Stage: 9/9 | Predictions: 310
INFO:b1k.shared.eval_b1k_wrapper:📊 Step 6300 | Task: 31 | Stage: 9/9 | Predictions: 315
INFO:b1k.shared.eval_b1k_wrapper:🎯 Prediction #320 | Actions: compressed 26→20 | Inpainting: True
INFO:b1k.shared.eval_b1k_wrapper:📊 Step 6400 | Task: 31 | Stage: 9/9 | Predictions: 320
INFO:b1k.shared.eval_b1k_wrapper:📊 Step 6500 | Task: 31 | Stage: 9/9 | Predictions: 325
INFO:b1k.shared.eval_b1k_wrapper:🎯 Prediction #330 | Actions: compressed 26→20 | Inpainting: True
INFO:b1k.shared.eval_b1k_wrapper:📊 Step 6600 | Task: 31 | Stage: 9/9 | Predictions: 330
INFO:b1k.shared.eval_b1k_wrapper:📊 Step 6700 | Task: 31 | Stage: 9/9 | Predictions: 335
INFO:b1k.shared.eval_b1k_wrapper:🎯 Prediction #340 | Actions: compressed 26→20 | Inpainting: True
INFO:b1k.shared.eval_b1k_wrapper:📊 Step 6800 | Task: 31 | Stage: 9/9 | Predictions: 340
INFO:b1k.shared.eval_b1k_wrapper:📊 Step 6900 | Task: 31 | Stage: 9/9 | Predictions: 345
INFO:b1k.shared.eval_b1k_wrapper:🎯 Prediction #350 | Actions: compressed 26→20 | Inpainting: True
INFO:b1k.shared.eval_b1k_wrapper:📊 Step 7000 | Task: 31 | Stage: 9/9 | Predictions: 350
INFO:b1k.shared.eval_b1k_wrapper:📊 Step 7100 | Task: 31 | Stage: 9/9 | Predictions: 355
INFO:b1k.shared.eval_b1k_wrapper:🎯 Prediction #360 | Actions: compressed 26→20 | Inpainting: True
INFO:b1k.shared.eval_b1k_wrapper:📊 Step 7200 | Task: 31 | Stage: 9/9 | Predictions: 360
INFO:b1k.shared.eval_b1k_wrapper:🔧 Gripper variation: Compression disabled (mean: 0.0454, max: 0.2318)
INFO:b1k.shared.eval_b1k_wrapper:📊 Step 7300 | Task: 31 | Stage: 9/9 | Predictions: 365
INFO:b1k.shared.eval_b1k_wrapper:🔧 Gripper variation: Compression disabled (mean: 0.0171, max: 2.0049)
INFO:b1k.shared.eval_b1k_wrapper:🎯 Prediction #370 | Actions: uncompressed (20) | Inpainting: True
INFO:b1k.shared.eval_b1k_wrapper:📊 Step 7400 | Task: 31 | Stage: 9/9 | Predictions: 370
INFO:b1k.shared.eval_b1k_wrapper:📊 Step 7500 | Task: 31 | Stage: 9/9 | Predictions: 375
INFO:b1k.shared.eval_b1k_wrapper:🎯 Prediction #380 | Actions: compressed 26→20 | Inpainting: True
INFO:b1k.shared.eval_b1k_wrapper:📊 Step 7600 | Task: 31 | Stage: 9/9 | Predictions: 380
INFO:b1k.shared.eval_b1k_wrapper:📊 Step 7700 | Task: 31 | Stage: 9/9 | Predictions: 385
INFO:b1k.shared.eval_b1k_wrapper:🎯 Prediction #390 | Actions: compressed 26→20 | Inpainting: True
INFO:b1k.shared.eval_b1k_wrapper:📊 Step 7800 | Task: 31 | Stage: 9/9 | Predictions: 390
INFO:b1k.shared.eval_b1k_wrapper:📊 Step 7900 | Task: 31 | Stage: 9/9 | Predictions: 395
INFO:b1k.shared.eval_b1k_wrapper:🎯 Prediction #400 | Actions: compressed 26→20 | Inpainting: True
INFO:b1k.shared.eval_b1k_wrapper:📊 Step 8000 | Task: 31 | Stage: 9/9 | Predictions: 400
INFO:b1k.shared.eval_b1k_wrapper:📊 Step 8100 | Task: 31 | Stage: 9/9 | Predictions: 405
INFO:b1k.shared.eval_b1k_wrapper:🎯 Prediction #410 | Actions: compressed 26→20 | Inpainting: True
INFO:b1k.shared.eval_b1k_wrapper:📊 Step 8200 | Task: 31 | Stage: 9/9 | Predictions: 410
INFO:b1k.shared.eval_b1k_wrapper:📊 Step 8300 | Task: 31 | Stage: 9/9 | Predictions: 415
INFO:b1k.shared.eval_b1k_wrapper:🎯 Prediction #420 | Actions: compressed 26→20 | Inpainting: True
INFO:b1k.shared.eval_b1k_wrapper:📊 Step 8400 | Task: 31 | Stage: 9/9 | Predictions: 420
INFO:b1k.shared.eval_b1k_wrapper:📊 Step 8500 | Task: 31 | Stage: 9/9 | Predictions: 425
INFO:b1k.shared.eval_b1k_wrapper:🎯 Prediction #430 | Actions: compressed 26→20 | Inpainting: True
INFO:b1k.shared.eval_b1k_wrapper:📊 Step 8600 | Task: 31 | Stage: 9/9 | Predictions: 430
INFO:b1k.shared.eval_b1k_wrapper:📊 Step 8700 | Task: 31 | Stage: 9/9 | Predictions: 435
INFO:b1k.shared.eval_b1k_wrapper:🎯 Prediction #440 | Actions: compressed 26→20 | Inpainting: True
INFO:b1k.shared.eval_b1k_wrapper:📊 Step 8800 | Task: 31 | Stage: 9/9 | Predictions: 440
INFO:b1k.shared.eval_b1k_wrapper:📊 Step 8900 | Task: 31 | Stage: 9/9 | Predictions: 445
INFO:b1k.shared.eval_b1k_wrapper:🎯 Prediction #450 | Actions: compressed 26→20 | Inpainting: True
INFO:b1k.shared.eval_b1k_wrapper:📊 Step 9000 | Task: 31 | Stage: 9/9 | Predictions: 450
INFO:b1k.shared.eval_b1k_wrapper:📊 Step 9100 | Task: 31 | Stage: 9/9 | Predictions: 455
INFO:b1k.shared.eval_b1k_wrapper:🎯 Prediction #460 | Actions: compressed 26→20 | Inpainting: True
INFO:b1k.shared.eval_b1k_wrapper:📊 Step 9200 | Task: 31 | Stage: 9/9 | Predictions: 460
INFO:b1k.shared.eval_b1k_wrapper:📊 Step 9300 | Task: 31 | Stage: 9/9 | Predictions: 465
INFO:b1k.shared.eval_b1k_wrapper:🎯 Prediction #470 | Actions: compressed 26→20 | Inpainting: True
INFO:b1k.shared.eval_b1k_wrapper:📊 Step 9400 | Task: 31 | Stage: 9/9 | Predictions: 470
INFO:b1k.shared.eval_b1k_wrapper:📊 Step 9500 | Task: 31 | Stage: 9/9 | Predictions: 475
INFO:b1k.shared.eval_b1k_wrapper:🎯 Prediction #480 | Actions: compressed 26→20 | Inpainting: True
INFO:b1k.shared.eval_b1k_wrapper:📊 Step 9600 | Task: 31 | Stage: 9/9 | Predictions: 480
INFO:b1k.shared.eval_b1k_wrapper:📊 Step 9700 | Task: 31 | Stage: 9/9 | Predictions: 485
INFO:b1k.shared.eval_b1k_wrapper:🎯 Prediction #490 | Actions: compressed 26→20 | Inpainting: True
INFO:b1k.shared.eval_b1k_wrapper:📊 Step 9800 | Task: 31 | Stage: 9/9 | Predictions: 490
INFO:b1k.shared.eval_b1k_wrapper:📊 Step 9900 | Task: 31 | Stage: 9/9 | Predictions: 495
INFO:b1k.shared.eval_b1k_wrapper:🎯 Prediction #500 | Actions: compressed 26→20 | Inpainting: True
INFO:b1k.shared.eval_b1k_wrapper:📊 Step 10000 | Task: 31 | Stage: 9/9 | Predictions: 500
INFO:b1k.shared.eval_b1k_wrapper:📊 Step 10100 | Task: 31 | Stage: 9/9 | Predictions: 505
INFO:b1k.shared.eval_b1k_wrapper:🎯 Prediction #510 | Actions: compressed 26→20 | Inpainting: True
INFO:b1k.shared.eval_b1k_wrapper:📊 Step 10200 | Task: 31 | Stage: 9/9 | Predictions: 510
INFO:b1k.shared.eval_b1k_wrapper:📊 Step 10300 | Task: 31 | Stage: 9/9 | Predictions: 515
INFO:b1k.shared.eval_b1k_wrapper:🎯 Prediction #520 | Actions: compressed 26→20 | Inpainting: True
INFO:b1k.shared.eval_b1k_wrapper:📊 Step 10400 | Task: 31 | Stage: 9/9 | Predictions: 520
INFO:b1k.shared.eval_b1k_wrapper:📊 Step 10500 | Task: 31 | Stage: 9/9 | Predictions: 525
INFO:b1k.shared.eval_b1k_wrapper:🎯 Prediction #530 | Actions: compressed 26→20 | Inpainting: True
INFO:b1k.shared.eval_b1k_wrapper:📊 Step 10600 | Task: 31 | Stage: 9/9 | Predictions: 530
INFO:b1k.shared.eval_b1k_wrapper:📊 Step 10700 | Task: 31 | Stage: 9/9 | Predictions: 535
INFO:b1k.shared.eval_b1k_wrapper:🎯 Prediction #540 | Actions: compressed 26→20 | Inpainting: True
INFO:b1k.shared.eval_b1k_wrapper:📊 Step 10800 | Task: 31 | Stage: 9/9 | Predictions: 540
INFO:b1k.shared.eval_b1k_wrapper:📊 Step 10900 | Task: 31 | Stage: 9/9 | Predictions: 545
INFO:b1k.shared.eval_b1k_wrapper:🎯 Prediction #550 | Actions: compressed 26→20 | Inpainting: True
INFO:b1k.shared.eval_b1k_wrapper:📊 Step 11000 | Task: 31 | Stage: 9/9 | Predictions: 550
INFO:b1k.shared.eval_b1k_wrapper:📊 Step 11100 | Task: 31 | Stage: 9/9 | Predictions: 555
INFO:b1k.shared.eval_b1k_wrapper:🎯 Prediction #560 | Actions: compressed 26→20 | Inpainting: True
INFO:b1k.shared.eval_b1k_wrapper:📊 Step 11200 | Task: 31 | Stage: 9/9 | Predictions: 560
INFO:b1k.shared.eval_b1k_wrapper:📊 Step 11300 | Task: 31 | Stage: 9/9 | Predictions: 565
INFO:b1k.shared.eval_b1k_wrapper:🎯 Prediction #570 | Actions: compressed 26→20 | Inpainting: True
INFO:b1k.shared.eval_b1k_wrapper:📊 Step 11400 | Task: 31 | Stage: 9/9 | Predictions: 570
INFO:b1k.shared.eval_b1k_wrapper:📊 Step 11500 | Task: 31 | Stage: 9/9 | Predictions: 575
INFO:b1k.shared.eval_b1k_wrapper:🎯 Prediction #580 | Actions: compressed 26→20 | Inpainting: True
INFO:b1k.shared.eval_b1k_wrapper:📊 Step 11600 | Task: 31 | Stage: 9/9 | Predictions: 580
INFO:b1k.shared.eval_b1k_wrapper:📊 Step 11700 | Task: 31 | Stage: 9/9 | Predictions: 585
INFO:b1k.shared.eval_b1k_wrapper:🔧 Gripper variation: Compression disabled (mean: 0.0211, max: 0.3887)
INFO:b1k.shared.eval_b1k_wrapper:🎯 Prediction #590 | Actions: uncompressed (20) | Inpainting: True
INFO:b1k.shared.eval_b1k_wrapper:📊 Step 11800 | Task: 31 | Stage: 9/9 | Predictions: 590
INFO:b1k.shared.eval_b1k_wrapper:📊 Step 11900 | Task: 31 | Stage: 9/9 | Predictions: 595
INFO:b1k.shared.eval_b1k_wrapper:🎯 Prediction #600 | Actions: compressed 26→20 | Inpainting: True
INFO:b1k.shared.eval_b1k_wrapper:📊 Step 12000 | Task: 31 | Stage: 9/9 | Predictions: 600
INFO:b1k.shared.eval_b1k_wrapper:📊 Step 12100 | Task: 31 | Stage: 9/9 | Predictions: 605
INFO:b1k.shared.eval_b1k_wrapper:🎯 Prediction #610 | Actions: compressed 26→20 | Inpainting: True
INFO:b1k.shared.eval_b1k_wrapper:📊 Step 12200 | Task: 31 | Stage: 9/9 | Predictions: 610
INFO:b1k.shared.eval_b1k_wrapper:📊 Step 12300 | Task: 31 | Stage: 9/9 | Predictions: 615
INFO:websockets.server:connection closed
INFO:omnigibson.learning.utils.network_utils:Connection from ('127.0.0.1', 40588) closed
INFO:websockets.server:HTTP response sent (200 OK)
INFO:websockets.server:connection closed
INFO:websockets.server:connection open
INFO:omnigibson.learning.utils.network_utils:Connection from ('127.0.0.1', 46726) opened
INFO:b1k.shared.eval_b1k_wrapper:Policy reset - Task ID: 31, Action horizon: 30
INFO:b1k.shared.eval_b1k_wrapper:📊 Step 100 | Task: 31 | Stage: 0/9 | Predictions: 5
INFO:b1k.shared.eval_b1k_wrapper:🎯 Prediction #10 | Actions: compressed 26→20 | Inpainting: True
INFO:b1k.shared.eval_b1k_wrapper:📊 Step 200 | Task: 31 | Stage: 0/9 | Predictions: 10
INFO:b1k.shared.eval_b1k_wrapper:📊 Step 300 | Task: 31 | Stage: 0/9 | Predictions: 15
INFO:b1k.shared.eval_b1k_wrapper:🎯 Prediction #20 | Actions: compressed 26→20 | Inpainting: True
INFO:b1k.shared.eval_b1k_wrapper:📊 Step 400 | Task: 31 | Stage: 0/9 | Predictions: 20
INFO:b1k.shared.eval_b1k_wrapper:⏭️  Stage skipped: 0 → 1 (task 31, step 480)
INFO:b1k.shared.eval_b1k_wrapper:📊 Step 500 | Task: 31 | Stage: 1/9 | Predictions: 25
INFO:b1k.shared.eval_b1k_wrapper:⬆️  Stage advanced: 1 → 2 (task 31, step 540)
INFO:b1k.shared.eval_b1k_wrapper:🎯 Prediction #30 | Actions: compressed 26→20 | Inpainting: True
INFO:b1k.shared.eval_b1k_wrapper:📊 Step 600 | Task: 31 | Stage: 2/9 | Predictions: 30
INFO:b1k.shared.eval_b1k_wrapper:📊 Step 700 | Task: 31 | Stage: 2/9 | Predictions: 35
INFO:b1k.shared.eval_b1k_wrapper:🎯 Prediction #40 | Actions: compressed 26→20 | Inpainting: True
INFO:b1k.shared.eval_b1k_wrapper:📊 Step 800 | Task: 31 | Stage: 2/9 | Predictions: 40
INFO:b1k.shared.eval_b1k_wrapper:📊 Step 900 | Task: 31 | Stage: 2/9 | Predictions: 45
INFO:b1k.shared.eval_b1k_wrapper:⏭️  Stage skipped: 2 → 3 (task 31, step 900)
INFO:b1k.shared.eval_b1k_wrapper:⬆️  Stage advanced: 3 → 4 (task 31, step 960)
INFO:b1k.shared.eval_b1k_wrapper:🎯 Prediction #50 | Actions: compressed 26→20 | Inpainting: True
INFO:b1k.shared.eval_b1k_wrapper:📊 Step 1000 | Task: 31 | Stage: 4/9 | Predictions: 50
INFO:b1k.shared.eval_b1k_wrapper:📊 Step 1100 | Task: 31 | Stage: 4/9 | Predictions: 55
INFO:b1k.shared.eval_b1k_wrapper:🎯 Prediction #60 | Actions: compressed 26→20 | Inpainting: True
INFO:b1k.shared.eval_b1k_wrapper:📊 Step 1200 | Task: 31 | Stage: 4/9 | Predictions: 60
INFO:b1k.shared.eval_b1k_wrapper:⬅️  Stage went back: 4 → 3 (task 31, step 1260)
INFO:b1k.shared.eval_b1k_wrapper:📊 Step 1300 | Task: 31 | Stage: 3/9 | Predictions: 65
INFO:b1k.shared.eval_b1k_wrapper:🎯 Prediction #70 | Actions: compressed 26→20 | Inpainting: True
INFO:b1k.shared.eval_b1k_wrapper:📊 Step 1400 | Task: 31 | Stage: 3/9 | Predictions: 70
INFO:b1k.shared.eval_b1k_wrapper:📊 Step 1500 | Task: 31 | Stage: 3/9 | Predictions: 75
INFO:b1k.shared.eval_b1k_wrapper:⬆️  Stage advanced: 3 → 4 (task 31, step 1560)
INFO:b1k.shared.eval_b1k_wrapper:🎯 Prediction #80 | Actions: compressed 26→20 | Inpainting: True
INFO:b1k.shared.eval_b1k_wrapper:📊 Step 1600 | Task: 31 | Stage: 4/9 | Predictions: 80
INFO:b1k.shared.eval_b1k_wrapper:📊 Step 1700 | Task: 31 | Stage: 4/9 | Predictions: 85
INFO:b1k.shared.eval_b1k_wrapper:🎯 Prediction #90 | Actions: compressed 26→20 | Inpainting: True
INFO:b1k.shared.eval_b1k_wrapper:📊 Step 1800 | Task: 31 | Stage: 4/9 | Predictions: 90
INFO:b1k.shared.eval_b1k_wrapper:📊 Step 1900 | Task: 31 | Stage: 4/9 | Predictions: 95
INFO:b1k.shared.eval_b1k_wrapper:🎯 Prediction #100 | Actions: compressed 26→20 | Inpainting: True
INFO:b1k.shared.eval_b1k_wrapper:📊 Step 2000 | Task: 31 | Stage: 4/9 | Predictions: 100
INFO:b1k.shared.eval_b1k_wrapper:📊 Step 2100 | Task: 31 | Stage: 4/9 | Predictions: 105
INFO:b1k.shared.eval_b1k_wrapper:🎯 Prediction #110 | Actions: compressed 26→20 | Inpainting: True
INFO:b1k.shared.eval_b1k_wrapper:📊 Step 2200 | Task: 31 | Stage: 4/9 | Predictions: 110
INFO:b1k.shared.eval_b1k_wrapper:🔧 Gripper variation: Compression disabled (mean: 2.0020, max: 0.0076)
INFO:b1k.shared.correction_rules:🔧 GENERAL GRIPPER CORRECTION: Task 31, Stage 4
INFO:b1k.shared.correction_rules:   Left gripper closed (-0.9887) → Opening to 1.0
INFO:b1k.shared.eval_b1k_wrapper:🔧 Correction rule: Actions modified (max diff: 2.0064, task 31, stage 4)
INFO:b1k.shared.eval_b1k_wrapper:📊 Step 2300 | Task: 31 | Stage: 4/9 | Predictions: 115
INFO:b1k.shared.eval_b1k_wrapper:🎯 Prediction #120 | Actions: compressed 26→20 | Inpainting: True
INFO:b1k.shared.eval_b1k_wrapper:📊 Step 2400 | Task: 31 | Stage: 4/9 | Predictions: 120
INFO:b1k.shared.eval_b1k_wrapper:📊 Step 2500 | Task: 31 | Stage: 4/9 | Predictions: 125
INFO:b1k.shared.eval_b1k_wrapper:🎯 Prediction #130 | Actions: compressed 26→20 | Inpainting: True
INFO:b1k.shared.eval_b1k_wrapper:📊 Step 2600 | Task: 31 | Stage: 4/9 | Predictions: 130
INFO:b1k.shared.eval_b1k_wrapper:📊 Step 2700 | Task: 31 | Stage: 4/9 | Predictions: 135
INFO:b1k.shared.eval_b1k_wrapper:⬅️  Stage went back: 4 → 3 (task 31, step 2740)
INFO:b1k.shared.eval_b1k_wrapper:🎯 Prediction #140 | Actions: compressed 26→20 | Inpainting: True
INFO:b1k.shared.eval_b1k_wrapper:📊 Step 2800 | Task: 31 | Stage: 3/9 | Predictions: 140
INFO:b1k.shared.eval_b1k_wrapper:📊 Step 2900 | Task: 31 | Stage: 3/9 | Predictions: 145
INFO:b1k.shared.eval_b1k_wrapper:🔧 Gripper variation: Compression disabled (mean: 0.9652, max: 0.4832)
INFO:b1k.shared.eval_b1k_wrapper:🔧 Gripper variation: Compression disabled (mean: 0.2232, max: 0.4196)
INFO:b1k.shared.eval_b1k_wrapper:🎯 Prediction #150 | Actions: compressed 26→20 | Inpainting: True
INFO:b1k.shared.eval_b1k_wrapper:📊 Step 3000 | Task: 31 | Stage: 3/9 | Predictions: 150
INFO:b1k.shared.eval_b1k_wrapper:📊 Step 3100 | Task: 31 | Stage: 3/9 | Predictions: 155
INFO:b1k.shared.eval_b1k_wrapper:🎯 Prediction #160 | Actions: compressed 26→20 | Inpainting: True
INFO:b1k.shared.eval_b1k_wrapper:📊 Step 3200 | Task: 31 | Stage: 3/9 | Predictions: 160
INFO:b1k.shared.eval_b1k_wrapper:⬅️  Stage went back: 3 → 2 (task 31, step 3280)
INFO:b1k.shared.eval_b1k_wrapper:📊 Step 3300 | Task: 31 | Stage: 2/9 | Predictions: 165
INFO:b1k.shared.eval_b1k_wrapper:🎯 Prediction #170 | Actions: compressed 26→20 | Inpainting: True
INFO:b1k.shared.eval_b1k_wrapper:📊 Step 3400 | Task: 31 | Stage: 2/9 | Predictions: 170
INFO:b1k.shared.eval_b1k_wrapper:🔧 Gripper variation: Compression disabled (mean: 0.2017, max: 0.0704)
INFO:b1k.shared.eval_b1k_wrapper:⬆️  Stage advanced: 2 → 3 (task 31, step 3480)
INFO:b1k.shared.eval_b1k_wrapper:📊 Step 3500 | Task: 31 | Stage: 3/9 | Predictions: 175
INFO:b1k.shared.eval_b1k_wrapper:🔧 Gripper variation: Compression disabled (mean: 0.3201, max: 0.3056)
INFO:b1k.shared.eval_b1k_wrapper:🔧 Gripper variation: Compression disabled (mean: 0.1665, max: 0.6501)
INFO:b1k.shared.eval_b1k_wrapper:🔧 Gripper variation: Compression disabled (mean: 0.1786, max: 0.8013)
INFO:b1k.shared.eval_b1k_wrapper:🔧 Gripper variation: Compression disabled (mean: 0.4024, max: 0.5868)
INFO:b1k.shared.eval_b1k_wrapper:🔧 Gripper variation: Compression disabled (mean: 0.2684, max: 0.5264)
INFO:b1k.shared.eval_b1k_wrapper:🎯 Prediction #180 | Actions: uncompressed (20) | Inpainting: True
INFO:b1k.shared.eval_b1k_wrapper:📊 Step 3600 | Task: 31 | Stage: 3/9 | Predictions: 180
INFO:b1k.shared.eval_b1k_wrapper:🔧 Gripper variation: Compression disabled (mean: 0.2052, max: 0.9182)
INFO:b1k.shared.eval_b1k_wrapper:🔧 Gripper variation: Compression disabled (mean: 0.7155, max: 1.1678)
INFO:b1k.shared.eval_b1k_wrapper:🔧 Gripper variation: Compression disabled (mean: 0.1689, max: 0.5258)
INFO:b1k.shared.eval_b1k_wrapper:🔧 Gripper variation: Compression disabled (mean: 0.4073, max: 0.9302)
INFO:b1k.shared.eval_b1k_wrapper:📊 Step 3700 | Task: 31 | Stage: 3/9 | Predictions: 185
INFO:b1k.shared.eval_b1k_wrapper:⬅️  Stage went back: 3 → 2 (task 31, step 3740)
INFO:b1k.shared.eval_b1k_wrapper:🔧 Gripper variation: Compression disabled (mean: 0.4528, max: 0.9936)
INFO:b1k.shared.eval_b1k_wrapper:🔧 Gripper variation: Compression disabled (mean: 0.1279, max: 1.1610)
INFO:b1k.shared.eval_b1k_wrapper:🎯 Prediction #190 | Actions: uncompressed (20) | Inpainting: True
INFO:b1k.shared.eval_b1k_wrapper:📊 Step 3800 | Task: 31 | Stage: 2/9 | Predictions: 190
INFO:b1k.shared.eval_b1k_wrapper:🔧 Gripper variation: Compression disabled (mean: 0.2101, max: 0.1081)
INFO:b1k.shared.eval_b1k_wrapper:🔧 Gripper variation: Compression disabled (mean: 0.1640, max: 0.5615)
INFO:b1k.shared.eval_b1k_wrapper:🔧 Gripper variation: Compression disabled (mean: 0.5037, max: 0.5442)
INFO:b1k.shared.eval_b1k_wrapper:🔧 Gripper variation: Compression disabled (mean: 0.5025, max: 0.4982)
INFO:b1k.shared.eval_b1k_wrapper:🔧 Gripper variation: Compression disabled (mean: 0.4434, max: 0.5109)
INFO:b1k.shared.eval_b1k_wrapper:📊 Step 3900 | Task: 31 | Stage: 2/9 | Predictions: 195
INFO:b1k.shared.eval_b1k_wrapper:🔧 Gripper variation: Compression disabled (mean: 0.2102, max: 1.0056)
INFO:b1k.shared.eval_b1k_wrapper:🔧 Gripper variation: Compression disabled (mean: 0.6472, max: 0.5919)
INFO:b1k.shared.eval_b1k_wrapper:🔧 Gripper variation: Compression disabled (mean: 0.7908, max: 0.5536)
INFO:b1k.shared.eval_b1k_wrapper:🔧 Gripper variation: Compression disabled (mean: 0.5672, max: 0.5445)
INFO:b1k.shared.eval_b1k_wrapper:🔧 Gripper variation: Compression disabled (mean: 0.7398, max: 0.7360)
INFO:b1k.shared.eval_b1k_wrapper:🎯 Prediction #200 | Actions: uncompressed (20) | Inpainting: True
INFO:b1k.shared.eval_b1k_wrapper:📊 Step 4000 | Task: 31 | Stage: 2/9 | Predictions: 200
INFO:b1k.shared.eval_b1k_wrapper:🔧 Gripper variation: Compression disabled (mean: 0.6167, max: 0.8141)
INFO:b1k.shared.eval_b1k_wrapper:🔧 Gripper variation: Compression disabled (mean: 0.4735, max: 0.8590)
INFO:b1k.shared.eval_b1k_wrapper:🔧 Gripper variation: Compression disabled (mean: 0.2697, max: 0.5906)
INFO:b1k.shared.eval_b1k_wrapper:🔧 Gripper variation: Compression disabled (mean: 0.3913, max: 1.1540)
INFO:b1k.shared.eval_b1k_wrapper:🔧 Gripper variation: Compression disabled (mean: 0.3860, max: 0.5771)
INFO:b1k.shared.eval_b1k_wrapper:📊 Step 4100 | Task: 31 | Stage: 2/9 | Predictions: 205
INFO:b1k.shared.eval_b1k_wrapper:🔧 Gripper variation: Compression disabled (mean: 0.3483, max: 0.8339)
INFO:b1k.shared.eval_b1k_wrapper:🔧 Gripper variation: Compression disabled (mean: 0.5919, max: 1.1333)
INFO:b1k.shared.eval_b1k_wrapper:🔧 Gripper variation: Compression disabled (mean: 0.1979, max: 0.8559)
INFO:b1k.shared.eval_b1k_wrapper:🔧 Gripper variation: Compression disabled (mean: 0.6029, max: 0.7691)
INFO:b1k.shared.eval_b1k_wrapper:🔧 Gripper variation: Compression disabled (mean: 0.4907, max: 0.9357)
INFO:b1k.shared.eval_b1k_wrapper:🎯 Prediction #210 | Actions: uncompressed (20) | Inpainting: True
INFO:b1k.shared.eval_b1k_wrapper:📊 Step 4200 | Task: 31 | Stage: 2/9 | Predictions: 210
INFO:b1k.shared.eval_b1k_wrapper:🔧 Gripper variation: Compression disabled (mean: 1.0809, max: 1.1402)
INFO:b1k.shared.eval_b1k_wrapper:🔧 Gripper variation: Compression disabled (mean: 0.4713, max: 0.9067)
INFO:b1k.shared.eval_b1k_wrapper:🔧 Gripper variation: Compression disabled (mean: 0.6479, max: 0.8604)
INFO:b1k.shared.eval_b1k_wrapper:🔧 Gripper variation: Compression disabled (mean: 0.5533, max: 1.0916)
INFO:b1k.shared.eval_b1k_wrapper:🔧 Gripper variation: Compression disabled (mean: 0.5729, max: 0.8511)
INFO:b1k.shared.eval_b1k_wrapper:📊 Step 4300 | Task: 31 | Stage: 2/9 | Predictions: 215
INFO:b1k.shared.eval_b1k_wrapper:🔧 Gripper variation: Compression disabled (mean: 0.4858, max: 0.5974)
INFO:b1k.shared.eval_b1k_wrapper:🔧 Gripper variation: Compression disabled (mean: 0.3736, max: 0.6018)
INFO:b1k.shared.eval_b1k_wrapper:🔧 Gripper variation: Compression disabled (mean: 0.1958, max: 1.2288)
INFO:b1k.shared.eval_b1k_wrapper:🔧 Gripper variation: Compression disabled (mean: 0.3060, max: 0.6536)
INFO:b1k.shared.eval_b1k_wrapper:🔧 Gripper variation: Compression disabled (mean: 0.4186, max: 0.8139)
INFO:b1k.shared.eval_b1k_wrapper:🎯 Prediction #220 | Actions: uncompressed (20) | Inpainting: True
INFO:b1k.shared.eval_b1k_wrapper:📊 Step 4400 | Task: 31 | Stage: 2/9 | Predictions: 220
INFO:b1k.shared.eval_b1k_wrapper:🔧 Gripper variation: Compression disabled (mean: 0.4335, max: 1.4138)
INFO:b1k.shared.eval_b1k_wrapper:🔧 Gripper variation: Compression disabled (mean: 0.9922, max: 0.9028)
INFO:b1k.shared.eval_b1k_wrapper:🔧 Gripper variation: Compression disabled (mean: 0.3623, max: 0.6513)
INFO:b1k.shared.eval_b1k_wrapper:🔧 Gripper variation: Compression disabled (mean: 0.5113, max: 0.8136)
INFO:b1k.shared.eval_b1k_wrapper:🔧 Gripper variation: Compression disabled (mean: 0.4249, max: 0.6855)
INFO:b1k.shared.eval_b1k_wrapper:📊 Step 4500 | Task: 31 | Stage: 2/9 | Predictions: 225
INFO:b1k.shared.eval_b1k_wrapper:🔧 Gripper variation: Compression disabled (mean: 0.4725, max: 0.8195)
INFO:b1k.shared.eval_b1k_wrapper:🔧 Gripper variation: Compression disabled (mean: 0.8934, max: 0.8573)
INFO:b1k.shared.eval_b1k_wrapper:🔧 Gripper variation: Compression disabled (mean: 0.8417, max: 0.6551)
INFO:b1k.shared.eval_b1k_wrapper:🔧 Gripper variation: Compression disabled (mean: 0.5349, max: 0.8081)
INFO:b1k.shared.eval_b1k_wrapper:🔧 Gripper variation: Compression disabled (mean: 0.5077, max: 1.0230)
INFO:b1k.shared.eval_b1k_wrapper:🎯 Prediction #230 | Actions: uncompressed (20) | Inpainting: True
INFO:b1k.shared.eval_b1k_wrapper:📊 Step 4600 | Task: 31 | Stage: 2/9 | Predictions: 230
INFO:b1k.shared.eval_b1k_wrapper:🔧 Gripper variation: Compression disabled (mean: 0.6213, max: 1.1103)
INFO:b1k.shared.eval_b1k_wrapper:🔧 Gripper variation: Compression disabled (mean: 0.9729, max: 0.9650)
INFO:b1k.shared.eval_b1k_wrapper:🔧 Gripper variation: Compression disabled (mean: 0.6172, max: 1.1494)
INFO:b1k.shared.eval_b1k_wrapper:🔧 Gripper variation: Compression disabled (mean: 0.2475, max: 1.0187)
INFO:b1k.shared.eval_b1k_wrapper:⬆️  Stage advanced: 2 → 3 (task 31, step 4660)
INFO:b1k.shared.eval_b1k_wrapper:🔧 Gripper variation: Compression disabled (mean: 0.4450, max: 0.8062)
INFO:b1k.shared.eval_b1k_wrapper:📊 Step 4700 | Task: 31 | Stage: 3/9 | Predictions: 235
INFO:b1k.shared.eval_b1k_wrapper:🔧 Gripper variation: Compression disabled (mean: 0.4321, max: 1.0968)
INFO:b1k.shared.eval_b1k_wrapper:🔧 Gripper variation: Compression disabled (mean: 0.8856, max: 1.4084)
INFO:b1k.shared.eval_b1k_wrapper:🔧 Gripper variation: Compression disabled (mean: 0.1475, max: 1.2731)
INFO:b1k.shared.eval_b1k_wrapper:🔧 Gripper variation: Compression disabled (mean: 0.4430, max: 1.1612)
INFO:b1k.shared.eval_b1k_wrapper:🔧 Gripper variation: Compression disabled (mean: 0.3987, max: 1.1485)
INFO:b1k.shared.eval_b1k_wrapper:🎯 Prediction #240 | Actions: uncompressed (20) | Inpainting: True
INFO:b1k.shared.eval_b1k_wrapper:📊 Step 4800 | Task: 31 | Stage: 3/9 | Predictions: 240
INFO:b1k.shared.eval_b1k_wrapper:🔧 Gripper variation: Compression disabled (mean: 0.5249, max: 1.1593)
INFO:b1k.shared.eval_b1k_wrapper:🔧 Gripper variation: Compression disabled (mean: 0.4205, max: 0.4228)
INFO:b1k.shared.eval_b1k_wrapper:🔧 Gripper variation: Compression disabled (mean: 0.5203, max: 1.2083)
INFO:b1k.shared.eval_b1k_wrapper:🔧 Gripper variation: Compression disabled (mean: 0.4748, max: 0.8568)
INFO:b1k.shared.eval_b1k_wrapper:🔧 Gripper variation: Compression disabled (mean: 0.5086, max: 0.7186)
INFO:b1k.shared.eval_b1k_wrapper:📊 Step 4900 | Task: 31 | Stage: 3/9 | Predictions: 245
INFO:b1k.shared.eval_b1k_wrapper:🔧 Gripper variation: Compression disabled (mean: 0.5477, max: 1.1956)
INFO:b1k.shared.eval_b1k_wrapper:🔧 Gripper variation: Compression disabled (mean: 0.5521, max: 1.1449)
INFO:b1k.shared.eval_b1k_wrapper:🔧 Gripper variation: Compression disabled (mean: 0.3587, max: 0.8312)
INFO:b1k.shared.eval_b1k_wrapper:🔧 Gripper variation: Compression disabled (mean: 0.7986, max: 0.9145)
INFO:b1k.shared.eval_b1k_wrapper:🔧 Gripper variation: Compression disabled (mean: 0.1962, max: 0.9761)
INFO:b1k.shared.eval_b1k_wrapper:🎯 Prediction #250 | Actions: uncompressed (20) | Inpainting: True
INFO:b1k.shared.eval_b1k_wrapper:📊 Step 5000 | Task: 31 | Stage: 3/9 | Predictions: 250
INFO:b1k.shared.eval_b1k_wrapper:🔧 Gripper variation: Compression disabled (mean: 0.9563, max: 1.1827)
INFO:b1k.shared.eval_b1k_wrapper:🔧 Gripper variation: Compression disabled (mean: 0.6002, max: 1.2652)
INFO:b1k.shared.eval_b1k_wrapper:⏭️  Stage skipped: 3 → 4 (task 31, step 5020)
INFO:b1k.shared.eval_b1k_wrapper:⬆️  Stage advanced: 4 → 5 (task 31, step 5080)
INFO:b1k.shared.eval_b1k_wrapper:📊 Step 5100 | Task: 31 | Stage: 5/9 | Predictions: 255
INFO:b1k.shared.eval_b1k_wrapper:🎯 Prediction #260 | Actions: compressed 26→20 | Inpainting: True
INFO:b1k.shared.eval_b1k_wrapper:📊 Step 5200 | Task: 31 | Stage: 5/9 | Predictions: 260
INFO:b1k.shared.eval_b1k_wrapper:🔧 Gripper variation: Compression disabled (mean: 0.2155, max: 0.8676)
INFO:b1k.shared.eval_b1k_wrapper:🔧 Gripper variation: Compression disabled (mean: 0.5753, max: 0.6953)
INFO:b1k.shared.eval_b1k_wrapper:🔧 Gripper variation: Compression disabled (mean: 0.3917, max: 0.4492)
INFO:b1k.shared.eval_b1k_wrapper:🔧 Gripper variation: Compression disabled (mean: 0.3997, max: 1.0362)
INFO:b1k.shared.eval_b1k_wrapper:🔧 Gripper variation: Compression disabled (mean: 0.2739, max: 0.5084)
INFO:b1k.shared.eval_b1k_wrapper:📊 Step 5300 | Task: 31 | Stage: 5/9 | Predictions: 265
INFO:b1k.shared.eval_b1k_wrapper:🔧 Gripper variation: Compression disabled (mean: 0.5856, max: 0.6980)
INFO:b1k.shared.eval_b1k_wrapper:🔧 Gripper variation: Compression disabled (mean: 0.5518, max: 0.3046)
INFO:b1k.shared.eval_b1k_wrapper:🔧 Gripper variation: Compression disabled (mean: 0.6346, max: 0.4995)
INFO:b1k.shared.eval_b1k_wrapper:🔧 Gripper variation: Compression disabled (mean: 0.6086, max: 0.8350)
INFO:b1k.shared.eval_b1k_wrapper:🔧 Gripper variation: Compression disabled (mean: 0.4151, max: 0.8204)
INFO:b1k.shared.eval_b1k_wrapper:🎯 Prediction #270 | Actions: uncompressed (20) | Inpainting: True
INFO:b1k.shared.eval_b1k_wrapper:📊 Step 5400 | Task: 31 | Stage: 5/9 | Predictions: 270
INFO:b1k.shared.eval_b1k_wrapper:🔧 Gripper variation: Compression disabled (mean: 0.3323, max: 0.9507)
INFO:b1k.shared.eval_b1k_wrapper:🔧 Gripper variation: Compression disabled (mean: 0.6764, max: 0.7710)
INFO:b1k.shared.eval_b1k_wrapper:🔧 Gripper variation: Compression disabled (mean: 0.4433, max: 1.1364)
INFO:b1k.shared.eval_b1k_wrapper:🔧 Gripper variation: Compression disabled (mean: 0.3895, max: 0.7466)
INFO:b1k.shared.eval_b1k_wrapper:🔧 Gripper variation: Compression disabled (mean: 0.6871, max: 0.9076)
INFO:b1k.shared.eval_b1k_wrapper:📊 Step 5500 | Task: 31 | Stage: 5/9 | Predictions: 275
INFO:b1k.shared.eval_b1k_wrapper:🔧 Gripper variation: Compression disabled (mean: 0.3482, max: 0.4559)
INFO:b1k.shared.eval_b1k_wrapper:🔧 Gripper variation: Compression disabled (mean: 0.4710, max: 0.3811)
INFO:b1k.shared.eval_b1k_wrapper:🔧 Gripper variation: Compression disabled (mean: 0.4420, max: 0.6963)
INFO:b1k.shared.eval_b1k_wrapper:🔧 Gripper variation: Compression disabled (mean: 0.4241, max: 1.0291)
INFO:b1k.shared.eval_b1k_wrapper:🔧 Gripper variation: Compression disabled (mean: 0.5665, max: 0.9795)
INFO:b1k.shared.eval_b1k_wrapper:🎯 Prediction #280 | Actions: uncompressed (20) | Inpainting: True
INFO:b1k.shared.eval_b1k_wrapper:📊 Step 5600 | Task: 31 | Stage: 5/9 | Predictions: 280
INFO:b1k.shared.eval_b1k_wrapper:🔧 Gripper variation: Compression disabled (mean: 0.2817, max: 1.1921)
INFO:b1k.shared.eval_b1k_wrapper:🔧 Gripper variation: Compression disabled (mean: 0.3236, max: 1.1124)
INFO:b1k.shared.eval_b1k_wrapper:🔧 Gripper variation: Compression disabled (mean: 0.5495, max: 0.5687)
INFO:b1k.shared.eval_b1k_wrapper:🔧 Gripper variation: Compression disabled (mean: 0.4097, max: 0.7773)
INFO:b1k.shared.eval_b1k_wrapper:🔧 Gripper variation: Compression disabled (mean: 0.2521, max: 0.8596)
INFO:b1k.shared.eval_b1k_wrapper:📊 Step 5700 | Task: 31 | Stage: 5/9 | Predictions: 285
INFO:b1k.shared.eval_b1k_wrapper:🔧 Gripper variation: Compression disabled (mean: 0.3747, max: 1.5917)
INFO:b1k.shared.eval_b1k_wrapper:🔧 Gripper variation: Compression disabled (mean: 0.6726, max: 0.4390)
INFO:b1k.shared.eval_b1k_wrapper:🔧 Gripper variation: Compression disabled (mean: 0.5607, max: 0.4847)
INFO:b1k.shared.eval_b1k_wrapper:🔧 Gripper variation: Compression disabled (mean: 0.4263, max: 0.7574)
INFO:b1k.shared.eval_b1k_wrapper:🔧 Gripper variation: Compression disabled (mean: 0.3750, max: 1.1507)
INFO:b1k.shared.eval_b1k_wrapper:🎯 Prediction #290 | Actions: uncompressed (20) | Inpainting: True
INFO:b1k.shared.eval_b1k_wrapper:📊 Step 5800 | Task: 31 | Stage: 5/9 | Predictions: 290
INFO:b1k.shared.eval_b1k_wrapper:🔧 Gripper variation: Compression disabled (mean: 0.6469, max: 0.9205)
INFO:b1k.shared.eval_b1k_wrapper:🔧 Gripper variation: Compression disabled (mean: 0.4177, max: 1.6094)
INFO:b1k.shared.eval_b1k_wrapper:🔧 Gripper variation: Compression disabled (mean: 0.8667, max: 0.7839)
INFO:b1k.shared.eval_b1k_wrapper:🔧 Gripper variation: Compression disabled (mean: 0.5211, max: 1.3640)
INFO:b1k.shared.eval_b1k_wrapper:🔧 Gripper variation: Compression disabled (mean: 0.3877, max: 1.2107)
INFO:b1k.shared.eval_b1k_wrapper:📊 Step 5900 | Task: 31 | Stage: 5/9 | Predictions: 295
INFO:b1k.shared.eval_b1k_wrapper:🔧 Gripper variation: Compression disabled (mean: 0.8300, max: 1.5255)
INFO:b1k.shared.eval_b1k_wrapper:🔧 Gripper variation: Compression disabled (mean: 0.9743, max: 1.1887)
INFO:b1k.shared.eval_b1k_wrapper:🎯 Prediction #300 | Actions: compressed 26→20 | Inpainting: True
INFO:b1k.shared.eval_b1k_wrapper:📊 Step 6000 | Task: 31 | Stage: 5/9 | Predictions: 300
INFO:b1k.shared.eval_b1k_wrapper:📊 Step 6100 | Task: 31 | Stage: 5/9 | Predictions: 305
INFO:b1k.shared.eval_b1k_wrapper:🔧 Gripper variation: Compression disabled (mean: 0.0722, max: 0.5802)
INFO:b1k.shared.eval_b1k_wrapper:🔧 Gripper variation: Compression disabled (mean: 0.7855, max: 1.0600)
INFO:b1k.shared.eval_b1k_wrapper:🔧 Gripper variation: Compression disabled (mean: 0.5727, max: 0.5855)
INFO:b1k.shared.eval_b1k_wrapper:🎯 Prediction #310 | Actions: uncompressed (20) | Inpainting: True
INFO:b1k.shared.eval_b1k_wrapper:📊 Step 6200 | Task: 31 | Stage: 5/9 | Predictions: 310
INFO:b1k.shared.eval_b1k_wrapper:🔧 Gripper variation: Compression disabled (mean: 0.2766, max: 1.1455)
INFO:b1k.shared.eval_b1k_wrapper:🔧 Gripper variation: Compression disabled (mean: 0.8614, max: 0.7013)
INFO:b1k.shared.eval_b1k_wrapper:📊 Step 6300 | Task: 31 | Stage: 5/9 | Predictions: 315
INFO:b1k.shared.eval_b1k_wrapper:🔧 Gripper variation: Compression disabled (mean: 0.1777, max: 0.3269)
INFO:b1k.shared.eval_b1k_wrapper:🔧 Gripper variation: Compression disabled (mean: 0.4005, max: 0.7630)
INFO:b1k.shared.eval_b1k_wrapper:🔧 Gripper variation: Compression disabled (mean: 0.4488, max: 1.0610)
INFO:b1k.shared.eval_b1k_wrapper:🔧 Gripper variation: Compression disabled (mean: 0.1897, max: 0.7809)
INFO:b1k.shared.eval_b1k_wrapper:🎯 Prediction #320 | Actions: uncompressed (20) | Inpainting: True
INFO:b1k.shared.eval_b1k_wrapper:📊 Step 6400 | Task: 31 | Stage: 5/9 | Predictions: 320
INFO:b1k.shared.eval_b1k_wrapper:🔧 Gripper variation: Compression disabled (mean: 0.6741, max: 0.4099)
INFO:b1k.shared.eval_b1k_wrapper:🔧 Gripper variation: Compression disabled (mean: 0.6626, max: 0.6116)
INFO:b1k.shared.eval_b1k_wrapper:🔧 Gripper variation: Compression disabled (mean: 0.2276, max: 0.6593)
INFO:b1k.shared.eval_b1k_wrapper:🔧 Gripper variation: Compression disabled (mean: 0.5370, max: 0.2763)
INFO:b1k.shared.eval_b1k_wrapper:🔧 Gripper variation: Compression disabled (mean: 0.4462, max: 0.6733)
INFO:b1k.shared.eval_b1k_wrapper:📊 Step 6500 | Task: 31 | Stage: 5/9 | Predictions: 325
INFO:b1k.shared.eval_b1k_wrapper:🔧 Gripper variation: Compression disabled (mean: 0.7725, max: 0.7307)
INFO:b1k.shared.eval_b1k_wrapper:🎯 Prediction #330 | Actions: compressed 26→20 | Inpainting: True
INFO:b1k.shared.eval_b1k_wrapper:📊 Step 6600 | Task: 31 | Stage: 5/9 | Predictions: 330
INFO:b1k.shared.eval_b1k_wrapper:⏭️  Stage skipped: 5 → 6 (task 31, step 6680)
INFO:b1k.shared.eval_b1k_wrapper:📊 Step 6700 | Task: 31 | Stage: 6/9 | Predictions: 335
INFO:b1k.shared.eval_b1k_wrapper:⬆️  Stage advanced: 6 → 7 (task 31, step 6740)
INFO:b1k.shared.eval_b1k_wrapper:🎯 Prediction #340 | Actions: compressed 26→20 | Inpainting: True
INFO:b1k.shared.eval_b1k_wrapper:📊 Step 6800 | Task: 31 | Stage: 7/9 | Predictions: 340
INFO:b1k.shared.eval_b1k_wrapper:📊 Step 6900 | Task: 31 | Stage: 7/9 | Predictions: 345
INFO:b1k.shared.eval_b1k_wrapper:🔧 Gripper variation: Compression disabled (mean: 0.1021, max: 0.2688)
INFO:b1k.shared.eval_b1k_wrapper:🔧 Gripper variation: Compression disabled (mean: 0.8449, max: 0.7816)
INFO:b1k.shared.eval_b1k_wrapper:🔧 Gripper variation: Compression disabled (mean: 0.3669, max: 0.5100)
INFO:b1k.shared.eval_b1k_wrapper:🎯 Prediction #350 | Actions: uncompressed (20) | Inpainting: True
INFO:b1k.shared.eval_b1k_wrapper:📊 Step 7000 | Task: 31 | Stage: 7/9 | Predictions: 350
INFO:b1k.shared.eval_b1k_wrapper:🔧 Gripper variation: Compression disabled (mean: 0.2569, max: 1.2225)
INFO:b1k.shared.eval_b1k_wrapper:🔧 Gripper variation: Compression disabled (mean: 0.8516, max: 1.1162)
INFO:b1k.shared.eval_b1k_wrapper:🔧 Gripper variation: Compression disabled (mean: 0.3063, max: 1.0380)
INFO:b1k.shared.eval_b1k_wrapper:🔧 Gripper variation: Compression disabled (mean: 0.6833, max: 0.9594)
INFO:b1k.shared.eval_b1k_wrapper:📊 Step 7100 | Task: 31 | Stage: 7/9 | Predictions: 355
INFO:b1k.shared.eval_b1k_wrapper:🔧 Gripper variation: Compression disabled (mean: 0.8916, max: 0.9667)
INFO:b1k.shared.eval_b1k_wrapper:🎯 Prediction #360 | Actions: compressed 26→20 | Inpainting: True
INFO:b1k.shared.eval_b1k_wrapper:📊 Step 7200 | Task: 31 | Stage: 7/9 | Predictions: 360
INFO:b1k.shared.eval_b1k_wrapper:📊 Step 7300 | Task: 31 | Stage: 7/9 | Predictions: 365
INFO:b1k.shared.eval_b1k_wrapper:🔧 Gripper variation: Compression disabled (mean: 0.2715, max: 0.5986)
INFO:b1k.shared.eval_b1k_wrapper:🔧 Gripper variation: Compression disabled (mean: 0.2191, max: 0.9609)
INFO:b1k.shared.eval_b1k_wrapper:🎯 Prediction #370 | Actions: uncompressed (20) | Inpainting: True
INFO:b1k.shared.eval_b1k_wrapper:📊 Step 7400 | Task: 31 | Stage: 7/9 | Predictions: 370
INFO:b1k.shared.eval_b1k_wrapper:🔧 Gripper variation: Compression disabled (mean: 0.6987, max: 1.1175)
INFO:b1k.shared.eval_b1k_wrapper:🔧 Gripper variation: Compression disabled (mean: 0.7366, max: 1.2813)
INFO:b1k.shared.eval_b1k_wrapper:📊 Step 7500 | Task: 31 | Stage: 7/9 | Predictions: 375
INFO:b1k.shared.eval_b1k_wrapper:🔧 Gripper variation: Compression disabled (mean: 0.1982, max: 0.2517)
INFO:b1k.shared.eval_b1k_wrapper:🎯 Prediction #380 | Actions: uncompressed (20) | Inpainting: True
INFO:b1k.shared.eval_b1k_wrapper:📊 Step 7600 | Task: 31 | Stage: 7/9 | Predictions: 380
INFO:b1k.shared.eval_b1k_wrapper:📊 Step 7700 | Task: 31 | Stage: 7/9 | Predictions: 385
INFO:b1k.shared.eval_b1k_wrapper:🔧 Gripper variation: Compression disabled (mean: 0.0650, max: 0.2379)
INFO:b1k.shared.eval_b1k_wrapper:🔧 Gripper variation: Compression disabled (mean: 0.2034, max: 0.1963)
INFO:b1k.shared.eval_b1k_wrapper:🎯 Prediction #390 | Actions: uncompressed (20) | Inpainting: True
INFO:b1k.shared.eval_b1k_wrapper:📊 Step 7800 | Task: 31 | Stage: 7/9 | Predictions: 390
INFO:b1k.shared.eval_b1k_wrapper:🔧 Gripper variation: Compression disabled (mean: 0.3272, max: 0.4771)
INFO:b1k.shared.eval_b1k_wrapper:🔧 Gripper variation: Compression disabled (mean: 0.7309, max: 0.3943)
INFO:b1k.shared.eval_b1k_wrapper:🔧 Gripper variation: Compression disabled (mean: 0.6714, max: 0.8399)
INFO:b1k.shared.eval_b1k_wrapper:🔧 Gripper variation: Compression disabled (mean: 0.7667, max: 0.9084)
INFO:b1k.shared.eval_b1k_wrapper:📊 Step 7900 | Task: 31 | Stage: 7/9 | Predictions: 395
INFO:b1k.shared.eval_b1k_wrapper:🔧 Gripper variation: Compression disabled (mean: 2.0553, max: 0.0404)
INFO:b1k.shared.eval_b1k_wrapper:🎯 Prediction #400 | Actions: compressed 26→20 | Inpainting: True
INFO:b1k.shared.eval_b1k_wrapper:📊 Step 8000 | Task: 31 | Stage: 7/9 | Predictions: 400
INFO:b1k.shared.eval_b1k_wrapper:🔧 Gripper variation: Compression disabled (mean: 0.1168, max: 0.7171)
INFO:b1k.shared.eval_b1k_wrapper:📊 Step 8100 | Task: 31 | Stage: 7/9 | Predictions: 405
INFO:b1k.shared.eval_b1k_wrapper:🔧 Gripper variation: Compression disabled (mean: 0.3153, max: 0.4522)
INFO:b1k.shared.eval_b1k_wrapper:🔧 Gripper variation: Compression disabled (mean: 0.3624, max: 0.6222)
INFO:b1k.shared.eval_b1k_wrapper:🔧 Gripper variation: Compression disabled (mean: 0.2644, max: 1.0158)
INFO:b1k.shared.eval_b1k_wrapper:🔧 Gripper variation: Compression disabled (mean: 0.6743, max: 0.7702)
INFO:b1k.shared.eval_b1k_wrapper:🔧 Gripper variation: Compression disabled (mean: 0.2753, max: 0.9012)
INFO:b1k.shared.eval_b1k_wrapper:🎯 Prediction #410 | Actions: uncompressed (20) | Inpainting: True
INFO:b1k.shared.eval_b1k_wrapper:📊 Step 8200 | Task: 31 | Stage: 7/9 | Predictions: 410
INFO:b1k.shared.eval_b1k_wrapper:🔧 Gripper variation: Compression disabled (mean: 0.3433, max: 0.7666)
INFO:b1k.shared.eval_b1k_wrapper:🔧 Gripper variation: Compression disabled (mean: 0.5084, max: 0.8614)
INFO:b1k.shared.eval_b1k_wrapper:🔧 Gripper variation: Compression disabled (mean: 0.3817, max: 0.8580)
INFO:b1k.shared.eval_b1k_wrapper:🔧 Gripper variation: Compression disabled (mean: 1.2391, max: 1.0265)
INFO:b1k.shared.eval_b1k_wrapper:🔧 Gripper variation: Compression disabled (mean: 0.0126, max: 0.2354)
INFO:b1k.shared.eval_b1k_wrapper:📊 Step 8300 | Task: 31 | Stage: 7/9 | Predictions: 415
INFO:b1k.shared.eval_b1k_wrapper:🔧 Gripper variation: Compression disabled (mean: 0.4191, max: 0.5736)
INFO:b1k.shared.eval_b1k_wrapper:🔧 Gripper variation: Compression disabled (mean: 0.7499, max: 1.0184)
INFO:b1k.shared.eval_b1k_wrapper:🔧 Gripper variation: Compression disabled (mean: 0.2368, max: 0.8587)
INFO:b1k.shared.eval_b1k_wrapper:🔧 Gripper variation: Compression disabled (mean: 0.4467, max: 0.8411)
INFO:b1k.shared.eval_b1k_wrapper:🔧 Gripper variation: Compression disabled (mean: 0.4797, max: 1.1126)
INFO:b1k.shared.eval_b1k_wrapper:🎯 Prediction #420 | Actions: uncompressed (20) | Inpainting: True
INFO:b1k.shared.eval_b1k_wrapper:📊 Step 8400 | Task: 31 | Stage: 7/9 | Predictions: 420
INFO:b1k.shared.correction_rules:🔧 GENERAL GRIPPER CORRECTION: Task 31, Stage 7
INFO:b1k.shared.correction_rules:   Left gripper closed (-1.0000) → Opening to 1.0
INFO:b1k.shared.eval_b1k_wrapper:🔧 Correction rule: Actions modified (max diff: 2.0305, task 31, stage 7)
INFO:b1k.shared.eval_b1k_wrapper:📊 Step 8500 | Task: 31 | Stage: 7/9 | Predictions: 425
INFO:b1k.shared.eval_b1k_wrapper:🎯 Prediction #430 | Actions: compressed 26→20 | Inpainting: True
INFO:b1k.shared.eval_b1k_wrapper:📊 Step 8600 | Task: 31 | Stage: 7/9 | Predictions: 430
INFO:b1k.shared.eval_b1k_wrapper:🔧 Gripper variation: Compression disabled (mean: 0.2395, max: 0.0668)
INFO:b1k.shared.eval_b1k_wrapper:⬆️  Stage advanced: 7 → 8 (task 31, step 8600)
INFO:b1k.shared.eval_b1k_wrapper:🔧 Gripper variation: Compression disabled (mean: 0.2241, max: 0.1320)
INFO:b1k.shared.eval_b1k_wrapper:🔧 Gripper variation: Compression disabled (mean: 0.1013, max: 0.4600)
INFO:b1k.shared.eval_b1k_wrapper:📊 Step 8700 | Task: 31 | Stage: 8/9 | Predictions: 435
INFO:b1k.shared.eval_b1k_wrapper:🔧 Gripper variation: Compression disabled (mean: 0.5464, max: 0.7001)
INFO:b1k.shared.eval_b1k_wrapper:🔧 Gripper variation: Compression disabled (mean: 1.3461, max: 0.7787)
INFO:b1k.shared.eval_b1k_wrapper:🔧 Gripper variation: Compression disabled (mean: 0.8837, max: 1.0928)
INFO:b1k.shared.eval_b1k_wrapper:🔧 Gripper variation: Compression disabled (mean: 0.8813, max: 0.7371)
INFO:b1k.shared.eval_b1k_wrapper:🎯 Prediction #440 | Actions: compressed 26→20 | Inpainting: True
INFO:b1k.shared.eval_b1k_wrapper:📊 Step 8800 | Task: 31 | Stage: 8/9 | Predictions: 440
INFO:b1k.shared.eval_b1k_wrapper:📊 Step 8900 | Task: 31 | Stage: 8/9 | Predictions: 445
INFO:b1k.shared.eval_b1k_wrapper:🔧 Gripper variation: Compression disabled (mean: 0.2563, max: 0.8589)
INFO:b1k.shared.eval_b1k_wrapper:🎯 Prediction #450 | Actions: compressed 26→20 | Inpainting: True
INFO:b1k.shared.eval_b1k_wrapper:📊 Step 9000 | Task: 31 | Stage: 8/9 | Predictions: 450
INFO:b1k.shared.eval_b1k_wrapper:🔧 Gripper variation: Compression disabled (mean: 0.3298, max: 0.3444)
INFO:b1k.shared.eval_b1k_wrapper:🔧 Gripper variation: Compression disabled (mean: 0.2938, max: 0.3344)
INFO:b1k.shared.eval_b1k_wrapper:🔧 Gripper variation: Compression disabled (mean: 0.3825, max: 0.8330)
INFO:b1k.shared.eval_b1k_wrapper:🔧 Gripper variation: Compression disabled (mean: 1.1494, max: 1.1955)
INFO:b1k.shared.eval_b1k_wrapper:🔧 Gripper variation: Compression disabled (mean: 0.7545, max: 0.9128)
INFO:b1k.shared.eval_b1k_wrapper:📊 Step 9100 | Task: 31 | Stage: 8/9 | Predictions: 455
INFO:b1k.shared.eval_b1k_wrapper:🔧 Gripper variation: Compression disabled (mean: 1.2083, max: 1.1212)
INFO:b1k.shared.eval_b1k_wrapper:🔧 Gripper variation: Compression disabled (mean: 0.8434, max: 0.4322)
INFO:b1k.shared.eval_b1k_wrapper:🔧 Gripper variation: Compression disabled (mean: 0.8058, max: 1.0931)
INFO:b1k.shared.eval_b1k_wrapper:🔧 Gripper variation: Compression disabled (mean: 1.3596, max: 0.9260)
INFO:b1k.shared.eval_b1k_wrapper:🔧 Gripper variation: Compression disabled (mean: 0.6132, max: 0.6146)
INFO:b1k.shared.eval_b1k_wrapper:🎯 Prediction #460 | Actions: uncompressed (20) | Inpainting: True
INFO:b1k.shared.eval_b1k_wrapper:📊 Step 9200 | Task: 31 | Stage: 8/9 | Predictions: 460
INFO:b1k.shared.eval_b1k_wrapper:🔧 Gripper variation: Compression disabled (mean: 0.6164, max: 1.3921)
INFO:b1k.shared.eval_b1k_wrapper:🔧 Gripper variation: Compression disabled (mean: 0.2676, max: 0.2609)
INFO:b1k.shared.eval_b1k_wrapper:🔧 Gripper variation: Compression disabled (mean: 0.5274, max: 0.2644)
INFO:b1k.shared.eval_b1k_wrapper:🔧 Gripper variation: Compression disabled (mean: 1.0641, max: 0.4298)
INFO:b1k.shared.eval_b1k_wrapper:🔧 Gripper variation: Compression disabled (mean: 0.8685, max: 0.9486)
INFO:b1k.shared.eval_b1k_wrapper:📊 Step 9300 | Task: 31 | Stage: 8/9 | Predictions: 465
INFO:b1k.shared.eval_b1k_wrapper:🔧 Gripper variation: Compression disabled (mean: 0.8703, max: 0.4441)
INFO:b1k.shared.eval_b1k_wrapper:🔧 Gripper variation: Compression disabled (mean: 1.4084, max: 0.3941)
INFO:b1k.shared.eval_b1k_wrapper:🔧 Gripper variation: Compression disabled (mean: 0.9184, max: 0.6710)
INFO:b1k.shared.eval_b1k_wrapper:🔧 Gripper variation: Compression disabled (mean: 0.1002, max: 0.9517)
INFO:b1k.shared.eval_b1k_wrapper:🎯 Prediction #470 | Actions: uncompressed (20) | Inpainting: True
INFO:b1k.shared.eval_b1k_wrapper:📊 Step 9400 | Task: 31 | Stage: 8/9 | Predictions: 470
INFO:b1k.shared.eval_b1k_wrapper:🔧 Gripper variation: Compression disabled (mean: 0.6684, max: 1.2140)
INFO:b1k.shared.eval_b1k_wrapper:🔧 Gripper variation: Compression disabled (mean: 1.1085, max: 0.9691)
INFO:b1k.shared.eval_b1k_wrapper:🔧 Gripper variation: Compression disabled (mean: 0.2534, max: 0.5555)
INFO:b1k.shared.eval_b1k_wrapper:🔧 Gripper variation: Compression disabled (mean: 0.9425, max: 0.3039)
INFO:b1k.shared.eval_b1k_wrapper:📊 Step 9500 | Task: 31 | Stage: 8/9 | Predictions: 475
INFO:b1k.shared.eval_b1k_wrapper:🔧 Gripper variation: Compression disabled (mean: 0.6844, max: 0.4081)
INFO:b1k.shared.eval_b1k_wrapper:🔧 Gripper variation: Compression disabled (mean: 0.4716, max: 0.8499)
INFO:b1k.shared.eval_b1k_wrapper:🔧 Gripper variation: Compression disabled (mean: 0.3292, max: 0.8509)
INFO:b1k.shared.eval_b1k_wrapper:🔧 Gripper variation: Compression disabled (mean: 0.6635, max: 0.9785)
INFO:b1k.shared.eval_b1k_wrapper:🔧 Gripper variation: Compression disabled (mean: 0.6991, max: 0.9379)
INFO:b1k.shared.eval_b1k_wrapper:🎯 Prediction #480 | Actions: uncompressed (20) | Inpainting: True
INFO:b1k.shared.eval_b1k_wrapper:📊 Step 9600 | Task: 31 | Stage: 8/9 | Predictions: 480
INFO:b1k.shared.eval_b1k_wrapper:🔧 Gripper variation: Compression disabled (mean: 0.7963, max: 1.1215)
INFO:b1k.shared.eval_b1k_wrapper:🔧 Gripper variation: Compression disabled (mean: 0.5371, max: 0.8225)
INFO:b1k.shared.eval_b1k_wrapper:📊 Step 9700 | Task: 31 | Stage: 8/9 | Predictions: 485
INFO:b1k.shared.eval_b1k_wrapper:🔧 Gripper variation: Compression disabled (mean: 0.6996, max: 0.9904)
INFO:b1k.shared.eval_b1k_wrapper:🔧 Gripper variation: Compression disabled (mean: 0.6185, max: 1.1660)
INFO:b1k.shared.eval_b1k_wrapper:🔧 Gripper variation: Compression disabled (mean: 1.1988, max: 1.1989)
INFO:b1k.shared.eval_b1k_wrapper:🔧 Gripper variation: Compression disabled (mean: 0.1875, max: 0.2236)
INFO:b1k.shared.eval_b1k_wrapper:🎯 Prediction #490 | Actions: uncompressed (20) | Inpainting: True
INFO:b1k.shared.eval_b1k_wrapper:📊 Step 9800 | Task: 31 | Stage: 8/9 | Predictions: 490
INFO:b1k.shared.eval_b1k_wrapper:🔧 Gripper variation: Compression disabled (mean: 0.8150, max: 0.5773)
INFO:b1k.shared.eval_b1k_wrapper:🔧 Gripper variation: Compression disabled (mean: 0.9286, max: 0.7445)
INFO:b1k.shared.eval_b1k_wrapper:🔧 Gripper variation: Compression disabled (mean: 0.2998, max: 0.5999)
INFO:b1k.shared.eval_b1k_wrapper:🔧 Gripper variation: Compression disabled (mean: 0.8422, max: 0.5896)
INFO:b1k.shared.eval_b1k_wrapper:🔧 Gripper variation: Compression disabled (mean: 1.2678, max: 0.5275)
INFO:b1k.shared.eval_b1k_wrapper:📊 Step 9900 | Task: 31 | Stage: 8/9 | Predictions: 495
INFO:b1k.shared.eval_b1k_wrapper:🔧 Gripper variation: Compression disabled (mean: 0.3255, max: 0.6814)
INFO:b1k.shared.eval_b1k_wrapper:🔧 Gripper variation: Compression disabled (mean: 0.7981, max: 0.8605)
INFO:b1k.shared.eval_b1k_wrapper:🔧 Gripper variation: Compression disabled (mean: 0.5226, max: 0.7110)
INFO:b1k.shared.eval_b1k_wrapper:🔧 Gripper variation: Compression disabled (mean: 0.7187, max: 0.9850)
INFO:b1k.shared.eval_b1k_wrapper:🔧 Gripper variation: Compression disabled (mean: 0.6712, max: 0.3548)
INFO:b1k.shared.eval_b1k_wrapper:🎯 Prediction #500 | Actions: uncompressed (20) | Inpainting: True
INFO:b1k.shared.eval_b1k_wrapper:📊 Step 10000 | Task: 31 | Stage: 8/9 | Predictions: 500
INFO:b1k.shared.eval_b1k_wrapper:🔧 Gripper variation: Compression disabled (mean: 1.2329, max: 0.5089)
INFO:b1k.shared.eval_b1k_wrapper:🔧 Gripper variation: Compression disabled (mean: 1.0147, max: 0.3085)
INFO:b1k.shared.eval_b1k_wrapper:🔧 Gripper variation: Compression disabled (mean: 0.3862, max: 0.7210)
INFO:b1k.shared.eval_b1k_wrapper:🔧 Gripper variation: Compression disabled (mean: 0.8927, max: 0.6256)
INFO:b1k.shared.eval_b1k_wrapper:🔧 Gripper variation: Compression disabled (mean: 1.1652, max: 0.6608)
INFO:b1k.shared.eval_b1k_wrapper:📊 Step 10100 | Task: 31 | Stage: 8/9 | Predictions: 505
INFO:b1k.shared.eval_b1k_wrapper:🔧 Gripper variation: Compression disabled (mean: 0.7955, max: 0.6265)
INFO:b1k.shared.eval_b1k_wrapper:🔧 Gripper variation: Compression disabled (mean: 0.5825, max: 0.3197)
INFO:b1k.shared.eval_b1k_wrapper:🔧 Gripper variation: Compression disabled (mean: 1.1856, max: 0.4101)
INFO:b1k.shared.eval_b1k_wrapper:🔧 Gripper variation: Compression disabled (mean: 0.8523, max: 0.4994)
INFO:b1k.shared.eval_b1k_wrapper:🔧 Gripper variation: Compression disabled (mean: 0.4380, max: 0.6204)
INFO:b1k.shared.eval_b1k_wrapper:🎯 Prediction #510 | Actions: uncompressed (20) | Inpainting: True
INFO:b1k.shared.eval_b1k_wrapper:📊 Step 10200 | Task: 31 | Stage: 8/9 | Predictions: 510
INFO:b1k.shared.eval_b1k_wrapper:🔧 Gripper variation: Compression disabled (mean: 0.9728, max: 0.5940)
INFO:b1k.shared.eval_b1k_wrapper:🔧 Gripper variation: Compression disabled (mean: 0.4763, max: 0.4747)
INFO:b1k.shared.eval_b1k_wrapper:🔧 Gripper variation: Compression disabled (mean: 0.2750, max: 0.4204)
INFO:b1k.shared.eval_b1k_wrapper:🔧 Gripper variation: Compression disabled (mean: 0.7691, max: 0.4788)
INFO:b1k.shared.eval_b1k_wrapper:🔧 Gripper variation: Compression disabled (mean: 0.9038, max: 0.5923)
INFO:b1k.shared.eval_b1k_wrapper:📊 Step 10300 | Task: 31 | Stage: 8/9 | Predictions: 515
INFO:b1k.shared.eval_b1k_wrapper:🔧 Gripper variation: Compression disabled (mean: 0.1204, max: 0.2307)
INFO:b1k.shared.eval_b1k_wrapper:🔧 Gripper variation: Compression disabled (mean: 0.4561, max: 0.5664)
INFO:b1k.shared.eval_b1k_wrapper:🔧 Gripper variation: Compression disabled (mean: 0.4910, max: 0.3749)
INFO:b1k.shared.eval_b1k_wrapper:🔧 Gripper variation: Compression disabled (mean: 0.5841, max: 0.3425)
INFO:b1k.shared.eval_b1k_wrapper:🔧 Gripper variation: Compression disabled (mean: 0.7250, max: 0.4107)
INFO:b1k.shared.eval_b1k_wrapper:🎯 Prediction #520 | Actions: uncompressed (20) | Inpainting: True
INFO:b1k.shared.eval_b1k_wrapper:📊 Step 10400 | Task: 31 | Stage: 8/9 | Predictions: 520
INFO:b1k.shared.eval_b1k_wrapper:🔧 Gripper variation: Compression disabled (mean: 0.7726, max: 0.8209)
INFO:b1k.shared.eval_b1k_wrapper:🔧 Gripper variation: Compression disabled (mean: 0.5366, max: 0.8304)
INFO:b1k.shared.eval_b1k_wrapper:🔧 Gripper variation: Compression disabled (mean: 0.5764, max: 0.3109)
INFO:b1k.shared.eval_b1k_wrapper:🔧 Gripper variation: Compression disabled (mean: 1.1236, max: 0.4654)
INFO:b1k.shared.eval_b1k_wrapper:🔧 Gripper variation: Compression disabled (mean: 0.5926, max: 0.4371)
INFO:b1k.shared.eval_b1k_wrapper:📊 Step 10500 | Task: 31 | Stage: 8/9 | Predictions: 525
INFO:b1k.shared.eval_b1k_wrapper:🔧 Gripper variation: Compression disabled (mean: 0.8805, max: 0.6862)
INFO:b1k.shared.eval_b1k_wrapper:🔧 Gripper variation: Compression disabled (mean: 0.3915, max: 1.3506)
INFO:b1k.shared.eval_b1k_wrapper:🔧 Gripper variation: Compression disabled (mean: 0.6269, max: 0.8463)
INFO:b1k.shared.eval_b1k_wrapper:🔧 Gripper variation: Compression disabled (mean: 0.6634, max: 1.0686)
INFO:b1k.shared.eval_b1k_wrapper:🔧 Gripper variation: Compression disabled (mean: 0.3764, max: 0.5060)
INFO:b1k.shared.eval_b1k_wrapper:🎯 Prediction #530 | Actions: uncompressed (20) | Inpainting: True
INFO:b1k.shared.eval_b1k_wrapper:📊 Step 10600 | Task: 31 | Stage: 8/9 | Predictions: 530
INFO:b1k.shared.eval_b1k_wrapper:🔧 Gripper variation: Compression disabled (mean: 0.2660, max: 0.8088)
INFO:b1k.shared.eval_b1k_wrapper:🔧 Gripper variation: Compression disabled (mean: 0.8634, max: 0.4371)
INFO:b1k.shared.eval_b1k_wrapper:🔧 Gripper variation: Compression disabled (mean: 0.1429, max: 0.2060)
INFO:b1k.shared.eval_b1k_wrapper:🔧 Gripper variation: Compression disabled (mean: 0.2846, max: 0.3410)
INFO:b1k.shared.eval_b1k_wrapper:🔧 Gripper variation: Compression disabled (mean: 1.1844, max: 0.8693)
INFO:b1k.shared.eval_b1k_wrapper:📊 Step 10700 | Task: 31 | Stage: 8/9 | Predictions: 535
INFO:b1k.shared.eval_b1k_wrapper:🔧 Gripper variation: Compression disabled (mean: 0.4533, max: 0.7734)
INFO:b1k.shared.eval_b1k_wrapper:🔧 Gripper variation: Compression disabled (mean: 0.7284, max: 0.8212)
INFO:b1k.shared.eval_b1k_wrapper:🔧 Gripper variation: Compression disabled (mean: 0.7406, max: 0.0989)
INFO:b1k.shared.eval_b1k_wrapper:🔧 Gripper variation: Compression disabled (mean: 0.4233, max: 0.2514)
INFO:b1k.shared.eval_b1k_wrapper:🔧 Gripper variation: Compression disabled (mean: 0.3992, max: 0.3554)
INFO:b1k.shared.eval_b1k_wrapper:🎯 Prediction #540 | Actions: uncompressed (20) | Inpainting: True
INFO:b1k.shared.eval_b1k_wrapper:📊 Step 10800 | Task: 31 | Stage: 8/9 | Predictions: 540
INFO:b1k.shared.eval_b1k_wrapper:🔧 Gripper variation: Compression disabled (mean: 1.3710, max: 0.6241)
INFO:b1k.shared.eval_b1k_wrapper:🔧 Gripper variation: Compression disabled (mean: 0.1934, max: 1.3357)
INFO:b1k.shared.eval_b1k_wrapper:🔧 Gripper variation: Compression disabled (mean: 0.6206, max: 0.2672)
INFO:b1k.shared.eval_b1k_wrapper:📊 Step 10900 | Task: 31 | Stage: 8/9 | Predictions: 545
INFO:b1k.shared.eval_b1k_wrapper:🎯 Prediction #550 | Actions: compressed 26→20 | Inpainting: True
INFO:b1k.shared.eval_b1k_wrapper:📊 Step 11000 | Task: 31 | Stage: 8/9 | Predictions: 550
INFO:b1k.shared.eval_b1k_wrapper:📊 Step 11100 | Task: 31 | Stage: 8/9 | Predictions: 555
INFO:b1k.shared.eval_b1k_wrapper:🎯 Prediction #560 | Actions: compressed 26→20 | Inpainting: True
INFO:b1k.shared.eval_b1k_wrapper:📊 Step 11200 | Task: 31 | Stage: 8/9 | Predictions: 560
INFO:b1k.shared.eval_b1k_wrapper:📊 Step 11300 | Task: 31 | Stage: 8/9 | Predictions: 565
INFO:b1k.shared.eval_b1k_wrapper:🎯 Prediction #570 | Actions: compressed 26→20 | Inpainting: True
INFO:b1k.shared.eval_b1k_wrapper:📊 Step 11400 | Task: 31 | Stage: 8/9 | Predictions: 570
INFO:b1k.shared.eval_b1k_wrapper:📊 Step 11500 | Task: 31 | Stage: 8/9 | Predictions: 575
INFO:b1k.shared.eval_b1k_wrapper:🎯 Prediction #580 | Actions: compressed 26→20 | Inpainting: True
INFO:b1k.shared.eval_b1k_wrapper:📊 Step 11600 | Task: 31 | Stage: 8/9 | Predictions: 580
INFO:b1k.shared.eval_b1k_wrapper:🔧 Gripper variation: Compression disabled (mean: 0.3202, max: 0.1469)
INFO:b1k.shared.eval_b1k_wrapper:📊 Step 11700 | Task: 31 | Stage: 8/9 | Predictions: 585
INFO:b1k.shared.eval_b1k_wrapper:🎯 Prediction #590 | Actions: compressed 26→20 | Inpainting: True
INFO:b1k.shared.eval_b1k_wrapper:📊 Step 11800 | Task: 31 | Stage: 8/9 | Predictions: 590
INFO:b1k.shared.eval_b1k_wrapper:🔧 Gripper variation: Compression disabled (mean: 0.2735, max: 0.0831)
INFO:b1k.shared.eval_b1k_wrapper:📊 Step 11900 | Task: 31 | Stage: 8/9 | Predictions: 595
INFO:b1k.shared.eval_b1k_wrapper:🔧 Gripper variation: Compression disabled (mean: 0.1545, max: 0.2681)
INFO:b1k.shared.eval_b1k_wrapper:🎯 Prediction #600 | Actions: compressed 26→20 | Inpainting: True
INFO:b1k.shared.eval_b1k_wrapper:📊 Step 12000 | Task: 31 | Stage: 8/9 | Predictions: 600
INFO:b1k.shared.eval_b1k_wrapper:📊 Step 12100 | Task: 31 | Stage: 8/9 | Predictions: 605
INFO:b1k.shared.eval_b1k_wrapper:🎯 Prediction #610 | Actions: compressed 26→20 | Inpainting: True
INFO:b1k.shared.eval_b1k_wrapper:📊 Step 12200 | Task: 31 | Stage: 8/9 | Predictions: 610
INFO:b1k.shared.eval_b1k_wrapper:📊 Step 12300 | Task: 31 | Stage: 8/9 | Predictions: 615
INFO:websockets.server:connection closed
INFO:omnigibson.learning.utils.network_utils:Connection from ('127.0.0.1', 46726) closed
INFO:websockets.server:HTTP response sent (200 OK)
INFO:websockets.server:connection closed
INFO:websockets.server:connection open
INFO:omnigibson.learning.utils.network_utils:Connection from ('127.0.0.1', 32946) opened
INFO:b1k.shared.eval_b1k_wrapper:Policy reset - Task ID: 31, Action horizon: 30
INFO:b1k.shared.eval_b1k_wrapper:📊 Step 100 | Task: 31 | Stage: 0/9 | Predictions: 5
INFO:b1k.shared.eval_b1k_wrapper:🎯 Prediction #10 | Actions: compressed 26→20 | Inpainting: True
INFO:b1k.shared.eval_b1k_wrapper:📊 Step 200 | Task: 31 | Stage: 0/9 | Predictions: 10
INFO:b1k.shared.eval_b1k_wrapper:📊 Step 300 | Task: 31 | Stage: 0/9 | Predictions: 15
INFO:b1k.shared.eval_b1k_wrapper:🎯 Prediction #20 | Actions: compressed 26→20 | Inpainting: True
INFO:b1k.shared.eval_b1k_wrapper:📊 Step 400 | Task: 31 | Stage: 0/9 | Predictions: 20
INFO:b1k.shared.eval_b1k_wrapper:📊 Step 500 | Task: 31 | Stage: 0/9 | Predictions: 25
INFO:b1k.shared.eval_b1k_wrapper:🎯 Prediction #30 | Actions: compressed 26→20 | Inpainting: True
INFO:b1k.shared.eval_b1k_wrapper:📊 Step 600 | Task: 31 | Stage: 0/9 | Predictions: 30
INFO:b1k.shared.eval_b1k_wrapper:⬆️  Stage advanced: 0 → 1 (task 31, step 660)
INFO:b1k.shared.eval_b1k_wrapper:📊 Step 700 | Task: 31 | Stage: 1/9 | Predictions: 35
INFO:b1k.shared.eval_b1k_wrapper:🔧 Gripper variation: Compression disabled (mean: 1.9650, max: 0.0069)
INFO:b1k.shared.correction_rules:🔧 GENERAL GRIPPER CORRECTION: Task 31, Stage 1
INFO:b1k.shared.correction_rules:   Left gripper closed (-0.9992) → Opening to 1.0
INFO:b1k.shared.eval_b1k_wrapper:🔧 Correction rule: Actions modified (max diff: 2.0076, task 31, stage 1)
INFO:b1k.shared.eval_b1k_wrapper:🎯 Prediction #40 | Actions: compressed 26→20 | Inpainting: True
INFO:b1k.shared.eval_b1k_wrapper:📊 Step 800 | Task: 31 | Stage: 1/9 | Predictions: 40
INFO:b1k.shared.eval_b1k_wrapper:🔧 Gripper variation: Compression disabled (mean: 2.0187, max: 0.0091)
INFO:b1k.shared.eval_b1k_wrapper:📊 Step 900 | Task: 31 | Stage: 1/9 | Predictions: 45
INFO:b1k.shared.eval_b1k_wrapper:🔧 Gripper variation: Compression disabled (mean: 2.0317, max: 0.0105)
INFO:b1k.shared.eval_b1k_wrapper:🎯 Prediction #50 | Actions: uncompressed (20) | Inpainting: True
INFO:b1k.shared.eval_b1k_wrapper:📊 Step 1000 | Task: 31 | Stage: 1/9 | Predictions: 50
INFO:b1k.shared.eval_b1k_wrapper:🔧 Gripper variation: Compression disabled (mean: 2.0035, max: 0.0056)
INFO:b1k.shared.eval_b1k_wrapper:📊 Step 1100 | Task: 31 | Stage: 1/9 | Predictions: 55
INFO:b1k.shared.eval_b1k_wrapper:🎯 Prediction #60 | Actions: compressed 26→20 | Inpainting: True
INFO:b1k.shared.eval_b1k_wrapper:📊 Step 1200 | Task: 31 | Stage: 1/9 | Predictions: 60
INFO:b1k.shared.eval_b1k_wrapper:📊 Step 1300 | Task: 31 | Stage: 1/9 | Predictions: 65
INFO:b1k.shared.eval_b1k_wrapper:🎯 Prediction #70 | Actions: compressed 26→20 | Inpainting: True
INFO:b1k.shared.eval_b1k_wrapper:📊 Step 1400 | Task: 31 | Stage: 1/9 | Predictions: 70
INFO:b1k.shared.eval_b1k_wrapper:📊 Step 1500 | Task: 31 | Stage: 1/9 | Predictions: 75
INFO:b1k.shared.eval_b1k_wrapper:⬆️  Stage advanced: 1 → 2 (task 31, step 1540)
INFO:b1k.shared.eval_b1k_wrapper:🎯 Prediction #80 | Actions: compressed 26→20 | Inpainting: True
INFO:b1k.shared.eval_b1k_wrapper:📊 Step 1600 | Task: 31 | Stage: 2/9 | Predictions: 80
INFO:b1k.shared.eval_b1k_wrapper:📊 Step 1700 | Task: 31 | Stage: 2/9 | Predictions: 85
INFO:b1k.shared.eval_b1k_wrapper:🎯 Prediction #90 | Actions: compressed 26→20 | Inpainting: True
INFO:b1k.shared.eval_b1k_wrapper:📊 Step 1800 | Task: 31 | Stage: 2/9 | Predictions: 90
INFO:b1k.shared.eval_b1k_wrapper:📊 Step 1900 | Task: 31 | Stage: 2/9 | Predictions: 95
INFO:b1k.shared.eval_b1k_wrapper:🎯 Prediction #100 | Actions: compressed 26→20 | Inpainting: True
INFO:b1k.shared.eval_b1k_wrapper:📊 Step 2000 | Task: 31 | Stage: 2/9 | Predictions: 100
INFO:b1k.shared.eval_b1k_wrapper:📊 Step 2100 | Task: 31 | Stage: 2/9 | Predictions: 105
INFO:b1k.shared.eval_b1k_wrapper:🎯 Prediction #110 | Actions: compressed 26→20 | Inpainting: True
INFO:b1k.shared.eval_b1k_wrapper:📊 Step 2200 | Task: 31 | Stage: 2/9 | Predictions: 110
INFO:b1k.shared.eval_b1k_wrapper:📊 Step 2300 | Task: 31 | Stage: 2/9 | Predictions: 115
INFO:b1k.shared.eval_b1k_wrapper:⬆️  Stage advanced: 2 → 3 (task 31, step 2320)
INFO:b1k.shared.eval_b1k_wrapper:🎯 Prediction #120 | Actions: compressed 26→20 | Inpainting: True
INFO:b1k.shared.eval_b1k_wrapper:📊 Step 2400 | Task: 31 | Stage: 3/9 | Predictions: 120
INFO:b1k.shared.eval_b1k_wrapper:📊 Step 2500 | Task: 31 | Stage: 3/9 | Predictions: 125
INFO:b1k.shared.eval_b1k_wrapper:🎯 Prediction #130 | Actions: compressed 26→20 | Inpainting: True
INFO:b1k.shared.eval_b1k_wrapper:📊 Step 2600 | Task: 31 | Stage: 3/9 | Predictions: 130
INFO:b1k.shared.eval_b1k_wrapper:📊 Step 2700 | Task: 31 | Stage: 3/9 | Predictions: 135
INFO:b1k.shared.eval_b1k_wrapper:🎯 Prediction #140 | Actions: compressed 26→20 | Inpainting: True
INFO:b1k.shared.eval_b1k_wrapper:📊 Step 2800 | Task: 31 | Stage: 3/9 | Predictions: 140
INFO:b1k.shared.eval_b1k_wrapper:📊 Step 2900 | Task: 31 | Stage: 3/9 | Predictions: 145
INFO:b1k.shared.eval_b1k_wrapper:🎯 Prediction #150 | Actions: compressed 26→20 | Inpainting: True
INFO:b1k.shared.eval_b1k_wrapper:📊 Step 3000 | Task: 31 | Stage: 3/9 | Predictions: 150
INFO:b1k.shared.eval_b1k_wrapper:📊 Step 3100 | Task: 31 | Stage: 3/9 | Predictions: 155
INFO:b1k.shared.eval_b1k_wrapper:🎯 Prediction #160 | Actions: compressed 26→20 | Inpainting: True
INFO:b1k.shared.eval_b1k_wrapper:📊 Step 3200 | Task: 31 | Stage: 3/9 | Predictions: 160
INFO:b1k.shared.eval_b1k_wrapper:📊 Step 3300 | Task: 31 | Stage: 3/9 | Predictions: 165
INFO:b1k.shared.eval_b1k_wrapper:🎯 Prediction #170 | Actions: compressed 26→20 | Inpainting: True
INFO:b1k.shared.eval_b1k_wrapper:📊 Step 3400 | Task: 31 | Stage: 3/9 | Predictions: 170
INFO:b1k.shared.eval_b1k_wrapper:📊 Step 3500 | Task: 31 | Stage: 3/9 | Predictions: 175
INFO:b1k.shared.eval_b1k_wrapper:🎯 Prediction #180 | Actions: compressed 26→20 | Inpainting: True
INFO:b1k.shared.eval_b1k_wrapper:⬆️  Stage advanced: 3 → 4 (task 31, step 3580)
INFO:b1k.shared.eval_b1k_wrapper:📊 Step 3600 | Task: 31 | Stage: 4/9 | Predictions: 180
INFO:b1k.shared.eval_b1k_wrapper:⬅️  Stage went back: 4 → 3 (task 31, step 3640)
INFO:b1k.shared.eval_b1k_wrapper:📊 Step 3700 | Task: 31 | Stage: 3/9 | Predictions: 185
INFO:b1k.shared.eval_b1k_wrapper:🔧 Gripper variation: Compression disabled (mean: 0.3304, max: 0.0942)
INFO:b1k.shared.eval_b1k_wrapper:🔧 Gripper variation: Compression disabled (mean: 0.3816, max: 0.4230)
INFO:b1k.shared.eval_b1k_wrapper:🔧 Gripper variation: Compression disabled (mean: 0.3749, max: 0.1398)
INFO:b1k.shared.eval_b1k_wrapper:🎯 Prediction #190 | Actions: uncompressed (20) | Inpainting: True
INFO:b1k.shared.eval_b1k_wrapper:📊 Step 3800 | Task: 31 | Stage: 3/9 | Predictions: 190
INFO:b1k.shared.eval_b1k_wrapper:📊 Step 3900 | Task: 31 | Stage: 3/9 | Predictions: 195
INFO:b1k.shared.eval_b1k_wrapper:🔧 Gripper variation: Compression disabled (mean: 0.2279, max: 0.1088)
INFO:b1k.shared.eval_b1k_wrapper:🔧 Gripper variation: Compression disabled (mean: 0.1060, max: 0.3228)
INFO:b1k.shared.eval_b1k_wrapper:🔧 Gripper variation: Compression disabled (mean: 0.3447, max: 0.0408)
INFO:b1k.shared.eval_b1k_wrapper:🎯 Prediction #200 | Actions: compressed 26→20 | Inpainting: True
INFO:b1k.shared.eval_b1k_wrapper:📊 Step 4000 | Task: 31 | Stage: 3/9 | Predictions: 200
INFO:b1k.shared.eval_b1k_wrapper:🔧 Gripper variation: Compression disabled (mean: 0.3786, max: 0.1074)
INFO:b1k.shared.eval_b1k_wrapper:📊 Step 4100 | Task: 31 | Stage: 3/9 | Predictions: 205
INFO:b1k.shared.eval_b1k_wrapper:🔧 Gripper variation: Compression disabled (mean: 0.2299, max: 0.0576)
INFO:b1k.shared.eval_b1k_wrapper:🎯 Prediction #210 | Actions: compressed 26→20 | Inpainting: True
INFO:b1k.shared.eval_b1k_wrapper:📊 Step 4200 | Task: 31 | Stage: 3/9 | Predictions: 210
INFO:b1k.shared.eval_b1k_wrapper:🔧 Gripper variation: Compression disabled (mean: 0.4784, max: 0.2942)
INFO:b1k.shared.eval_b1k_wrapper:📊 Step 4300 | Task: 31 | Stage: 3/9 | Predictions: 215
INFO:b1k.shared.eval_b1k_wrapper:🔧 Gripper variation: Compression disabled (mean: 0.1819, max: 0.6534)
INFO:b1k.shared.eval_b1k_wrapper:🔧 Gripper variation: Compression disabled (mean: 0.2470, max: 0.1390)
INFO:b1k.shared.eval_b1k_wrapper:🎯 Prediction #220 | Actions: compressed 26→20 | Inpainting: True
INFO:b1k.shared.eval_b1k_wrapper:📊 Step 4400 | Task: 31 | Stage: 3/9 | Predictions: 220
INFO:b1k.shared.eval_b1k_wrapper:📊 Step 4500 | Task: 31 | Stage: 3/9 | Predictions: 225
INFO:b1k.shared.eval_b1k_wrapper:🎯 Prediction #230 | Actions: compressed 26→20 | Inpainting: True
INFO:b1k.shared.eval_b1k_wrapper:📊 Step 4600 | Task: 31 | Stage: 3/9 | Predictions: 230
INFO:b1k.shared.eval_b1k_wrapper:📊 Step 4700 | Task: 31 | Stage: 3/9 | Predictions: 235
INFO:b1k.shared.eval_b1k_wrapper:🎯 Prediction #240 | Actions: compressed 26→20 | Inpainting: True
INFO:b1k.shared.eval_b1k_wrapper:📊 Step 4800 | Task: 31 | Stage: 3/9 | Predictions: 240
INFO:b1k.shared.eval_b1k_wrapper:📊 Step 4900 | Task: 31 | Stage: 3/9 | Predictions: 245
INFO:b1k.shared.eval_b1k_wrapper:🎯 Prediction #250 | Actions: compressed 26→20 | Inpainting: True
INFO:b1k.shared.eval_b1k_wrapper:📊 Step 5000 | Task: 31 | Stage: 3/9 | Predictions: 250
INFO:b1k.shared.eval_b1k_wrapper:📊 Step 5100 | Task: 31 | Stage: 3/9 | Predictions: 255
INFO:b1k.shared.eval_b1k_wrapper:🎯 Prediction #260 | Actions: compressed 26→20 | Inpainting: True
INFO:b1k.shared.eval_b1k_wrapper:📊 Step 5200 | Task: 31 | Stage: 3/9 | Predictions: 260
INFO:b1k.shared.eval_b1k_wrapper:📊 Step 5300 | Task: 31 | Stage: 3/9 | Predictions: 265
INFO:b1k.shared.eval_b1k_wrapper:🎯 Prediction #270 | Actions: compressed 26→20 | Inpainting: True
INFO:b1k.shared.eval_b1k_wrapper:📊 Step 5400 | Task: 31 | Stage: 3/9 | Predictions: 270
INFO:b1k.shared.eval_b1k_wrapper:📊 Step 5500 | Task: 31 | Stage: 3/9 | Predictions: 275
INFO:b1k.shared.eval_b1k_wrapper:🎯 Prediction #280 | Actions: compressed 26→20 | Inpainting: True
INFO:b1k.shared.eval_b1k_wrapper:📊 Step 5600 | Task: 31 | Stage: 3/9 | Predictions: 280
INFO:b1k.shared.eval_b1k_wrapper:📊 Step 5700 | Task: 31 | Stage: 3/9 | Predictions: 285
INFO:b1k.shared.eval_b1k_wrapper:🎯 Prediction #290 | Actions: compressed 26→20 | Inpainting: True
INFO:b1k.shared.eval_b1k_wrapper:📊 Step 5800 | Task: 31 | Stage: 3/9 | Predictions: 290
INFO:b1k.shared.eval_b1k_wrapper:📊 Step 5900 | Task: 31 | Stage: 3/9 | Predictions: 295
INFO:b1k.shared.eval_b1k_wrapper:🎯 Prediction #300 | Actions: compressed 26→20 | Inpainting: True
INFO:b1k.shared.eval_b1k_wrapper:📊 Step 6000 | Task: 31 | Stage: 3/9 | Predictions: 300
INFO:b1k.shared.eval_b1k_wrapper:📊 Step 6100 | Task: 31 | Stage: 3/9 | Predictions: 305
INFO:b1k.shared.eval_b1k_wrapper:🎯 Prediction #310 | Actions: compressed 26→20 | Inpainting: True
INFO:b1k.shared.eval_b1k_wrapper:📊 Step 6200 | Task: 31 | Stage: 3/9 | Predictions: 310
INFO:b1k.shared.eval_b1k_wrapper:📊 Step 6300 | Task: 31 | Stage: 3/9 | Predictions: 315
INFO:b1k.shared.eval_b1k_wrapper:🎯 Prediction #320 | Actions: compressed 26→20 | Inpainting: True
INFO:b1k.shared.eval_b1k_wrapper:📊 Step 6400 | Task: 31 | Stage: 3/9 | Predictions: 320
INFO:b1k.shared.eval_b1k_wrapper:📊 Step 6500 | Task: 31 | Stage: 3/9 | Predictions: 325
INFO:b1k.shared.eval_b1k_wrapper:🎯 Prediction #330 | Actions: compressed 26→20 | Inpainting: True
INFO:b1k.shared.eval_b1k_wrapper:📊 Step 6600 | Task: 31 | Stage: 3/9 | Predictions: 330
INFO:b1k.shared.eval_b1k_wrapper:📊 Step 6700 | Task: 31 | Stage: 3/9 | Predictions: 335
INFO:b1k.shared.eval_b1k_wrapper:🎯 Prediction #340 | Actions: compressed 26→20 | Inpainting: True
INFO:b1k.shared.eval_b1k_wrapper:📊 Step 6800 | Task: 31 | Stage: 3/9 | Predictions: 340
INFO:b1k.shared.eval_b1k_wrapper:📊 Step 6900 | Task: 31 | Stage: 3/9 | Predictions: 345
INFO:b1k.shared.eval_b1k_wrapper:🎯 Prediction #350 | Actions: compressed 26→20 | Inpainting: True
INFO:b1k.shared.eval_b1k_wrapper:📊 Step 7000 | Task: 31 | Stage: 3/9 | Predictions: 350
INFO:b1k.shared.eval_b1k_wrapper:📊 Step 7100 | Task: 31 | Stage: 3/9 | Predictions: 355
INFO:b1k.shared.eval_b1k_wrapper:🎯 Prediction #360 | Actions: compressed 26→20 | Inpainting: True
INFO:b1k.shared.eval_b1k_wrapper:📊 Step 7200 | Task: 31 | Stage: 3/9 | Predictions: 360
INFO:b1k.shared.eval_b1k_wrapper:📊 Step 7300 | Task: 31 | Stage: 3/9 | Predictions: 365
INFO:b1k.shared.eval_b1k_wrapper:🎯 Prediction #370 | Actions: compressed 26→20 | Inpainting: True
INFO:b1k.shared.eval_b1k_wrapper:📊 Step 7400 | Task: 31 | Stage: 3/9 | Predictions: 370
INFO:b1k.shared.eval_b1k_wrapper:📊 Step 7500 | Task: 31 | Stage: 3/9 | Predictions: 375
INFO:b1k.shared.eval_b1k_wrapper:🎯 Prediction #380 | Actions: compressed 26→20 | Inpainting: True
INFO:b1k.shared.eval_b1k_wrapper:📊 Step 7600 | Task: 31 | Stage: 3/9 | Predictions: 380
INFO:b1k.shared.eval_b1k_wrapper:📊 Step 7700 | Task: 31 | Stage: 3/9 | Predictions: 385
INFO:b1k.shared.eval_b1k_wrapper:🎯 Prediction #390 | Actions: compressed 26→20 | Inpainting: True
INFO:b1k.shared.eval_b1k_wrapper:📊 Step 7800 | Task: 31 | Stage: 3/9 | Predictions: 390
INFO:b1k.shared.eval_b1k_wrapper:📊 Step 7900 | Task: 31 | Stage: 3/9 | Predictions: 395
INFO:b1k.shared.eval_b1k_wrapper:🎯 Prediction #400 | Actions: compressed 26→20 | Inpainting: True
INFO:b1k.shared.eval_b1k_wrapper:📊 Step 8000 | Task: 31 | Stage: 3/9 | Predictions: 400
INFO:b1k.shared.eval_b1k_wrapper:📊 Step 8100 | Task: 31 | Stage: 3/9 | Predictions: 405
INFO:b1k.shared.eval_b1k_wrapper:🎯 Prediction #410 | Actions: compressed 26→20 | Inpainting: True
INFO:b1k.shared.eval_b1k_wrapper:📊 Step 8200 | Task: 31 | Stage: 3/9 | Predictions: 410
INFO:b1k.shared.eval_b1k_wrapper:📊 Step 8300 | Task: 31 | Stage: 3/9 | Predictions: 415
INFO:b1k.shared.eval_b1k_wrapper:⬆️  Stage advanced: 3 → 4 (task 31, step 8360)
INFO:b1k.shared.eval_b1k_wrapper:🎯 Prediction #420 | Actions: compressed 26→20 | Inpainting: True
INFO:b1k.shared.eval_b1k_wrapper:📊 Step 8400 | Task: 31 | Stage: 4/9 | Predictions: 420
INFO:b1k.shared.eval_b1k_wrapper:🔧 Gripper variation: Compression disabled (mean: 2.0151, max: 0.0071)
INFO:b1k.shared.eval_b1k_wrapper:⬅️  Stage went back: 4 → 3 (task 31, step 8460)
INFO:b1k.shared.eval_b1k_wrapper:📊 Step 8500 | Task: 31 | Stage: 3/9 | Predictions: 425
INFO:b1k.shared.eval_b1k_wrapper:⬆️  Stage advanced: 3 → 4 (task 31, step 8520)
INFO:b1k.shared.eval_b1k_wrapper:🎯 Prediction #430 | Actions: compressed 26→20 | Inpainting: True
INFO:b1k.shared.eval_b1k_wrapper:⬅️  Stage went back: 4 → 3 (task 31, step 8580)
INFO:b1k.shared.eval_b1k_wrapper:📊 Step 8600 | Task: 31 | Stage: 3/9 | Predictions: 430
INFO:b1k.shared.eval_b1k_wrapper:📊 Step 8700 | Task: 31 | Stage: 3/9 | Predictions: 435
INFO:b1k.shared.eval_b1k_wrapper:🎯 Prediction #440 | Actions: compressed 26→20 | Inpainting: True
INFO:b1k.shared.eval_b1k_wrapper:📊 Step 8800 | Task: 31 | Stage: 3/9 | Predictions: 440
INFO:b1k.shared.eval_b1k_wrapper:⬆️  Stage advanced: 3 → 4 (task 31, step 8800)
INFO:b1k.shared.eval_b1k_wrapper:🔧 Gripper variation: Compression disabled (mean: 0.2039, max: 0.4080)
INFO:b1k.shared.eval_b1k_wrapper:📊 Step 8900 | Task: 31 | Stage: 4/9 | Predictions: 445
INFO:b1k.shared.eval_b1k_wrapper:🔧 Gripper variation: Compression disabled (mean: 0.2258, max: 0.1608)
INFO:b1k.shared.eval_b1k_wrapper:🎯 Prediction #450 | Actions: compressed 26→20 | Inpainting: True
INFO:b1k.shared.eval_b1k_wrapper:📊 Step 9000 | Task: 31 | Stage: 4/9 | Predictions: 450
INFO:b1k.shared.eval_b1k_wrapper:📊 Step 9100 | Task: 31 | Stage: 4/9 | Predictions: 455
INFO:b1k.shared.eval_b1k_wrapper:🔧 Gripper variation: Compression disabled (mean: 0.0098, max: 2.0170)
INFO:b1k.shared.eval_b1k_wrapper:🎯 Prediction #460 | Actions: uncompressed (20) | Inpainting: True
INFO:b1k.shared.eval_b1k_wrapper:📊 Step 9200 | Task: 31 | Stage: 4/9 | Predictions: 460
INFO:b1k.shared.eval_b1k_wrapper:⬆️  Stage advanced: 4 → 5 (task 31, step 9280)
INFO:b1k.shared.eval_b1k_wrapper:📊 Step 9300 | Task: 31 | Stage: 5/9 | Predictions: 465
INFO:b1k.shared.eval_b1k_wrapper:🎯 Prediction #470 | Actions: compressed 26→20 | Inpainting: True
INFO:b1k.shared.eval_b1k_wrapper:📊 Step 9400 | Task: 31 | Stage: 5/9 | Predictions: 470
INFO:b1k.shared.eval_b1k_wrapper:📊 Step 9500 | Task: 31 | Stage: 5/9 | Predictions: 475
INFO:b1k.shared.eval_b1k_wrapper:🎯 Prediction #480 | Actions: compressed 26→20 | Inpainting: True
INFO:b1k.shared.eval_b1k_wrapper:📊 Step 9600 | Task: 31 | Stage: 5/9 | Predictions: 480
INFO:b1k.shared.eval_b1k_wrapper:📊 Step 9700 | Task: 31 | Stage: 5/9 | Predictions: 485
INFO:b1k.shared.eval_b1k_wrapper:🎯 Prediction #490 | Actions: compressed 26→20 | Inpainting: True
INFO:b1k.shared.eval_b1k_wrapper:📊 Step 9800 | Task: 31 | Stage: 5/9 | Predictions: 490
INFO:b1k.shared.eval_b1k_wrapper:📊 Step 9900 | Task: 31 | Stage: 5/9 | Predictions: 495
INFO:b1k.shared.eval_b1k_wrapper:🎯 Prediction #500 | Actions: compressed 26→20 | Inpainting: True
INFO:b1k.shared.eval_b1k_wrapper:📊 Step 10000 | Task: 31 | Stage: 5/9 | Predictions: 500
INFO:b1k.shared.eval_b1k_wrapper:📊 Step 10100 | Task: 31 | Stage: 5/9 | Predictions: 505
INFO:b1k.shared.eval_b1k_wrapper:⬆️  Stage advanced: 5 → 6 (task 31, step 10120)
INFO:b1k.shared.eval_b1k_wrapper:🎯 Prediction #510 | Actions: compressed 26→20 | Inpainting: True
INFO:b1k.shared.eval_b1k_wrapper:📊 Step 10200 | Task: 31 | Stage: 6/9 | Predictions: 510
INFO:b1k.shared.eval_b1k_wrapper:📊 Step 10300 | Task: 31 | Stage: 6/9 | Predictions: 515
INFO:b1k.shared.eval_b1k_wrapper:🎯 Prediction #520 | Actions: compressed 26→20 | Inpainting: True
INFO:b1k.shared.eval_b1k_wrapper:📊 Step 10400 | Task: 31 | Stage: 6/9 | Predictions: 520
INFO:b1k.shared.eval_b1k_wrapper:📊 Step 10500 | Task: 31 | Stage: 6/9 | Predictions: 525
INFO:b1k.shared.eval_b1k_wrapper:🎯 Prediction #530 | Actions: compressed 26→20 | Inpainting: True
INFO:b1k.shared.eval_b1k_wrapper:📊 Step 10600 | Task: 31 | Stage: 6/9 | Predictions: 530
INFO:b1k.shared.eval_b1k_wrapper:📊 Step 10700 | Task: 31 | Stage: 6/9 | Predictions: 535
INFO:b1k.shared.eval_b1k_wrapper:🎯 Prediction #540 | Actions: compressed 26→20 | Inpainting: True
INFO:b1k.shared.eval_b1k_wrapper:📊 Step 10800 | Task: 31 | Stage: 6/9 | Predictions: 540
INFO:b1k.shared.eval_b1k_wrapper:🔧 Gripper variation: Compression disabled (mean: 2.0286, max: 0.0097)
INFO:b1k.shared.eval_b1k_wrapper:📊 Step 10900 | Task: 31 | Stage: 6/9 | Predictions: 545
INFO:b1k.shared.eval_b1k_wrapper:🔧 Gripper variation: Compression disabled (mean: 2.0119, max: 0.0127)
INFO:b1k.shared.eval_b1k_wrapper:🔧 Gripper variation: Compression disabled (mean: 2.0179, max: 0.0098)
INFO:b1k.shared.eval_b1k_wrapper:🎯 Prediction #550 | Actions: compressed 26→20 | Inpainting: True
INFO:b1k.shared.eval_b1k_wrapper:📊 Step 11000 | Task: 31 | Stage: 6/9 | Predictions: 550
INFO:b1k.shared.eval_b1k_wrapper:📊 Step 11100 | Task: 31 | Stage: 6/9 | Predictions: 555
INFO:b1k.shared.eval_b1k_wrapper:⬆️  Stage advanced: 6 → 7 (task 31, step 11100)
INFO:b1k.shared.eval_b1k_wrapper:🎯 Prediction #560 | Actions: compressed 26→20 | Inpainting: True
INFO:b1k.shared.eval_b1k_wrapper:📊 Step 11200 | Task: 31 | Stage: 7/9 | Predictions: 560
INFO:b1k.shared.eval_b1k_wrapper:📊 Step 11300 | Task: 31 | Stage: 7/9 | Predictions: 565
INFO:b1k.shared.eval_b1k_wrapper:🎯 Prediction #570 | Actions: compressed 26→20 | Inpainting: True
INFO:b1k.shared.eval_b1k_wrapper:📊 Step 11400 | Task: 31 | Stage: 7/9 | Predictions: 570
INFO:b1k.shared.eval_b1k_wrapper:📊 Step 11500 | Task: 31 | Stage: 7/9 | Predictions: 575
INFO:b1k.shared.eval_b1k_wrapper:🎯 Prediction #580 | Actions: compressed 26→20 | Inpainting: True
INFO:b1k.shared.eval_b1k_wrapper:📊 Step 11600 | Task: 31 | Stage: 7/9 | Predictions: 580
INFO:b1k.shared.eval_b1k_wrapper:🔧 Gripper variation: Compression disabled (mean: 0.0172, max: 2.0152)
INFO:b1k.shared.eval_b1k_wrapper:📊 Step 11700 | Task: 31 | Stage: 7/9 | Predictions: 585
INFO:b1k.shared.eval_b1k_wrapper:🔧 Gripper variation: Compression disabled (mean: 0.0151, max: 2.0124)
INFO:b1k.shared.eval_b1k_wrapper:🔧 Gripper variation: Compression disabled (mean: 0.0146, max: 2.0057)
INFO:b1k.shared.eval_b1k_wrapper:🎯 Prediction #590 | Actions: compressed 26→20 | Inpainting: True
INFO:b1k.shared.eval_b1k_wrapper:⬆️  Stage advanced: 7 → 8 (task 31, step 11780)
INFO:b1k.shared.eval_b1k_wrapper:📊 Step 11800 | Task: 31 | Stage: 8/9 | Predictions: 590
INFO:b1k.shared.eval_b1k_wrapper:📊 Step 11900 | Task: 31 | Stage: 8/9 | Predictions: 595
INFO:b1k.shared.eval_b1k_wrapper:🎯 Prediction #600 | Actions: compressed 26→20 | Inpainting: True
INFO:b1k.shared.eval_b1k_wrapper:📊 Step 12000 | Task: 31 | Stage: 8/9 | Predictions: 600
INFO:b1k.shared.eval_b1k_wrapper:📊 Step 12100 | Task: 31 | Stage: 8/9 | Predictions: 605
INFO:b1k.shared.eval_b1k_wrapper:🎯 Prediction #610 | Actions: compressed 26→20 | Inpainting: True
INFO:b1k.shared.eval_b1k_wrapper:📊 Step 12200 | Task: 31 | Stage: 8/9 | Predictions: 610
INFO:b1k.shared.eval_b1k_wrapper:📊 Step 12300 | Task: 31 | Stage: 8/9 | Predictions: 615
INFO:websockets.server:connection closed
INFO:omnigibson.learning.utils.network_utils:Connection from ('127.0.0.1', 32946) closed
INFO:websockets.server:HTTP response sent (200 OK)
INFO:websockets.server:connection closed
INFO:websockets.server:connection open
INFO:omnigibson.learning.utils.network_utils:Connection from ('127.0.0.1', 33140) opened
INFO:b1k.shared.eval_b1k_wrapper:Policy reset - Task ID: 31, Action horizon: 30
INFO:b1k.shared.eval_b1k_wrapper:📊 Step 100 | Task: 31 | Stage: 0/9 | Predictions: 5
INFO:b1k.shared.eval_b1k_wrapper:🎯 Prediction #10 | Actions: compressed 26→20 | Inpainting: True
INFO:b1k.shared.eval_b1k_wrapper:📊 Step 200 | Task: 31 | Stage: 0/9 | Predictions: 10
INFO:b1k.shared.eval_b1k_wrapper:📊 Step 300 | Task: 31 | Stage: 0/9 | Predictions: 15
INFO:b1k.shared.eval_b1k_wrapper:🎯 Prediction #20 | Actions: compressed 26→20 | Inpainting: True
INFO:b1k.shared.eval_b1k_wrapper:📊 Step 400 | Task: 31 | Stage: 0/9 | Predictions: 20
INFO:b1k.shared.eval_b1k_wrapper:📊 Step 500 | Task: 31 | Stage: 0/9 | Predictions: 25
INFO:b1k.shared.eval_b1k_wrapper:🎯 Prediction #30 | Actions: compressed 26→20 | Inpainting: True
INFO:b1k.shared.eval_b1k_wrapper:📊 Step 600 | Task: 31 | Stage: 0/9 | Predictions: 30
INFO:b1k.shared.eval_b1k_wrapper:📊 Step 700 | Task: 31 | Stage: 0/9 | Predictions: 35
INFO:b1k.shared.eval_b1k_wrapper:🔧 Gripper variation: Compression disabled (mean: 0.0062, max: 2.0126)
INFO:b1k.shared.eval_b1k_wrapper:🎯 Prediction #40 | Actions: uncompressed (20) | Inpainting: True
INFO:b1k.shared.eval_b1k_wrapper:📊 Step 800 | Task: 31 | Stage: 0/9 | Predictions: 40
INFO:b1k.shared.eval_b1k_wrapper:🔧 Gripper variation: Compression disabled (mean: 0.0068, max: 2.0103)
INFO:b1k.shared.eval_b1k_wrapper:📊 Step 900 | Task: 31 | Stage: 0/9 | Predictions: 45
INFO:b1k.shared.eval_b1k_wrapper:🎯 Prediction #50 | Actions: compressed 26→20 | Inpainting: True
INFO:b1k.shared.eval_b1k_wrapper:📊 Step 1000 | Task: 31 | Stage: 0/9 | Predictions: 50
INFO:b1k.shared.eval_b1k_wrapper:📊 Step 1100 | Task: 31 | Stage: 0/9 | Predictions: 55
INFO:b1k.shared.eval_b1k_wrapper:🔧 Gripper variation: Compression disabled (mean: 0.0037, max: 2.0013)
INFO:b1k.shared.correction_rules:🔧 GENERAL GRIPPER CORRECTION: Task 31, Stage 0
INFO:b1k.shared.correction_rules:   Right gripper closed (-0.9959) → Opening to 1.0
INFO:b1k.shared.eval_b1k_wrapper:🔧 Correction rule: Actions modified (max diff: 2.0080, task 31, stage 0)
INFO:b1k.shared.eval_b1k_wrapper:🎯 Prediction #60 | Actions: compressed 26→20 | Inpainting: True
INFO:b1k.shared.eval_b1k_wrapper:📊 Step 1200 | Task: 31 | Stage: 0/9 | Predictions: 60
INFO:b1k.shared.eval_b1k_wrapper:📊 Step 1300 | Task: 31 | Stage: 0/9 | Predictions: 65
INFO:b1k.shared.eval_b1k_wrapper:🎯 Prediction #70 | Actions: compressed 26→20 | Inpainting: True
INFO:b1k.shared.eval_b1k_wrapper:📊 Step 1400 | Task: 31 | Stage: 0/9 | Predictions: 70
INFO:b1k.shared.eval_b1k_wrapper:📊 Step 1500 | Task: 31 | Stage: 0/9 | Predictions: 75
INFO:b1k.shared.eval_b1k_wrapper:🔧 Gripper variation: Compression disabled (mean: 0.0880, max: 1.8201)
INFO:b1k.shared.eval_b1k_wrapper:🔧 Gripper variation: Compression disabled (mean: 0.1905, max: 0.5460)
INFO:b1k.shared.correction_rules:🔧 GENERAL GRIPPER CORRECTION: Task 31, Stage 0
INFO:b1k.shared.correction_rules:   Right gripper closed (-0.9935) → Opening to 1.0
INFO:b1k.shared.eval_b1k_wrapper:🔧 Correction rule: Actions modified (max diff: 2.0258, task 31, stage 0)
INFO:b1k.shared.eval_b1k_wrapper:🔧 Gripper variation: Compression disabled (mean: 1.1647, max: 2.2201)
INFO:b1k.shared.eval_b1k_wrapper:🎯 Prediction #80 | Actions: uncompressed (20) | Inpainting: True
INFO:b1k.shared.eval_b1k_wrapper:📊 Step 1600 | Task: 31 | Stage: 0/9 | Predictions: 80
INFO:b1k.shared.correction_rules:🔧 GENERAL GRIPPER CORRECTION: Task 31, Stage 0
INFO:b1k.shared.correction_rules:   Right gripper closed (-0.9832) → Opening to 1.0
INFO:b1k.shared.eval_b1k_wrapper:🔧 Correction rule: Actions modified (max diff: 2.0107, task 31, stage 0)
INFO:b1k.shared.eval_b1k_wrapper:📊 Step 1700 | Task: 31 | Stage: 0/9 | Predictions: 85
INFO:b1k.shared.eval_b1k_wrapper:🎯 Prediction #90 | Actions: compressed 26→20 | Inpainting: True
INFO:b1k.shared.eval_b1k_wrapper:📊 Step 1800 | Task: 31 | Stage: 0/9 | Predictions: 90
INFO:b1k.shared.eval_b1k_wrapper:📊 Step 1900 | Task: 31 | Stage: 0/9 | Predictions: 95
INFO:b1k.shared.eval_b1k_wrapper:🎯 Prediction #100 | Actions: compressed 26→20 | Inpainting: True
INFO:b1k.shared.eval_b1k_wrapper:📊 Step 2000 | Task: 31 | Stage: 0/9 | Predictions: 100
INFO:b1k.shared.eval_b1k_wrapper:📊 Step 2100 | Task: 31 | Stage: 0/9 | Predictions: 105
INFO:b1k.shared.eval_b1k_wrapper:🎯 Prediction #110 | Actions: compressed 26→20 | Inpainting: True
INFO:b1k.shared.eval_b1k_wrapper:📊 Step 2200 | Task: 31 | Stage: 0/9 | Predictions: 110
INFO:b1k.shared.eval_b1k_wrapper:📊 Step 2300 | Task: 31 | Stage: 0/9 | Predictions: 115
INFO:b1k.shared.eval_b1k_wrapper:🎯 Prediction #120 | Actions: compressed 26→20 | Inpainting: True
INFO:b1k.shared.eval_b1k_wrapper:📊 Step 2400 | Task: 31 | Stage: 0/9 | Predictions: 120
INFO:b1k.shared.eval_b1k_wrapper:📊 Step 2500 | Task: 31 | Stage: 0/9 | Predictions: 125
INFO:b1k.shared.eval_b1k_wrapper:🎯 Prediction #130 | Actions: compressed 26→20 | Inpainting: True
INFO:b1k.shared.eval_b1k_wrapper:📊 Step 2600 | Task: 31 | Stage: 0/9 | Predictions: 130
INFO:b1k.shared.eval_b1k_wrapper:📊 Step 2700 | Task: 31 | Stage: 0/9 | Predictions: 135
INFO:b1k.shared.eval_b1k_wrapper:🎯 Prediction #140 | Actions: compressed 26→20 | Inpainting: True
INFO:b1k.shared.eval_b1k_wrapper:📊 Step 2800 | Task: 31 | Stage: 0/9 | Predictions: 140
INFO:b1k.shared.eval_b1k_wrapper:📊 Step 2900 | Task: 31 | Stage: 0/9 | Predictions: 145
INFO:b1k.shared.eval_b1k_wrapper:🎯 Prediction #150 | Actions: compressed 26→20 | Inpainting: True
INFO:b1k.shared.eval_b1k_wrapper:📊 Step 3000 | Task: 31 | Stage: 0/9 | Predictions: 150
INFO:b1k.shared.eval_b1k_wrapper:📊 Step 3100 | Task: 31 | Stage: 0/9 | Predictions: 155
INFO:b1k.shared.eval_b1k_wrapper:🎯 Prediction #160 | Actions: compressed 26→20 | Inpainting: True
INFO:b1k.shared.eval_b1k_wrapper:📊 Step 3200 | Task: 31 | Stage: 0/9 | Predictions: 160
INFO:b1k.shared.eval_b1k_wrapper:📊 Step 3300 | Task: 31 | Stage: 0/9 | Predictions: 165
INFO:b1k.shared.eval_b1k_wrapper:🎯 Prediction #170 | Actions: compressed 26→20 | Inpainting: True
INFO:b1k.shared.eval_b1k_wrapper:📊 Step 3400 | Task: 31 | Stage: 0/9 | Predictions: 170
INFO:b1k.shared.eval_b1k_wrapper:📊 Step 3500 | Task: 31 | Stage: 0/9 | Predictions: 175
INFO:b1k.shared.eval_b1k_wrapper:🎯 Prediction #180 | Actions: compressed 26→20 | Inpainting: True
INFO:b1k.shared.eval_b1k_wrapper:📊 Step 3600 | Task: 31 | Stage: 0/9 | Predictions: 180
INFO:b1k.shared.eval_b1k_wrapper:📊 Step 3700 | Task: 31 | Stage: 0/9 | Predictions: 185
INFO:b1k.shared.eval_b1k_wrapper:🎯 Prediction #190 | Actions: compressed 26→20 | Inpainting: True
INFO:b1k.shared.eval_b1k_wrapper:📊 Step 3800 | Task: 31 | Stage: 0/9 | Predictions: 190
INFO:b1k.shared.eval_b1k_wrapper:📊 Step 3900 | Task: 31 | Stage: 0/9 | Predictions: 195
INFO:b1k.shared.eval_b1k_wrapper:🎯 Prediction #200 | Actions: compressed 26→20 | Inpainting: True
INFO:b1k.shared.eval_b1k_wrapper:📊 Step 4000 | Task: 31 | Stage: 0/9 | Predictions: 200
INFO:b1k.shared.eval_b1k_wrapper:📊 Step 4100 | Task: 31 | Stage: 0/9 | Predictions: 205
INFO:b1k.shared.eval_b1k_wrapper:🎯 Prediction #210 | Actions: compressed 26→20 | Inpainting: True
INFO:b1k.shared.eval_b1k_wrapper:📊 Step 4200 | Task: 31 | Stage: 0/9 | Predictions: 210
INFO:b1k.shared.eval_b1k_wrapper:📊 Step 4300 | Task: 31 | Stage: 0/9 | Predictions: 215
INFO:b1k.shared.eval_b1k_wrapper:🎯 Prediction #220 | Actions: compressed 26→20 | Inpainting: True
INFO:b1k.shared.eval_b1k_wrapper:📊 Step 4400 | Task: 31 | Stage: 0/9 | Predictions: 220
INFO:b1k.shared.eval_b1k_wrapper:📊 Step 4500 | Task: 31 | Stage: 0/9 | Predictions: 225
INFO:b1k.shared.eval_b1k_wrapper:🎯 Prediction #230 | Actions: compressed 26→20 | Inpainting: True
INFO:b1k.shared.eval_b1k_wrapper:📊 Step 4600 | Task: 31 | Stage: 0/9 | Predictions: 230
INFO:b1k.shared.eval_b1k_wrapper:📊 Step 4700 | Task: 31 | Stage: 0/9 | Predictions: 235
INFO:b1k.shared.eval_b1k_wrapper:🎯 Prediction #240 | Actions: compressed 26→20 | Inpainting: True
INFO:b1k.shared.eval_b1k_wrapper:📊 Step 4800 | Task: 31 | Stage: 0/9 | Predictions: 240
INFO:b1k.shared.eval_b1k_wrapper:📊 Step 4900 | Task: 31 | Stage: 0/9 | Predictions: 245
INFO:b1k.shared.eval_b1k_wrapper:🎯 Prediction #250 | Actions: compressed 26→20 | Inpainting: True
INFO:b1k.shared.eval_b1k_wrapper:📊 Step 5000 | Task: 31 | Stage: 0/9 | Predictions: 250
INFO:b1k.shared.eval_b1k_wrapper:📊 Step 5100 | Task: 31 | Stage: 0/9 | Predictions: 255
INFO:b1k.shared.eval_b1k_wrapper:🎯 Prediction #260 | Actions: compressed 26→20 | Inpainting: True
INFO:b1k.shared.eval_b1k_wrapper:📊 Step 5200 | Task: 31 | Stage: 0/9 | Predictions: 260
INFO:b1k.shared.eval_b1k_wrapper:📊 Step 5300 | Task: 31 | Stage: 0/9 | Predictions: 265
INFO:b1k.shared.eval_b1k_wrapper:🎯 Prediction #270 | Actions: compressed 26→20 | Inpainting: True
INFO:b1k.shared.eval_b1k_wrapper:📊 Step 5400 | Task: 31 | Stage: 0/9 | Predictions: 270
INFO:b1k.shared.eval_b1k_wrapper:📊 Step 5500 | Task: 31 | Stage: 0/9 | Predictions: 275
INFO:b1k.shared.eval_b1k_wrapper:🎯 Prediction #280 | Actions: compressed 26→20 | Inpainting: True
INFO:b1k.shared.eval_b1k_wrapper:📊 Step 5600 | Task: 31 | Stage: 0/9 | Predictions: 280
INFO:b1k.shared.eval_b1k_wrapper:📊 Step 5700 | Task: 31 | Stage: 0/9 | Predictions: 285
INFO:b1k.shared.eval_b1k_wrapper:🎯 Prediction #290 | Actions: compressed 26→20 | Inpainting: True
INFO:b1k.shared.eval_b1k_wrapper:📊 Step 5800 | Task: 31 | Stage: 0/9 | Predictions: 290
INFO:b1k.shared.eval_b1k_wrapper:📊 Step 5900 | Task: 31 | Stage: 0/9 | Predictions: 295
INFO:b1k.shared.eval_b1k_wrapper:🎯 Prediction #300 | Actions: compressed 26→20 | Inpainting: True
INFO:b1k.shared.eval_b1k_wrapper:📊 Step 6000 | Task: 31 | Stage: 0/9 | Predictions: 300
INFO:b1k.shared.eval_b1k_wrapper:📊 Step 6100 | Task: 31 | Stage: 0/9 | Predictions: 305
INFO:b1k.shared.eval_b1k_wrapper:🎯 Prediction #310 | Actions: compressed 26→20 | Inpainting: True
INFO:b1k.shared.eval_b1k_wrapper:📊 Step 6200 | Task: 31 | Stage: 0/9 | Predictions: 310
INFO:b1k.shared.eval_b1k_wrapper:📊 Step 6300 | Task: 31 | Stage: 0/9 | Predictions: 315
INFO:b1k.shared.eval_b1k_wrapper:🎯 Prediction #320 | Actions: compressed 26→20 | Inpainting: True
INFO:b1k.shared.eval_b1k_wrapper:📊 Step 6400 | Task: 31 | Stage: 0/9 | Predictions: 320
INFO:b1k.shared.eval_b1k_wrapper:📊 Step 6500 | Task: 31 | Stage: 0/9 | Predictions: 325
INFO:b1k.shared.eval_b1k_wrapper:🎯 Prediction #330 | Actions: compressed 26→20 | Inpainting: True
INFO:b1k.shared.eval_b1k_wrapper:📊 Step 6600 | Task: 31 | Stage: 0/9 | Predictions: 330
INFO:b1k.shared.eval_b1k_wrapper:📊 Step 6700 | Task: 31 | Stage: 0/9 | Predictions: 335
INFO:b1k.shared.eval_b1k_wrapper:🎯 Prediction #340 | Actions: compressed 26→20 | Inpainting: True
INFO:b1k.shared.eval_b1k_wrapper:📊 Step 6800 | Task: 31 | Stage: 0/9 | Predictions: 340
INFO:b1k.shared.eval_b1k_wrapper:📊 Step 6900 | Task: 31 | Stage: 0/9 | Predictions: 345
INFO:b1k.shared.eval_b1k_wrapper:🎯 Prediction #350 | Actions: compressed 26→20 | Inpainting: True
INFO:b1k.shared.eval_b1k_wrapper:📊 Step 7000 | Task: 31 | Stage: 0/9 | Predictions: 350
INFO:b1k.shared.eval_b1k_wrapper:📊 Step 7100 | Task: 31 | Stage: 0/9 | Predictions: 355
INFO:b1k.shared.eval_b1k_wrapper:🎯 Prediction #360 | Actions: compressed 26→20 | Inpainting: True
INFO:b1k.shared.eval_b1k_wrapper:📊 Step 7200 | Task: 31 | Stage: 0/9 | Predictions: 360
INFO:b1k.shared.eval_b1k_wrapper:📊 Step 7300 | Task: 31 | Stage: 0/9 | Predictions: 365
INFO:b1k.shared.eval_b1k_wrapper:🎯 Prediction #370 | Actions: compressed 26→20 | Inpainting: True
INFO:b1k.shared.eval_b1k_wrapper:📊 Step 7400 | Task: 31 | Stage: 0/9 | Predictions: 370
INFO:b1k.shared.eval_b1k_wrapper:📊 Step 7500 | Task: 31 | Stage: 0/9 | Predictions: 375
INFO:b1k.shared.eval_b1k_wrapper:🎯 Prediction #380 | Actions: compressed 26→20 | Inpainting: True
INFO:b1k.shared.eval_b1k_wrapper:📊 Step 7600 | Task: 31 | Stage: 0/9 | Predictions: 380
INFO:b1k.shared.eval_b1k_wrapper:📊 Step 7700 | Task: 31 | Stage: 0/9 | Predictions: 385
INFO:b1k.shared.eval_b1k_wrapper:🎯 Prediction #390 | Actions: compressed 26→20 | Inpainting: True
INFO:b1k.shared.eval_b1k_wrapper:📊 Step 7800 | Task: 31 | Stage: 0/9 | Predictions: 390
INFO:b1k.shared.eval_b1k_wrapper:📊 Step 7900 | Task: 31 | Stage: 0/9 | Predictions: 395
INFO:b1k.shared.eval_b1k_wrapper:🎯 Prediction #400 | Actions: compressed 26→20 | Inpainting: True
INFO:b1k.shared.eval_b1k_wrapper:📊 Step 8000 | Task: 31 | Stage: 0/9 | Predictions: 400
INFO:b1k.shared.eval_b1k_wrapper:📊 Step 8100 | Task: 31 | Stage: 0/9 | Predictions: 405
INFO:b1k.shared.eval_b1k_wrapper:🎯 Prediction #410 | Actions: compressed 26→20 | Inpainting: True
INFO:b1k.shared.eval_b1k_wrapper:📊 Step 8200 | Task: 31 | Stage: 0/9 | Predictions: 410
INFO:b1k.shared.eval_b1k_wrapper:📊 Step 8300 | Task: 31 | Stage: 0/9 | Predictions: 415
INFO:b1k.shared.eval_b1k_wrapper:🎯 Prediction #420 | Actions: compressed 26→20 | Inpainting: True
INFO:b1k.shared.eval_b1k_wrapper:📊 Step 8400 | Task: 31 | Stage: 0/9 | Predictions: 420
INFO:b1k.shared.eval_b1k_wrapper:📊 Step 8500 | Task: 31 | Stage: 0/9 | Predictions: 425
INFO:b1k.shared.eval_b1k_wrapper:🎯 Prediction #430 | Actions: compressed 26→20 | Inpainting: True
INFO:b1k.shared.eval_b1k_wrapper:📊 Step 8600 | Task: 31 | Stage: 0/9 | Predictions: 430
INFO:b1k.shared.eval_b1k_wrapper:📊 Step 8700 | Task: 31 | Stage: 0/9 | Predictions: 435
INFO:b1k.shared.eval_b1k_wrapper:🎯 Prediction #440 | Actions: compressed 26→20 | Inpainting: True
INFO:b1k.shared.eval_b1k_wrapper:📊 Step 8800 | Task: 31 | Stage: 0/9 | Predictions: 440
INFO:b1k.shared.eval_b1k_wrapper:📊 Step 8900 | Task: 31 | Stage: 0/9 | Predictions: 445
INFO:b1k.shared.eval_b1k_wrapper:🎯 Prediction #450 | Actions: compressed 26→20 | Inpainting: True
INFO:b1k.shared.eval_b1k_wrapper:📊 Step 9000 | Task: 31 | Stage: 0/9 | Predictions: 450
INFO:b1k.shared.eval_b1k_wrapper:📊 Step 9100 | Task: 31 | Stage: 0/9 | Predictions: 455
INFO:b1k.shared.eval_b1k_wrapper:🎯 Prediction #460 | Actions: compressed 26→20 | Inpainting: True
INFO:b1k.shared.eval_b1k_wrapper:📊 Step 9200 | Task: 31 | Stage: 0/9 | Predictions: 460
INFO:b1k.shared.eval_b1k_wrapper:📊 Step 9300 | Task: 31 | Stage: 0/9 | Predictions: 465
INFO:b1k.shared.eval_b1k_wrapper:🎯 Prediction #470 | Actions: compressed 26→20 | Inpainting: True
INFO:b1k.shared.eval_b1k_wrapper:📊 Step 9400 | Task: 31 | Stage: 0/9 | Predictions: 470
INFO:b1k.shared.eval_b1k_wrapper:📊 Step 9500 | Task: 31 | Stage: 0/9 | Predictions: 475
INFO:b1k.shared.eval_b1k_wrapper:🎯 Prediction #480 | Actions: compressed 26→20 | Inpainting: True
INFO:b1k.shared.eval_b1k_wrapper:📊 Step 9600 | Task: 31 | Stage: 0/9 | Predictions: 480
INFO:b1k.shared.eval_b1k_wrapper:📊 Step 9700 | Task: 31 | Stage: 0/9 | Predictions: 485
INFO:b1k.shared.eval_b1k_wrapper:🎯 Prediction #490 | Actions: compressed 26→20 | Inpainting: True
INFO:b1k.shared.eval_b1k_wrapper:📊 Step 9800 | Task: 31 | Stage: 0/9 | Predictions: 490
INFO:b1k.shared.eval_b1k_wrapper:📊 Step 9900 | Task: 31 | Stage: 0/9 | Predictions: 495
INFO:b1k.shared.eval_b1k_wrapper:🎯 Prediction #500 | Actions: compressed 26→20 | Inpainting: True
INFO:b1k.shared.eval_b1k_wrapper:📊 Step 10000 | Task: 31 | Stage: 0/9 | Predictions: 500
INFO:b1k.shared.eval_b1k_wrapper:📊 Step 10100 | Task: 31 | Stage: 0/9 | Predictions: 505
INFO:b1k.shared.eval_b1k_wrapper:🎯 Prediction #510 | Actions: compressed 26→20 | Inpainting: True
INFO:b1k.shared.eval_b1k_wrapper:📊 Step 10200 | Task: 31 | Stage: 0/9 | Predictions: 510
INFO:b1k.shared.eval_b1k_wrapper:📊 Step 10300 | Task: 31 | Stage: 0/9 | Predictions: 515
INFO:b1k.shared.eval_b1k_wrapper:🎯 Prediction #520 | Actions: compressed 26→20 | Inpainting: True
INFO:b1k.shared.eval_b1k_wrapper:📊 Step 10400 | Task: 31 | Stage: 0/9 | Predictions: 520
INFO:b1k.shared.eval_b1k_wrapper:📊 Step 10500 | Task: 31 | Stage: 0/9 | Predictions: 525
INFO:b1k.shared.eval_b1k_wrapper:🎯 Prediction #530 | Actions: compressed 26→20 | Inpainting: True
INFO:b1k.shared.eval_b1k_wrapper:📊 Step 10600 | Task: 31 | Stage: 0/9 | Predictions: 530
INFO:b1k.shared.eval_b1k_wrapper:📊 Step 10700 | Task: 31 | Stage: 0/9 | Predictions: 535
INFO:b1k.shared.eval_b1k_wrapper:🎯 Prediction #540 | Actions: compressed 26→20 | Inpainting: True
INFO:b1k.shared.eval_b1k_wrapper:📊 Step 10800 | Task: 31 | Stage: 0/9 | Predictions: 540
INFO:b1k.shared.eval_b1k_wrapper:📊 Step 10900 | Task: 31 | Stage: 0/9 | Predictions: 545
INFO:b1k.shared.eval_b1k_wrapper:🎯 Prediction #550 | Actions: compressed 26→20 | Inpainting: True
INFO:b1k.shared.eval_b1k_wrapper:📊 Step 11000 | Task: 31 | Stage: 0/9 | Predictions: 550
INFO:b1k.shared.eval_b1k_wrapper:📊 Step 11100 | Task: 31 | Stage: 0/9 | Predictions: 555
INFO:b1k.shared.eval_b1k_wrapper:🎯 Prediction #560 | Actions: compressed 26→20 | Inpainting: True
INFO:b1k.shared.eval_b1k_wrapper:📊 Step 11200 | Task: 31 | Stage: 0/9 | Predictions: 560
INFO:b1k.shared.eval_b1k_wrapper:📊 Step 11300 | Task: 31 | Stage: 0/9 | Predictions: 565
INFO:b1k.shared.eval_b1k_wrapper:🎯 Prediction #570 | Actions: compressed 26→20 | Inpainting: True
INFO:b1k.shared.eval_b1k_wrapper:📊 Step 11400 | Task: 31 | Stage: 0/9 | Predictions: 570
INFO:b1k.shared.eval_b1k_wrapper:📊 Step 11500 | Task: 31 | Stage: 0/9 | Predictions: 575
INFO:b1k.shared.eval_b1k_wrapper:🎯 Prediction #580 | Actions: compressed 26→20 | Inpainting: True
INFO:b1k.shared.eval_b1k_wrapper:📊 Step 11600 | Task: 31 | Stage: 0/9 | Predictions: 580
INFO:b1k.shared.eval_b1k_wrapper:📊 Step 11700 | Task: 31 | Stage: 0/9 | Predictions: 585
INFO:b1k.shared.eval_b1k_wrapper:🎯 Prediction #590 | Actions: compressed 26→20 | Inpainting: True
INFO:b1k.shared.eval_b1k_wrapper:📊 Step 11800 | Task: 31 | Stage: 0/9 | Predictions: 590
INFO:b1k.shared.eval_b1k_wrapper:📊 Step 11900 | Task: 31 | Stage: 0/9 | Predictions: 595
INFO:b1k.shared.eval_b1k_wrapper:🎯 Prediction #600 | Actions: compressed 26→20 | Inpainting: True
INFO:b1k.shared.eval_b1k_wrapper:📊 Step 12000 | Task: 31 | Stage: 0/9 | Predictions: 600
INFO:b1k.shared.eval_b1k_wrapper:📊 Step 12100 | Task: 31 | Stage: 0/9 | Predictions: 605
INFO:b1k.shared.eval_b1k_wrapper:🎯 Prediction #610 | Actions: compressed 26→20 | Inpainting: True
INFO:b1k.shared.eval_b1k_wrapper:📊 Step 12200 | Task: 31 | Stage: 0/9 | Predictions: 610
INFO:b1k.shared.eval_b1k_wrapper:📊 Step 12300 | Task: 31 | Stage: 0/9 | Predictions: 615
INFO:websockets.server:connection closed
INFO:omnigibson.learning.utils.network_utils:Connection from ('127.0.0.1', 33140) closed
INFO:websockets.server:HTTP response sent (200 OK)
INFO:websockets.server:connection closed
INFO:websockets.server:connection open
INFO:omnigibson.learning.utils.network_utils:Connection from ('127.0.0.1', 36832) opened
INFO:b1k.shared.eval_b1k_wrapper:Policy reset - Task ID: 31, Action horizon: 30
INFO:b1k.shared.eval_b1k_wrapper:📊 Step 100 | Task: 31 | Stage: 0/9 | Predictions: 5
INFO:b1k.shared.eval_b1k_wrapper:🎯 Prediction #10 | Actions: compressed 26→20 | Inpainting: True
INFO:b1k.shared.eval_b1k_wrapper:📊 Step 200 | Task: 31 | Stage: 0/9 | Predictions: 10
INFO:b1k.shared.eval_b1k_wrapper:📊 Step 300 | Task: 31 | Stage: 0/9 | Predictions: 15
INFO:b1k.shared.eval_b1k_wrapper:🎯 Prediction #20 | Actions: compressed 26→20 | Inpainting: True
INFO:b1k.shared.eval_b1k_wrapper:📊 Step 400 | Task: 31 | Stage: 0/9 | Predictions: 20
INFO:b1k.shared.eval_b1k_wrapper:⬆️  Stage advanced: 0 → 1 (task 31, step 440)
INFO:b1k.shared.eval_b1k_wrapper:📊 Step 500 | Task: 31 | Stage: 1/9 | Predictions: 25
INFO:b1k.shared.eval_b1k_wrapper:🔧 Gripper variation: Compression disabled (mean: 2.0163, max: 0.0074)
INFO:b1k.shared.eval_b1k_wrapper:🎯 Prediction #30 | Actions: compressed 26→20 | Inpainting: True
INFO:b1k.shared.eval_b1k_wrapper:📊 Step 600 | Task: 31 | Stage: 1/9 | Predictions: 30
INFO:b1k.shared.eval_b1k_wrapper:🔧 Gripper variation: Compression disabled (mean: 2.0082, max: 0.0087)
INFO:b1k.shared.eval_b1k_wrapper:🔧 Gripper variation: Compression disabled (mean: 2.0239, max: 0.0073)
INFO:b1k.shared.eval_b1k_wrapper:📊 Step 700 | Task: 31 | Stage: 1/9 | Predictions: 35
INFO:b1k.shared.eval_b1k_wrapper:🎯 Prediction #40 | Actions: compressed 26→20 | Inpainting: True
INFO:b1k.shared.eval_b1k_wrapper:📊 Step 800 | Task: 31 | Stage: 1/9 | Predictions: 40
INFO:b1k.shared.eval_b1k_wrapper:📊 Step 900 | Task: 31 | Stage: 1/9 | Predictions: 45
INFO:b1k.shared.eval_b1k_wrapper:🎯 Prediction #50 | Actions: compressed 26→20 | Inpainting: True
INFO:b1k.shared.eval_b1k_wrapper:📊 Step 1000 | Task: 31 | Stage: 1/9 | Predictions: 50
INFO:b1k.shared.eval_b1k_wrapper:📊 Step 1100 | Task: 31 | Stage: 1/9 | Predictions: 55
INFO:b1k.shared.eval_b1k_wrapper:🎯 Prediction #60 | Actions: compressed 26→20 | Inpainting: True
INFO:b1k.shared.eval_b1k_wrapper:📊 Step 1200 | Task: 31 | Stage: 1/9 | Predictions: 60
INFO:b1k.shared.eval_b1k_wrapper:📊 Step 1300 | Task: 31 | Stage: 1/9 | Predictions: 65
INFO:b1k.shared.eval_b1k_wrapper:⬆️  Stage advanced: 1 → 2 (task 31, step 1300)
INFO:b1k.shared.eval_b1k_wrapper:🎯 Prediction #70 | Actions: compressed 26→20 | Inpainting: True
INFO:b1k.shared.eval_b1k_wrapper:📊 Step 1400 | Task: 31 | Stage: 2/9 | Predictions: 70
INFO:b1k.shared.eval_b1k_wrapper:📊 Step 1500 | Task: 31 | Stage: 2/9 | Predictions: 75
INFO:b1k.shared.eval_b1k_wrapper:🎯 Prediction #80 | Actions: compressed 26→20 | Inpainting: True
INFO:b1k.shared.eval_b1k_wrapper:📊 Step 1600 | Task: 31 | Stage: 2/9 | Predictions: 80
INFO:b1k.shared.eval_b1k_wrapper:📊 Step 1700 | Task: 31 | Stage: 2/9 | Predictions: 85
INFO:b1k.shared.eval_b1k_wrapper:🎯 Prediction #90 | Actions: compressed 26→20 | Inpainting: True
INFO:b1k.shared.eval_b1k_wrapper:📊 Step 1800 | Task: 31 | Stage: 2/9 | Predictions: 90
INFO:b1k.shared.eval_b1k_wrapper:⬆️  Stage advanced: 2 → 3 (task 31, step 1800)
INFO:b1k.shared.eval_b1k_wrapper:📊 Step 1900 | Task: 31 | Stage: 3/9 | Predictions: 95
INFO:b1k.shared.eval_b1k_wrapper:🎯 Prediction #100 | Actions: compressed 26→20 | Inpainting: True
INFO:b1k.shared.eval_b1k_wrapper:📊 Step 2000 | Task: 31 | Stage: 3/9 | Predictions: 100
INFO:b1k.shared.eval_b1k_wrapper:📊 Step 2100 | Task: 31 | Stage: 3/9 | Predictions: 105
INFO:b1k.shared.eval_b1k_wrapper:🎯 Prediction #110 | Actions: compressed 26→20 | Inpainting: True
INFO:b1k.shared.eval_b1k_wrapper:📊 Step 2200 | Task: 31 | Stage: 3/9 | Predictions: 110
INFO:b1k.shared.eval_b1k_wrapper:📊 Step 2300 | Task: 31 | Stage: 3/9 | Predictions: 115
INFO:b1k.shared.eval_b1k_wrapper:🎯 Prediction #120 | Actions: compressed 26→20 | Inpainting: True
INFO:b1k.shared.eval_b1k_wrapper:📊 Step 2400 | Task: 31 | Stage: 3/9 | Predictions: 120
INFO:b1k.shared.eval_b1k_wrapper:📊 Step 2500 | Task: 31 | Stage: 3/9 | Predictions: 125
INFO:b1k.shared.eval_b1k_wrapper:🎯 Prediction #130 | Actions: compressed 26→20 | Inpainting: True
INFO:b1k.shared.eval_b1k_wrapper:📊 Step 2600 | Task: 31 | Stage: 3/9 | Predictions: 130
INFO:b1k.shared.eval_b1k_wrapper:📊 Step 2700 | Task: 31 | Stage: 3/9 | Predictions: 135
INFO:b1k.shared.eval_b1k_wrapper:🎯 Prediction #140 | Actions: compressed 26→20 | Inpainting: True
INFO:b1k.shared.eval_b1k_wrapper:📊 Step 2800 | Task: 31 | Stage: 3/9 | Predictions: 140
INFO:b1k.shared.eval_b1k_wrapper:📊 Step 2900 | Task: 31 | Stage: 3/9 | Predictions: 145
INFO:b1k.shared.eval_b1k_wrapper:🎯 Prediction #150 | Actions: compressed 26→20 | Inpainting: True
INFO:b1k.shared.eval_b1k_wrapper:📊 Step 3000 | Task: 31 | Stage: 3/9 | Predictions: 150
INFO:b1k.shared.eval_b1k_wrapper:📊 Step 3100 | Task: 31 | Stage: 3/9 | Predictions: 155
INFO:b1k.shared.eval_b1k_wrapper:🎯 Prediction #160 | Actions: compressed 26→20 | Inpainting: True
INFO:b1k.shared.eval_b1k_wrapper:📊 Step 3200 | Task: 31 | Stage: 3/9 | Predictions: 160
INFO:b1k.shared.eval_b1k_wrapper:🔧 Gripper variation: Compression disabled (mean: 1.8002, max: 0.0244)
INFO:b1k.shared.eval_b1k_wrapper:📊 Step 3300 | Task: 31 | Stage: 3/9 | Predictions: 165
INFO:b1k.shared.eval_b1k_wrapper:🎯 Prediction #170 | Actions: compressed 26→20 | Inpainting: True
INFO:b1k.shared.eval_b1k_wrapper:⬆️  Stage advanced: 3 → 4 (task 31, step 3380)
INFO:b1k.shared.eval_b1k_wrapper:📊 Step 3400 | Task: 31 | Stage: 4/9 | Predictions: 170
INFO:b1k.shared.eval_b1k_wrapper:📊 Step 3500 | Task: 31 | Stage: 4/9 | Predictions: 175
INFO:b1k.shared.eval_b1k_wrapper:🎯 Prediction #180 | Actions: compressed 26→20 | Inpainting: True
INFO:b1k.shared.eval_b1k_wrapper:📊 Step 3600 | Task: 31 | Stage: 4/9 | Predictions: 180
INFO:b1k.shared.eval_b1k_wrapper:🔧 Gripper variation: Compression disabled (mean: 0.0105, max: 1.9003)
INFO:b1k.shared.eval_b1k_wrapper:📊 Step 3700 | Task: 31 | Stage: 4/9 | Predictions: 185
INFO:b1k.shared.eval_b1k_wrapper:⬆️  Stage advanced: 4 → 5 (task 31, step 3720)
INFO:b1k.shared.eval_b1k_wrapper:🎯 Prediction #190 | Actions: compressed 26→20 | Inpainting: True
INFO:b1k.shared.eval_b1k_wrapper:📊 Step 3800 | Task: 31 | Stage: 5/9 | Predictions: 190
INFO:b1k.shared.eval_b1k_wrapper:📊 Step 3900 | Task: 31 | Stage: 5/9 | Predictions: 195
INFO:b1k.shared.eval_b1k_wrapper:🎯 Prediction #200 | Actions: compressed 26→20 | Inpainting: True
INFO:b1k.shared.eval_b1k_wrapper:📊 Step 4000 | Task: 31 | Stage: 5/9 | Predictions: 200
INFO:b1k.shared.eval_b1k_wrapper:⬆️  Stage advanced: 5 → 6 (task 31, step 4040)
INFO:b1k.shared.eval_b1k_wrapper:📊 Step 4100 | Task: 31 | Stage: 6/9 | Predictions: 205
INFO:b1k.shared.eval_b1k_wrapper:🎯 Prediction #210 | Actions: compressed 26→20 | Inpainting: True
INFO:b1k.shared.eval_b1k_wrapper:📊 Step 4200 | Task: 31 | Stage: 6/9 | Predictions: 210
INFO:b1k.shared.eval_b1k_wrapper:📊 Step 4300 | Task: 31 | Stage: 6/9 | Predictions: 215
INFO:b1k.shared.eval_b1k_wrapper:🎯 Prediction #220 | Actions: compressed 26→20 | Inpainting: True
INFO:b1k.shared.eval_b1k_wrapper:📊 Step 4400 | Task: 31 | Stage: 6/9 | Predictions: 220
INFO:b1k.shared.eval_b1k_wrapper:🔧 Gripper variation: Compression disabled (mean: 2.0343, max: 0.0130)
INFO:b1k.shared.eval_b1k_wrapper:🔧 Gripper variation: Compression disabled (mean: 1.9983, max: 0.0155)
INFO:b1k.shared.eval_b1k_wrapper:📊 Step 4500 | Task: 31 | Stage: 6/9 | Predictions: 225
INFO:b1k.shared.eval_b1k_wrapper:⬆️  Stage advanced: 6 → 7 (task 31, step 4540)
INFO:b1k.shared.eval_b1k_wrapper:🎯 Prediction #230 | Actions: compressed 26→20 | Inpainting: True
INFO:b1k.shared.eval_b1k_wrapper:📊 Step 4600 | Task: 31 | Stage: 7/9 | Predictions: 230
INFO:b1k.shared.eval_b1k_wrapper:📊 Step 4700 | Task: 31 | Stage: 7/9 | Predictions: 235
INFO:b1k.shared.eval_b1k_wrapper:🎯 Prediction #240 | Actions: compressed 26→20 | Inpainting: True
INFO:b1k.shared.eval_b1k_wrapper:📊 Step 4800 | Task: 31 | Stage: 7/9 | Predictions: 240
INFO:b1k.shared.eval_b1k_wrapper:📊 Step 4900 | Task: 31 | Stage: 7/9 | Predictions: 245
INFO:b1k.shared.eval_b1k_wrapper:🎯 Prediction #250 | Actions: compressed 26→20 | Inpainting: True
INFO:b1k.shared.eval_b1k_wrapper:📊 Step 5000 | Task: 31 | Stage: 7/9 | Predictions: 250
INFO:b1k.shared.eval_b1k_wrapper:📊 Step 5100 | Task: 31 | Stage: 7/9 | Predictions: 255
INFO:b1k.shared.eval_b1k_wrapper:🔧 Gripper variation: Compression disabled (mean: 0.0050, max: 2.0149)
INFO:b1k.shared.eval_b1k_wrapper:🎯 Prediction #260 | Actions: compressed 26→20 | Inpainting: True
INFO:b1k.shared.eval_b1k_wrapper:⬆️  Stage advanced: 7 → 8 (task 31, step 5180)
INFO:b1k.shared.eval_b1k_wrapper:📊 Step 5200 | Task: 31 | Stage: 8/9 | Predictions: 260
INFO:b1k.shared.eval_b1k_wrapper:📊 Step 5300 | Task: 31 | Stage: 8/9 | Predictions: 265
INFO:b1k.shared.eval_b1k_wrapper:🎯 Prediction #270 | Actions: compressed 26→20 | Inpainting: True
INFO:b1k.shared.eval_b1k_wrapper:📊 Step 5400 | Task: 31 | Stage: 8/9 | Predictions: 270
INFO:b1k.shared.eval_b1k_wrapper:📊 Step 5500 | Task: 31 | Stage: 8/9 | Predictions: 275
INFO:b1k.shared.eval_b1k_wrapper:🎯 Prediction #280 | Actions: compressed 26→20 | Inpainting: True
INFO:b1k.shared.eval_b1k_wrapper:📊 Step 5600 | Task: 31 | Stage: 8/9 | Predictions: 280
INFO:b1k.shared.eval_b1k_wrapper:📊 Step 5700 | Task: 31 | Stage: 8/9 | Predictions: 285
INFO:b1k.shared.eval_b1k_wrapper:🎯 Prediction #290 | Actions: compressed 26→20 | Inpainting: True
INFO:b1k.shared.eval_b1k_wrapper:📊 Step 5800 | Task: 31 | Stage: 8/9 | Predictions: 290
INFO:b1k.shared.eval_b1k_wrapper:🔧 Gripper variation: Compression disabled (mean: 0.1950, max: 0.7002)
INFO:b1k.shared.eval_b1k_wrapper:🔧 Gripper variation: Compression disabled (mean: 0.2872, max: 0.4386)
INFO:b1k.shared.eval_b1k_wrapper:⬆️  Stage advanced: 8 → 9 (task 31, step 5860)
INFO:b1k.shared.eval_b1k_wrapper:🔧 Gripper variation: Compression disabled (mean: 0.3510, max: 0.7163)
INFO:b1k.shared.eval_b1k_wrapper:📊 Step 5900 | Task: 31 | Stage: 9/9 | Predictions: 295
INFO:b1k.shared.eval_b1k_wrapper:🔧 Gripper variation: Compression disabled (mean: 0.3792, max: 0.3270)
INFO:b1k.shared.eval_b1k_wrapper:🎯 Prediction #300 | Actions: compressed 26→20 | Inpainting: True
INFO:b1k.shared.eval_b1k_wrapper:📊 Step 6000 | Task: 31 | Stage: 9/9 | Predictions: 300
INFO:b1k.shared.eval_b1k_wrapper:📊 Step 6100 | Task: 31 | Stage: 9/9 | Predictions: 305
INFO:b1k.shared.eval_b1k_wrapper:🔧 Gripper variation: Compression disabled (mean: 0.0052, max: 1.9993)
INFO:b1k.shared.eval_b1k_wrapper:🔧 Gripper variation: Compression disabled (mean: 0.0055, max: 1.6792)
INFO:b1k.shared.eval_b1k_wrapper:🎯 Prediction #310 | Actions: compressed 26→20 | Inpainting: True
INFO:b1k.shared.eval_b1k_wrapper:📊 Step 6200 | Task: 31 | Stage: 9/9 | Predictions: 310
INFO:websockets.server:connection closed
INFO:omnigibson.learning.utils.network_utils:Connection from ('127.0.0.1', 36832) closed
INFO:websockets.server:HTTP response sent (200 OK)
INFO:websockets.server:connection closed
INFO:websockets.server:connection open
INFO:omnigibson.learning.utils.network_utils:Connection from ('127.0.0.1', 34726) opened
INFO:b1k.shared.eval_b1k_wrapper:Policy reset - Task ID: 31, Action horizon: 30
INFO:b1k.shared.eval_b1k_wrapper:📊 Step 100 | Task: 31 | Stage: 0/9 | Predictions: 5
INFO:b1k.shared.eval_b1k_wrapper:⏭️  Stage skipped: 0 → 1 (task 31, step 120)
INFO:b1k.shared.eval_b1k_wrapper:🎯 Prediction #10 | Actions: compressed 26→20 | Inpainting: True
INFO:b1k.shared.eval_b1k_wrapper:⬆️  Stage advanced: 1 → 2 (task 31, step 180)
INFO:b1k.shared.eval_b1k_wrapper:📊 Step 200 | Task: 31 | Stage: 2/9 | Predictions: 10
INFO:b1k.shared.eval_b1k_wrapper:⬆️  Stage advanced: 2 → 3 (task 31, step 280)
INFO:b1k.shared.eval_b1k_wrapper:📊 Step 300 | Task: 31 | Stage: 3/9 | Predictions: 15
INFO:b1k.shared.eval_b1k_wrapper:🎯 Prediction #20 | Actions: compressed 26→20 | Inpainting: True
INFO:b1k.shared.eval_b1k_wrapper:📊 Step 400 | Task: 31 | Stage: 3/9 | Predictions: 20
INFO:b1k.shared.eval_b1k_wrapper:📊 Step 500 | Task: 31 | Stage: 3/9 | Predictions: 25
INFO:b1k.shared.eval_b1k_wrapper:🎯 Prediction #30 | Actions: compressed 26→20 | Inpainting: True
INFO:b1k.shared.eval_b1k_wrapper:📊 Step 600 | Task: 31 | Stage: 3/9 | Predictions: 30
INFO:b1k.shared.eval_b1k_wrapper:📊 Step 700 | Task: 31 | Stage: 3/9 | Predictions: 35
INFO:b1k.shared.eval_b1k_wrapper:🎯 Prediction #40 | Actions: compressed 26→20 | Inpainting: True
INFO:b1k.shared.eval_b1k_wrapper:📊 Step 800 | Task: 31 | Stage: 3/9 | Predictions: 40
INFO:b1k.shared.eval_b1k_wrapper:📊 Step 900 | Task: 31 | Stage: 3/9 | Predictions: 45
INFO:b1k.shared.eval_b1k_wrapper:🎯 Prediction #50 | Actions: compressed 26→20 | Inpainting: True
INFO:b1k.shared.eval_b1k_wrapper:📊 Step 1000 | Task: 31 | Stage: 3/9 | Predictions: 50
INFO:b1k.shared.eval_b1k_wrapper:📊 Step 1100 | Task: 31 | Stage: 3/9 | Predictions: 55
INFO:b1k.shared.eval_b1k_wrapper:🎯 Prediction #60 | Actions: compressed 26→20 | Inpainting: True
INFO:b1k.shared.eval_b1k_wrapper:📊 Step 1200 | Task: 31 | Stage: 3/9 | Predictions: 60
INFO:b1k.shared.eval_b1k_wrapper:📊 Step 1300 | Task: 31 | Stage: 3/9 | Predictions: 65
INFO:b1k.shared.eval_b1k_wrapper:🎯 Prediction #70 | Actions: compressed 26→20 | Inpainting: True
INFO:b1k.shared.eval_b1k_wrapper:📊 Step 1400 | Task: 31 | Stage: 3/9 | Predictions: 70
INFO:b1k.shared.eval_b1k_wrapper:📊 Step 1500 | Task: 31 | Stage: 3/9 | Predictions: 75
INFO:b1k.shared.eval_b1k_wrapper:🎯 Prediction #80 | Actions: compressed 26→20 | Inpainting: True
INFO:b1k.shared.eval_b1k_wrapper:📊 Step 1600 | Task: 31 | Stage: 3/9 | Predictions: 80
INFO:b1k.shared.eval_b1k_wrapper:📊 Step 1700 | Task: 31 | Stage: 3/9 | Predictions: 85
INFO:b1k.shared.eval_b1k_wrapper:🎯 Prediction #90 | Actions: compressed 26→20 | Inpainting: True
INFO:b1k.shared.eval_b1k_wrapper:📊 Step 1800 | Task: 31 | Stage: 3/9 | Predictions: 90
INFO:b1k.shared.eval_b1k_wrapper:🔧 Gripper variation: Compression disabled (mean: 0.0523, max: 0.3330)
INFO:b1k.shared.eval_b1k_wrapper:📊 Step 1900 | Task: 31 | Stage: 3/9 | Predictions: 95
INFO:b1k.shared.eval_b1k_wrapper:🎯 Prediction #100 | Actions: compressed 26→20 | Inpainting: True
INFO:b1k.shared.eval_b1k_wrapper:📊 Step 2000 | Task: 31 | Stage: 3/9 | Predictions: 100
INFO:b1k.shared.eval_b1k_wrapper:📊 Step 2100 | Task: 31 | Stage: 3/9 | Predictions: 105
INFO:b1k.shared.eval_b1k_wrapper:🎯 Prediction #110 | Actions: compressed 26→20 | Inpainting: True
INFO:b1k.shared.eval_b1k_wrapper:📊 Step 2200 | Task: 31 | Stage: 3/9 | Predictions: 110
INFO:b1k.shared.eval_b1k_wrapper:🔧 Gripper variation: Compression disabled (mean: 0.2850, max: 0.3886)
INFO:b1k.shared.eval_b1k_wrapper:📊 Step 2300 | Task: 31 | Stage: 3/9 | Predictions: 115
INFO:b1k.shared.eval_b1k_wrapper:🎯 Prediction #120 | Actions: compressed 26→20 | Inpainting: True
INFO:b1k.shared.eval_b1k_wrapper:📊 Step 2400 | Task: 31 | Stage: 3/9 | Predictions: 120
INFO:b1k.shared.eval_b1k_wrapper:📊 Step 2500 | Task: 31 | Stage: 3/9 | Predictions: 125
INFO:b1k.shared.eval_b1k_wrapper:🎯 Prediction #130 | Actions: compressed 26→20 | Inpainting: True
INFO:b1k.shared.eval_b1k_wrapper:📊 Step 2600 | Task: 31 | Stage: 3/9 | Predictions: 130
INFO:b1k.shared.eval_b1k_wrapper:🔧 Gripper variation: Compression disabled (mean: 0.0580, max: 0.5251)
INFO:b1k.shared.eval_b1k_wrapper:🔧 Gripper variation: Compression disabled (mean: 2.0293, max: 0.3312)
INFO:b1k.shared.eval_b1k_wrapper:🔧 Gripper variation: Compression disabled (mean: 2.0885, max: 0.0277)
INFO:b1k.shared.eval_b1k_wrapper:📊 Step 2700 | Task: 31 | Stage: 3/9 | Predictions: 135
INFO:b1k.shared.eval_b1k_wrapper:🔧 Gripper variation: Compression disabled (mean: 0.0924, max: 0.5042)
INFO:b1k.shared.eval_b1k_wrapper:🎯 Prediction #140 | Actions: compressed 26→20 | Inpainting: True
INFO:b1k.shared.eval_b1k_wrapper:📊 Step 2800 | Task: 31 | Stage: 3/9 | Predictions: 140
INFO:b1k.shared.eval_b1k_wrapper:📊 Step 2900 | Task: 31 | Stage: 3/9 | Predictions: 145
INFO:b1k.shared.eval_b1k_wrapper:🎯 Prediction #150 | Actions: compressed 26→20 | Inpainting: True
INFO:b1k.shared.eval_b1k_wrapper:📊 Step 3000 | Task: 31 | Stage: 3/9 | Predictions: 150
INFO:b1k.shared.eval_b1k_wrapper:📊 Step 3100 | Task: 31 | Stage: 3/9 | Predictions: 155
INFO:b1k.shared.eval_b1k_wrapper:🎯 Prediction #160 | Actions: compressed 26→20 | Inpainting: True
INFO:b1k.shared.eval_b1k_wrapper:📊 Step 3200 | Task: 31 | Stage: 3/9 | Predictions: 160
INFO:b1k.shared.eval_b1k_wrapper:📊 Step 3300 | Task: 31 | Stage: 3/9 | Predictions: 165
INFO:b1k.shared.eval_b1k_wrapper:🔧 Gripper variation: Compression disabled (mean: 2.0141, max: 0.0398)
INFO:b1k.shared.eval_b1k_wrapper:🎯 Prediction #170 | Actions: compressed 26→20 | Inpainting: True
INFO:b1k.shared.eval_b1k_wrapper:📊 Step 3400 | Task: 31 | Stage: 3/9 | Predictions: 170
INFO:b1k.shared.eval_b1k_wrapper:📊 Step 3500 | Task: 31 | Stage: 3/9 | Predictions: 175
INFO:b1k.shared.eval_b1k_wrapper:🎯 Prediction #180 | Actions: compressed 26→20 | Inpainting: True
INFO:b1k.shared.eval_b1k_wrapper:📊 Step 3600 | Task: 31 | Stage: 3/9 | Predictions: 180
INFO:b1k.shared.eval_b1k_wrapper:🔧 Gripper variation: Compression disabled (mean: 0.2001, max: 0.0627)
INFO:b1k.shared.eval_b1k_wrapper:📊 Step 3700 | Task: 31 | Stage: 3/9 | Predictions: 185
INFO:b1k.shared.eval_b1k_wrapper:🎯 Prediction #190 | Actions: compressed 26→20 | Inpainting: True
INFO:b1k.shared.eval_b1k_wrapper:📊 Step 3800 | Task: 31 | Stage: 3/9 | Predictions: 190
INFO:b1k.shared.eval_b1k_wrapper:📊 Step 3900 | Task: 31 | Stage: 3/9 | Predictions: 195
INFO:b1k.shared.eval_b1k_wrapper:🔧 Gripper variation: Compression disabled (mean: 0.0192, max: 0.2502)
INFO:b1k.shared.eval_b1k_wrapper:🔧 Gripper variation: Compression disabled (mean: 0.0275, max: 0.2081)
INFO:b1k.shared.eval_b1k_wrapper:🎯 Prediction #200 | Actions: compressed 26→20 | Inpainting: True
INFO:b1k.shared.eval_b1k_wrapper:📊 Step 4000 | Task: 31 | Stage: 3/9 | Predictions: 200
INFO:b1k.shared.eval_b1k_wrapper:📊 Step 4100 | Task: 31 | Stage: 3/9 | Predictions: 205
INFO:b1k.shared.eval_b1k_wrapper:🎯 Prediction #210 | Actions: compressed 26→20 | Inpainting: True
INFO:b1k.shared.eval_b1k_wrapper:📊 Step 4200 | Task: 31 | Stage: 3/9 | Predictions: 210
INFO:b1k.shared.eval_b1k_wrapper:📊 Step 4300 | Task: 31 | Stage: 3/9 | Predictions: 215
INFO:b1k.shared.eval_b1k_wrapper:🎯 Prediction #220 | Actions: compressed 26→20 | Inpainting: True
INFO:b1k.shared.eval_b1k_wrapper:📊 Step 4400 | Task: 31 | Stage: 3/9 | Predictions: 220
INFO:b1k.shared.eval_b1k_wrapper:📊 Step 4500 | Task: 31 | Stage: 3/9 | Predictions: 225
INFO:b1k.shared.eval_b1k_wrapper:🎯 Prediction #230 | Actions: compressed 26→20 | Inpainting: True
INFO:b1k.shared.eval_b1k_wrapper:📊 Step 4600 | Task: 31 | Stage: 3/9 | Predictions: 230
INFO:b1k.shared.eval_b1k_wrapper:📊 Step 4700 | Task: 31 | Stage: 3/9 | Predictions: 235
INFO:b1k.shared.eval_b1k_wrapper:🎯 Prediction #240 | Actions: compressed 26→20 | Inpainting: True
INFO:b1k.shared.eval_b1k_wrapper:📊 Step 4800 | Task: 31 | Stage: 3/9 | Predictions: 240
INFO:b1k.shared.eval_b1k_wrapper:📊 Step 4900 | Task: 31 | Stage: 3/9 | Predictions: 245
INFO:b1k.shared.eval_b1k_wrapper:🎯 Prediction #250 | Actions: compressed 26→20 | Inpainting: True
INFO:b1k.shared.eval_b1k_wrapper:📊 Step 5000 | Task: 31 | Stage: 3/9 | Predictions: 250
INFO:b1k.shared.eval_b1k_wrapper:📊 Step 5100 | Task: 31 | Stage: 3/9 | Predictions: 255
INFO:b1k.shared.eval_b1k_wrapper:🎯 Prediction #260 | Actions: compressed 26→20 | Inpainting: True
INFO:b1k.shared.eval_b1k_wrapper:📊 Step 5200 | Task: 31 | Stage: 3/9 | Predictions: 260
INFO:b1k.shared.eval_b1k_wrapper:📊 Step 5300 | Task: 31 | Stage: 3/9 | Predictions: 265
INFO:b1k.shared.eval_b1k_wrapper:🔧 Gripper variation: Compression disabled (mean: 0.0828, max: 0.2167)
INFO:b1k.shared.eval_b1k_wrapper:🎯 Prediction #270 | Actions: compressed 26→20 | Inpainting: True
INFO:b1k.shared.eval_b1k_wrapper:📊 Step 5400 | Task: 31 | Stage: 3/9 | Predictions: 270
INFO:b1k.shared.eval_b1k_wrapper:📊 Step 5500 | Task: 31 | Stage: 3/9 | Predictions: 275
INFO:b1k.shared.eval_b1k_wrapper:⬆️  Stage advanced: 3 → 4 (task 31, step 5520)
INFO:b1k.shared.eval_b1k_wrapper:🎯 Prediction #280 | Actions: compressed 26→20 | Inpainting: True
INFO:b1k.shared.eval_b1k_wrapper:📊 Step 5600 | Task: 31 | Stage: 4/9 | Predictions: 280
INFO:b1k.shared.eval_b1k_wrapper:📊 Step 5700 | Task: 31 | Stage: 4/9 | Predictions: 285
INFO:b1k.shared.eval_b1k_wrapper:⬅️  Stage went back: 4 → 3 (task 31, step 5760)
INFO:b1k.shared.eval_b1k_wrapper:🎯 Prediction #290 | Actions: compressed 26→20 | Inpainting: True
INFO:b1k.shared.eval_b1k_wrapper:📊 Step 5800 | Task: 31 | Stage: 3/9 | Predictions: 290
INFO:b1k.shared.eval_b1k_wrapper:⬆️  Stage advanced: 3 → 4 (task 31, step 5840)
INFO:b1k.shared.eval_b1k_wrapper:📊 Step 5900 | Task: 31 | Stage: 4/9 | Predictions: 295
INFO:b1k.shared.eval_b1k_wrapper:🎯 Prediction #300 | Actions: compressed 26→20 | Inpainting: True
INFO:b1k.shared.eval_b1k_wrapper:📊 Step 6000 | Task: 31 | Stage: 4/9 | Predictions: 300
INFO:b1k.shared.eval_b1k_wrapper:🔧 Gripper variation: Compression disabled (mean: 0.2752, max: 0.0936)
INFO:b1k.shared.eval_b1k_wrapper:⬅️  Stage went back: 4 → 3 (task 31, step 6060)
INFO:b1k.shared.eval_b1k_wrapper:📊 Step 6100 | Task: 31 | Stage: 3/9 | Predictions: 305
INFO:b1k.shared.eval_b1k_wrapper:🎯 Prediction #310 | Actions: compressed 26→20 | Inpainting: True
INFO:b1k.shared.eval_b1k_wrapper:📊 Step 6200 | Task: 31 | Stage: 3/9 | Predictions: 310
INFO:b1k.shared.eval_b1k_wrapper:📊 Step 6300 | Task: 31 | Stage: 3/9 | Predictions: 315
INFO:b1k.shared.eval_b1k_wrapper:🎯 Prediction #320 | Actions: compressed 26→20 | Inpainting: True
INFO:b1k.shared.eval_b1k_wrapper:📊 Step 6400 | Task: 31 | Stage: 3/9 | Predictions: 320
INFO:b1k.shared.eval_b1k_wrapper:📊 Step 6500 | Task: 31 | Stage: 3/9 | Predictions: 325
INFO:b1k.shared.eval_b1k_wrapper:🎯 Prediction #330 | Actions: compressed 26→20 | Inpainting: True
INFO:b1k.shared.eval_b1k_wrapper:📊 Step 6600 | Task: 31 | Stage: 3/9 | Predictions: 330
INFO:b1k.shared.eval_b1k_wrapper:📊 Step 6700 | Task: 31 | Stage: 3/9 | Predictions: 335
INFO:b1k.shared.eval_b1k_wrapper:🎯 Prediction #340 | Actions: compressed 26→20 | Inpainting: True
INFO:b1k.shared.eval_b1k_wrapper:📊 Step 6800 | Task: 31 | Stage: 3/9 | Predictions: 340
INFO:b1k.shared.eval_b1k_wrapper:📊 Step 6900 | Task: 31 | Stage: 3/9 | Predictions: 345
INFO:b1k.shared.eval_b1k_wrapper:🎯 Prediction #350 | Actions: compressed 26→20 | Inpainting: True
INFO:b1k.shared.eval_b1k_wrapper:📊 Step 7000 | Task: 31 | Stage: 3/9 | Predictions: 350
INFO:b1k.shared.eval_b1k_wrapper:📊 Step 7100 | Task: 31 | Stage: 3/9 | Predictions: 355
INFO:b1k.shared.eval_b1k_wrapper:🎯 Prediction #360 | Actions: compressed 26→20 | Inpainting: True
INFO:b1k.shared.eval_b1k_wrapper:📊 Step 7200 | Task: 31 | Stage: 3/9 | Predictions: 360
INFO:b1k.shared.eval_b1k_wrapper:📊 Step 7300 | Task: 31 | Stage: 3/9 | Predictions: 365
INFO:b1k.shared.eval_b1k_wrapper:🎯 Prediction #370 | Actions: compressed 26→20 | Inpainting: True
INFO:b1k.shared.eval_b1k_wrapper:📊 Step 7400 | Task: 31 | Stage: 3/9 | Predictions: 370
INFO:b1k.shared.eval_b1k_wrapper:⬅️  Stage went back: 3 → 2 (task 31, step 7460)
INFO:b1k.shared.eval_b1k_wrapper:📊 Step 7500 | Task: 31 | Stage: 2/9 | Predictions: 375
INFO:b1k.shared.eval_b1k_wrapper:⬆️  Stage advanced: 2 → 3 (task 31, step 7520)
INFO:b1k.shared.eval_b1k_wrapper:🎯 Prediction #380 | Actions: compressed 26→20 | Inpainting: True
INFO:b1k.shared.eval_b1k_wrapper:📊 Step 7600 | Task: 31 | Stage: 3/9 | Predictions: 380
INFO:b1k.shared.eval_b1k_wrapper:📊 Step 7700 | Task: 31 | Stage: 3/9 | Predictions: 385
INFO:b1k.shared.eval_b1k_wrapper:🎯 Prediction #390 | Actions: compressed 26→20 | Inpainting: True
INFO:b1k.shared.eval_b1k_wrapper:📊 Step 7800 | Task: 31 | Stage: 3/9 | Predictions: 390
INFO:b1k.shared.eval_b1k_wrapper:🔧 Gripper variation: Compression disabled (mean: 0.4396, max: 0.4086)
INFO:b1k.shared.eval_b1k_wrapper:📊 Step 7900 | Task: 31 | Stage: 3/9 | Predictions: 395
INFO:b1k.shared.eval_b1k_wrapper:🎯 Prediction #400 | Actions: compressed 26→20 | Inpainting: True
INFO:b1k.shared.eval_b1k_wrapper:📊 Step 8000 | Task: 31 | Stage: 3/9 | Predictions: 400
INFO:b1k.shared.eval_b1k_wrapper:📊 Step 8100 | Task: 31 | Stage: 3/9 | Predictions: 405
INFO:b1k.shared.eval_b1k_wrapper:🎯 Prediction #410 | Actions: compressed 26→20 | Inpainting: True
INFO:b1k.shared.eval_b1k_wrapper:📊 Step 8200 | Task: 31 | Stage: 3/9 | Predictions: 410
INFO:b1k.shared.eval_b1k_wrapper:⬆️  Stage advanced: 3 → 4 (task 31, step 8280)
INFO:b1k.shared.eval_b1k_wrapper:📊 Step 8300 | Task: 31 | Stage: 4/9 | Predictions: 415
INFO:b1k.shared.eval_b1k_wrapper:🎯 Prediction #420 | Actions: compressed 26→20 | Inpainting: True
INFO:b1k.shared.eval_b1k_wrapper:📊 Step 8400 | Task: 31 | Stage: 4/9 | Predictions: 420
INFO:b1k.shared.eval_b1k_wrapper:🔧 Gripper variation: Compression disabled (mean: 0.4553, max: 0.5556)
INFO:b1k.shared.eval_b1k_wrapper:📊 Step 8500 | Task: 31 | Stage: 4/9 | Predictions: 425
INFO:b1k.shared.eval_b1k_wrapper:🎯 Prediction #430 | Actions: compressed 26→20 | Inpainting: True
INFO:b1k.shared.eval_b1k_wrapper:📊 Step 8600 | Task: 31 | Stage: 4/9 | Predictions: 430
INFO:b1k.shared.eval_b1k_wrapper:⬅️  Stage went back: 4 → 3 (task 31, step 8600)
INFO:b1k.shared.eval_b1k_wrapper:📊 Step 8700 | Task: 31 | Stage: 3/9 | Predictions: 435
INFO:b1k.shared.eval_b1k_wrapper:🎯 Prediction #440 | Actions: compressed 26→20 | Inpainting: True
INFO:b1k.shared.eval_b1k_wrapper:📊 Step 8800 | Task: 31 | Stage: 3/9 | Predictions: 440
INFO:b1k.shared.eval_b1k_wrapper:📊 Step 8900 | Task: 31 | Stage: 3/9 | Predictions: 445
INFO:b1k.shared.eval_b1k_wrapper:🎯 Prediction #450 | Actions: compressed 26→20 | Inpainting: True
INFO:b1k.shared.eval_b1k_wrapper:📊 Step 9000 | Task: 31 | Stage: 3/9 | Predictions: 450
INFO:b1k.shared.eval_b1k_wrapper:📊 Step 9100 | Task: 31 | Stage: 3/9 | Predictions: 455
INFO:b1k.shared.eval_b1k_wrapper:🎯 Prediction #460 | Actions: compressed 26→20 | Inpainting: True
INFO:b1k.shared.eval_b1k_wrapper:📊 Step 9200 | Task: 31 | Stage: 3/9 | Predictions: 460
INFO:b1k.shared.eval_b1k_wrapper:📊 Step 9300 | Task: 31 | Stage: 3/9 | Predictions: 465
INFO:b1k.shared.eval_b1k_wrapper:🎯 Prediction #470 | Actions: compressed 26→20 | Inpainting: True
INFO:b1k.shared.eval_b1k_wrapper:📊 Step 9400 | Task: 31 | Stage: 3/9 | Predictions: 470
INFO:b1k.shared.eval_b1k_wrapper:🔧 Gripper variation: Compression disabled (mean: 0.2417, max: 0.3380)
INFO:b1k.shared.eval_b1k_wrapper:🔧 Gripper variation: Compression disabled (mean: 0.1575, max: 0.2140)
INFO:b1k.shared.eval_b1k_wrapper:📊 Step 9500 | Task: 31 | Stage: 3/9 | Predictions: 475
INFO:b1k.shared.eval_b1k_wrapper:🔧 Gripper variation: Compression disabled (mean: 0.4776, max: 0.4995)
INFO:b1k.shared.eval_b1k_wrapper:🎯 Prediction #480 | Actions: compressed 26→20 | Inpainting: True
INFO:b1k.shared.eval_b1k_wrapper:📊 Step 9600 | Task: 31 | Stage: 3/9 | Predictions: 480
INFO:b1k.shared.eval_b1k_wrapper:🔧 Gripper variation: Compression disabled (mean: 0.1085, max: 0.2622)
INFO:b1k.shared.eval_b1k_wrapper:🔧 Gripper variation: Compression disabled (mean: 0.5385, max: 0.4743)
INFO:b1k.shared.eval_b1k_wrapper:📊 Step 9700 | Task: 31 | Stage: 3/9 | Predictions: 485
INFO:b1k.shared.eval_b1k_wrapper:🔧 Gripper variation: Compression disabled (mean: 0.3889, max: 0.1642)
INFO:b1k.shared.eval_b1k_wrapper:🔧 Gripper variation: Compression disabled (mean: 0.6775, max: 0.1326)
INFO:b1k.shared.eval_b1k_wrapper:🔧 Gripper variation: Compression disabled (mean: 0.5196, max: 0.6064)
INFO:b1k.shared.eval_b1k_wrapper:🔧 Gripper variation: Compression disabled (mean: 0.2758, max: 0.2181)
INFO:b1k.shared.eval_b1k_wrapper:🎯 Prediction #490 | Actions: compressed 26→20 | Inpainting: True
INFO:b1k.shared.eval_b1k_wrapper:📊 Step 9800 | Task: 31 | Stage: 3/9 | Predictions: 490
INFO:b1k.shared.eval_b1k_wrapper:🔧 Gripper variation: Compression disabled (mean: 0.0978, max: 0.2929)
INFO:b1k.shared.eval_b1k_wrapper:📊 Step 9900 | Task: 31 | Stage: 3/9 | Predictions: 495
INFO:b1k.shared.eval_b1k_wrapper:🔧 Gripper variation: Compression disabled (mean: 0.2862, max: 0.0317)
INFO:b1k.shared.eval_b1k_wrapper:🔧 Gripper variation: Compression disabled (mean: 0.2272, max: 0.1754)
INFO:b1k.shared.eval_b1k_wrapper:🎯 Prediction #500 | Actions: compressed 26→20 | Inpainting: True
INFO:b1k.shared.eval_b1k_wrapper:📊 Step 10000 | Task: 31 | Stage: 3/9 | Predictions: 500
INFO:b1k.shared.eval_b1k_wrapper:🔧 Gripper variation: Compression disabled (mean: 0.0737, max: 0.2109)
INFO:b1k.shared.eval_b1k_wrapper:🔧 Gripper variation: Compression disabled (mean: 1.1826, max: 0.5911)
INFO:b1k.shared.eval_b1k_wrapper:📊 Step 10100 | Task: 31 | Stage: 3/9 | Predictions: 505
INFO:b1k.shared.eval_b1k_wrapper:🔧 Gripper variation: Compression disabled (mean: 1.6522, max: 0.7912)
INFO:b1k.shared.eval_b1k_wrapper:🔧 Gripper variation: Compression disabled (mean: 0.8659, max: 0.7701)
INFO:b1k.shared.eval_b1k_wrapper:⬅️  Stage went back: 3 → 2 (task 31, step 10120)
INFO:b1k.shared.eval_b1k_wrapper:🔧 Gripper variation: Compression disabled (mean: 0.2398, max: 0.4222)
INFO:b1k.shared.eval_b1k_wrapper:🔧 Gripper variation: Compression disabled (mean: 0.1178, max: 0.3727)
INFO:b1k.shared.eval_b1k_wrapper:🎯 Prediction #510 | Actions: compressed 26→20 | Inpainting: True
INFO:b1k.shared.eval_b1k_wrapper:📊 Step 10200 | Task: 31 | Stage: 2/9 | Predictions: 510
INFO:b1k.shared.eval_b1k_wrapper:🔧 Gripper variation: Compression disabled (mean: 0.4533, max: 0.1663)
INFO:b1k.shared.eval_b1k_wrapper:🔧 Gripper variation: Compression disabled (mean: 0.3776, max: 0.4803)
INFO:b1k.shared.eval_b1k_wrapper:🔧 Gripper variation: Compression disabled (mean: 0.2555, max: 0.3606)
INFO:b1k.shared.eval_b1k_wrapper:🔧 Gripper variation: Compression disabled (mean: 0.7917, max: 0.6675)
INFO:b1k.shared.eval_b1k_wrapper:🔧 Gripper variation: Compression disabled (mean: 0.4611, max: 1.0848)
INFO:b1k.shared.eval_b1k_wrapper:⬆️  Stage advanced: 2 → 3 (task 31, step 10280)
INFO:b1k.shared.eval_b1k_wrapper:📊 Step 10300 | Task: 31 | Stage: 3/9 | Predictions: 515
INFO:b1k.shared.eval_b1k_wrapper:🔧 Gripper variation: Compression disabled (mean: 0.7197, max: 0.8685)
INFO:b1k.shared.eval_b1k_wrapper:🔧 Gripper variation: Compression disabled (mean: 0.2665, max: 1.7141)
INFO:b1k.shared.eval_b1k_wrapper:🔧 Gripper variation: Compression disabled (mean: 0.2833, max: 0.2916)
INFO:b1k.shared.eval_b1k_wrapper:🔧 Gripper variation: Compression disabled (mean: 0.4161, max: 0.9789)
INFO:b1k.shared.eval_b1k_wrapper:🎯 Prediction #520 | Actions: compressed 26→20 | Inpainting: True
INFO:b1k.shared.eval_b1k_wrapper:📊 Step 10400 | Task: 31 | Stage: 3/9 | Predictions: 520
INFO:b1k.shared.eval_b1k_wrapper:🔧 Gripper variation: Compression disabled (mean: 0.2632, max: 0.2723)
INFO:b1k.shared.eval_b1k_wrapper:🔧 Gripper variation: Compression disabled (mean: 0.2704, max: 0.1641)
INFO:b1k.shared.eval_b1k_wrapper:📊 Step 10500 | Task: 31 | Stage: 3/9 | Predictions: 525
INFO:b1k.shared.eval_b1k_wrapper:🔧 Gripper variation: Compression disabled (mean: 0.6219, max: 0.5177)
INFO:b1k.shared.eval_b1k_wrapper:🔧 Gripper variation: Compression disabled (mean: 0.3471, max: 0.1967)
INFO:b1k.shared.eval_b1k_wrapper:🔧 Gripper variation: Compression disabled (mean: 0.2287, max: 0.4189)
INFO:b1k.shared.eval_b1k_wrapper:🔧 Gripper variation: Compression disabled (mean: 0.2426, max: 0.5153)
INFO:b1k.shared.eval_b1k_wrapper:🔧 Gripper variation: Compression disabled (mean: 0.5460, max: 0.6176)
INFO:b1k.shared.eval_b1k_wrapper:🎯 Prediction #530 | Actions: uncompressed (20) | Inpainting: True
INFO:b1k.shared.eval_b1k_wrapper:📊 Step 10600 | Task: 31 | Stage: 3/9 | Predictions: 530
INFO:b1k.shared.eval_b1k_wrapper:🔧 Gripper variation: Compression disabled (mean: 0.4049, max: 0.5416)
INFO:b1k.shared.eval_b1k_wrapper:🔧 Gripper variation: Compression disabled (mean: 1.1668, max: 0.6616)
INFO:b1k.shared.eval_b1k_wrapper:🔧 Gripper variation: Compression disabled (mean: 0.7656, max: 0.5749)
INFO:b1k.shared.eval_b1k_wrapper:🔧 Gripper variation: Compression disabled (mean: 0.8262, max: 0.3632)
INFO:b1k.shared.eval_b1k_wrapper:⬅️  Stage went back: 3 → 2 (task 31, step 10660)
INFO:b1k.shared.eval_b1k_wrapper:🔧 Gripper variation: Compression disabled (mean: 0.4757, max: 1.0726)
INFO:b1k.shared.eval_b1k_wrapper:📊 Step 10700 | Task: 31 | Stage: 2/9 | Predictions: 535
INFO:b1k.shared.eval_b1k_wrapper:🔧 Gripper variation: Compression disabled (mean: 0.3303, max: 0.7178)
INFO:b1k.shared.eval_b1k_wrapper:🔧 Gripper variation: Compression disabled (mean: 0.3607, max: 0.9537)
INFO:b1k.shared.eval_b1k_wrapper:🔧 Gripper variation: Compression disabled (mean: 0.7544, max: 0.4121)
INFO:b1k.shared.eval_b1k_wrapper:🔧 Gripper variation: Compression disabled (mean: 0.7918, max: 0.3356)
INFO:b1k.shared.eval_b1k_wrapper:🔧 Gripper variation: Compression disabled (mean: 1.0825, max: 0.5455)
INFO:b1k.shared.eval_b1k_wrapper:🎯 Prediction #540 | Actions: uncompressed (20) | Inpainting: True
INFO:b1k.shared.eval_b1k_wrapper:📊 Step 10800 | Task: 31 | Stage: 2/9 | Predictions: 540
INFO:b1k.shared.eval_b1k_wrapper:🔧 Gripper variation: Compression disabled (mean: 0.4925, max: 0.5794)
INFO:b1k.shared.eval_b1k_wrapper:🔧 Gripper variation: Compression disabled (mean: 1.3191, max: 0.8044)
INFO:b1k.shared.eval_b1k_wrapper:🔧 Gripper variation: Compression disabled (mean: 0.7664, max: 0.3569)
INFO:b1k.shared.eval_b1k_wrapper:🔧 Gripper variation: Compression disabled (mean: 0.2558, max: 0.5355)
INFO:b1k.shared.eval_b1k_wrapper:🔧 Gripper variation: Compression disabled (mean: 0.4861, max: 0.3675)
INFO:b1k.shared.eval_b1k_wrapper:📊 Step 10900 | Task: 31 | Stage: 2/9 | Predictions: 545
INFO:b1k.shared.eval_b1k_wrapper:🔧 Gripper variation: Compression disabled (mean: 0.4407, max: 0.3202)
INFO:b1k.shared.eval_b1k_wrapper:🔧 Gripper variation: Compression disabled (mean: 0.9395, max: 0.5407)
INFO:b1k.shared.eval_b1k_wrapper:🔧 Gripper variation: Compression disabled (mean: 0.9787, max: 0.3719)
INFO:b1k.shared.eval_b1k_wrapper:🔧 Gripper variation: Compression disabled (mean: 0.4787, max: 0.5262)
INFO:b1k.shared.eval_b1k_wrapper:🔧 Gripper variation: Compression disabled (mean: 0.9387, max: 0.4256)
INFO:b1k.shared.eval_b1k_wrapper:🎯 Prediction #550 | Actions: uncompressed (20) | Inpainting: True
INFO:b1k.shared.eval_b1k_wrapper:📊 Step 11000 | Task: 31 | Stage: 2/9 | Predictions: 550
INFO:b1k.shared.eval_b1k_wrapper:🔧 Gripper variation: Compression disabled (mean: 0.2975, max: 0.8271)
INFO:b1k.shared.eval_b1k_wrapper:🔧 Gripper variation: Compression disabled (mean: 0.3626, max: 0.2558)
INFO:b1k.shared.eval_b1k_wrapper:🔧 Gripper variation: Compression disabled (mean: 0.4574, max: 0.6249)
INFO:b1k.shared.eval_b1k_wrapper:🔧 Gripper variation: Compression disabled (mean: 0.2494, max: 0.4670)
INFO:b1k.shared.eval_b1k_wrapper:📊 Step 11100 | Task: 31 | Stage: 2/9 | Predictions: 555
INFO:b1k.shared.eval_b1k_wrapper:🔧 Gripper variation: Compression disabled (mean: 0.7742, max: 0.6783)
INFO:b1k.shared.eval_b1k_wrapper:🔧 Gripper variation: Compression disabled (mean: 0.1826, max: 0.4790)
INFO:b1k.shared.eval_b1k_wrapper:🔧 Gripper variation: Compression disabled (mean: 0.3361, max: 0.5491)
INFO:b1k.shared.eval_b1k_wrapper:🔧 Gripper variation: Compression disabled (mean: 0.2184, max: 0.7037)
INFO:b1k.shared.eval_b1k_wrapper:🔧 Gripper variation: Compression disabled (mean: 0.5987, max: 1.1071)
INFO:b1k.shared.eval_b1k_wrapper:🎯 Prediction #560 | Actions: uncompressed (20) | Inpainting: True
INFO:b1k.shared.eval_b1k_wrapper:📊 Step 11200 | Task: 31 | Stage: 2/9 | Predictions: 560
INFO:b1k.shared.eval_b1k_wrapper:🔧 Gripper variation: Compression disabled (mean: 0.3828, max: 0.7399)
INFO:b1k.shared.eval_b1k_wrapper:🔧 Gripper variation: Compression disabled (mean: 0.5255, max: 1.1241)
INFO:b1k.shared.eval_b1k_wrapper:🔧 Gripper variation: Compression disabled (mean: 0.5043, max: 0.8797)
INFO:b1k.shared.eval_b1k_wrapper:🔧 Gripper variation: Compression disabled (mean: 0.5259, max: 0.6017)
INFO:b1k.shared.eval_b1k_wrapper:🔧 Gripper variation: Compression disabled (mean: 0.3743, max: 1.0251)
INFO:b1k.shared.eval_b1k_wrapper:📊 Step 11300 | Task: 31 | Stage: 2/9 | Predictions: 565
INFO:b1k.shared.eval_b1k_wrapper:🔧 Gripper variation: Compression disabled (mean: 0.9541, max: 1.1647)
INFO:b1k.shared.eval_b1k_wrapper:🔧 Gripper variation: Compression disabled (mean: 1.2339, max: 1.2023)
INFO:b1k.shared.eval_b1k_wrapper:🔧 Gripper variation: Compression disabled (mean: 0.5123, max: 0.6291)
INFO:b1k.shared.eval_b1k_wrapper:🔧 Gripper variation: Compression disabled (mean: 0.0995, max: 1.1553)
INFO:b1k.shared.eval_b1k_wrapper:🎯 Prediction #570 | Actions: uncompressed (20) | Inpainting: True
INFO:b1k.shared.eval_b1k_wrapper:📊 Step 11400 | Task: 31 | Stage: 2/9 | Predictions: 570
INFO:b1k.shared.eval_b1k_wrapper:🔧 Gripper variation: Compression disabled (mean: 0.3202, max: 1.2353)
INFO:b1k.shared.eval_b1k_wrapper:🔧 Gripper variation: Compression disabled (mean: 0.3930, max: 0.6429)
INFO:b1k.shared.eval_b1k_wrapper:🔧 Gripper variation: Compression disabled (mean: 0.7054, max: 1.3013)
INFO:b1k.shared.eval_b1k_wrapper:🔧 Gripper variation: Compression disabled (mean: 1.1170, max: 1.2205)
INFO:b1k.shared.eval_b1k_wrapper:📊 Step 11500 | Task: 31 | Stage: 2/9 | Predictions: 575
INFO:b1k.shared.eval_b1k_wrapper:🔧 Gripper variation: Compression disabled (mean: 0.2776, max: 0.5073)
INFO:b1k.shared.eval_b1k_wrapper:🔧 Gripper variation: Compression disabled (mean: 1.2275, max: 1.4093)
INFO:b1k.shared.eval_b1k_wrapper:🎯 Prediction #580 | Actions: compressed 26→20 | Inpainting: True
INFO:b1k.shared.eval_b1k_wrapper:📊 Step 11600 | Task: 31 | Stage: 2/9 | Predictions: 580
INFO:b1k.shared.eval_b1k_wrapper:📊 Step 11700 | Task: 31 | Stage: 2/9 | Predictions: 585
INFO:b1k.shared.eval_b1k_wrapper:🔧 Gripper variation: Compression disabled (mean: 0.3579, max: 0.0602)
INFO:b1k.shared.eval_b1k_wrapper:🎯 Prediction #590 | Actions: uncompressed (20) | Inpainting: True
INFO:b1k.shared.eval_b1k_wrapper:📊 Step 11800 | Task: 31 | Stage: 2/9 | Predictions: 590
INFO:b1k.shared.eval_b1k_wrapper:🔧 Gripper variation: Compression disabled (mean: 0.5004, max: 0.5954)
INFO:b1k.shared.eval_b1k_wrapper:🔧 Gripper variation: Compression disabled (mean: 0.7850, max: 0.2744)
INFO:b1k.shared.eval_b1k_wrapper:🔧 Gripper variation: Compression disabled (mean: 0.9367, max: 0.4781)
INFO:b1k.shared.eval_b1k_wrapper:🔧 Gripper variation: Compression disabled (mean: 0.8067, max: 0.7034)
INFO:b1k.shared.eval_b1k_wrapper:🔧 Gripper variation: Compression disabled (mean: 0.4689, max: 0.0749)
INFO:b1k.shared.eval_b1k_wrapper:📊 Step 11900 | Task: 31 | Stage: 2/9 | Predictions: 595
INFO:b1k.shared.eval_b1k_wrapper:🔧 Gripper variation: Compression disabled (mean: 0.2337, max: 0.8261)
INFO:b1k.shared.eval_b1k_wrapper:🔧 Gripper variation: Compression disabled (mean: 0.6389, max: 0.8633)
INFO:b1k.shared.eval_b1k_wrapper:🔧 Gripper variation: Compression disabled (mean: 0.5641, max: 1.3216)
INFO:b1k.shared.eval_b1k_wrapper:🔧 Gripper variation: Compression disabled (mean: 0.9499, max: 0.4968)
INFO:b1k.shared.eval_b1k_wrapper:🔧 Gripper variation: Compression disabled (mean: 0.8676, max: 1.3063)
INFO:b1k.shared.eval_b1k_wrapper:🎯 Prediction #600 | Actions: uncompressed (20) | Inpainting: True
INFO:b1k.shared.eval_b1k_wrapper:📊 Step 12000 | Task: 31 | Stage: 2/9 | Predictions: 600
INFO:b1k.shared.eval_b1k_wrapper:🔧 Gripper variation: Compression disabled (mean: 0.5950, max: 0.8084)
INFO:b1k.shared.eval_b1k_wrapper:🔧 Gripper variation: Compression disabled (mean: 0.7056, max: 0.9201)
INFO:b1k.shared.eval_b1k_wrapper:📊 Step 12100 | Task: 31 | Stage: 2/9 | Predictions: 605
INFO:b1k.shared.eval_b1k_wrapper:🔧 Gripper variation: Compression disabled (mean: 0.3312, max: 0.5420)
INFO:b1k.shared.eval_b1k_wrapper:🔧 Gripper variation: Compression disabled (mean: 0.9914, max: 0.9366)
INFO:b1k.shared.eval_b1k_wrapper:🔧 Gripper variation: Compression disabled (mean: 1.0958, max: 0.9113)
INFO:b1k.shared.eval_b1k_wrapper:🎯 Prediction #610 | Actions: compressed 26→20 | Inpainting: True
INFO:b1k.shared.eval_b1k_wrapper:📊 Step 12200 | Task: 31 | Stage: 2/9 | Predictions: 610
INFO:b1k.shared.eval_b1k_wrapper:🔧 Gripper variation: Compression disabled (mean: 0.5285, max: 0.5030)
INFO:b1k.shared.eval_b1k_wrapper:🔧 Gripper variation: Compression disabled (mean: 0.6145, max: 0.6398)
INFO:b1k.shared.eval_b1k_wrapper:🔧 Gripper variation: Compression disabled (mean: 0.4890, max: 0.6661)
INFO:b1k.shared.eval_b1k_wrapper:🔧 Gripper variation: Compression disabled (mean: 0.7957, max: 1.0442)
INFO:b1k.shared.eval_b1k_wrapper:🔧 Gripper variation: Compression disabled (mean: 0.9172, max: 0.9762)
INFO:b1k.shared.eval_b1k_wrapper:📊 Step 12300 | Task: 31 | Stage: 2/9 | Predictions: 615
INFO:b1k.shared.eval_b1k_wrapper:🔧 Gripper variation: Compression disabled (mean: 1.3543, max: 1.2523)
INFO:websockets.server:connection closed
INFO:omnigibson.learning.utils.network_utils:Connection from ('127.0.0.1', 34726) closed
INFO:websockets.server:HTTP response sent (200 OK)
INFO:websockets.server:connection closed
INFO:websockets.server:connection open
INFO:omnigibson.learning.utils.network_utils:Connection from ('127.0.0.1', 49678) opened
INFO:b1k.shared.eval_b1k_wrapper:Policy reset - Task ID: 31, Action horizon: 30
INFO:b1k.shared.eval_b1k_wrapper:📊 Step 100 | Task: 31 | Stage: 0/9 | Predictions: 5
INFO:b1k.shared.eval_b1k_wrapper:⏭️  Stage skipped: 0 → 1 (task 31, step 100)
INFO:b1k.shared.eval_b1k_wrapper:⬆️  Stage advanced: 1 → 2 (task 31, step 160)
INFO:b1k.shared.eval_b1k_wrapper:🎯 Prediction #10 | Actions: compressed 26→20 | Inpainting: True
INFO:b1k.shared.eval_b1k_wrapper:📊 Step 200 | Task: 31 | Stage: 2/9 | Predictions: 10
INFO:b1k.shared.eval_b1k_wrapper:⬆️  Stage advanced: 2 → 3 (task 31, step 280)
INFO:b1k.shared.eval_b1k_wrapper:📊 Step 300 | Task: 31 | Stage: 3/9 | Predictions: 15
INFO:b1k.shared.eval_b1k_wrapper:🎯 Prediction #20 | Actions: compressed 26→20 | Inpainting: True
INFO:b1k.shared.eval_b1k_wrapper:📊 Step 400 | Task: 31 | Stage: 3/9 | Predictions: 20
INFO:b1k.shared.eval_b1k_wrapper:📊 Step 500 | Task: 31 | Stage: 3/9 | Predictions: 25
INFO:b1k.shared.eval_b1k_wrapper:🎯 Prediction #30 | Actions: compressed 26→20 | Inpainting: True
INFO:b1k.shared.eval_b1k_wrapper:📊 Step 600 | Task: 31 | Stage: 3/9 | Predictions: 30
INFO:b1k.shared.eval_b1k_wrapper:📊 Step 700 | Task: 31 | Stage: 3/9 | Predictions: 35
INFO:b1k.shared.eval_b1k_wrapper:🎯 Prediction #40 | Actions: compressed 26→20 | Inpainting: True
INFO:b1k.shared.eval_b1k_wrapper:📊 Step 800 | Task: 31 | Stage: 3/9 | Predictions: 40
INFO:b1k.shared.eval_b1k_wrapper:📊 Step 900 | Task: 31 | Stage: 3/9 | Predictions: 45
INFO:b1k.shared.eval_b1k_wrapper:🎯 Prediction #50 | Actions: compressed 26→20 | Inpainting: True
INFO:b1k.shared.eval_b1k_wrapper:📊 Step 1000 | Task: 31 | Stage: 3/9 | Predictions: 50
INFO:b1k.shared.eval_b1k_wrapper:📊 Step 1100 | Task: 31 | Stage: 3/9 | Predictions: 55
INFO:b1k.shared.eval_b1k_wrapper:🎯 Prediction #60 | Actions: compressed 26→20 | Inpainting: True
INFO:b1k.shared.eval_b1k_wrapper:📊 Step 1200 | Task: 31 | Stage: 3/9 | Predictions: 60
INFO:b1k.shared.eval_b1k_wrapper:📊 Step 1300 | Task: 31 | Stage: 3/9 | Predictions: 65
INFO:b1k.shared.eval_b1k_wrapper:🎯 Prediction #70 | Actions: compressed 26→20 | Inpainting: True
INFO:b1k.shared.eval_b1k_wrapper:📊 Step 1400 | Task: 31 | Stage: 3/9 | Predictions: 70
INFO:b1k.shared.eval_b1k_wrapper:📊 Step 1500 | Task: 31 | Stage: 3/9 | Predictions: 75
INFO:b1k.shared.eval_b1k_wrapper:🎯 Prediction #80 | Actions: compressed 26→20 | Inpainting: True
INFO:b1k.shared.eval_b1k_wrapper:📊 Step 1600 | Task: 31 | Stage: 3/9 | Predictions: 80
INFO:b1k.shared.eval_b1k_wrapper:📊 Step 1700 | Task: 31 | Stage: 3/9 | Predictions: 85
INFO:b1k.shared.eval_b1k_wrapper:🎯 Prediction #90 | Actions: compressed 26→20 | Inpainting: True
INFO:b1k.shared.eval_b1k_wrapper:📊 Step 1800 | Task: 31 | Stage: 3/9 | Predictions: 90
INFO:b1k.shared.eval_b1k_wrapper:📊 Step 1900 | Task: 31 | Stage: 3/9 | Predictions: 95
INFO:b1k.shared.eval_b1k_wrapper:🎯 Prediction #100 | Actions: compressed 26→20 | Inpainting: True
INFO:b1k.shared.eval_b1k_wrapper:📊 Step 2000 | Task: 31 | Stage: 3/9 | Predictions: 100
INFO:b1k.shared.eval_b1k_wrapper:🔧 Gripper variation: Compression disabled (mean: 2.0109, max: 0.0055)
INFO:b1k.shared.eval_b1k_wrapper:📊 Step 2100 | Task: 31 | Stage: 3/9 | Predictions: 105
INFO:b1k.shared.eval_b1k_wrapper:🎯 Prediction #110 | Actions: compressed 26→20 | Inpainting: True
INFO:b1k.shared.eval_b1k_wrapper:📊 Step 2200 | Task: 31 | Stage: 3/9 | Predictions: 110
INFO:b1k.shared.eval_b1k_wrapper:📊 Step 2300 | Task: 31 | Stage: 3/9 | Predictions: 115
INFO:b1k.shared.eval_b1k_wrapper:🎯 Prediction #120 | Actions: compressed 26→20 | Inpainting: True
INFO:b1k.shared.eval_b1k_wrapper:📊 Step 2400 | Task: 31 | Stage: 3/9 | Predictions: 120
INFO:b1k.shared.eval_b1k_wrapper:📊 Step 2500 | Task: 31 | Stage: 3/9 | Predictions: 125
INFO:b1k.shared.eval_b1k_wrapper:🎯 Prediction #130 | Actions: compressed 26→20 | Inpainting: True
INFO:b1k.shared.eval_b1k_wrapper:📊 Step 2600 | Task: 31 | Stage: 3/9 | Predictions: 130
INFO:b1k.shared.eval_b1k_wrapper:⬆️  Stage advanced: 3 → 4 (task 31, step 2600)
INFO:b1k.shared.eval_b1k_wrapper:⬅️  Stage went back: 4 → 3 (task 31, step 2660)
INFO:b1k.shared.eval_b1k_wrapper:🔧 Gripper variation: Compression disabled (mean: 1.7863, max: 0.0138)
INFO:b1k.shared.eval_b1k_wrapper:📊 Step 2700 | Task: 31 | Stage: 3/9 | Predictions: 135
INFO:b1k.shared.correction_rules:🔧 GENERAL GRIPPER CORRECTION: Task 31, Stage 3
INFO:b1k.shared.correction_rules:   Left gripper closed (-0.9870) → Opening to 1.0
INFO:b1k.shared.eval_b1k_wrapper:🔧 Correction rule: Actions modified (max diff: 2.0203, task 31, stage 3)
INFO:b1k.shared.eval_b1k_wrapper:🔧 Gripper variation: Compression disabled (mean: 0.1435, max: 0.7998)
INFO:b1k.shared.eval_b1k_wrapper:🔧 Gripper variation: Compression disabled (mean: 2.0142, max: 0.0094)
INFO:b1k.shared.eval_b1k_wrapper:🎯 Prediction #140 | Actions: uncompressed (20) | Inpainting: True
INFO:b1k.shared.eval_b1k_wrapper:📊 Step 2800 | Task: 31 | Stage: 3/9 | Predictions: 140
INFO:b1k.shared.eval_b1k_wrapper:⬆️  Stage advanced: 3 → 4 (task 31, step 2860)
INFO:b1k.shared.eval_b1k_wrapper:📊 Step 2900 | Task: 31 | Stage: 4/9 | Predictions: 145
INFO:b1k.shared.eval_b1k_wrapper:⬅️  Stage went back: 4 → 3 (task 31, step 2920)
INFO:b1k.shared.eval_b1k_wrapper:🎯 Prediction #150 | Actions: compressed 26→20 | Inpainting: True
INFO:b1k.shared.eval_b1k_wrapper:⬆️  Stage advanced: 3 → 4 (task 31, step 2980)
INFO:b1k.shared.eval_b1k_wrapper:📊 Step 3000 | Task: 31 | Stage: 4/9 | Predictions: 150
INFO:b1k.shared.eval_b1k_wrapper:📊 Step 3100 | Task: 31 | Stage: 4/9 | Predictions: 155
INFO:b1k.shared.eval_b1k_wrapper:🔧 Gripper variation: Compression disabled (mean: 0.2484, max: 0.0376)
INFO:b1k.shared.eval_b1k_wrapper:🔧 Gripper variation: Compression disabled (mean: 0.4177, max: 0.0157)
INFO:b1k.shared.eval_b1k_wrapper:🎯 Prediction #160 | Actions: compressed 26→20 | Inpainting: True
INFO:b1k.shared.eval_b1k_wrapper:📊 Step 3200 | Task: 31 | Stage: 4/9 | Predictions: 160
INFO:b1k.shared.eval_b1k_wrapper:🔧 Gripper variation: Compression disabled (mean: 0.2213, max: 0.0853)
INFO:b1k.shared.eval_b1k_wrapper:🔧 Gripper variation: Compression disabled (mean: 0.2084, max: 0.0595)
INFO:b1k.shared.eval_b1k_wrapper:🔧 Gripper variation: Compression disabled (mean: 0.2268, max: 0.1332)
INFO:b1k.shared.eval_b1k_wrapper:📊 Step 3300 | Task: 31 | Stage: 4/9 | Predictions: 165
INFO:b1k.shared.eval_b1k_wrapper:🔧 Gripper variation: Compression disabled (mean: 0.2468, max: 0.4075)
INFO:b1k.shared.eval_b1k_wrapper:🔧 Gripper variation: Compression disabled (mean: 0.6034, max: 0.6333)
INFO:b1k.shared.eval_b1k_wrapper:🔧 Gripper variation: Compression disabled (mean: 0.5236, max: 0.1998)
INFO:b1k.shared.eval_b1k_wrapper:🔧 Gripper variation: Compression disabled (mean: 0.2469, max: 0.1640)
INFO:b1k.shared.eval_b1k_wrapper:🎯 Prediction #170 | Actions: uncompressed (20) | Inpainting: True
INFO:b1k.shared.eval_b1k_wrapper:📊 Step 3400 | Task: 31 | Stage: 4/9 | Predictions: 170
INFO:b1k.shared.eval_b1k_wrapper:🔧 Gripper variation: Compression disabled (mean: 0.1364, max: 0.2035)
INFO:b1k.shared.eval_b1k_wrapper:📊 Step 3500 | Task: 31 | Stage: 4/9 | Predictions: 175
INFO:b1k.shared.eval_b1k_wrapper:🔧 Gripper variation: Compression disabled (mean: 0.2759, max: 0.2587)
INFO:b1k.shared.eval_b1k_wrapper:🔧 Gripper variation: Compression disabled (mean: 0.1519, max: 0.4583)
INFO:b1k.shared.eval_b1k_wrapper:🎯 Prediction #180 | Actions: uncompressed (20) | Inpainting: True
INFO:b1k.shared.eval_b1k_wrapper:📊 Step 3600 | Task: 31 | Stage: 4/9 | Predictions: 180
INFO:b1k.shared.eval_b1k_wrapper:🔧 Gripper variation: Compression disabled (mean: 0.1842, max: 0.3744)
INFO:b1k.shared.eval_b1k_wrapper:🔧 Gripper variation: Compression disabled (mean: 0.7816, max: 0.5374)
INFO:b1k.shared.eval_b1k_wrapper:📊 Step 3700 | Task: 31 | Stage: 4/9 | Predictions: 185
INFO:b1k.shared.eval_b1k_wrapper:🔧 Gripper variation: Compression disabled (mean: 0.2157, max: 0.0720)
INFO:b1k.shared.eval_b1k_wrapper:🎯 Prediction #190 | Actions: compressed 26→20 | Inpainting: True
INFO:b1k.shared.eval_b1k_wrapper:📊 Step 3800 | Task: 31 | Stage: 4/9 | Predictions: 190
INFO:b1k.shared.eval_b1k_wrapper:🔧 Gripper variation: Compression disabled (mean: 0.4014, max: 0.4594)
INFO:b1k.shared.eval_b1k_wrapper:🔧 Gripper variation: Compression disabled (mean: 0.2333, max: 0.1564)
INFO:b1k.shared.eval_b1k_wrapper:🔧 Gripper variation: Compression disabled (mean: 0.7238, max: 1.5644)
INFO:b1k.shared.eval_b1k_wrapper:🔧 Gripper variation: Compression disabled (mean: 0.2829, max: 0.5332)
INFO:b1k.shared.eval_b1k_wrapper:🔧 Gripper variation: Compression disabled (mean: 0.6895, max: 0.5124)
INFO:b1k.shared.eval_b1k_wrapper:📊 Step 3900 | Task: 31 | Stage: 4/9 | Predictions: 195
INFO:b1k.shared.eval_b1k_wrapper:🔧 Gripper variation: Compression disabled (mean: 1.2981, max: 0.6800)
INFO:b1k.shared.eval_b1k_wrapper:🔧 Gripper variation: Compression disabled (mean: 0.7198, max: 0.1784)
INFO:b1k.shared.eval_b1k_wrapper:🔧 Gripper variation: Compression disabled (mean: 0.5115, max: 0.3487)
INFO:b1k.shared.eval_b1k_wrapper:🔧 Gripper variation: Compression disabled (mean: 0.4587, max: 0.5193)
INFO:b1k.shared.eval_b1k_wrapper:🎯 Prediction #200 | Actions: compressed 26→20 | Inpainting: True
INFO:b1k.shared.eval_b1k_wrapper:📊 Step 4000 | Task: 31 | Stage: 4/9 | Predictions: 200
INFO:b1k.shared.eval_b1k_wrapper:🔧 Gripper variation: Compression disabled (mean: 0.2357, max: 0.0864)
INFO:b1k.shared.eval_b1k_wrapper:🔧 Gripper variation: Compression disabled (mean: 0.2962, max: 0.1015)
INFO:b1k.shared.eval_b1k_wrapper:🔧 Gripper variation: Compression disabled (mean: 0.2021, max: 0.0140)
INFO:b1k.shared.eval_b1k_wrapper:🔧 Gripper variation: Compression disabled (mean: 0.8070, max: 0.1981)
INFO:b1k.shared.eval_b1k_wrapper:📊 Step 4100 | Task: 31 | Stage: 4/9 | Predictions: 205
INFO:b1k.shared.eval_b1k_wrapper:🔧 Gripper variation: Compression disabled (mean: 0.4631, max: 0.7827)
INFO:b1k.shared.eval_b1k_wrapper:🔧 Gripper variation: Compression disabled (mean: 0.7508, max: 0.5276)
INFO:b1k.shared.eval_b1k_wrapper:🎯 Prediction #210 | Actions: compressed 26→20 | Inpainting: True
INFO:b1k.shared.eval_b1k_wrapper:📊 Step 4200 | Task: 31 | Stage: 4/9 | Predictions: 210
INFO:b1k.shared.eval_b1k_wrapper:🔧 Gripper variation: Compression disabled (mean: 1.0851, max: 0.8024)
INFO:b1k.shared.eval_b1k_wrapper:🔧 Gripper variation: Compression disabled (mean: 0.4455, max: 0.1145)
INFO:b1k.shared.eval_b1k_wrapper:🔧 Gripper variation: Compression disabled (mean: 0.3209, max: 0.0388)
INFO:b1k.shared.eval_b1k_wrapper:📊 Step 4300 | Task: 31 | Stage: 4/9 | Predictions: 215
INFO:b1k.shared.eval_b1k_wrapper:🔧 Gripper variation: Compression disabled (mean: 1.3596, max: 0.0728)
INFO:b1k.shared.eval_b1k_wrapper:🔧 Gripper variation: Compression disabled (mean: 0.8736, max: 0.8784)
INFO:b1k.shared.eval_b1k_wrapper:🔧 Gripper variation: Compression disabled (mean: 0.9487, max: 0.8624)
INFO:b1k.shared.eval_b1k_wrapper:🔧 Gripper variation: Compression disabled (mean: 1.0050, max: 0.5540)
INFO:b1k.shared.eval_b1k_wrapper:🔧 Gripper variation: Compression disabled (mean: 0.7768, max: 0.5181)
INFO:b1k.shared.eval_b1k_wrapper:🎯 Prediction #220 | Actions: uncompressed (20) | Inpainting: True
INFO:b1k.shared.eval_b1k_wrapper:📊 Step 4400 | Task: 31 | Stage: 4/9 | Predictions: 220
INFO:b1k.shared.eval_b1k_wrapper:🔧 Gripper variation: Compression disabled (mean: 0.6123, max: 0.8157)
INFO:b1k.shared.eval_b1k_wrapper:🔧 Gripper variation: Compression disabled (mean: 0.3549, max: 0.4913)
INFO:b1k.shared.eval_b1k_wrapper:🔧 Gripper variation: Compression disabled (mean: 0.2217, max: 1.0725)
INFO:b1k.shared.eval_b1k_wrapper:🔧 Gripper variation: Compression disabled (mean: 0.8239, max: 0.9978)
INFO:b1k.shared.eval_b1k_wrapper:🔧 Gripper variation: Compression disabled (mean: 0.6134, max: 0.7313)
INFO:b1k.shared.eval_b1k_wrapper:📊 Step 4500 | Task: 31 | Stage: 4/9 | Predictions: 225
INFO:b1k.shared.eval_b1k_wrapper:🔧 Gripper variation: Compression disabled (mean: 0.5531, max: 0.5886)
INFO:b1k.shared.eval_b1k_wrapper:🔧 Gripper variation: Compression disabled (mean: 0.3268, max: 0.7836)
INFO:b1k.shared.eval_b1k_wrapper:🔧 Gripper variation: Compression disabled (mean: 0.6696, max: 0.7998)
INFO:b1k.shared.eval_b1k_wrapper:🔧 Gripper variation: Compression disabled (mean: 0.5977, max: 0.6124)
INFO:b1k.shared.eval_b1k_wrapper:🔧 Gripper variation: Compression disabled (mean: 1.1000, max: 0.7361)
INFO:b1k.shared.eval_b1k_wrapper:🎯 Prediction #230 | Actions: uncompressed (20) | Inpainting: True
INFO:b1k.shared.eval_b1k_wrapper:📊 Step 4600 | Task: 31 | Stage: 4/9 | Predictions: 230
INFO:b1k.shared.eval_b1k_wrapper:🔧 Gripper variation: Compression disabled (mean: 0.5392, max: 0.7958)
INFO:b1k.shared.eval_b1k_wrapper:🔧 Gripper variation: Compression disabled (mean: 0.6409, max: 1.0454)
INFO:b1k.shared.eval_b1k_wrapper:🔧 Gripper variation: Compression disabled (mean: 0.6810, max: 0.8631)
INFO:b1k.shared.eval_b1k_wrapper:🔧 Gripper variation: Compression disabled (mean: 0.4281, max: 0.7970)
INFO:b1k.shared.eval_b1k_wrapper:🔧 Gripper variation: Compression disabled (mean: 0.5290, max: 0.9438)
INFO:b1k.shared.eval_b1k_wrapper:📊 Step 4700 | Task: 31 | Stage: 4/9 | Predictions: 235
INFO:b1k.shared.eval_b1k_wrapper:🔧 Gripper variation: Compression disabled (mean: 0.6208, max: 0.9072)
INFO:b1k.shared.eval_b1k_wrapper:🔧 Gripper variation: Compression disabled (mean: 0.8621, max: 0.7403)
INFO:b1k.shared.eval_b1k_wrapper:🔧 Gripper variation: Compression disabled (mean: 0.4688, max: 1.0645)
INFO:b1k.shared.eval_b1k_wrapper:🔧 Gripper variation: Compression disabled (mean: 0.6117, max: 0.7789)
INFO:b1k.shared.eval_b1k_wrapper:🔧 Gripper variation: Compression disabled (mean: 0.3690, max: 1.2727)
INFO:b1k.shared.eval_b1k_wrapper:🎯 Prediction #240 | Actions: uncompressed (20) | Inpainting: True
INFO:b1k.shared.eval_b1k_wrapper:📊 Step 4800 | Task: 31 | Stage: 4/9 | Predictions: 240
INFO:b1k.shared.eval_b1k_wrapper:🔧 Gripper variation: Compression disabled (mean: 0.5505, max: 1.0839)
INFO:b1k.shared.eval_b1k_wrapper:🔧 Gripper variation: Compression disabled (mean: 0.4016, max: 0.8449)
INFO:b1k.shared.eval_b1k_wrapper:🔧 Gripper variation: Compression disabled (mean: 0.4339, max: 0.7951)
INFO:b1k.shared.eval_b1k_wrapper:🔧 Gripper variation: Compression disabled (mean: 0.8276, max: 0.8398)
INFO:b1k.shared.eval_b1k_wrapper:🔧 Gripper variation: Compression disabled (mean: 0.7353, max: 1.2930)
INFO:b1k.shared.eval_b1k_wrapper:📊 Step 4900 | Task: 31 | Stage: 4/9 | Predictions: 245
INFO:b1k.shared.eval_b1k_wrapper:🔧 Gripper variation: Compression disabled (mean: 0.3867, max: 0.7513)
INFO:b1k.shared.eval_b1k_wrapper:🔧 Gripper variation: Compression disabled (mean: 0.3360, max: 0.9030)
INFO:b1k.shared.eval_b1k_wrapper:🔧 Gripper variation: Compression disabled (mean: 0.6709, max: 0.8891)
INFO:b1k.shared.eval_b1k_wrapper:🔧 Gripper variation: Compression disabled (mean: 0.5664, max: 0.5961)
INFO:b1k.shared.eval_b1k_wrapper:🔧 Gripper variation: Compression disabled (mean: 0.8529, max: 1.0239)
INFO:b1k.shared.eval_b1k_wrapper:🎯 Prediction #250 | Actions: uncompressed (20) | Inpainting: True
INFO:b1k.shared.eval_b1k_wrapper:📊 Step 5000 | Task: 31 | Stage: 4/9 | Predictions: 250
INFO:b1k.shared.eval_b1k_wrapper:🔧 Gripper variation: Compression disabled (mean: 0.7985, max: 1.1235)
INFO:b1k.shared.eval_b1k_wrapper:🔧 Gripper variation: Compression disabled (mean: 0.9342, max: 0.7262)
INFO:b1k.shared.eval_b1k_wrapper:🔧 Gripper variation: Compression disabled (mean: 0.8131, max: 0.8537)
INFO:b1k.shared.eval_b1k_wrapper:🔧 Gripper variation: Compression disabled (mean: 0.4015, max: 0.9741)
INFO:b1k.shared.eval_b1k_wrapper:🔧 Gripper variation: Compression disabled (mean: 0.3534, max: 0.9925)
INFO:b1k.shared.eval_b1k_wrapper:📊 Step 5100 | Task: 31 | Stage: 4/9 | Predictions: 255
INFO:b1k.shared.eval_b1k_wrapper:🔧 Gripper variation: Compression disabled (mean: 0.9742, max: 0.8283)
INFO:b1k.shared.eval_b1k_wrapper:🔧 Gripper variation: Compression disabled (mean: 0.3965, max: 1.0830)
INFO:b1k.shared.eval_b1k_wrapper:🔧 Gripper variation: Compression disabled (mean: 0.4362, max: 1.3883)
INFO:b1k.shared.eval_b1k_wrapper:🔧 Gripper variation: Compression disabled (mean: 0.7227, max: 0.7672)
INFO:b1k.shared.eval_b1k_wrapper:🔧 Gripper variation: Compression disabled (mean: 0.2649, max: 0.6362)
INFO:b1k.shared.eval_b1k_wrapper:🎯 Prediction #260 | Actions: uncompressed (20) | Inpainting: True
INFO:b1k.shared.eval_b1k_wrapper:📊 Step 5200 | Task: 31 | Stage: 4/9 | Predictions: 260
INFO:b1k.shared.eval_b1k_wrapper:🔧 Gripper variation: Compression disabled (mean: 0.4846, max: 0.9062)
INFO:b1k.shared.eval_b1k_wrapper:🔧 Gripper variation: Compression disabled (mean: 0.8421, max: 1.0109)
INFO:b1k.shared.eval_b1k_wrapper:🔧 Gripper variation: Compression disabled (mean: 0.3588, max: 1.0733)
INFO:b1k.shared.eval_b1k_wrapper:🔧 Gripper variation: Compression disabled (mean: 0.4413, max: 0.5950)
INFO:b1k.shared.eval_b1k_wrapper:🔧 Gripper variation: Compression disabled (mean: 0.7881, max: 1.2363)
INFO:b1k.shared.eval_b1k_wrapper:📊 Step 5300 | Task: 31 | Stage: 4/9 | Predictions: 265
INFO:b1k.shared.eval_b1k_wrapper:🔧 Gripper variation: Compression disabled (mean: 1.0685, max: 0.8645)
INFO:b1k.shared.eval_b1k_wrapper:🔧 Gripper variation: Compression disabled (mean: 0.4394, max: 0.8546)
INFO:b1k.shared.eval_b1k_wrapper:🔧 Gripper variation: Compression disabled (mean: 0.5183, max: 0.7042)
INFO:b1k.shared.eval_b1k_wrapper:🔧 Gripper variation: Compression disabled (mean: 0.6161, max: 1.0537)
INFO:b1k.shared.eval_b1k_wrapper:🔧 Gripper variation: Compression disabled (mean: 0.3912, max: 0.5266)
INFO:b1k.shared.eval_b1k_wrapper:🎯 Prediction #270 | Actions: uncompressed (20) | Inpainting: True
INFO:b1k.shared.eval_b1k_wrapper:📊 Step 5400 | Task: 31 | Stage: 4/9 | Predictions: 270
INFO:b1k.shared.eval_b1k_wrapper:🔧 Gripper variation: Compression disabled (mean: 0.7609, max: 0.4656)
INFO:b1k.shared.eval_b1k_wrapper:🔧 Gripper variation: Compression disabled (mean: 1.0393, max: 0.7526)
INFO:b1k.shared.eval_b1k_wrapper:🔧 Gripper variation: Compression disabled (mean: 0.7159, max: 1.2311)
INFO:b1k.shared.eval_b1k_wrapper:🔧 Gripper variation: Compression disabled (mean: 0.6405, max: 0.8387)
INFO:b1k.shared.eval_b1k_wrapper:🔧 Gripper variation: Compression disabled (mean: 0.3503, max: 1.0183)
INFO:b1k.shared.eval_b1k_wrapper:📊 Step 5500 | Task: 31 | Stage: 4/9 | Predictions: 275
INFO:b1k.shared.eval_b1k_wrapper:🔧 Gripper variation: Compression disabled (mean: 0.6359, max: 0.9728)
INFO:b1k.shared.eval_b1k_wrapper:🔧 Gripper variation: Compression disabled (mean: 0.7271, max: 0.8253)
INFO:b1k.shared.eval_b1k_wrapper:🔧 Gripper variation: Compression disabled (mean: 0.3402, max: 1.2197)
INFO:b1k.shared.eval_b1k_wrapper:🔧 Gripper variation: Compression disabled (mean: 0.4787, max: 0.9194)
INFO:b1k.shared.eval_b1k_wrapper:🔧 Gripper variation: Compression disabled (mean: 0.2770, max: 1.3120)
INFO:b1k.shared.eval_b1k_wrapper:🎯 Prediction #280 | Actions: uncompressed (20) | Inpainting: True
INFO:b1k.shared.eval_b1k_wrapper:📊 Step 5600 | Task: 31 | Stage: 4/9 | Predictions: 280
INFO:b1k.shared.eval_b1k_wrapper:🔧 Gripper variation: Compression disabled (mean: 0.2654, max: 0.7595)
INFO:b1k.shared.eval_b1k_wrapper:🔧 Gripper variation: Compression disabled (mean: 0.7213, max: 0.9539)
INFO:b1k.shared.eval_b1k_wrapper:🔧 Gripper variation: Compression disabled (mean: 0.8088, max: 1.1066)
INFO:b1k.shared.eval_b1k_wrapper:🔧 Gripper variation: Compression disabled (mean: 0.7724, max: 1.0366)
INFO:b1k.shared.eval_b1k_wrapper:🔧 Gripper variation: Compression disabled (mean: 0.2716, max: 1.0885)
INFO:b1k.shared.eval_b1k_wrapper:📊 Step 5700 | Task: 31 | Stage: 4/9 | Predictions: 285
INFO:b1k.shared.eval_b1k_wrapper:🔧 Gripper variation: Compression disabled (mean: 0.6664, max: 1.0172)
INFO:b1k.shared.eval_b1k_wrapper:🔧 Gripper variation: Compression disabled (mean: 0.5792, max: 0.9472)
INFO:b1k.shared.eval_b1k_wrapper:🔧 Gripper variation: Compression disabled (mean: 0.4336, max: 0.6667)
INFO:b1k.shared.eval_b1k_wrapper:🔧 Gripper variation: Compression disabled (mean: 0.5212, max: 1.0059)
INFO:b1k.shared.eval_b1k_wrapper:🔧 Gripper variation: Compression disabled (mean: 0.6567, max: 0.7235)
INFO:b1k.shared.eval_b1k_wrapper:🎯 Prediction #290 | Actions: uncompressed (20) | Inpainting: True
INFO:b1k.shared.eval_b1k_wrapper:📊 Step 5800 | Task: 31 | Stage: 4/9 | Predictions: 290
INFO:b1k.shared.eval_b1k_wrapper:🔧 Gripper variation: Compression disabled (mean: 1.1509, max: 0.6715)
INFO:b1k.shared.eval_b1k_wrapper:🔧 Gripper variation: Compression disabled (mean: 0.6214, max: 0.8258)
INFO:b1k.shared.eval_b1k_wrapper:🔧 Gripper variation: Compression disabled (mean: 0.7967, max: 0.6571)
INFO:b1k.shared.eval_b1k_wrapper:🔧 Gripper variation: Compression disabled (mean: 0.7485, max: 0.8242)
INFO:b1k.shared.eval_b1k_wrapper:🔧 Gripper variation: Compression disabled (mean: 0.3500, max: 1.4197)
INFO:b1k.shared.eval_b1k_wrapper:📊 Step 5900 | Task: 31 | Stage: 4/9 | Predictions: 295
INFO:b1k.shared.eval_b1k_wrapper:🔧 Gripper variation: Compression disabled (mean: 0.5332, max: 1.1391)
INFO:b1k.shared.eval_b1k_wrapper:🔧 Gripper variation: Compression disabled (mean: 0.4233, max: 1.0656)
INFO:b1k.shared.eval_b1k_wrapper:🔧 Gripper variation: Compression disabled (mean: 0.7350, max: 1.0494)
INFO:b1k.shared.eval_b1k_wrapper:🔧 Gripper variation: Compression disabled (mean: 0.6356, max: 0.7295)
INFO:b1k.shared.eval_b1k_wrapper:🔧 Gripper variation: Compression disabled (mean: 0.5341, max: 1.3032)
INFO:b1k.shared.eval_b1k_wrapper:🎯 Prediction #300 | Actions: uncompressed (20) | Inpainting: True
INFO:b1k.shared.eval_b1k_wrapper:📊 Step 6000 | Task: 31 | Stage: 4/9 | Predictions: 300
INFO:b1k.shared.eval_b1k_wrapper:🔧 Gripper variation: Compression disabled (mean: 0.4749, max: 0.9386)
INFO:b1k.shared.eval_b1k_wrapper:🔧 Gripper variation: Compression disabled (mean: 0.4675, max: 1.1322)
INFO:b1k.shared.eval_b1k_wrapper:🔧 Gripper variation: Compression disabled (mean: 0.5725, max: 0.8758)
INFO:b1k.shared.eval_b1k_wrapper:🔧 Gripper variation: Compression disabled (mean: 0.3518, max: 1.1379)
INFO:b1k.shared.eval_b1k_wrapper:🔧 Gripper variation: Compression disabled (mean: 0.5922, max: 1.0136)
INFO:b1k.shared.eval_b1k_wrapper:📊 Step 6100 | Task: 31 | Stage: 4/9 | Predictions: 305
INFO:b1k.shared.eval_b1k_wrapper:🔧 Gripper variation: Compression disabled (mean: 0.2880, max: 0.9124)
INFO:b1k.shared.eval_b1k_wrapper:🔧 Gripper variation: Compression disabled (mean: 0.6818, max: 1.0136)
INFO:b1k.shared.eval_b1k_wrapper:🔧 Gripper variation: Compression disabled (mean: 0.3823, max: 1.4501)
INFO:b1k.shared.eval_b1k_wrapper:🔧 Gripper variation: Compression disabled (mean: 0.4398, max: 1.1760)
INFO:b1k.shared.eval_b1k_wrapper:🎯 Prediction #310 | Actions: compressed 26→20 | Inpainting: True
INFO:b1k.shared.eval_b1k_wrapper:📊 Step 6200 | Task: 31 | Stage: 4/9 | Predictions: 310
INFO:b1k.shared.eval_b1k_wrapper:🔧 Gripper variation: Compression disabled (mean: 0.1613, max: 1.0998)
INFO:b1k.shared.eval_b1k_wrapper:🔧 Gripper variation: Compression disabled (mean: 0.8104, max: 0.9470)
INFO:b1k.shared.eval_b1k_wrapper:🔧 Gripper variation: Compression disabled (mean: 0.3849, max: 0.8958)
INFO:b1k.shared.eval_b1k_wrapper:🔧 Gripper variation: Compression disabled (mean: 0.3142, max: 1.1405)
INFO:b1k.shared.eval_b1k_wrapper:🔧 Gripper variation: Compression disabled (mean: 0.1323, max: 0.9085)
INFO:b1k.shared.eval_b1k_wrapper:📊 Step 6300 | Task: 31 | Stage: 4/9 | Predictions: 315
INFO:b1k.shared.eval_b1k_wrapper:🔧 Gripper variation: Compression disabled (mean: 0.4777, max: 0.7287)
INFO:b1k.shared.eval_b1k_wrapper:🔧 Gripper variation: Compression disabled (mean: 0.3723, max: 1.1026)
INFO:b1k.shared.eval_b1k_wrapper:🔧 Gripper variation: Compression disabled (mean: 0.6787, max: 0.7470)
INFO:b1k.shared.eval_b1k_wrapper:🔧 Gripper variation: Compression disabled (mean: 1.0012, max: 0.6908)
INFO:b1k.shared.eval_b1k_wrapper:🔧 Gripper variation: Compression disabled (mean: 0.2834, max: 0.9671)
INFO:b1k.shared.eval_b1k_wrapper:🎯 Prediction #320 | Actions: uncompressed (20) | Inpainting: True
INFO:b1k.shared.eval_b1k_wrapper:📊 Step 6400 | Task: 31 | Stage: 4/9 | Predictions: 320
INFO:b1k.shared.eval_b1k_wrapper:🔧 Gripper variation: Compression disabled (mean: 0.3572, max: 1.2984)
INFO:b1k.shared.eval_b1k_wrapper:🔧 Gripper variation: Compression disabled (mean: 0.7953, max: 0.9850)
INFO:b1k.shared.eval_b1k_wrapper:🔧 Gripper variation: Compression disabled (mean: 0.4972, max: 1.0371)
INFO:b1k.shared.eval_b1k_wrapper:📊 Step 6500 | Task: 31 | Stage: 4/9 | Predictions: 325
INFO:b1k.shared.eval_b1k_wrapper:🔧 Gripper variation: Compression disabled (mean: 0.5936, max: 0.9385)
INFO:b1k.shared.eval_b1k_wrapper:🔧 Gripper variation: Compression disabled (mean: 0.6866, max: 0.5859)
INFO:b1k.shared.eval_b1k_wrapper:🔧 Gripper variation: Compression disabled (mean: 0.6220, max: 1.0224)
INFO:b1k.shared.eval_b1k_wrapper:🔧 Gripper variation: Compression disabled (mean: 0.6466, max: 1.1019)
INFO:b1k.shared.eval_b1k_wrapper:🔧 Gripper variation: Compression disabled (mean: 0.7071, max: 1.0357)
INFO:b1k.shared.eval_b1k_wrapper:🎯 Prediction #330 | Actions: uncompressed (20) | Inpainting: True
INFO:b1k.shared.eval_b1k_wrapper:📊 Step 6600 | Task: 31 | Stage: 4/9 | Predictions: 330
INFO:b1k.shared.eval_b1k_wrapper:🔧 Gripper variation: Compression disabled (mean: 0.0269, max: 1.8545)
INFO:b1k.shared.eval_b1k_wrapper:🔧 Gripper variation: Compression disabled (mean: 0.0142, max: 0.3042)
INFO:b1k.shared.correction_rules:🔧 GENERAL GRIPPER CORRECTION: Task 31, Stage 4
INFO:b1k.shared.correction_rules:   Right gripper closed (-1.0000) → Opening to 1.0
INFO:b1k.shared.eval_b1k_wrapper:🔧 Correction rule: Actions modified (max diff: 2.0094, task 31, stage 4)
INFO:b1k.shared.eval_b1k_wrapper:🔧 Gripper variation: Compression disabled (mean: 1.5105, max: 0.4183)
INFO:b1k.shared.eval_b1k_wrapper:⬆️  Stage advanced: 4 → 5 (task 31, step 6660)
INFO:b1k.shared.eval_b1k_wrapper:📊 Step 6700 | Task: 31 | Stage: 5/9 | Predictions: 335
INFO:b1k.shared.eval_b1k_wrapper:🔧 Gripper variation: Compression disabled (mean: 0.3929, max: 1.2676)
INFO:b1k.shared.eval_b1k_wrapper:🔧 Gripper variation: Compression disabled (mean: 0.5615, max: 1.3036)
INFO:b1k.shared.eval_b1k_wrapper:⬅️  Stage went back: 5 → 4 (task 31, step 6720)
INFO:b1k.shared.eval_b1k_wrapper:🔧 Gripper variation: Compression disabled (mean: 0.6351, max: 0.9888)
INFO:b1k.shared.eval_b1k_wrapper:🔧 Gripper variation: Compression disabled (mean: 0.3065, max: 0.9243)
INFO:b1k.shared.eval_b1k_wrapper:🔧 Gripper variation: Compression disabled (mean: 0.6057, max: 0.8432)
INFO:b1k.shared.eval_b1k_wrapper:🎯 Prediction #340 | Actions: uncompressed (20) | Inpainting: True
INFO:b1k.shared.eval_b1k_wrapper:📊 Step 6800 | Task: 31 | Stage: 4/9 | Predictions: 340
INFO:b1k.shared.eval_b1k_wrapper:🔧 Gripper variation: Compression disabled (mean: 0.3770, max: 0.9203)
INFO:b1k.shared.eval_b1k_wrapper:🔧 Gripper variation: Compression disabled (mean: 0.3045, max: 0.5270)
INFO:b1k.shared.eval_b1k_wrapper:🔧 Gripper variation: Compression disabled (mean: 1.1006, max: 0.6771)
INFO:b1k.shared.eval_b1k_wrapper:🔧 Gripper variation: Compression disabled (mean: 0.4407, max: 1.3752)
INFO:b1k.shared.eval_b1k_wrapper:🔧 Gripper variation: Compression disabled (mean: 0.6224, max: 0.9786)
INFO:b1k.shared.eval_b1k_wrapper:📊 Step 6900 | Task: 31 | Stage: 4/9 | Predictions: 345
INFO:b1k.shared.eval_b1k_wrapper:🔧 Gripper variation: Compression disabled (mean: 0.5296, max: 0.9898)
INFO:b1k.shared.eval_b1k_wrapper:🔧 Gripper variation: Compression disabled (mean: 0.7642, max: 1.1612)
INFO:b1k.shared.eval_b1k_wrapper:🎯 Prediction #350 | Actions: compressed 26→20 | Inpainting: True
INFO:b1k.shared.eval_b1k_wrapper:📊 Step 7000 | Task: 31 | Stage: 4/9 | Predictions: 350
INFO:b1k.shared.eval_b1k_wrapper:📊 Step 7100 | Task: 31 | Stage: 4/9 | Predictions: 355
INFO:b1k.shared.eval_b1k_wrapper:🎯 Prediction #360 | Actions: compressed 26→20 | Inpainting: True
INFO:b1k.shared.eval_b1k_wrapper:📊 Step 7200 | Task: 31 | Stage: 4/9 | Predictions: 360
INFO:b1k.shared.eval_b1k_wrapper:🔧 Gripper variation: Compression disabled (mean: 0.2388, max: 0.3246)
INFO:b1k.shared.eval_b1k_wrapper:🔧 Gripper variation: Compression disabled (mean: 0.2878, max: 0.0515)
INFO:b1k.shared.eval_b1k_wrapper:🔧 Gripper variation: Compression disabled (mean: 0.1029, max: 1.4502)
INFO:b1k.shared.eval_b1k_wrapper:📊 Step 7300 | Task: 31 | Stage: 4/9 | Predictions: 365
INFO:b1k.shared.eval_b1k_wrapper:🔧 Gripper variation: Compression disabled (mean: 0.3102, max: 0.1490)
INFO:b1k.shared.eval_b1k_wrapper:🔧 Gripper variation: Compression disabled (mean: 0.2022, max: 0.0432)
INFO:b1k.shared.eval_b1k_wrapper:🎯 Prediction #370 | Actions: compressed 26→20 | Inpainting: True
INFO:b1k.shared.eval_b1k_wrapper:📊 Step 7400 | Task: 31 | Stage: 4/9 | Predictions: 370
INFO:b1k.shared.eval_b1k_wrapper:🔧 Gripper variation: Compression disabled (mean: 0.4542, max: 0.2457)
INFO:b1k.shared.eval_b1k_wrapper:🔧 Gripper variation: Compression disabled (mean: 0.1264, max: 1.2935)
INFO:b1k.shared.eval_b1k_wrapper:🔧 Gripper variation: Compression disabled (mean: 0.3986, max: 0.5969)
INFO:b1k.shared.eval_b1k_wrapper:🔧 Gripper variation: Compression disabled (mean: 0.5794, max: 1.0781)
INFO:b1k.shared.eval_b1k_wrapper:📊 Step 7500 | Task: 31 | Stage: 4/9 | Predictions: 375
INFO:b1k.shared.eval_b1k_wrapper:🔧 Gripper variation: Compression disabled (mean: 0.7498, max: 1.1428)
INFO:b1k.shared.eval_b1k_wrapper:🔧 Gripper variation: Compression disabled (mean: 0.5529, max: 1.0878)
INFO:b1k.shared.eval_b1k_wrapper:🔧 Gripper variation: Compression disabled (mean: 0.8037, max: 0.5429)
INFO:b1k.shared.eval_b1k_wrapper:🔧 Gripper variation: Compression disabled (mean: 1.2201, max: 1.0105)
INFO:b1k.shared.eval_b1k_wrapper:🔧 Gripper variation: Compression disabled (mean: 0.7542, max: 1.4298)
INFO:b1k.shared.eval_b1k_wrapper:🎯 Prediction #380 | Actions: uncompressed (20) | Inpainting: True
INFO:b1k.shared.eval_b1k_wrapper:📊 Step 7600 | Task: 31 | Stage: 4/9 | Predictions: 380
INFO:b1k.shared.eval_b1k_wrapper:🔧 Gripper variation: Compression disabled (mean: 0.2577, max: 0.5237)
INFO:b1k.shared.eval_b1k_wrapper:🔧 Gripper variation: Compression disabled (mean: 0.4724, max: 1.0194)
INFO:b1k.shared.eval_b1k_wrapper:🔧 Gripper variation: Compression disabled (mean: 0.2406, max: 0.8720)
INFO:b1k.shared.eval_b1k_wrapper:🔧 Gripper variation: Compression disabled (mean: 0.4685, max: 0.8402)
INFO:b1k.shared.eval_b1k_wrapper:🔧 Gripper variation: Compression disabled (mean: 0.4443, max: 1.1882)
INFO:b1k.shared.eval_b1k_wrapper:📊 Step 7700 | Task: 31 | Stage: 4/9 | Predictions: 385
INFO:b1k.shared.eval_b1k_wrapper:🔧 Gripper variation: Compression disabled (mean: 0.7375, max: 1.0462)
INFO:b1k.shared.eval_b1k_wrapper:🔧 Gripper variation: Compression disabled (mean: 0.4347, max: 1.3981)
INFO:b1k.shared.correction_rules:🔧 GENERAL GRIPPER CORRECTION: Task 31, Stage 4
INFO:b1k.shared.correction_rules:   Right gripper closed (-0.9929) → Opening to 1.0
INFO:b1k.shared.eval_b1k_wrapper:🔧 Correction rule: Actions modified (max diff: 2.0225, task 31, stage 4)
INFO:b1k.shared.eval_b1k_wrapper:🔧 Gripper variation: Compression disabled (mean: 1.3824, max: 0.0446)
INFO:b1k.shared.eval_b1k_wrapper:🎯 Prediction #390 | Actions: uncompressed (20) | Inpainting: True
INFO:b1k.shared.eval_b1k_wrapper:📊 Step 7800 | Task: 31 | Stage: 4/9 | Predictions: 390
INFO:b1k.shared.eval_b1k_wrapper:📊 Step 7900 | Task: 31 | Stage: 4/9 | Predictions: 395
INFO:b1k.shared.eval_b1k_wrapper:🎯 Prediction #400 | Actions: compressed 26→20 | Inpainting: True
INFO:b1k.shared.eval_b1k_wrapper:📊 Step 8000 | Task: 31 | Stage: 4/9 | Predictions: 400
INFO:b1k.shared.eval_b1k_wrapper:📊 Step 8100 | Task: 31 | Stage: 4/9 | Predictions: 405
INFO:b1k.shared.eval_b1k_wrapper:🎯 Prediction #410 | Actions: compressed 26→20 | Inpainting: True
INFO:b1k.shared.eval_b1k_wrapper:📊 Step 8200 | Task: 31 | Stage: 4/9 | Predictions: 410
INFO:b1k.shared.eval_b1k_wrapper:🔧 Gripper variation: Compression disabled (mean: 0.2073, max: 1.4732)
INFO:b1k.shared.eval_b1k_wrapper:📊 Step 8300 | Task: 31 | Stage: 4/9 | Predictions: 415
INFO:b1k.shared.eval_b1k_wrapper:🎯 Prediction #420 | Actions: compressed 26→20 | Inpainting: True
INFO:b1k.shared.eval_b1k_wrapper:📊 Step 8400 | Task: 31 | Stage: 4/9 | Predictions: 420
INFO:b1k.shared.eval_b1k_wrapper:📊 Step 8500 | Task: 31 | Stage: 4/9 | Predictions: 425
INFO:b1k.shared.eval_b1k_wrapper:🔧 Gripper variation: Compression disabled (mean: 0.2701, max: 0.0519)
INFO:b1k.shared.eval_b1k_wrapper:🔧 Gripper variation: Compression disabled (mean: 0.4008, max: 1.0863)
INFO:b1k.shared.eval_b1k_wrapper:🔧 Gripper variation: Compression disabled (mean: 0.7105, max: 1.4320)
INFO:b1k.shared.eval_b1k_wrapper:🔧 Gripper variation: Compression disabled (mean: 0.6292, max: 1.0000)
INFO:b1k.shared.eval_b1k_wrapper:🔧 Gripper variation: Compression disabled (mean: 0.5347, max: 1.1051)
INFO:b1k.shared.eval_b1k_wrapper:🎯 Prediction #430 | Actions: uncompressed (20) | Inpainting: True
INFO:b1k.shared.eval_b1k_wrapper:📊 Step 8600 | Task: 31 | Stage: 4/9 | Predictions: 430
INFO:b1k.shared.eval_b1k_wrapper:🔧 Gripper variation: Compression disabled (mean: 0.3007, max: 0.9666)
INFO:b1k.shared.eval_b1k_wrapper:🔧 Gripper variation: Compression disabled (mean: 0.7319, max: 0.9002)
INFO:b1k.shared.eval_b1k_wrapper:🔧 Gripper variation: Compression disabled (mean: 0.6000, max: 0.8693)
INFO:b1k.shared.eval_b1k_wrapper:🔧 Gripper variation: Compression disabled (mean: 0.9095, max: 1.0448)
INFO:b1k.shared.eval_b1k_wrapper:🔧 Gripper variation: Compression disabled (mean: 1.1651, max: 0.7371)
INFO:b1k.shared.eval_b1k_wrapper:📊 Step 8700 | Task: 31 | Stage: 4/9 | Predictions: 435
INFO:b1k.shared.eval_b1k_wrapper:🔧 Gripper variation: Compression disabled (mean: 0.5076, max: 1.3994)
INFO:b1k.shared.eval_b1k_wrapper:🔧 Gripper variation: Compression disabled (mean: 0.6661, max: 1.4887)
INFO:b1k.shared.correction_rules:🔧 GENERAL GRIPPER CORRECTION: Task 31, Stage 4
INFO:b1k.shared.correction_rules:   Right gripper closed (-0.9943) → Opening to 1.0
INFO:b1k.shared.eval_b1k_wrapper:🔧 Correction rule: Actions modified (max diff: 2.4845, task 31, stage 4)
INFO:b1k.shared.eval_b1k_wrapper:🔧 Gripper variation: Compression disabled (mean: 1.5347, max: 0.3883)
INFO:b1k.shared.eval_b1k_wrapper:🎯 Prediction #440 | Actions: uncompressed (20) | Inpainting: True
INFO:b1k.shared.eval_b1k_wrapper:📊 Step 8800 | Task: 31 | Stage: 4/9 | Predictions: 440
INFO:b1k.shared.eval_b1k_wrapper:📊 Step 8900 | Task: 31 | Stage: 4/9 | Predictions: 445
INFO:b1k.shared.eval_b1k_wrapper:🎯 Prediction #450 | Actions: compressed 26→20 | Inpainting: True
INFO:b1k.shared.eval_b1k_wrapper:📊 Step 9000 | Task: 31 | Stage: 4/9 | Predictions: 450
INFO:b1k.shared.eval_b1k_wrapper:🔧 Gripper variation: Compression disabled (mean: 0.6187, max: 0.6565)
INFO:b1k.shared.eval_b1k_wrapper:🔧 Gripper variation: Compression disabled (mean: 1.2244, max: 0.8926)
INFO:b1k.shared.eval_b1k_wrapper:🔧 Gripper variation: Compression disabled (mean: 0.3271, max: 0.7821)
INFO:b1k.shared.eval_b1k_wrapper:🔧 Gripper variation: Compression disabled (mean: 0.6525, max: 1.4427)
INFO:b1k.shared.eval_b1k_wrapper:📊 Step 9100 | Task: 31 | Stage: 4/9 | Predictions: 455
INFO:b1k.shared.eval_b1k_wrapper:🔧 Gripper variation: Compression disabled (mean: 0.6106, max: 1.1253)
INFO:b1k.shared.eval_b1k_wrapper:🔧 Gripper variation: Compression disabled (mean: 0.9140, max: 1.3338)
INFO:b1k.shared.eval_b1k_wrapper:🔧 Gripper variation: Compression disabled (mean: 0.2816, max: 0.9011)
INFO:b1k.shared.eval_b1k_wrapper:🔧 Gripper variation: Compression disabled (mean: 0.6428, max: 1.2860)
INFO:b1k.shared.eval_b1k_wrapper:🔧 Gripper variation: Compression disabled (mean: 0.7685, max: 0.6411)
INFO:b1k.shared.eval_b1k_wrapper:🎯 Prediction #460 | Actions: uncompressed (20) | Inpainting: True
INFO:b1k.shared.eval_b1k_wrapper:📊 Step 9200 | Task: 31 | Stage: 4/9 | Predictions: 460
INFO:b1k.shared.eval_b1k_wrapper:🔧 Gripper variation: Compression disabled (mean: 0.4430, max: 0.8757)
INFO:b1k.shared.eval_b1k_wrapper:🔧 Gripper variation: Compression disabled (mean: 0.4175, max: 0.8366)
INFO:b1k.shared.eval_b1k_wrapper:🔧 Gripper variation: Compression disabled (mean: 0.2166, max: 0.8216)
INFO:b1k.shared.eval_b1k_wrapper:🔧 Gripper variation: Compression disabled (mean: 0.7508, max: 0.9014)
INFO:b1k.shared.eval_b1k_wrapper:🔧 Gripper variation: Compression disabled (mean: 0.4601, max: 0.9700)
INFO:b1k.shared.eval_b1k_wrapper:📊 Step 9300 | Task: 31 | Stage: 4/9 | Predictions: 465
INFO:b1k.shared.eval_b1k_wrapper:🔧 Gripper variation: Compression disabled (mean: 0.9234, max: 0.7196)
INFO:b1k.shared.eval_b1k_wrapper:🔧 Gripper variation: Compression disabled (mean: 0.4252, max: 0.9059)
INFO:b1k.shared.eval_b1k_wrapper:🔧 Gripper variation: Compression disabled (mean: 0.5552, max: 1.1441)
INFO:b1k.shared.eval_b1k_wrapper:🔧 Gripper variation: Compression disabled (mean: 0.3795, max: 1.2265)
INFO:b1k.shared.eval_b1k_wrapper:🔧 Gripper variation: Compression disabled (mean: 0.3957, max: 1.0545)
INFO:b1k.shared.eval_b1k_wrapper:🎯 Prediction #470 | Actions: uncompressed (20) | Inpainting: True
INFO:b1k.shared.eval_b1k_wrapper:📊 Step 9400 | Task: 31 | Stage: 4/9 | Predictions: 470
INFO:b1k.shared.eval_b1k_wrapper:🔧 Gripper variation: Compression disabled (mean: 0.4310, max: 1.2319)
INFO:b1k.shared.eval_b1k_wrapper:📊 Step 9500 | Task: 31 | Stage: 4/9 | Predictions: 475
INFO:b1k.shared.eval_b1k_wrapper:🎯 Prediction #480 | Actions: compressed 26→20 | Inpainting: True
INFO:b1k.shared.eval_b1k_wrapper:📊 Step 9600 | Task: 31 | Stage: 4/9 | Predictions: 480
INFO:b1k.shared.eval_b1k_wrapper:📊 Step 9700 | Task: 31 | Stage: 4/9 | Predictions: 485
INFO:b1k.shared.eval_b1k_wrapper:🔧 Gripper variation: Compression disabled (mean: 0.6485, max: 0.2333)
INFO:b1k.shared.eval_b1k_wrapper:🔧 Gripper variation: Compression disabled (mean: 0.7688, max: 0.8265)
INFO:b1k.shared.eval_b1k_wrapper:🔧 Gripper variation: Compression disabled (mean: 0.8812, max: 1.1453)
INFO:b1k.shared.eval_b1k_wrapper:🔧 Gripper variation: Compression disabled (mean: 0.5965, max: 0.9812)
INFO:b1k.shared.eval_b1k_wrapper:🔧 Gripper variation: Compression disabled (mean: 0.5582, max: 0.7031)
INFO:b1k.shared.eval_b1k_wrapper:🎯 Prediction #490 | Actions: uncompressed (20) | Inpainting: True
INFO:b1k.shared.eval_b1k_wrapper:📊 Step 9800 | Task: 31 | Stage: 4/9 | Predictions: 490
INFO:b1k.shared.eval_b1k_wrapper:🔧 Gripper variation: Compression disabled (mean: 0.5196, max: 1.0408)
INFO:b1k.shared.eval_b1k_wrapper:🔧 Gripper variation: Compression disabled (mean: 0.5092, max: 0.9866)
INFO:b1k.shared.eval_b1k_wrapper:🔧 Gripper variation: Compression disabled (mean: 0.6596, max: 0.9688)
INFO:b1k.shared.eval_b1k_wrapper:🔧 Gripper variation: Compression disabled (mean: 0.2914, max: 0.8758)
INFO:b1k.shared.eval_b1k_wrapper:🔧 Gripper variation: Compression disabled (mean: 1.0610, max: 0.6738)
INFO:b1k.shared.eval_b1k_wrapper:📊 Step 9900 | Task: 31 | Stage: 4/9 | Predictions: 495
INFO:b1k.shared.eval_b1k_wrapper:🔧 Gripper variation: Compression disabled (mean: 0.5462, max: 0.8369)
INFO:b1k.shared.eval_b1k_wrapper:🔧 Gripper variation: Compression disabled (mean: 0.9240, max: 0.7532)
INFO:b1k.shared.eval_b1k_wrapper:🔧 Gripper variation: Compression disabled (mean: 0.7173, max: 1.0772)
INFO:b1k.shared.eval_b1k_wrapper:🔧 Gripper variation: Compression disabled (mean: 0.6425, max: 0.6734)
INFO:b1k.shared.eval_b1k_wrapper:🔧 Gripper variation: Compression disabled (mean: 0.6981, max: 0.7614)
INFO:b1k.shared.eval_b1k_wrapper:🎯 Prediction #500 | Actions: uncompressed (20) | Inpainting: True
INFO:b1k.shared.eval_b1k_wrapper:📊 Step 10000 | Task: 31 | Stage: 4/9 | Predictions: 500
INFO:b1k.shared.eval_b1k_wrapper:🔧 Gripper variation: Compression disabled (mean: 0.4730, max: 0.7684)
INFO:b1k.shared.eval_b1k_wrapper:🔧 Gripper variation: Compression disabled (mean: 0.2596, max: 1.3326)
INFO:b1k.shared.eval_b1k_wrapper:🔧 Gripper variation: Compression disabled (mean: 0.6099, max: 0.5654)
INFO:b1k.shared.eval_b1k_wrapper:🔧 Gripper variation: Compression disabled (mean: 0.7895, max: 0.5536)
INFO:b1k.shared.eval_b1k_wrapper:🔧 Gripper variation: Compression disabled (mean: 0.4483, max: 1.0717)
INFO:b1k.shared.eval_b1k_wrapper:📊 Step 10100 | Task: 31 | Stage: 4/9 | Predictions: 505
INFO:b1k.shared.eval_b1k_wrapper:🔧 Gripper variation: Compression disabled (mean: 0.5739, max: 1.2621)
INFO:b1k.shared.eval_b1k_wrapper:🔧 Gripper variation: Compression disabled (mean: 0.3476, max: 1.3990)
INFO:b1k.shared.eval_b1k_wrapper:🔧 Gripper variation: Compression disabled (mean: 0.4983, max: 1.2898)
INFO:b1k.shared.eval_b1k_wrapper:🔧 Gripper variation: Compression disabled (mean: 0.4449, max: 1.1520)
INFO:b1k.shared.eval_b1k_wrapper:🔧 Gripper variation: Compression disabled (mean: 0.8200, max: 1.6329)
INFO:b1k.shared.eval_b1k_wrapper:🎯 Prediction #510 | Actions: uncompressed (20) | Inpainting: True
INFO:b1k.shared.eval_b1k_wrapper:📊 Step 10200 | Task: 31 | Stage: 4/9 | Predictions: 510
INFO:b1k.shared.eval_b1k_wrapper:🔧 Gripper variation: Compression disabled (mean: 0.3037, max: 0.0758)
INFO:b1k.shared.eval_b1k_wrapper:🔧 Gripper variation: Compression disabled (mean: 0.4452, max: 1.0284)
INFO:b1k.shared.eval_b1k_wrapper:🔧 Gripper variation: Compression disabled (mean: 0.4234, max: 1.1548)
INFO:b1k.shared.eval_b1k_wrapper:🔧 Gripper variation: Compression disabled (mean: 0.4642, max: 1.8081)
INFO:b1k.shared.eval_b1k_wrapper:📊 Step 10300 | Task: 31 | Stage: 4/9 | Predictions: 515
INFO:b1k.shared.eval_b1k_wrapper:🔧 Gripper variation: Compression disabled (mean: 0.3428, max: 1.0928)
INFO:b1k.shared.eval_b1k_wrapper:🔧 Gripper variation: Compression disabled (mean: 0.9883, max: 0.9806)
INFO:b1k.shared.eval_b1k_wrapper:🔧 Gripper variation: Compression disabled (mean: 0.4713, max: 1.1868)
INFO:b1k.shared.eval_b1k_wrapper:🔧 Gripper variation: Compression disabled (mean: 0.2328, max: 1.4380)
INFO:b1k.shared.eval_b1k_wrapper:🔧 Gripper variation: Compression disabled (mean: 0.5253, max: 1.5438)
INFO:b1k.shared.eval_b1k_wrapper:🎯 Prediction #520 | Actions: uncompressed (20) | Inpainting: True
INFO:b1k.shared.eval_b1k_wrapper:📊 Step 10400 | Task: 31 | Stage: 4/9 | Predictions: 520
INFO:b1k.shared.eval_b1k_wrapper:🔧 Gripper variation: Compression disabled (mean: 0.7979, max: 0.8671)
INFO:b1k.shared.eval_b1k_wrapper:🔧 Gripper variation: Compression disabled (mean: 0.4801, max: 1.0700)
INFO:b1k.shared.eval_b1k_wrapper:🔧 Gripper variation: Compression disabled (mean: 0.9059, max: 1.3072)
INFO:b1k.shared.eval_b1k_wrapper:🔧 Gripper variation: Compression disabled (mean: 0.3265, max: 0.2035)
INFO:b1k.shared.eval_b1k_wrapper:📊 Step 10500 | Task: 31 | Stage: 4/9 | Predictions: 525
INFO:b1k.shared.eval_b1k_wrapper:🎯 Prediction #530 | Actions: compressed 26→20 | Inpainting: True
INFO:b1k.shared.eval_b1k_wrapper:📊 Step 10600 | Task: 31 | Stage: 4/9 | Predictions: 530
INFO:b1k.shared.eval_b1k_wrapper:📊 Step 10700 | Task: 31 | Stage: 4/9 | Predictions: 535
INFO:b1k.shared.eval_b1k_wrapper:🔧 Gripper variation: Compression disabled (mean: 0.9437, max: 0.0580)
INFO:b1k.shared.eval_b1k_wrapper:🎯 Prediction #540 | Actions: uncompressed (20) | Inpainting: True
INFO:b1k.shared.eval_b1k_wrapper:📊 Step 10800 | Task: 31 | Stage: 4/9 | Predictions: 540
INFO:b1k.shared.eval_b1k_wrapper:🔧 Gripper variation: Compression disabled (mean: 0.3665, max: 0.9922)
INFO:b1k.shared.eval_b1k_wrapper:🔧 Gripper variation: Compression disabled (mean: 0.8512, max: 1.4157)
INFO:b1k.shared.eval_b1k_wrapper:🔧 Gripper variation: Compression disabled (mean: 0.7229, max: 0.7333)
INFO:b1k.shared.eval_b1k_wrapper:🔧 Gripper variation: Compression disabled (mean: 0.3952, max: 1.0218)
INFO:b1k.shared.eval_b1k_wrapper:🔧 Gripper variation: Compression disabled (mean: 0.7048, max: 1.1010)
INFO:b1k.shared.eval_b1k_wrapper:📊 Step 10900 | Task: 31 | Stage: 4/9 | Predictions: 545
INFO:b1k.shared.eval_b1k_wrapper:🔧 Gripper variation: Compression disabled (mean: 0.8006, max: 0.8526)
INFO:b1k.shared.eval_b1k_wrapper:🔧 Gripper variation: Compression disabled (mean: 0.6121, max: 0.8104)
INFO:b1k.shared.eval_b1k_wrapper:🔧 Gripper variation: Compression disabled (mean: 0.1406, max: 1.4407)
INFO:b1k.shared.eval_b1k_wrapper:🔧 Gripper variation: Compression disabled (mean: 0.3362, max: 1.0593)
INFO:b1k.shared.eval_b1k_wrapper:🔧 Gripper variation: Compression disabled (mean: 0.7605, max: 1.0719)
INFO:b1k.shared.eval_b1k_wrapper:🎯 Prediction #550 | Actions: uncompressed (20) | Inpainting: True
INFO:b1k.shared.eval_b1k_wrapper:📊 Step 11000 | Task: 31 | Stage: 4/9 | Predictions: 550
INFO:b1k.shared.eval_b1k_wrapper:📊 Step 11100 | Task: 31 | Stage: 4/9 | Predictions: 555
INFO:b1k.shared.eval_b1k_wrapper:🔧 Gripper variation: Compression disabled (mean: 0.1372, max: 0.2263)
INFO:b1k.shared.eval_b1k_wrapper:🔧 Gripper variation: Compression disabled (mean: 0.6648, max: 1.1217)
INFO:b1k.shared.eval_b1k_wrapper:🔧 Gripper variation: Compression disabled (mean: 0.8898, max: 0.8924)
INFO:b1k.shared.eval_b1k_wrapper:🎯 Prediction #560 | Actions: uncompressed (20) | Inpainting: True
INFO:b1k.shared.eval_b1k_wrapper:📊 Step 11200 | Task: 31 | Stage: 4/9 | Predictions: 560
INFO:b1k.shared.eval_b1k_wrapper:🔧 Gripper variation: Compression disabled (mean: 0.7627, max: 0.7667)
INFO:b1k.shared.eval_b1k_wrapper:🔧 Gripper variation: Compression disabled (mean: 0.6560, max: 1.1381)
INFO:b1k.shared.eval_b1k_wrapper:🔧 Gripper variation: Compression disabled (mean: 0.5326, max: 0.7818)
INFO:b1k.shared.eval_b1k_wrapper:🔧 Gripper variation: Compression disabled (mean: 0.7076, max: 0.8410)
INFO:b1k.shared.eval_b1k_wrapper:🔧 Gripper variation: Compression disabled (mean: 0.6526, max: 0.6042)
INFO:b1k.shared.eval_b1k_wrapper:📊 Step 11300 | Task: 31 | Stage: 4/9 | Predictions: 565
INFO:b1k.shared.eval_b1k_wrapper:🔧 Gripper variation: Compression disabled (mean: 0.5935, max: 0.7194)
INFO:b1k.shared.eval_b1k_wrapper:🔧 Gripper variation: Compression disabled (mean: 0.5817, max: 0.9805)
INFO:b1k.shared.eval_b1k_wrapper:🔧 Gripper variation: Compression disabled (mean: 0.6880, max: 0.9957)
INFO:b1k.shared.eval_b1k_wrapper:🔧 Gripper variation: Compression disabled (mean: 0.4071, max: 0.9897)
INFO:b1k.shared.eval_b1k_wrapper:🔧 Gripper variation: Compression disabled (mean: 0.8053, max: 1.2165)
INFO:b1k.shared.eval_b1k_wrapper:🎯 Prediction #570 | Actions: uncompressed (20) | Inpainting: True
INFO:b1k.shared.eval_b1k_wrapper:📊 Step 11400 | Task: 31 | Stage: 4/9 | Predictions: 570
INFO:b1k.shared.eval_b1k_wrapper:🔧 Gripper variation: Compression disabled (mean: 0.1370, max: 0.2191)
INFO:b1k.shared.eval_b1k_wrapper:🔧 Gripper variation: Compression disabled (mean: 0.4002, max: 1.2284)
INFO:b1k.shared.eval_b1k_wrapper:🔧 Gripper variation: Compression disabled (mean: 0.5368, max: 1.0627)
INFO:b1k.shared.eval_b1k_wrapper:🔧 Gripper variation: Compression disabled (mean: 0.3829, max: 1.0718)
INFO:b1k.shared.eval_b1k_wrapper:🔧 Gripper variation: Compression disabled (mean: 0.4404, max: 1.0255)
INFO:b1k.shared.eval_b1k_wrapper:📊 Step 11500 | Task: 31 | Stage: 4/9 | Predictions: 575
INFO:b1k.shared.eval_b1k_wrapper:🔧 Gripper variation: Compression disabled (mean: 0.6626, max: 0.9590)
INFO:b1k.shared.eval_b1k_wrapper:🔧 Gripper variation: Compression disabled (mean: 0.3987, max: 1.1147)
INFO:b1k.shared.eval_b1k_wrapper:🔧 Gripper variation: Compression disabled (mean: 0.4113, max: 1.1615)
INFO:b1k.shared.eval_b1k_wrapper:🔧 Gripper variation: Compression disabled (mean: 0.4700, max: 1.3912)
INFO:b1k.shared.eval_b1k_wrapper:🎯 Prediction #580 | Actions: compressed 26→20 | Inpainting: True
INFO:b1k.shared.eval_b1k_wrapper:📊 Step 11600 | Task: 31 | Stage: 4/9 | Predictions: 580
INFO:b1k.shared.eval_b1k_wrapper:📊 Step 11700 | Task: 31 | Stage: 4/9 | Predictions: 585
INFO:b1k.shared.eval_b1k_wrapper:🎯 Prediction #590 | Actions: compressed 26→20 | Inpainting: True
INFO:b1k.shared.eval_b1k_wrapper:📊 Step 11800 | Task: 31 | Stage: 4/9 | Predictions: 590
INFO:b1k.shared.eval_b1k_wrapper:📊 Step 11900 | Task: 31 | Stage: 4/9 | Predictions: 595
INFO:b1k.shared.eval_b1k_wrapper:🎯 Prediction #600 | Actions: compressed 26→20 | Inpainting: True
INFO:b1k.shared.eval_b1k_wrapper:📊 Step 12000 | Task: 31 | Stage: 4/9 | Predictions: 600
INFO:b1k.shared.eval_b1k_wrapper:📊 Step 12100 | Task: 31 | Stage: 4/9 | Predictions: 605
INFO:b1k.shared.eval_b1k_wrapper:🎯 Prediction #610 | Actions: compressed 26→20 | Inpainting: True
INFO:b1k.shared.eval_b1k_wrapper:📊 Step 12200 | Task: 31 | Stage: 4/9 | Predictions: 610
INFO:b1k.shared.eval_b1k_wrapper:📊 Step 12300 | Task: 31 | Stage: 4/9 | Predictions: 615
INFO:b1k.shared.eval_b1k_wrapper:🔧 Gripper variation: Compression disabled (mean: 0.2119, max: 0.0418)
INFO:websockets.server:connection closed
INFO:omnigibson.learning.utils.network_utils:Connection from ('127.0.0.1', 49678) closed
INFO:websockets.server:HTTP response sent (200 OK)
INFO:websockets.server:connection closed
INFO:websockets.server:connection open
INFO:omnigibson.learning.utils.network_utils:Connection from ('127.0.0.1', 50764) opened
INFO:b1k.shared.eval_b1k_wrapper:Policy reset - Task ID: 31, Action horizon: 30
INFO:b1k.shared.eval_b1k_wrapper:📊 Step 100 | Task: 31 | Stage: 0/9 | Predictions: 5
INFO:b1k.shared.eval_b1k_wrapper:🎯 Prediction #10 | Actions: compressed 26→20 | Inpainting: True
INFO:b1k.shared.eval_b1k_wrapper:📊 Step 200 | Task: 31 | Stage: 0/9 | Predictions: 10
INFO:b1k.shared.eval_b1k_wrapper:📊 Step 300 | Task: 31 | Stage: 0/9 | Predictions: 15
INFO:b1k.shared.eval_b1k_wrapper:🎯 Prediction #20 | Actions: compressed 26→20 | Inpainting: True
INFO:b1k.shared.eval_b1k_wrapper:📊 Step 400 | Task: 31 | Stage: 0/9 | Predictions: 20
INFO:b1k.shared.eval_b1k_wrapper:⬆️  Stage advanced: 0 → 1 (task 31, step 460)
INFO:b1k.shared.eval_b1k_wrapper:📊 Step 500 | Task: 31 | Stage: 1/9 | Predictions: 25
INFO:b1k.shared.eval_b1k_wrapper:🔧 Gripper variation: Compression disabled (mean: 2.0082, max: 0.0072)
INFO:b1k.shared.eval_b1k_wrapper:⬅️  Stage went back: 1 → 0 (task 31, step 520)
INFO:b1k.shared.eval_b1k_wrapper:🔧 Gripper variation: Compression disabled (mean: 2.0158, max: 0.0095)
INFO:b1k.shared.eval_b1k_wrapper:🎯 Prediction #30 | Actions: compressed 26→20 | Inpainting: True
INFO:b1k.shared.eval_b1k_wrapper:⬆️  Stage advanced: 0 → 1 (task 31, step 580)
INFO:b1k.shared.eval_b1k_wrapper:📊 Step 600 | Task: 31 | Stage: 1/9 | Predictions: 30
INFO:b1k.shared.eval_b1k_wrapper:🔧 Gripper variation: Compression disabled (mean: 2.0116, max: 0.0069)
INFO:b1k.shared.eval_b1k_wrapper:📊 Step 700 | Task: 31 | Stage: 1/9 | Predictions: 35
INFO:b1k.shared.eval_b1k_wrapper:🎯 Prediction #40 | Actions: compressed 26→20 | Inpainting: True
INFO:b1k.shared.eval_b1k_wrapper:📊 Step 800 | Task: 31 | Stage: 1/9 | Predictions: 40
INFO:b1k.shared.eval_b1k_wrapper:📊 Step 900 | Task: 31 | Stage: 1/9 | Predictions: 45
INFO:b1k.shared.eval_b1k_wrapper:🎯 Prediction #50 | Actions: compressed 26→20 | Inpainting: True
INFO:b1k.shared.eval_b1k_wrapper:📊 Step 1000 | Task: 31 | Stage: 1/9 | Predictions: 50
INFO:b1k.shared.eval_b1k_wrapper:⬆️  Stage advanced: 1 → 2 (task 31, step 1080)
INFO:b1k.shared.eval_b1k_wrapper:📊 Step 1100 | Task: 31 | Stage: 2/9 | Predictions: 55
INFO:b1k.shared.eval_b1k_wrapper:🎯 Prediction #60 | Actions: compressed 26→20 | Inpainting: True
INFO:b1k.shared.eval_b1k_wrapper:📊 Step 1200 | Task: 31 | Stage: 2/9 | Predictions: 60
INFO:b1k.shared.eval_b1k_wrapper:📊 Step 1300 | Task: 31 | Stage: 2/9 | Predictions: 65
INFO:b1k.shared.eval_b1k_wrapper:🎯 Prediction #70 | Actions: compressed 26→20 | Inpainting: True
INFO:b1k.shared.eval_b1k_wrapper:📊 Step 1400 | Task: 31 | Stage: 2/9 | Predictions: 70
INFO:b1k.shared.eval_b1k_wrapper:⬆️  Stage advanced: 2 → 3 (task 31, step 1460)
INFO:b1k.shared.eval_b1k_wrapper:📊 Step 1500 | Task: 31 | Stage: 3/9 | Predictions: 75
INFO:b1k.shared.eval_b1k_wrapper:🎯 Prediction #80 | Actions: compressed 26→20 | Inpainting: True
INFO:b1k.shared.eval_b1k_wrapper:📊 Step 1600 | Task: 31 | Stage: 3/9 | Predictions: 80
INFO:b1k.shared.eval_b1k_wrapper:📊 Step 1700 | Task: 31 | Stage: 3/9 | Predictions: 85
INFO:b1k.shared.eval_b1k_wrapper:🎯 Prediction #90 | Actions: compressed 26→20 | Inpainting: True
INFO:b1k.shared.eval_b1k_wrapper:📊 Step 1800 | Task: 31 | Stage: 3/9 | Predictions: 90
INFO:b1k.shared.eval_b1k_wrapper:📊 Step 1900 | Task: 31 | Stage: 3/9 | Predictions: 95
INFO:b1k.shared.eval_b1k_wrapper:🔧 Gripper variation: Compression disabled (mean: 2.0472, max: 0.0089)
INFO:b1k.shared.eval_b1k_wrapper:🎯 Prediction #100 | Actions: uncompressed (20) | Inpainting: True
INFO:b1k.shared.eval_b1k_wrapper:📊 Step 2000 | Task: 31 | Stage: 3/9 | Predictions: 100
INFO:b1k.shared.eval_b1k_wrapper:📊 Step 2100 | Task: 31 | Stage: 3/9 | Predictions: 105
INFO:b1k.shared.eval_b1k_wrapper:🎯 Prediction #110 | Actions: compressed 26→20 | Inpainting: True
INFO:b1k.shared.eval_b1k_wrapper:📊 Step 2200 | Task: 31 | Stage: 3/9 | Predictions: 110
INFO:b1k.shared.eval_b1k_wrapper:📊 Step 2300 | Task: 31 | Stage: 3/9 | Predictions: 115
INFO:b1k.shared.eval_b1k_wrapper:🎯 Prediction #120 | Actions: compressed 26→20 | Inpainting: True
INFO:b1k.shared.eval_b1k_wrapper:📊 Step 2400 | Task: 31 | Stage: 3/9 | Predictions: 120
INFO:b1k.shared.eval_b1k_wrapper:📊 Step 2500 | Task: 31 | Stage: 3/9 | Predictions: 125
INFO:b1k.shared.eval_b1k_wrapper:🎯 Prediction #130 | Actions: compressed 26→20 | Inpainting: True
INFO:b1k.shared.eval_b1k_wrapper:⬆️  Stage advanced: 3 → 4 (task 31, step 2580)
INFO:b1k.shared.eval_b1k_wrapper:📊 Step 2600 | Task: 31 | Stage: 4/9 | Predictions: 130
INFO:b1k.shared.eval_b1k_wrapper:📊 Step 2700 | Task: 31 | Stage: 4/9 | Predictions: 135
INFO:b1k.shared.eval_b1k_wrapper:🔧 Gripper variation: Compression disabled (mean: 2.0004, max: 0.0072)
INFO:b1k.shared.eval_b1k_wrapper:🎯 Prediction #140 | Actions: compressed 26→20 | Inpainting: True
INFO:b1k.shared.eval_b1k_wrapper:📊 Step 2800 | Task: 31 | Stage: 4/9 | Predictions: 140
INFO:b1k.shared.eval_b1k_wrapper:📊 Step 2900 | Task: 31 | Stage: 4/9 | Predictions: 145
INFO:b1k.shared.eval_b1k_wrapper:🎯 Prediction #150 | Actions: compressed 26→20 | Inpainting: True
INFO:b1k.shared.eval_b1k_wrapper:📊 Step 3000 | Task: 31 | Stage: 4/9 | Predictions: 150
INFO:b1k.shared.eval_b1k_wrapper:📊 Step 3100 | Task: 31 | Stage: 4/9 | Predictions: 155
INFO:b1k.shared.eval_b1k_wrapper:🎯 Prediction #160 | Actions: compressed 26→20 | Inpainting: True
INFO:b1k.shared.eval_b1k_wrapper:📊 Step 3200 | Task: 31 | Stage: 4/9 | Predictions: 160
INFO:b1k.shared.eval_b1k_wrapper:⬆️  Stage advanced: 4 → 5 (task 31, step 3200)
INFO:b1k.shared.eval_b1k_wrapper:📊 Step 3300 | Task: 31 | Stage: 5/9 | Predictions: 165
INFO:b1k.shared.eval_b1k_wrapper:🎯 Prediction #170 | Actions: compressed 26→20 | Inpainting: True
INFO:b1k.shared.eval_b1k_wrapper:📊 Step 3400 | Task: 31 | Stage: 5/9 | Predictions: 170
INFO:b1k.shared.eval_b1k_wrapper:📊 Step 3500 | Task: 31 | Stage: 5/9 | Predictions: 175
INFO:b1k.shared.eval_b1k_wrapper:⬆️  Stage advanced: 5 → 6 (task 31, step 3540)
INFO:b1k.shared.eval_b1k_wrapper:🎯 Prediction #180 | Actions: compressed 26→20 | Inpainting: True
INFO:b1k.shared.eval_b1k_wrapper:📊 Step 3600 | Task: 31 | Stage: 6/9 | Predictions: 180
INFO:b1k.shared.eval_b1k_wrapper:📊 Step 3700 | Task: 31 | Stage: 6/9 | Predictions: 185
INFO:b1k.shared.eval_b1k_wrapper:🎯 Prediction #190 | Actions: compressed 26→20 | Inpainting: True
INFO:b1k.shared.eval_b1k_wrapper:📊 Step 3800 | Task: 31 | Stage: 6/9 | Predictions: 190
INFO:b1k.shared.eval_b1k_wrapper:📊 Step 3900 | Task: 31 | Stage: 6/9 | Predictions: 195
INFO:b1k.shared.eval_b1k_wrapper:🎯 Prediction #200 | Actions: compressed 26→20 | Inpainting: True
INFO:b1k.shared.eval_b1k_wrapper:📊 Step 4000 | Task: 31 | Stage: 6/9 | Predictions: 200
INFO:b1k.shared.eval_b1k_wrapper:📊 Step 4100 | Task: 31 | Stage: 6/9 | Predictions: 205
INFO:b1k.shared.eval_b1k_wrapper:🎯 Prediction #210 | Actions: compressed 26→20 | Inpainting: True
INFO:b1k.shared.eval_b1k_wrapper:📊 Step 4200 | Task: 31 | Stage: 6/9 | Predictions: 210
INFO:b1k.shared.eval_b1k_wrapper:📊 Step 4300 | Task: 31 | Stage: 6/9 | Predictions: 215
INFO:b1k.shared.eval_b1k_wrapper:🎯 Prediction #220 | Actions: compressed 26→20 | Inpainting: True
INFO:b1k.shared.eval_b1k_wrapper:📊 Step 4400 | Task: 31 | Stage: 6/9 | Predictions: 220
INFO:b1k.shared.eval_b1k_wrapper:📊 Step 4500 | Task: 31 | Stage: 6/9 | Predictions: 225
INFO:b1k.shared.eval_b1k_wrapper:🔧 Gripper variation: Compression disabled (mean: 2.0106, max: 0.0072)
INFO:b1k.shared.eval_b1k_wrapper:⏭️  Stage skipped: 6 → 7 (task 31, step 4540)
INFO:b1k.shared.eval_b1k_wrapper:🎯 Prediction #230 | Actions: compressed 26→20 | Inpainting: True
INFO:b1k.shared.eval_b1k_wrapper:📊 Step 4600 | Task: 31 | Stage: 7/9 | Predictions: 230
INFO:b1k.shared.eval_b1k_wrapper:⬆️  Stage advanced: 7 → 8 (task 31, step 4600)
INFO:b1k.shared.eval_b1k_wrapper:📊 Step 4700 | Task: 31 | Stage: 8/9 | Predictions: 235
INFO:b1k.shared.eval_b1k_wrapper:🎯 Prediction #240 | Actions: compressed 26→20 | Inpainting: True
INFO:b1k.shared.eval_b1k_wrapper:📊 Step 4800 | Task: 31 | Stage: 8/9 | Predictions: 240
INFO:b1k.shared.eval_b1k_wrapper:⬅️  Stage went back: 8 → 7 (task 31, step 4840)
INFO:b1k.shared.eval_b1k_wrapper:📊 Step 4900 | Task: 31 | Stage: 7/9 | Predictions: 245
INFO:b1k.shared.eval_b1k_wrapper:🎯 Prediction #250 | Actions: compressed 26→20 | Inpainting: True
INFO:b1k.shared.eval_b1k_wrapper:📊 Step 5000 | Task: 31 | Stage: 7/9 | Predictions: 250
INFO:b1k.shared.eval_b1k_wrapper:⬆️  Stage advanced: 7 → 8 (task 31, step 5020)
INFO:b1k.shared.eval_b1k_wrapper:📊 Step 5100 | Task: 31 | Stage: 8/9 | Predictions: 255
INFO:b1k.shared.eval_b1k_wrapper:🎯 Prediction #260 | Actions: compressed 26→20 | Inpainting: True
INFO:b1k.shared.eval_b1k_wrapper:📊 Step 5200 | Task: 31 | Stage: 8/9 | Predictions: 260
INFO:b1k.shared.eval_b1k_wrapper:📊 Step 5300 | Task: 31 | Stage: 8/9 | Predictions: 265
INFO:b1k.shared.eval_b1k_wrapper:🎯 Prediction #270 | Actions: compressed 26→20 | Inpainting: True
INFO:b1k.shared.eval_b1k_wrapper:📊 Step 5400 | Task: 31 | Stage: 8/9 | Predictions: 270
INFO:b1k.shared.eval_b1k_wrapper:📊 Step 5500 | Task: 31 | Stage: 8/9 | Predictions: 275
INFO:b1k.shared.eval_b1k_wrapper:🎯 Prediction #280 | Actions: compressed 26→20 | Inpainting: True
INFO:b1k.shared.eval_b1k_wrapper:📊 Step 5600 | Task: 31 | Stage: 8/9 | Predictions: 280
INFO:b1k.shared.eval_b1k_wrapper:⬆️  Stage advanced: 8 → 9 (task 31, step 5660)
INFO:b1k.shared.eval_b1k_wrapper:🔧 Gripper variation: Compression disabled (mean: 0.0134, max: 2.0097)
INFO:b1k.shared.eval_b1k_wrapper:📊 Step 5700 | Task: 31 | Stage: 9/9 | Predictions: 285
INFO:b1k.shared.eval_b1k_wrapper:🎯 Prediction #290 | Actions: compressed 26→20 | Inpainting: True
INFO:b1k.shared.eval_b1k_wrapper:📊 Step 5800 | Task: 31 | Stage: 9/9 | Predictions: 290
INFO:b1k.shared.eval_b1k_wrapper:📊 Step 5900 | Task: 31 | Stage: 9/9 | Predictions: 295
INFO:b1k.shared.eval_b1k_wrapper:🎯 Prediction #300 | Actions: compressed 26→20 | Inpainting: True
INFO:b1k.shared.eval_b1k_wrapper:📊 Step 6000 | Task: 31 | Stage: 9/9 | Predictions: 300
INFO:b1k.shared.eval_b1k_wrapper:🔧 Gripper variation: Compression disabled (mean: 0.0128, max: 2.0118)
INFO:b1k.shared.eval_b1k_wrapper:📊 Step 6100 | Task: 31 | Stage: 9/9 | Predictions: 305
INFO:b1k.shared.eval_b1k_wrapper:🎯 Prediction #310 | Actions: compressed 26→20 | Inpainting: True
INFO:b1k.shared.eval_b1k_wrapper:📊 Step 6200 | Task: 31 | Stage: 9/9 | Predictions: 310
INFO:b1k.shared.eval_b1k_wrapper:📊 Step 6300 | Task: 31 | Stage: 9/9 | Predictions: 315
INFO:b1k.shared.eval_b1k_wrapper:🎯 Prediction #320 | Actions: compressed 26→20 | Inpainting: True
INFO:b1k.shared.eval_b1k_wrapper:📊 Step 6400 | Task: 31 | Stage: 9/9 | Predictions: 320
INFO:b1k.shared.eval_b1k_wrapper:📊 Step 6500 | Task: 31 | Stage: 9/9 | Predictions: 325
INFO:b1k.shared.eval_b1k_wrapper:🎯 Prediction #330 | Actions: compressed 26→20 | Inpainting: True
INFO:b1k.shared.eval_b1k_wrapper:📊 Step 6600 | Task: 31 | Stage: 9/9 | Predictions: 330
INFO:b1k.shared.eval_b1k_wrapper:📊 Step 6700 | Task: 31 | Stage: 9/9 | Predictions: 335
INFO:b1k.shared.eval_b1k_wrapper:🎯 Prediction #340 | Actions: compressed 26→20 | Inpainting: True
INFO:b1k.shared.eval_b1k_wrapper:📊 Step 6800 | Task: 31 | Stage: 9/9 | Predictions: 340
INFO:b1k.shared.eval_b1k_wrapper:📊 Step 6900 | Task: 31 | Stage: 9/9 | Predictions: 345
INFO:b1k.shared.eval_b1k_wrapper:🎯 Prediction #350 | Actions: compressed 26→20 | Inpainting: True
INFO:b1k.shared.eval_b1k_wrapper:📊 Step 7000 | Task: 31 | Stage: 9/9 | Predictions: 350
INFO:b1k.shared.eval_b1k_wrapper:📊 Step 7100 | Task: 31 | Stage: 9/9 | Predictions: 355
INFO:b1k.shared.eval_b1k_wrapper:🎯 Prediction #360 | Actions: compressed 26→20 | Inpainting: True
INFO:b1k.shared.eval_b1k_wrapper:📊 Step 7200 | Task: 31 | Stage: 9/9 | Predictions: 360
INFO:b1k.shared.eval_b1k_wrapper:📊 Step 7300 | Task: 31 | Stage: 9/9 | Predictions: 365
INFO:b1k.shared.eval_b1k_wrapper:🎯 Prediction #370 | Actions: compressed 26→20 | Inpainting: True
INFO:b1k.shared.eval_b1k_wrapper:📊 Step 7400 | Task: 31 | Stage: 9/9 | Predictions: 370
INFO:b1k.shared.eval_b1k_wrapper:📊 Step 7500 | Task: 31 | Stage: 9/9 | Predictions: 375
INFO:b1k.shared.eval_b1k_wrapper:🎯 Prediction #380 | Actions: compressed 26→20 | Inpainting: True
INFO:b1k.shared.eval_b1k_wrapper:📊 Step 7600 | Task: 31 | Stage: 9/9 | Predictions: 380
INFO:b1k.shared.eval_b1k_wrapper:📊 Step 7700 | Task: 31 | Stage: 9/9 | Predictions: 385
INFO:b1k.shared.eval_b1k_wrapper:🎯 Prediction #390 | Actions: compressed 26→20 | Inpainting: True
INFO:b1k.shared.eval_b1k_wrapper:📊 Step 7800 | Task: 31 | Stage: 9/9 | Predictions: 390
INFO:b1k.shared.eval_b1k_wrapper:📊 Step 7900 | Task: 31 | Stage: 9/9 | Predictions: 395
INFO:b1k.shared.eval_b1k_wrapper:🎯 Prediction #400 | Actions: compressed 26→20 | Inpainting: True
INFO:b1k.shared.eval_b1k_wrapper:📊 Step 8000 | Task: 31 | Stage: 9/9 | Predictions: 400
INFO:b1k.shared.eval_b1k_wrapper:📊 Step 8100 | Task: 31 | Stage: 9/9 | Predictions: 405
INFO:b1k.shared.eval_b1k_wrapper:🎯 Prediction #410 | Actions: compressed 26→20 | Inpainting: True
INFO:b1k.shared.eval_b1k_wrapper:📊 Step 8200 | Task: 31 | Stage: 9/9 | Predictions: 410
INFO:b1k.shared.eval_b1k_wrapper:📊 Step 8300 | Task: 31 | Stage: 9/9 | Predictions: 415
INFO:b1k.shared.eval_b1k_wrapper:🎯 Prediction #420 | Actions: compressed 26→20 | Inpainting: True
INFO:b1k.shared.eval_b1k_wrapper:📊 Step 8400 | Task: 31 | Stage: 9/9 | Predictions: 420
INFO:b1k.shared.eval_b1k_wrapper:📊 Step 8500 | Task: 31 | Stage: 9/9 | Predictions: 425
INFO:b1k.shared.eval_b1k_wrapper:🎯 Prediction #430 | Actions: compressed 26→20 | Inpainting: True
INFO:b1k.shared.eval_b1k_wrapper:📊 Step 8600 | Task: 31 | Stage: 9/9 | Predictions: 430
INFO:b1k.shared.eval_b1k_wrapper:📊 Step 8700 | Task: 31 | Stage: 9/9 | Predictions: 435
INFO:b1k.shared.eval_b1k_wrapper:🎯 Prediction #440 | Actions: compressed 26→20 | Inpainting: True
INFO:b1k.shared.eval_b1k_wrapper:📊 Step 8800 | Task: 31 | Stage: 9/9 | Predictions: 440
INFO:b1k.shared.eval_b1k_wrapper:📊 Step 8900 | Task: 31 | Stage: 9/9 | Predictions: 445
INFO:b1k.shared.eval_b1k_wrapper:🎯 Prediction #450 | Actions: compressed 26→20 | Inpainting: True
INFO:b1k.shared.eval_b1k_wrapper:📊 Step 9000 | Task: 31 | Stage: 9/9 | Predictions: 450
INFO:b1k.shared.eval_b1k_wrapper:📊 Step 9100 | Task: 31 | Stage: 9/9 | Predictions: 455
INFO:b1k.shared.eval_b1k_wrapper:🎯 Prediction #460 | Actions: compressed 26→20 | Inpainting: True
INFO:b1k.shared.eval_b1k_wrapper:📊 Step 9200 | Task: 31 | Stage: 9/9 | Predictions: 460
INFO:b1k.shared.eval_b1k_wrapper:📊 Step 9300 | Task: 31 | Stage: 9/9 | Predictions: 465
INFO:b1k.shared.eval_b1k_wrapper:🎯 Prediction #470 | Actions: compressed 26→20 | Inpainting: True
INFO:b1k.shared.eval_b1k_wrapper:📊 Step 9400 | Task: 31 | Stage: 9/9 | Predictions: 470
INFO:b1k.shared.eval_b1k_wrapper:📊 Step 9500 | Task: 31 | Stage: 9/9 | Predictions: 475
INFO:b1k.shared.eval_b1k_wrapper:🎯 Prediction #480 | Actions: compressed 26→20 | Inpainting: True
INFO:b1k.shared.eval_b1k_wrapper:📊 Step 9600 | Task: 31 | Stage: 9/9 | Predictions: 480
INFO:b1k.shared.eval_b1k_wrapper:📊 Step 9700 | Task: 31 | Stage: 9/9 | Predictions: 485
INFO:b1k.shared.eval_b1k_wrapper:🎯 Prediction #490 | Actions: compressed 26→20 | Inpainting: True
INFO:b1k.shared.eval_b1k_wrapper:📊 Step 9800 | Task: 31 | Stage: 9/9 | Predictions: 490
INFO:b1k.shared.eval_b1k_wrapper:📊 Step 9900 | Task: 31 | Stage: 9/9 | Predictions: 495
INFO:b1k.shared.eval_b1k_wrapper:🎯 Prediction #500 | Actions: compressed 26→20 | Inpainting: True
INFO:b1k.shared.eval_b1k_wrapper:📊 Step 10000 | Task: 31 | Stage: 9/9 | Predictions: 500
INFO:b1k.shared.eval_b1k_wrapper:📊 Step 10100 | Task: 31 | Stage: 9/9 | Predictions: 505
INFO:b1k.shared.eval_b1k_wrapper:🎯 Prediction #510 | Actions: compressed 26→20 | Inpainting: True
INFO:b1k.shared.eval_b1k_wrapper:📊 Step 10200 | Task: 31 | Stage: 9/9 | Predictions: 510
INFO:b1k.shared.eval_b1k_wrapper:📊 Step 10300 | Task: 31 | Stage: 9/9 | Predictions: 515
INFO:b1k.shared.eval_b1k_wrapper:🎯 Prediction #520 | Actions: compressed 26→20 | Inpainting: True
INFO:b1k.shared.eval_b1k_wrapper:📊 Step 10400 | Task: 31 | Stage: 9/9 | Predictions: 520
INFO:b1k.shared.eval_b1k_wrapper:📊 Step 10500 | Task: 31 | Stage: 9/9 | Predictions: 525
INFO:b1k.shared.eval_b1k_wrapper:🎯 Prediction #530 | Actions: compressed 26→20 | Inpainting: True
INFO:b1k.shared.eval_b1k_wrapper:📊 Step 10600 | Task: 31 | Stage: 9/9 | Predictions: 530
INFO:b1k.shared.eval_b1k_wrapper:📊 Step 10700 | Task: 31 | Stage: 9/9 | Predictions: 535
INFO:b1k.shared.eval_b1k_wrapper:🎯 Prediction #540 | Actions: compressed 26→20 | Inpainting: True
INFO:b1k.shared.eval_b1k_wrapper:📊 Step 10800 | Task: 31 | Stage: 9/9 | Predictions: 540
INFO:b1k.shared.eval_b1k_wrapper:📊 Step 10900 | Task: 31 | Stage: 9/9 | Predictions: 545
INFO:b1k.shared.eval_b1k_wrapper:🎯 Prediction #550 | Actions: compressed 26→20 | Inpainting: True
INFO:b1k.shared.eval_b1k_wrapper:📊 Step 11000 | Task: 31 | Stage: 9/9 | Predictions: 550
INFO:b1k.shared.eval_b1k_wrapper:📊 Step 11100 | Task: 31 | Stage: 9/9 | Predictions: 555
INFO:b1k.shared.eval_b1k_wrapper:🎯 Prediction #560 | Actions: compressed 26→20 | Inpainting: True
INFO:b1k.shared.eval_b1k_wrapper:📊 Step 11200 | Task: 31 | Stage: 9/9 | Predictions: 560
INFO:b1k.shared.eval_b1k_wrapper:📊 Step 11300 | Task: 31 | Stage: 9/9 | Predictions: 565
INFO:b1k.shared.eval_b1k_wrapper:🎯 Prediction #570 | Actions: compressed 26→20 | Inpainting: True
INFO:b1k.shared.eval_b1k_wrapper:📊 Step 11400 | Task: 31 | Stage: 9/9 | Predictions: 570
INFO:b1k.shared.eval_b1k_wrapper:📊 Step 11500 | Task: 31 | Stage: 9/9 | Predictions: 575
INFO:b1k.shared.eval_b1k_wrapper:🎯 Prediction #580 | Actions: compressed 26→20 | Inpainting: True
INFO:b1k.shared.eval_b1k_wrapper:📊 Step 11600 | Task: 31 | Stage: 9/9 | Predictions: 580
INFO:b1k.shared.eval_b1k_wrapper:📊 Step 11700 | Task: 31 | Stage: 9/9 | Predictions: 585
INFO:b1k.shared.eval_b1k_wrapper:🎯 Prediction #590 | Actions: compressed 26→20 | Inpainting: True
INFO:b1k.shared.eval_b1k_wrapper:📊 Step 11800 | Task: 31 | Stage: 9/9 | Predictions: 590
INFO:b1k.shared.eval_b1k_wrapper:📊 Step 11900 | Task: 31 | Stage: 9/9 | Predictions: 595
INFO:b1k.shared.eval_b1k_wrapper:🎯 Prediction #600 | Actions: compressed 26→20 | Inpainting: True
INFO:b1k.shared.eval_b1k_wrapper:📊 Step 12000 | Task: 31 | Stage: 9/9 | Predictions: 600
INFO:b1k.shared.eval_b1k_wrapper:📊 Step 12100 | Task: 31 | Stage: 9/9 | Predictions: 605
INFO:b1k.shared.eval_b1k_wrapper:🎯 Prediction #610 | Actions: compressed 26→20 | Inpainting: True
INFO:b1k.shared.eval_b1k_wrapper:📊 Step 12200 | Task: 31 | Stage: 9/9 | Predictions: 610
INFO:b1k.shared.eval_b1k_wrapper:📊 Step 12300 | Task: 31 | Stage: 9/9 | Predictions: 615
INFO:websockets.server:connection closed
INFO:omnigibson.learning.utils.network_utils:Connection from ('127.0.0.1', 50764) closed
INFO:websockets.server:HTTP response sent (200 OK)
INFO:websockets.server:connection closed
INFO:websockets.server:connection open
INFO:omnigibson.learning.utils.network_utils:Connection from ('127.0.0.1', 50682) opened
INFO:b1k.shared.eval_b1k_wrapper:Policy reset - Task ID: 31, Action horizon: 30
INFO:b1k.shared.eval_b1k_wrapper:📊 Step 100 | Task: 31 | Stage: 0/9 | Predictions: 5
INFO:b1k.shared.eval_b1k_wrapper:🎯 Prediction #10 | Actions: compressed 26→20 | Inpainting: True
INFO:b1k.shared.eval_b1k_wrapper:📊 Step 200 | Task: 31 | Stage: 0/9 | Predictions: 10
INFO:b1k.shared.eval_b1k_wrapper:🔧 Gripper variation: Compression disabled (mean: 0.0092, max: 1.9928)
INFO:b1k.shared.eval_b1k_wrapper:📊 Step 300 | Task: 31 | Stage: 0/9 | Predictions: 15
INFO:b1k.shared.correction_rules:🔧 GENERAL GRIPPER CORRECTION: Task 31, Stage 0
INFO:b1k.shared.correction_rules:   Right gripper closed (-0.9943) → Opening to 1.0
INFO:b1k.shared.eval_b1k_wrapper:🔧 Correction rule: Actions modified (max diff: 2.0199, task 31, stage 0)
INFO:b1k.shared.eval_b1k_wrapper:🔧 Gripper variation: Compression disabled (mean: 0.6564, max: 1.8059)
INFO:b1k.shared.correction_rules:🔧 GENERAL GRIPPER CORRECTION: Task 31, Stage 0
INFO:b1k.shared.correction_rules:   Right gripper closed (-0.9883) → Opening to 1.0
INFO:b1k.shared.eval_b1k_wrapper:🔧 Correction rule: Actions modified (max diff: 2.0045, task 31, stage 0)
INFO:b1k.shared.eval_b1k_wrapper:🎯 Prediction #20 | Actions: compressed 26→20 | Inpainting: True
INFO:b1k.shared.eval_b1k_wrapper:📊 Step 400 | Task: 31 | Stage: 0/9 | Predictions: 20
INFO:b1k.shared.eval_b1k_wrapper:🔧 Gripper variation: Compression disabled (mean: 0.0072, max: 1.9993)
INFO:b1k.shared.correction_rules:🔧 GENERAL GRIPPER CORRECTION: Task 31, Stage 0
INFO:b1k.shared.correction_rules:   Right gripper closed (-0.9974) → Opening to 1.0
INFO:b1k.shared.eval_b1k_wrapper:🔧 Correction rule: Actions modified (max diff: 2.0112, task 31, stage 0)
INFO:b1k.shared.eval_b1k_wrapper:🔧 Gripper variation: Compression disabled (mean: 0.0613, max: 1.9622)
INFO:b1k.shared.correction_rules:🔧 GENERAL GRIPPER CORRECTION: Task 31, Stage 0
INFO:b1k.shared.correction_rules:   Right gripper closed (-0.9945) → Opening to 1.0
INFO:b1k.shared.eval_b1k_wrapper:🔧 Correction rule: Actions modified (max diff: 2.0047, task 31, stage 0)
INFO:b1k.shared.eval_b1k_wrapper:📊 Step 500 | Task: 31 | Stage: 0/9 | Predictions: 25
INFO:b1k.shared.eval_b1k_wrapper:🔧 Gripper variation: Compression disabled (mean: 0.0202, max: 1.8650)
INFO:b1k.shared.correction_rules:🔧 GENERAL GRIPPER CORRECTION: Task 31, Stage 0
INFO:b1k.shared.correction_rules:   Right gripper closed (-0.9936) → Opening to 1.0
INFO:b1k.shared.eval_b1k_wrapper:🔧 Correction rule: Actions modified (max diff: 2.0027, task 31, stage 0)
INFO:b1k.shared.eval_b1k_wrapper:🔧 Gripper variation: Compression disabled (mean: 0.0074, max: 2.0120)
INFO:b1k.shared.correction_rules:🔧 GENERAL GRIPPER CORRECTION: Task 31, Stage 0
INFO:b1k.shared.correction_rules:   Right gripper closed (-0.9983) → Opening to 1.0
INFO:b1k.shared.eval_b1k_wrapper:🔧 Correction rule: Actions modified (max diff: 2.0070, task 31, stage 0)
INFO:b1k.shared.eval_b1k_wrapper:🎯 Prediction #30 | Actions: compressed 26→20 | Inpainting: True
INFO:b1k.shared.eval_b1k_wrapper:📊 Step 600 | Task: 31 | Stage: 0/9 | Predictions: 30
INFO:b1k.shared.eval_b1k_wrapper:🔧 Gripper variation: Compression disabled (mean: 0.0036, max: 2.0006)
INFO:b1k.shared.correction_rules:🔧 GENERAL GRIPPER CORRECTION: Task 31, Stage 0
INFO:b1k.shared.correction_rules:   Right gripper closed (-1.0000) → Opening to 1.0
INFO:b1k.shared.eval_b1k_wrapper:🔧 Correction rule: Actions modified (max diff: 2.0105, task 31, stage 0)
INFO:b1k.shared.eval_b1k_wrapper:🔧 Gripper variation: Compression disabled (mean: 0.1643, max: 0.6001)
INFO:b1k.shared.eval_b1k_wrapper:📊 Step 700 | Task: 31 | Stage: 0/9 | Predictions: 35
INFO:b1k.shared.eval_b1k_wrapper:🎯 Prediction #40 | Actions: compressed 26→20 | Inpainting: True
INFO:b1k.shared.eval_b1k_wrapper:📊 Step 800 | Task: 31 | Stage: 0/9 | Predictions: 40
INFO:b1k.shared.eval_b1k_wrapper:📊 Step 900 | Task: 31 | Stage: 0/9 | Predictions: 45
INFO:b1k.shared.eval_b1k_wrapper:🎯 Prediction #50 | Actions: compressed 26→20 | Inpainting: True
INFO:b1k.shared.eval_b1k_wrapper:📊 Step 1000 | Task: 31 | Stage: 0/9 | Predictions: 50
INFO:b1k.shared.eval_b1k_wrapper:📊 Step 1100 | Task: 31 | Stage: 0/9 | Predictions: 55
INFO:b1k.shared.eval_b1k_wrapper:🎯 Prediction #60 | Actions: compressed 26→20 | Inpainting: True
INFO:b1k.shared.eval_b1k_wrapper:📊 Step 1200 | Task: 31 | Stage: 0/9 | Predictions: 60
INFO:b1k.shared.eval_b1k_wrapper:📊 Step 1300 | Task: 31 | Stage: 0/9 | Predictions: 65
INFO:b1k.shared.eval_b1k_wrapper:🎯 Prediction #70 | Actions: compressed 26→20 | Inpainting: True
INFO:b1k.shared.eval_b1k_wrapper:📊 Step 1400 | Task: 31 | Stage: 0/9 | Predictions: 70
INFO:b1k.shared.eval_b1k_wrapper:📊 Step 1500 | Task: 31 | Stage: 0/9 | Predictions: 75
INFO:b1k.shared.eval_b1k_wrapper:🎯 Prediction #80 | Actions: compressed 26→20 | Inpainting: True
INFO:b1k.shared.eval_b1k_wrapper:📊 Step 1600 | Task: 31 | Stage: 0/9 | Predictions: 80
INFO:b1k.shared.eval_b1k_wrapper:📊 Step 1700 | Task: 31 | Stage: 0/9 | Predictions: 85
INFO:b1k.shared.eval_b1k_wrapper:🎯 Prediction #90 | Actions: compressed 26→20 | Inpainting: True
INFO:b1k.shared.eval_b1k_wrapper:📊 Step 1800 | Task: 31 | Stage: 0/9 | Predictions: 90
INFO:b1k.shared.eval_b1k_wrapper:📊 Step 1900 | Task: 31 | Stage: 0/9 | Predictions: 95
INFO:b1k.shared.eval_b1k_wrapper:🎯 Prediction #100 | Actions: compressed 26→20 | Inpainting: True
INFO:b1k.shared.eval_b1k_wrapper:📊 Step 2000 | Task: 31 | Stage: 0/9 | Predictions: 100
INFO:b1k.shared.eval_b1k_wrapper:📊 Step 2100 | Task: 31 | Stage: 0/9 | Predictions: 105
INFO:b1k.shared.eval_b1k_wrapper:🎯 Prediction #110 | Actions: compressed 26→20 | Inpainting: True
INFO:b1k.shared.eval_b1k_wrapper:📊 Step 2200 | Task: 31 | Stage: 0/9 | Predictions: 110
INFO:b1k.shared.eval_b1k_wrapper:📊 Step 2300 | Task: 31 | Stage: 0/9 | Predictions: 115
INFO:b1k.shared.eval_b1k_wrapper:🎯 Prediction #120 | Actions: compressed 26→20 | Inpainting: True
INFO:b1k.shared.eval_b1k_wrapper:📊 Step 2400 | Task: 31 | Stage: 0/9 | Predictions: 120
INFO:b1k.shared.eval_b1k_wrapper:📊 Step 2500 | Task: 31 | Stage: 0/9 | Predictions: 125
INFO:b1k.shared.eval_b1k_wrapper:🎯 Prediction #130 | Actions: compressed 26→20 | Inpainting: True
INFO:b1k.shared.eval_b1k_wrapper:📊 Step 2600 | Task: 31 | Stage: 0/9 | Predictions: 130
INFO:b1k.shared.eval_b1k_wrapper:📊 Step 2700 | Task: 31 | Stage: 0/9 | Predictions: 135
INFO:b1k.shared.eval_b1k_wrapper:🎯 Prediction #140 | Actions: compressed 26→20 | Inpainting: True
INFO:b1k.shared.eval_b1k_wrapper:📊 Step 2800 | Task: 31 | Stage: 0/9 | Predictions: 140
INFO:b1k.shared.eval_b1k_wrapper:📊 Step 2900 | Task: 31 | Stage: 0/9 | Predictions: 145
INFO:b1k.shared.eval_b1k_wrapper:🎯 Prediction #150 | Actions: compressed 26→20 | Inpainting: True
INFO:b1k.shared.eval_b1k_wrapper:📊 Step 3000 | Task: 31 | Stage: 0/9 | Predictions: 150
INFO:b1k.shared.eval_b1k_wrapper:📊 Step 3100 | Task: 31 | Stage: 0/9 | Predictions: 155
INFO:b1k.shared.eval_b1k_wrapper:🎯 Prediction #160 | Actions: compressed 26→20 | Inpainting: True
INFO:b1k.shared.eval_b1k_wrapper:📊 Step 3200 | Task: 31 | Stage: 0/9 | Predictions: 160
INFO:b1k.shared.eval_b1k_wrapper:📊 Step 3300 | Task: 31 | Stage: 0/9 | Predictions: 165
INFO:b1k.shared.eval_b1k_wrapper:🎯 Prediction #170 | Actions: compressed 26→20 | Inpainting: True
INFO:b1k.shared.eval_b1k_wrapper:📊 Step 3400 | Task: 31 | Stage: 0/9 | Predictions: 170
INFO:b1k.shared.eval_b1k_wrapper:📊 Step 3500 | Task: 31 | Stage: 0/9 | Predictions: 175
INFO:b1k.shared.eval_b1k_wrapper:🎯 Prediction #180 | Actions: compressed 26→20 | Inpainting: True
INFO:b1k.shared.eval_b1k_wrapper:📊 Step 3600 | Task: 31 | Stage: 0/9 | Predictions: 180
INFO:b1k.shared.eval_b1k_wrapper:📊 Step 3700 | Task: 31 | Stage: 0/9 | Predictions: 185
INFO:b1k.shared.eval_b1k_wrapper:🎯 Prediction #190 | Actions: compressed 26→20 | Inpainting: True
INFO:b1k.shared.eval_b1k_wrapper:📊 Step 3800 | Task: 31 | Stage: 0/9 | Predictions: 190
INFO:b1k.shared.eval_b1k_wrapper:📊 Step 3900 | Task: 31 | Stage: 0/9 | Predictions: 195
INFO:b1k.shared.eval_b1k_wrapper:🎯 Prediction #200 | Actions: compressed 26→20 | Inpainting: True
INFO:b1k.shared.eval_b1k_wrapper:📊 Step 4000 | Task: 31 | Stage: 0/9 | Predictions: 200
INFO:b1k.shared.eval_b1k_wrapper:📊 Step 4100 | Task: 31 | Stage: 0/9 | Predictions: 205
INFO:b1k.shared.eval_b1k_wrapper:🎯 Prediction #210 | Actions: compressed 26→20 | Inpainting: True
INFO:b1k.shared.eval_b1k_wrapper:📊 Step 4200 | Task: 31 | Stage: 0/9 | Predictions: 210
INFO:b1k.shared.eval_b1k_wrapper:📊 Step 4300 | Task: 31 | Stage: 0/9 | Predictions: 215
INFO:b1k.shared.eval_b1k_wrapper:🎯 Prediction #220 | Actions: compressed 26→20 | Inpainting: True
INFO:b1k.shared.eval_b1k_wrapper:📊 Step 4400 | Task: 31 | Stage: 0/9 | Predictions: 220
INFO:b1k.shared.eval_b1k_wrapper:📊 Step 4500 | Task: 31 | Stage: 0/9 | Predictions: 225
INFO:b1k.shared.eval_b1k_wrapper:🎯 Prediction #230 | Actions: compressed 26→20 | Inpainting: True
INFO:b1k.shared.eval_b1k_wrapper:📊 Step 4600 | Task: 31 | Stage: 0/9 | Predictions: 230
INFO:b1k.shared.eval_b1k_wrapper:📊 Step 4700 | Task: 31 | Stage: 0/9 | Predictions: 235
INFO:b1k.shared.eval_b1k_wrapper:🎯 Prediction #240 | Actions: compressed 26→20 | Inpainting: True
INFO:b1k.shared.eval_b1k_wrapper:📊 Step 4800 | Task: 31 | Stage: 0/9 | Predictions: 240
INFO:b1k.shared.eval_b1k_wrapper:📊 Step 4900 | Task: 31 | Stage: 0/9 | Predictions: 245
INFO:b1k.shared.eval_b1k_wrapper:🎯 Prediction #250 | Actions: compressed 26→20 | Inpainting: True
INFO:b1k.shared.eval_b1k_wrapper:📊 Step 5000 | Task: 31 | Stage: 0/9 | Predictions: 250
INFO:b1k.shared.eval_b1k_wrapper:📊 Step 5100 | Task: 31 | Stage: 0/9 | Predictions: 255
INFO:b1k.shared.eval_b1k_wrapper:🎯 Prediction #260 | Actions: compressed 26→20 | Inpainting: True
INFO:b1k.shared.eval_b1k_wrapper:📊 Step 5200 | Task: 31 | Stage: 0/9 | Predictions: 260
INFO:b1k.shared.eval_b1k_wrapper:📊 Step 5300 | Task: 31 | Stage: 0/9 | Predictions: 265
INFO:b1k.shared.eval_b1k_wrapper:🎯 Prediction #270 | Actions: compressed 26→20 | Inpainting: True
INFO:b1k.shared.eval_b1k_wrapper:📊 Step 5400 | Task: 31 | Stage: 0/9 | Predictions: 270
INFO:b1k.shared.eval_b1k_wrapper:📊 Step 5500 | Task: 31 | Stage: 0/9 | Predictions: 275
INFO:b1k.shared.eval_b1k_wrapper:🎯 Prediction #280 | Actions: compressed 26→20 | Inpainting: True
INFO:b1k.shared.eval_b1k_wrapper:📊 Step 5600 | Task: 31 | Stage: 0/9 | Predictions: 280
INFO:b1k.shared.eval_b1k_wrapper:📊 Step 5700 | Task: 31 | Stage: 0/9 | Predictions: 285
INFO:b1k.shared.eval_b1k_wrapper:🎯 Prediction #290 | Actions: compressed 26→20 | Inpainting: True
INFO:b1k.shared.eval_b1k_wrapper:📊 Step 5800 | Task: 31 | Stage: 0/9 | Predictions: 290
INFO:b1k.shared.eval_b1k_wrapper:📊 Step 5900 | Task: 31 | Stage: 0/9 | Predictions: 295
INFO:b1k.shared.eval_b1k_wrapper:🎯 Prediction #300 | Actions: compressed 26→20 | Inpainting: True
INFO:b1k.shared.eval_b1k_wrapper:📊 Step 6000 | Task: 31 | Stage: 0/9 | Predictions: 300
INFO:b1k.shared.eval_b1k_wrapper:📊 Step 6100 | Task: 31 | Stage: 0/9 | Predictions: 305
INFO:b1k.shared.eval_b1k_wrapper:🎯 Prediction #310 | Actions: compressed 26→20 | Inpainting: True
INFO:b1k.shared.eval_b1k_wrapper:📊 Step 6200 | Task: 31 | Stage: 0/9 | Predictions: 310
INFO:b1k.shared.eval_b1k_wrapper:📊 Step 6300 | Task: 31 | Stage: 0/9 | Predictions: 315
INFO:b1k.shared.eval_b1k_wrapper:🎯 Prediction #320 | Actions: compressed 26→20 | Inpainting: True
INFO:b1k.shared.eval_b1k_wrapper:📊 Step 6400 | Task: 31 | Stage: 0/9 | Predictions: 320
INFO:b1k.shared.eval_b1k_wrapper:📊 Step 6500 | Task: 31 | Stage: 0/9 | Predictions: 325
INFO:b1k.shared.eval_b1k_wrapper:🎯 Prediction #330 | Actions: compressed 26→20 | Inpainting: True
INFO:b1k.shared.eval_b1k_wrapper:📊 Step 6600 | Task: 31 | Stage: 0/9 | Predictions: 330
INFO:b1k.shared.eval_b1k_wrapper:📊 Step 6700 | Task: 31 | Stage: 0/9 | Predictions: 335
INFO:b1k.shared.eval_b1k_wrapper:🎯 Prediction #340 | Actions: compressed 26→20 | Inpainting: True
INFO:b1k.shared.eval_b1k_wrapper:📊 Step 6800 | Task: 31 | Stage: 0/9 | Predictions: 340
INFO:b1k.shared.eval_b1k_wrapper:📊 Step 6900 | Task: 31 | Stage: 0/9 | Predictions: 345
INFO:b1k.shared.eval_b1k_wrapper:🎯 Prediction #350 | Actions: compressed 26→20 | Inpainting: True
INFO:b1k.shared.eval_b1k_wrapper:📊 Step 7000 | Task: 31 | Stage: 0/9 | Predictions: 350
INFO:b1k.shared.eval_b1k_wrapper:📊 Step 7100 | Task: 31 | Stage: 0/9 | Predictions: 355
INFO:b1k.shared.eval_b1k_wrapper:🎯 Prediction #360 | Actions: compressed 26→20 | Inpainting: True
INFO:b1k.shared.eval_b1k_wrapper:📊 Step 7200 | Task: 31 | Stage: 0/9 | Predictions: 360
INFO:b1k.shared.eval_b1k_wrapper:📊 Step 7300 | Task: 31 | Stage: 0/9 | Predictions: 365
INFO:b1k.shared.eval_b1k_wrapper:🎯 Prediction #370 | Actions: compressed 26→20 | Inpainting: True
INFO:b1k.shared.eval_b1k_wrapper:📊 Step 7400 | Task: 31 | Stage: 0/9 | Predictions: 370
INFO:b1k.shared.eval_b1k_wrapper:📊 Step 7500 | Task: 31 | Stage: 0/9 | Predictions: 375
INFO:b1k.shared.eval_b1k_wrapper:🎯 Prediction #380 | Actions: compressed 26→20 | Inpainting: True
INFO:b1k.shared.eval_b1k_wrapper:📊 Step 7600 | Task: 31 | Stage: 0/9 | Predictions: 380
INFO:b1k.shared.eval_b1k_wrapper:📊 Step 7700 | Task: 31 | Stage: 0/9 | Predictions: 385
INFO:b1k.shared.eval_b1k_wrapper:🎯 Prediction #390 | Actions: compressed 26→20 | Inpainting: True
INFO:b1k.shared.eval_b1k_wrapper:📊 Step 7800 | Task: 31 | Stage: 0/9 | Predictions: 390
INFO:b1k.shared.eval_b1k_wrapper:📊 Step 7900 | Task: 31 | Stage: 0/9 | Predictions: 395
INFO:b1k.shared.eval_b1k_wrapper:🎯 Prediction #400 | Actions: compressed 26→20 | Inpainting: True
INFO:b1k.shared.eval_b1k_wrapper:📊 Step 8000 | Task: 31 | Stage: 0/9 | Predictions: 400
INFO:b1k.shared.eval_b1k_wrapper:📊 Step 8100 | Task: 31 | Stage: 0/9 | Predictions: 405
INFO:b1k.shared.eval_b1k_wrapper:🎯 Prediction #410 | Actions: compressed 26→20 | Inpainting: True
INFO:b1k.shared.eval_b1k_wrapper:📊 Step 8200 | Task: 31 | Stage: 0/9 | Predictions: 410
INFO:b1k.shared.eval_b1k_wrapper:📊 Step 8300 | Task: 31 | Stage: 0/9 | Predictions: 415
INFO:b1k.shared.eval_b1k_wrapper:🎯 Prediction #420 | Actions: compressed 26→20 | Inpainting: True
INFO:b1k.shared.eval_b1k_wrapper:📊 Step 8400 | Task: 31 | Stage: 0/9 | Predictions: 420
INFO:b1k.shared.eval_b1k_wrapper:📊 Step 8500 | Task: 31 | Stage: 0/9 | Predictions: 425
INFO:b1k.shared.eval_b1k_wrapper:🎯 Prediction #430 | Actions: compressed 26→20 | Inpainting: True
INFO:b1k.shared.eval_b1k_wrapper:📊 Step 8600 | Task: 31 | Stage: 0/9 | Predictions: 430
INFO:b1k.shared.eval_b1k_wrapper:📊 Step 8700 | Task: 31 | Stage: 0/9 | Predictions: 435
INFO:b1k.shared.eval_b1k_wrapper:🎯 Prediction #440 | Actions: compressed 26→20 | Inpainting: True
INFO:b1k.shared.eval_b1k_wrapper:📊 Step 8800 | Task: 31 | Stage: 0/9 | Predictions: 440
INFO:b1k.shared.eval_b1k_wrapper:📊 Step 8900 | Task: 31 | Stage: 0/9 | Predictions: 445
INFO:b1k.shared.eval_b1k_wrapper:🎯 Prediction #450 | Actions: compressed 26→20 | Inpainting: True
INFO:b1k.shared.eval_b1k_wrapper:📊 Step 9000 | Task: 31 | Stage: 0/9 | Predictions: 450
INFO:b1k.shared.eval_b1k_wrapper:📊 Step 9100 | Task: 31 | Stage: 0/9 | Predictions: 455
INFO:b1k.shared.eval_b1k_wrapper:🎯 Prediction #460 | Actions: compressed 26→20 | Inpainting: True
INFO:b1k.shared.eval_b1k_wrapper:📊 Step 9200 | Task: 31 | Stage: 0/9 | Predictions: 460
INFO:b1k.shared.eval_b1k_wrapper:📊 Step 9300 | Task: 31 | Stage: 0/9 | Predictions: 465
INFO:b1k.shared.eval_b1k_wrapper:🎯 Prediction #470 | Actions: compressed 26→20 | Inpainting: True
INFO:b1k.shared.eval_b1k_wrapper:📊 Step 9400 | Task: 31 | Stage: 0/9 | Predictions: 470
INFO:b1k.shared.eval_b1k_wrapper:📊 Step 9500 | Task: 31 | Stage: 0/9 | Predictions: 475
INFO:b1k.shared.eval_b1k_wrapper:🎯 Prediction #480 | Actions: compressed 26→20 | Inpainting: True
INFO:b1k.shared.eval_b1k_wrapper:📊 Step 9600 | Task: 31 | Stage: 0/9 | Predictions: 480
INFO:b1k.shared.eval_b1k_wrapper:📊 Step 9700 | Task: 31 | Stage: 0/9 | Predictions: 485
INFO:b1k.shared.eval_b1k_wrapper:🎯 Prediction #490 | Actions: compressed 26→20 | Inpainting: True
INFO:b1k.shared.eval_b1k_wrapper:📊 Step 9800 | Task: 31 | Stage: 0/9 | Predictions: 490
INFO:b1k.shared.eval_b1k_wrapper:📊 Step 9900 | Task: 31 | Stage: 0/9 | Predictions: 495
INFO:b1k.shared.eval_b1k_wrapper:🎯 Prediction #500 | Actions: compressed 26→20 | Inpainting: True
INFO:b1k.shared.eval_b1k_wrapper:📊 Step 10000 | Task: 31 | Stage: 0/9 | Predictions: 500
INFO:b1k.shared.eval_b1k_wrapper:📊 Step 10100 | Task: 31 | Stage: 0/9 | Predictions: 505
INFO:b1k.shared.eval_b1k_wrapper:🎯 Prediction #510 | Actions: compressed 26→20 | Inpainting: True
INFO:b1k.shared.eval_b1k_wrapper:📊 Step 10200 | Task: 31 | Stage: 0/9 | Predictions: 510
INFO:b1k.shared.eval_b1k_wrapper:📊 Step 10300 | Task: 31 | Stage: 0/9 | Predictions: 515
INFO:b1k.shared.eval_b1k_wrapper:🎯 Prediction #520 | Actions: compressed 26→20 | Inpainting: True
INFO:b1k.shared.eval_b1k_wrapper:📊 Step 10400 | Task: 31 | Stage: 0/9 | Predictions: 520
INFO:b1k.shared.eval_b1k_wrapper:📊 Step 10500 | Task: 31 | Stage: 0/9 | Predictions: 525
INFO:b1k.shared.eval_b1k_wrapper:🎯 Prediction #530 | Actions: compressed 26→20 | Inpainting: True
INFO:b1k.shared.eval_b1k_wrapper:📊 Step 10600 | Task: 31 | Stage: 0/9 | Predictions: 530
INFO:b1k.shared.eval_b1k_wrapper:📊 Step 10700 | Task: 31 | Stage: 0/9 | Predictions: 535
INFO:b1k.shared.eval_b1k_wrapper:🎯 Prediction #540 | Actions: compressed 26→20 | Inpainting: True
INFO:b1k.shared.eval_b1k_wrapper:📊 Step 10800 | Task: 31 | Stage: 0/9 | Predictions: 540
INFO:b1k.shared.eval_b1k_wrapper:📊 Step 10900 | Task: 31 | Stage: 0/9 | Predictions: 545
INFO:b1k.shared.eval_b1k_wrapper:🎯 Prediction #550 | Actions: compressed 26→20 | Inpainting: True
INFO:b1k.shared.eval_b1k_wrapper:📊 Step 11000 | Task: 31 | Stage: 0/9 | Predictions: 550
INFO:b1k.shared.eval_b1k_wrapper:📊 Step 11100 | Task: 31 | Stage: 0/9 | Predictions: 555
INFO:b1k.shared.eval_b1k_wrapper:🎯 Prediction #560 | Actions: compressed 26→20 | Inpainting: True
INFO:b1k.shared.eval_b1k_wrapper:📊 Step 11200 | Task: 31 | Stage: 0/9 | Predictions: 560
INFO:b1k.shared.eval_b1k_wrapper:📊 Step 11300 | Task: 31 | Stage: 0/9 | Predictions: 565
INFO:b1k.shared.eval_b1k_wrapper:🎯 Prediction #570 | Actions: compressed 26→20 | Inpainting: True
INFO:b1k.shared.eval_b1k_wrapper:📊 Step 11400 | Task: 31 | Stage: 0/9 | Predictions: 570
INFO:b1k.shared.eval_b1k_wrapper:📊 Step 11500 | Task: 31 | Stage: 0/9 | Predictions: 575
INFO:b1k.shared.eval_b1k_wrapper:🎯 Prediction #580 | Actions: compressed 26→20 | Inpainting: True
INFO:b1k.shared.eval_b1k_wrapper:📊 Step 11600 | Task: 31 | Stage: 0/9 | Predictions: 580
INFO:b1k.shared.eval_b1k_wrapper:📊 Step 11700 | Task: 31 | Stage: 0/9 | Predictions: 585
INFO:b1k.shared.eval_b1k_wrapper:🎯 Prediction #590 | Actions: compressed 26→20 | Inpainting: True
INFO:b1k.shared.eval_b1k_wrapper:📊 Step 11800 | Task: 31 | Stage: 0/9 | Predictions: 590
INFO:b1k.shared.eval_b1k_wrapper:📊 Step 11900 | Task: 31 | Stage: 0/9 | Predictions: 595
INFO:b1k.shared.eval_b1k_wrapper:🎯 Prediction #600 | Actions: compressed 26→20 | Inpainting: True
INFO:b1k.shared.eval_b1k_wrapper:📊 Step 12000 | Task: 31 | Stage: 0/9 | Predictions: 600
INFO:b1k.shared.eval_b1k_wrapper:📊 Step 12100 | Task: 31 | Stage: 0/9 | Predictions: 605
INFO:b1k.shared.eval_b1k_wrapper:🎯 Prediction #610 | Actions: compressed 26→20 | Inpainting: True
INFO:b1k.shared.eval_b1k_wrapper:📊 Step 12200 | Task: 31 | Stage: 0/9 | Predictions: 610
INFO:b1k.shared.eval_b1k_wrapper:📊 Step 12300 | Task: 31 | Stage: 0/9 | Predictions: 615
INFO:websockets.server:connection closed
INFO:omnigibson.learning.utils.network_utils:Connection from ('127.0.0.1', 50682) closed
