INFO:2026-10-05 11:56:18,709:jax._src.xla_bridge:925: Unable to initialize backend 'rocm': module 'jaxlib.xla_extension' has no attribute 'GpuAllocatorConfig'
INFO:jax._src.xla_bridge:Unable to initialize backend 'rocm': module 'jaxlib.xla_extension' has no attribute 'GpuAllocatorConfig'
INFO:2026-10-05 11:56:18,710:jax._src.xla_bridge:925: Unable to initialize backend 'tpu': INTERNAL: Failed to open libtpu.so: libtpu.so: cannot open shared object file: No such file or directory
INFO:jax._src.xla_bridge:Unable to initialize backend 'tpu': INTERNAL: Failed to open libtpu.so: libtpu.so: cannot open shared object file: No such file or directory
INFO:absl:orbax-checkpoint version: 0.11.13
INFO:absl:Created BasePyTreeCheckpointHandler: use_ocdbt=True, use_zarr3=False, pytree_metadata_options=PyTreeMetadataOptions(support_rich_types=False), array_metadata_store=<orbax.checkpoint._src.metadata.array_metadata_store.Store object at 0x71ab0393a8d0>
INFO:absl:Restoring checkpoint from /workspace/checkpoints/ckpt3-10k/params.
INFO:absl:[thread=MainThread] Failed to get flag value for EXPERIMENTAL_ORBAX_USE_DISTRIBUTED_PROCESS_ID.
INFO:absl:[process=0] /jax/checkpoint/read/bytes_per_sec: 455.1 MiB/s (total bytes: 6.3 GiB) (time elapsed: 14 seconds) (per-host)
INFO:absl:Finished restoring checkpoint in 14.27 seconds from /workspace/checkpoints/ckpt3-10k/params.
INFO:b1k:FAST auxiliary enabled, vocab_size=1024
INFO:root:Loaded norm stats from /workspace/checkpoints/ckpt3-10k/assets/behavior-1k/2026-challenge-demos
INFO:root:Loaded norm stats from /workspace/checkpoints/ckpt3-10k/assets/behavior-1k/2026-challenge-demos
INFO:root:Loaded norm stats from /workspace/checkpoints/ckpt3-10k/assets/behavior-1k/2026-challenge-demos
INFO:b1k:Successfully accessed correlation matrix via attribute access
INFO:b1k:Applying shrinkage regularization with beta=0.50
INFO:b1k:✓ Loaded correlation matrix with shape (960, 960) (beta=0.50 shrinkage applied)
INFO:b1k:  Memory usage: 3.52 MB
INFO:root:Loaded correlation matrix for inference
INFO:omnigibson.learning.utils.network_utils:Starting websocket server on 127.0.0.1:8000...
INFO:websockets.server:server listening on 127.0.0.1:8000
INFO:websockets.server:HTTP response sent (200 OK)
INFO:websockets.server:connection closed
INFO:websockets.server:HTTP response sent (200 OK)
INFO:websockets.server:connection closed
INFO:websockets.server:connection open
INFO:omnigibson.learning.utils.network_utils:Connection from ('127.0.0.1', 59478) opened
INFO:b1k.shared.eval_b1k_wrapper:Policy reset - Task ID: 27, Action horizon: 30
INFO:root:2026 observation shapes: {'robot_r1::robot_r1:left_realsense_link:Camera:0::depth_linear': (480, 480), 'robot_r1::robot_r1:left_realsense_link:Camera:0::rgb': (480, 480, 4), 'robot_r1::robot_r1:right_realsense_link:Camera:0::depth_linear': (480, 480), 'robot_r1::robot_r1:right_realsense_link:Camera:0::rgb': (480, 480, 4), 'robot_r1::robot_r1:zed_link:Camera:0::depth_linear': (720, 720), 'robot_r1::robot_r1:zed_link:Camera:0::rgb': (720, 720, 4), 'robot_r1::proprio': (256,), 'robot_r1::cam_rel_poses': (21,), 'task_id': (1,)}
INFO:root:Evaluator task id=[27]; checkpoint task id=27
INFO:b1k:Computing correction matrix for 4 steps, 32 dims...
INFO:b1k.shared.eval_b1k_wrapper:📊 Step 100 | Task: 27 | Stage: 0/14 | Predictions: 5
INFO:b1k.shared.eval_b1k_wrapper:🎯 Prediction #10 | Actions: compressed 26→20 | Inpainting: True
INFO:b1k.shared.eval_b1k_wrapper:📊 Step 200 | Task: 27 | Stage: 0/14 | Predictions: 10
INFO:b1k.shared.eval_b1k_wrapper:📊 Step 300 | Task: 27 | Stage: 0/14 | Predictions: 15
INFO:b1k.shared.eval_b1k_wrapper:🎯 Prediction #20 | Actions: compressed 26→20 | Inpainting: True
INFO:b1k.shared.eval_b1k_wrapper:📊 Step 400 | Task: 27 | Stage: 0/14 | Predictions: 20
INFO:b1k.shared.eval_b1k_wrapper:⬆️  Stage advanced: 0 → 1 (task 27, step 440)
INFO:b1k.shared.eval_b1k_wrapper:📊 Step 500 | Task: 27 | Stage: 1/14 | Predictions: 25
INFO:b1k.shared.eval_b1k_wrapper:⬅️  Stage went back: 1 → 0 (task 27, step 500)
INFO:b1k.shared.eval_b1k_wrapper:🎯 Prediction #30 | Actions: compressed 26→20 | Inpainting: True
INFO:b1k.shared.eval_b1k_wrapper:📊 Step 600 | Task: 27 | Stage: 0/14 | Predictions: 30
INFO:b1k.shared.eval_b1k_wrapper:🔧 Gripper variation: Compression disabled (mean: 0.0048, max: 2.0026)
INFO:b1k.shared.eval_b1k_wrapper:⬆️  Stage advanced: 0 → 1 (task 27, step 620)
INFO:b1k.shared.eval_b1k_wrapper:📊 Step 700 | Task: 27 | Stage: 1/14 | Predictions: 35
INFO:b1k.shared.eval_b1k_wrapper:🎯 Prediction #40 | Actions: compressed 26→20 | Inpainting: True
INFO:b1k.shared.eval_b1k_wrapper:📊 Step 800 | Task: 27 | Stage: 1/14 | Predictions: 40
INFO:b1k.shared.eval_b1k_wrapper:📊 Step 900 | Task: 27 | Stage: 1/14 | Predictions: 45
INFO:b1k.shared.eval_b1k_wrapper:🔧 Gripper variation: Compression disabled (mean: 0.0067, max: 1.9979)
INFO:b1k.shared.eval_b1k_wrapper:🎯 Prediction #50 | Actions: compressed 26→20 | Inpainting: True
INFO:b1k.shared.eval_b1k_wrapper:📊 Step 1000 | Task: 27 | Stage: 1/14 | Predictions: 50
INFO:b1k.shared.eval_b1k_wrapper:📊 Step 1100 | Task: 27 | Stage: 1/14 | Predictions: 55
INFO:b1k.shared.eval_b1k_wrapper:⬆️  Stage advanced: 1 → 2 (task 27, step 1160)
INFO:b1k.shared.eval_b1k_wrapper:🎯 Prediction #60 | Actions: compressed 26→20 | Inpainting: True
INFO:b1k.shared.eval_b1k_wrapper:📊 Step 1200 | Task: 27 | Stage: 2/14 | Predictions: 60
INFO:b1k.shared.eval_b1k_wrapper:📊 Step 1300 | Task: 27 | Stage: 2/14 | Predictions: 65
INFO:b1k.shared.eval_b1k_wrapper:🎯 Prediction #70 | Actions: compressed 26→20 | Inpainting: True
INFO:b1k.shared.eval_b1k_wrapper:⬆️  Stage advanced: 2 → 3 (task 27, step 1380)
INFO:b1k.shared.eval_b1k_wrapper:📊 Step 1400 | Task: 27 | Stage: 3/14 | Predictions: 70
INFO:b1k.shared.eval_b1k_wrapper:📊 Step 1500 | Task: 27 | Stage: 3/14 | Predictions: 75
INFO:b1k.shared.eval_b1k_wrapper:⬅️  Stage went back: 3 → 2 (task 27, step 1500)
INFO:b1k.shared.eval_b1k_wrapper:🎯 Prediction #80 | Actions: compressed 26→20 | Inpainting: True
INFO:b1k.shared.eval_b1k_wrapper:📊 Step 1600 | Task: 27 | Stage: 2/14 | Predictions: 80
INFO:b1k.shared.eval_b1k_wrapper:📊 Step 1700 | Task: 27 | Stage: 2/14 | Predictions: 85
INFO:b1k.shared.eval_b1k_wrapper:🎯 Prediction #90 | Actions: compressed 26→20 | Inpainting: True
INFO:b1k.shared.eval_b1k_wrapper:📊 Step 1800 | Task: 27 | Stage: 2/14 | Predictions: 90
INFO:b1k.shared.eval_b1k_wrapper:📊 Step 1900 | Task: 27 | Stage: 2/14 | Predictions: 95
INFO:b1k.shared.eval_b1k_wrapper:🎯 Prediction #100 | Actions: compressed 26→20 | Inpainting: True
INFO:b1k.shared.eval_b1k_wrapper:📊 Step 2000 | Task: 27 | Stage: 2/14 | Predictions: 100
INFO:b1k.shared.eval_b1k_wrapper:📊 Step 2100 | Task: 27 | Stage: 2/14 | Predictions: 105
INFO:b1k.shared.eval_b1k_wrapper:🎯 Prediction #110 | Actions: compressed 26→20 | Inpainting: True
INFO:b1k.shared.eval_b1k_wrapper:📊 Step 2200 | Task: 27 | Stage: 2/14 | Predictions: 110
INFO:b1k.shared.eval_b1k_wrapper:⬆️  Stage advanced: 2 → 3 (task 27, step 2260)
INFO:b1k.shared.eval_b1k_wrapper:🔧 Gripper variation: Compression disabled (mean: 0.0068, max: 2.0070)
INFO:b1k.shared.eval_b1k_wrapper:📊 Step 2300 | Task: 27 | Stage: 3/14 | Predictions: 115
INFO:b1k.shared.eval_b1k_wrapper:🎯 Prediction #120 | Actions: compressed 26→20 | Inpainting: True
INFO:b1k.shared.eval_b1k_wrapper:📊 Step 2400 | Task: 27 | Stage: 3/14 | Predictions: 120
INFO:b1k.shared.eval_b1k_wrapper:📊 Step 2500 | Task: 27 | Stage: 3/14 | Predictions: 125
INFO:b1k.shared.eval_b1k_wrapper:🔧 Gripper variation: Compression disabled (mean: 2.0102, max: 0.0160)
INFO:b1k.shared.eval_b1k_wrapper:🔧 Gripper variation: Compression disabled (mean: 2.0062, max: 0.0164)
INFO:b1k.shared.eval_b1k_wrapper:🔧 Gripper variation: Compression disabled (mean: 2.0442, max: 0.0127)
INFO:b1k.shared.eval_b1k_wrapper:🎯 Prediction #130 | Actions: compressed 26→20 | Inpainting: True
INFO:b1k.shared.eval_b1k_wrapper:📊 Step 2600 | Task: 27 | Stage: 3/14 | Predictions: 130
INFO:b1k.shared.eval_b1k_wrapper:📊 Step 2700 | Task: 27 | Stage: 3/14 | Predictions: 135
INFO:b1k.shared.eval_b1k_wrapper:🔧 Gripper variation: Compression disabled (mean: 2.0186, max: 0.0112)
INFO:b1k.shared.eval_b1k_wrapper:🔧 Gripper variation: Compression disabled (mean: 1.9762, max: 0.0233)
INFO:b1k.shared.eval_b1k_wrapper:🎯 Prediction #140 | Actions: compressed 26→20 | Inpainting: True
INFO:b1k.shared.eval_b1k_wrapper:📊 Step 2800 | Task: 27 | Stage: 3/14 | Predictions: 140
INFO:b1k.shared.eval_b1k_wrapper:📊 Step 2900 | Task: 27 | Stage: 3/14 | Predictions: 145
INFO:b1k.shared.eval_b1k_wrapper:⬆️  Stage advanced: 3 → 4 (task 27, step 2940)
INFO:b1k.shared.eval_b1k_wrapper:🎯 Prediction #150 | Actions: compressed 26→20 | Inpainting: True
INFO:b1k.shared.eval_b1k_wrapper:📊 Step 3000 | Task: 27 | Stage: 4/14 | Predictions: 150
INFO:b1k.shared.eval_b1k_wrapper:📊 Step 3100 | Task: 27 | Stage: 4/14 | Predictions: 155
INFO:b1k.shared.eval_b1k_wrapper:🎯 Prediction #160 | Actions: compressed 26→20 | Inpainting: True
INFO:b1k.shared.eval_b1k_wrapper:📊 Step 3200 | Task: 27 | Stage: 4/14 | Predictions: 160
INFO:b1k.shared.eval_b1k_wrapper:📊 Step 3300 | Task: 27 | Stage: 4/14 | Predictions: 165
INFO:b1k.shared.eval_b1k_wrapper:🎯 Prediction #170 | Actions: compressed 26→20 | Inpainting: True
INFO:b1k.shared.eval_b1k_wrapper:📊 Step 3400 | Task: 27 | Stage: 4/14 | Predictions: 170
INFO:b1k.shared.eval_b1k_wrapper:📊 Step 3500 | Task: 27 | Stage: 4/14 | Predictions: 175
INFO:b1k.shared.eval_b1k_wrapper:🎯 Prediction #180 | Actions: compressed 26→20 | Inpainting: True
INFO:b1k.shared.eval_b1k_wrapper:📊 Step 3600 | Task: 27 | Stage: 4/14 | Predictions: 180
INFO:b1k.shared.eval_b1k_wrapper:📊 Step 3700 | Task: 27 | Stage: 4/14 | Predictions: 185
INFO:b1k.shared.eval_b1k_wrapper:⬆️  Stage advanced: 4 → 5 (task 27, step 3700)
INFO:b1k.shared.eval_b1k_wrapper:🎯 Prediction #190 | Actions: compressed 26→20 | Inpainting: True
INFO:b1k.shared.eval_b1k_wrapper:📊 Step 3800 | Task: 27 | Stage: 5/14 | Predictions: 190
INFO:b1k.shared.eval_b1k_wrapper:⬆️  Stage advanced: 5 → 6 (task 27, step 3800)
INFO:b1k.shared.eval_b1k_wrapper:🔧 Gripper variation: Compression disabled (mean: 0.0792, max: 1.9698)
INFO:b1k.shared.eval_b1k_wrapper:🔧 Gripper variation: Compression disabled (mean: 0.2735, max: 0.0480)
INFO:b1k.shared.eval_b1k_wrapper:📊 Step 3900 | Task: 27 | Stage: 6/14 | Predictions: 195
INFO:b1k.shared.eval_b1k_wrapper:⬅️  Stage went back: 6 → 5 (task 27, step 3960)
INFO:b1k.shared.eval_b1k_wrapper:🎯 Prediction #200 | Actions: compressed 26→20 | Inpainting: True
INFO:b1k.shared.eval_b1k_wrapper:📊 Step 4000 | Task: 27 | Stage: 5/14 | Predictions: 200
INFO:b1k.shared.eval_b1k_wrapper:🔧 Gripper variation: Compression disabled (mean: 1.9088, max: 0.0187)
INFO:b1k.shared.eval_b1k_wrapper:📊 Step 4100 | Task: 27 | Stage: 5/14 | Predictions: 205
INFO:b1k.shared.eval_b1k_wrapper:🎯 Prediction #210 | Actions: compressed 26→20 | Inpainting: True
INFO:b1k.shared.eval_b1k_wrapper:📊 Step 4200 | Task: 27 | Stage: 5/14 | Predictions: 210
INFO:b1k.shared.eval_b1k_wrapper:⬆️  Stage advanced: 5 → 6 (task 27, step 4260)
INFO:b1k.shared.eval_b1k_wrapper:📊 Step 4300 | Task: 27 | Stage: 6/14 | Predictions: 215
INFO:b1k.shared.eval_b1k_wrapper:🎯 Prediction #220 | Actions: compressed 26→20 | Inpainting: True
INFO:b1k.shared.eval_b1k_wrapper:📊 Step 4400 | Task: 27 | Stage: 6/14 | Predictions: 220
INFO:b1k.shared.eval_b1k_wrapper:📊 Step 4500 | Task: 27 | Stage: 6/14 | Predictions: 225
INFO:b1k.shared.eval_b1k_wrapper:🔧 Gripper variation: Compression disabled (mean: 0.0044, max: 0.3559)
INFO:b1k.shared.eval_b1k_wrapper:⬅️  Stage went back: 6 → 5 (task 27, step 4560)
INFO:b1k.shared.eval_b1k_wrapper:🎯 Prediction #230 | Actions: compressed 26→20 | Inpainting: True
INFO:b1k.shared.eval_b1k_wrapper:📊 Step 4600 | Task: 27 | Stage: 5/14 | Predictions: 230
INFO:b1k.shared.eval_b1k_wrapper:⬆️  Stage advanced: 5 → 6 (task 27, step 4620)
INFO:b1k.shared.eval_b1k_wrapper:📊 Step 4700 | Task: 27 | Stage: 6/14 | Predictions: 235
INFO:b1k.shared.eval_b1k_wrapper:🎯 Prediction #240 | Actions: compressed 26→20 | Inpainting: True
INFO:b1k.shared.eval_b1k_wrapper:📊 Step 4800 | Task: 27 | Stage: 6/14 | Predictions: 240
INFO:b1k.shared.eval_b1k_wrapper:📊 Step 4900 | Task: 27 | Stage: 6/14 | Predictions: 245
INFO:b1k.shared.eval_b1k_wrapper:🎯 Prediction #250 | Actions: compressed 26→20 | Inpainting: True
INFO:b1k.shared.eval_b1k_wrapper:📊 Step 5000 | Task: 27 | Stage: 6/14 | Predictions: 250
INFO:b1k.shared.eval_b1k_wrapper:📊 Step 5100 | Task: 27 | Stage: 6/14 | Predictions: 255
INFO:b1k.shared.eval_b1k_wrapper:🎯 Prediction #260 | Actions: compressed 26→20 | Inpainting: True
INFO:b1k.shared.eval_b1k_wrapper:📊 Step 5200 | Task: 27 | Stage: 6/14 | Predictions: 260
INFO:b1k.shared.eval_b1k_wrapper:📊 Step 5300 | Task: 27 | Stage: 6/14 | Predictions: 265
INFO:b1k.shared.eval_b1k_wrapper:🎯 Prediction #270 | Actions: compressed 26→20 | Inpainting: True
INFO:b1k.shared.eval_b1k_wrapper:📊 Step 5400 | Task: 27 | Stage: 6/14 | Predictions: 270
INFO:b1k.shared.eval_b1k_wrapper:📊 Step 5500 | Task: 27 | Stage: 6/14 | Predictions: 275
INFO:b1k.shared.eval_b1k_wrapper:⬆️  Stage advanced: 6 → 7 (task 27, step 5500)
INFO:b1k.shared.eval_b1k_wrapper:🎯 Prediction #280 | Actions: compressed 26→20 | Inpainting: True
INFO:b1k.shared.eval_b1k_wrapper:📊 Step 5600 | Task: 27 | Stage: 7/14 | Predictions: 280
INFO:b1k.shared.eval_b1k_wrapper:⬅️  Stage went back: 7 → 6 (task 27, step 5600)
INFO:b1k.shared.eval_b1k_wrapper:📊 Step 5700 | Task: 27 | Stage: 6/14 | Predictions: 285
INFO:b1k.shared.eval_b1k_wrapper:🎯 Prediction #290 | Actions: compressed 26→20 | Inpainting: True
INFO:b1k.shared.eval_b1k_wrapper:📊 Step 5800 | Task: 27 | Stage: 6/14 | Predictions: 290
INFO:b1k.shared.eval_b1k_wrapper:📊 Step 5900 | Task: 27 | Stage: 6/14 | Predictions: 295
INFO:b1k.shared.eval_b1k_wrapper:🎯 Prediction #300 | Actions: compressed 26→20 | Inpainting: True
INFO:b1k.shared.eval_b1k_wrapper:📊 Step 6000 | Task: 27 | Stage: 6/14 | Predictions: 300
INFO:b1k.shared.eval_b1k_wrapper:📊 Step 6100 | Task: 27 | Stage: 6/14 | Predictions: 305
INFO:b1k.shared.eval_b1k_wrapper:🎯 Prediction #310 | Actions: compressed 26→20 | Inpainting: True
INFO:b1k.shared.eval_b1k_wrapper:📊 Step 6200 | Task: 27 | Stage: 6/14 | Predictions: 310
INFO:b1k.shared.eval_b1k_wrapper:⬆️  Stage advanced: 6 → 7 (task 27, step 6200)
INFO:b1k.shared.eval_b1k_wrapper:📊 Step 6300 | Task: 27 | Stage: 7/14 | Predictions: 315
INFO:b1k.shared.eval_b1k_wrapper:⬅️  Stage went back: 7 → 6 (task 27, step 6340)
INFO:b1k.shared.eval_b1k_wrapper:🎯 Prediction #320 | Actions: compressed 26→20 | Inpainting: True
INFO:b1k.shared.eval_b1k_wrapper:📊 Step 6400 | Task: 27 | Stage: 6/14 | Predictions: 320
INFO:b1k.shared.eval_b1k_wrapper:📊 Step 6500 | Task: 27 | Stage: 6/14 | Predictions: 325
INFO:b1k.shared.eval_b1k_wrapper:⬆️  Stage advanced: 6 → 7 (task 27, step 6500)
INFO:b1k.shared.eval_b1k_wrapper:🎯 Prediction #330 | Actions: compressed 26→20 | Inpainting: True
INFO:b1k.shared.eval_b1k_wrapper:📊 Step 6600 | Task: 27 | Stage: 7/14 | Predictions: 330
INFO:b1k.shared.eval_b1k_wrapper:📊 Step 6700 | Task: 27 | Stage: 7/14 | Predictions: 335
INFO:b1k.shared.eval_b1k_wrapper:🎯 Prediction #340 | Actions: compressed 26→20 | Inpainting: True
INFO:b1k.shared.eval_b1k_wrapper:📊 Step 6800 | Task: 27 | Stage: 7/14 | Predictions: 340
INFO:b1k.shared.eval_b1k_wrapper:📊 Step 6900 | Task: 27 | Stage: 7/14 | Predictions: 345
INFO:b1k.shared.eval_b1k_wrapper:🎯 Prediction #350 | Actions: compressed 26→20 | Inpainting: True
INFO:b1k.shared.eval_b1k_wrapper:📊 Step 7000 | Task: 27 | Stage: 7/14 | Predictions: 350
INFO:b1k.shared.eval_b1k_wrapper:📊 Step 7100 | Task: 27 | Stage: 7/14 | Predictions: 355
INFO:b1k.shared.eval_b1k_wrapper:🎯 Prediction #360 | Actions: compressed 26→20 | Inpainting: True
INFO:b1k.shared.eval_b1k_wrapper:📊 Step 7200 | Task: 27 | Stage: 7/14 | Predictions: 360
INFO:b1k.shared.eval_b1k_wrapper:🔧 Gripper variation: Compression disabled (mean: 0.0038, max: 2.0067)
INFO:b1k.shared.eval_b1k_wrapper:🔧 Gripper variation: Compression disabled (mean: 0.0045, max: 2.0088)
INFO:b1k.shared.eval_b1k_wrapper:⬅️  Stage went back: 7 → 6 (task 27, step 7280)
INFO:b1k.shared.eval_b1k_wrapper:📊 Step 7300 | Task: 27 | Stage: 6/14 | Predictions: 365
INFO:b1k.shared.eval_b1k_wrapper:🎯 Prediction #370 | Actions: compressed 26→20 | Inpainting: True
INFO:b1k.shared.eval_b1k_wrapper:📊 Step 7400 | Task: 27 | Stage: 6/14 | Predictions: 370
INFO:b1k.shared.eval_b1k_wrapper:⬆️  Stage advanced: 6 → 7 (task 27, step 7440)
INFO:b1k.shared.eval_b1k_wrapper:📊 Step 7500 | Task: 27 | Stage: 7/14 | Predictions: 375
INFO:b1k.shared.eval_b1k_wrapper:⬅️  Stage went back: 7 → 6 (task 27, step 7560)
INFO:b1k.shared.eval_b1k_wrapper:🎯 Prediction #380 | Actions: compressed 26→20 | Inpainting: True
INFO:b1k.shared.eval_b1k_wrapper:📊 Step 7600 | Task: 27 | Stage: 6/14 | Predictions: 380
INFO:b1k.shared.eval_b1k_wrapper:📊 Step 7700 | Task: 27 | Stage: 6/14 | Predictions: 385
INFO:b1k.shared.eval_b1k_wrapper:🎯 Prediction #390 | Actions: compressed 26→20 | Inpainting: True
INFO:b1k.shared.eval_b1k_wrapper:📊 Step 7800 | Task: 27 | Stage: 6/14 | Predictions: 390
INFO:b1k.shared.eval_b1k_wrapper:⬆️  Stage advanced: 6 → 7 (task 27, step 7840)
INFO:b1k.shared.eval_b1k_wrapper:📊 Step 7900 | Task: 27 | Stage: 7/14 | Predictions: 395
INFO:b1k.shared.eval_b1k_wrapper:🎯 Prediction #400 | Actions: compressed 26→20 | Inpainting: True
INFO:b1k.shared.eval_b1k_wrapper:📊 Step 8000 | Task: 27 | Stage: 7/14 | Predictions: 400
INFO:b1k.shared.eval_b1k_wrapper:🔧 Gripper variation: Compression disabled (mean: 2.0066, max: 0.0105)
INFO:b1k.shared.eval_b1k_wrapper:🔧 Gripper variation: Compression disabled (mean: 2.0577, max: 0.0350)
INFO:b1k.shared.eval_b1k_wrapper:📊 Step 8100 | Task: 27 | Stage: 7/14 | Predictions: 405
INFO:b1k.shared.eval_b1k_wrapper:🎯 Prediction #410 | Actions: compressed 26→20 | Inpainting: True
INFO:b1k.shared.eval_b1k_wrapper:📊 Step 8200 | Task: 27 | Stage: 7/14 | Predictions: 410
INFO:b1k.shared.eval_b1k_wrapper:📊 Step 8300 | Task: 27 | Stage: 7/14 | Predictions: 415
INFO:b1k.shared.eval_b1k_wrapper:⬆️  Stage advanced: 7 → 8 (task 27, step 8360)
INFO:b1k.shared.eval_b1k_wrapper:🎯 Prediction #420 | Actions: compressed 26→20 | Inpainting: True
INFO:b1k.shared.eval_b1k_wrapper:📊 Step 8400 | Task: 27 | Stage: 8/14 | Predictions: 420
INFO:b1k.shared.eval_b1k_wrapper:📊 Step 8500 | Task: 27 | Stage: 8/14 | Predictions: 425
INFO:b1k.shared.eval_b1k_wrapper:🎯 Prediction #430 | Actions: compressed 26→20 | Inpainting: True
INFO:b1k.shared.eval_b1k_wrapper:📊 Step 8600 | Task: 27 | Stage: 8/14 | Predictions: 430
INFO:b1k.shared.eval_b1k_wrapper:📊 Step 8700 | Task: 27 | Stage: 8/14 | Predictions: 435
INFO:b1k.shared.eval_b1k_wrapper:🎯 Prediction #440 | Actions: compressed 26→20 | Inpainting: True
INFO:b1k.shared.eval_b1k_wrapper:📊 Step 8800 | Task: 27 | Stage: 8/14 | Predictions: 440
INFO:b1k.shared.eval_b1k_wrapper:📊 Step 8900 | Task: 27 | Stage: 8/14 | Predictions: 445
INFO:b1k.shared.eval_b1k_wrapper:🎯 Prediction #450 | Actions: compressed 26→20 | Inpainting: True
INFO:b1k.shared.eval_b1k_wrapper:📊 Step 9000 | Task: 27 | Stage: 8/14 | Predictions: 450
INFO:b1k.shared.eval_b1k_wrapper:📊 Step 9100 | Task: 27 | Stage: 8/14 | Predictions: 455
INFO:b1k.shared.eval_b1k_wrapper:🎯 Prediction #460 | Actions: compressed 26→20 | Inpainting: True
INFO:b1k.shared.eval_b1k_wrapper:📊 Step 9200 | Task: 27 | Stage: 8/14 | Predictions: 460
INFO:b1k.shared.eval_b1k_wrapper:⬆️  Stage advanced: 8 → 9 (task 27, step 9220)
INFO:b1k.shared.eval_b1k_wrapper:📊 Step 9300 | Task: 27 | Stage: 9/14 | Predictions: 465
INFO:b1k.shared.eval_b1k_wrapper:🎯 Prediction #470 | Actions: compressed 26→20 | Inpainting: True
INFO:b1k.shared.eval_b1k_wrapper:📊 Step 9400 | Task: 27 | Stage: 9/14 | Predictions: 470
INFO:b1k.shared.eval_b1k_wrapper:🔧 Gripper variation: Compression disabled (mean: 2.0280, max: 0.0082)
INFO:b1k.shared.eval_b1k_wrapper:🔧 Gripper variation: Compression disabled (mean: 2.0122, max: 0.0080)
INFO:b1k.shared.eval_b1k_wrapper:📊 Step 9500 | Task: 27 | Stage: 9/14 | Predictions: 475
INFO:b1k.shared.eval_b1k_wrapper:🎯 Prediction #480 | Actions: compressed 26→20 | Inpainting: True
INFO:b1k.shared.eval_b1k_wrapper:📊 Step 9600 | Task: 27 | Stage: 9/14 | Predictions: 480
INFO:b1k.shared.eval_b1k_wrapper:📊 Step 9700 | Task: 27 | Stage: 9/14 | Predictions: 485
INFO:b1k.shared.eval_b1k_wrapper:⬆️  Stage advanced: 9 → 10 (task 27, step 9760)
INFO:b1k.shared.eval_b1k_wrapper:🎯 Prediction #490 | Actions: compressed 26→20 | Inpainting: True
INFO:b1k.shared.eval_b1k_wrapper:📊 Step 9800 | Task: 27 | Stage: 10/14 | Predictions: 490
INFO:b1k.shared.eval_b1k_wrapper:🔧 Gripper variation: Compression disabled (mean: 0.0031, max: 2.0186)
INFO:b1k.shared.eval_b1k_wrapper:📊 Step 9900 | Task: 27 | Stage: 10/14 | Predictions: 495
INFO:b1k.shared.eval_b1k_wrapper:🎯 Prediction #500 | Actions: compressed 26→20 | Inpainting: True
INFO:b1k.shared.eval_b1k_wrapper:📊 Step 10000 | Task: 27 | Stage: 10/14 | Predictions: 500
INFO:b1k.shared.eval_b1k_wrapper:📊 Step 10100 | Task: 27 | Stage: 10/14 | Predictions: 505
INFO:b1k.shared.eval_b1k_wrapper:🎯 Prediction #510 | Actions: compressed 26→20 | Inpainting: True
INFO:b1k.shared.eval_b1k_wrapper:📊 Step 10200 | Task: 27 | Stage: 10/14 | Predictions: 510
INFO:b1k.shared.eval_b1k_wrapper:📊 Step 10300 | Task: 27 | Stage: 10/14 | Predictions: 515
INFO:b1k.shared.eval_b1k_wrapper:🎯 Prediction #520 | Actions: compressed 26→20 | Inpainting: True
INFO:b1k.shared.eval_b1k_wrapper:📊 Step 10400 | Task: 27 | Stage: 10/14 | Predictions: 520
INFO:b1k.shared.eval_b1k_wrapper:📊 Step 10500 | Task: 27 | Stage: 10/14 | Predictions: 525
INFO:b1k.shared.eval_b1k_wrapper:🎯 Prediction #530 | Actions: compressed 26→20 | Inpainting: True
INFO:b1k.shared.eval_b1k_wrapper:📊 Step 10600 | Task: 27 | Stage: 10/14 | Predictions: 530
INFO:b1k.shared.eval_b1k_wrapper:⬆️  Stage advanced: 10 → 11 (task 27, step 10600)
INFO:b1k.shared.eval_b1k_wrapper:📊 Step 10700 | Task: 27 | Stage: 11/14 | Predictions: 535
INFO:b1k.shared.eval_b1k_wrapper:🎯 Prediction #540 | Actions: compressed 26→20 | Inpainting: True
INFO:b1k.shared.eval_b1k_wrapper:📊 Step 10800 | Task: 27 | Stage: 11/14 | Predictions: 540
INFO:b1k.shared.eval_b1k_wrapper:📊 Step 10900 | Task: 27 | Stage: 11/14 | Predictions: 545
INFO:b1k.shared.eval_b1k_wrapper:🎯 Prediction #550 | Actions: compressed 26→20 | Inpainting: True
INFO:b1k.shared.eval_b1k_wrapper:📊 Step 11000 | Task: 27 | Stage: 11/14 | Predictions: 550
INFO:b1k.shared.eval_b1k_wrapper:📊 Step 11100 | Task: 27 | Stage: 11/14 | Predictions: 555
INFO:b1k.shared.eval_b1k_wrapper:🎯 Prediction #560 | Actions: compressed 26→20 | Inpainting: True
INFO:b1k.shared.eval_b1k_wrapper:📊 Step 11200 | Task: 27 | Stage: 11/14 | Predictions: 560
INFO:b1k.shared.eval_b1k_wrapper:📊 Step 11300 | Task: 27 | Stage: 11/14 | Predictions: 565
INFO:b1k.shared.eval_b1k_wrapper:🎯 Prediction #570 | Actions: compressed 26→20 | Inpainting: True
INFO:b1k.shared.eval_b1k_wrapper:📊 Step 11400 | Task: 27 | Stage: 11/14 | Predictions: 570
INFO:b1k.shared.eval_b1k_wrapper:🔧 Gripper variation: Compression disabled (mean: 0.0055, max: 2.0061)
INFO:b1k.shared.eval_b1k_wrapper:🔧 Gripper variation: Compression disabled (mean: 0.0094, max: 2.0127)
INFO:b1k.shared.eval_b1k_wrapper:📊 Step 11500 | Task: 27 | Stage: 11/14 | Predictions: 575
INFO:b1k.shared.eval_b1k_wrapper:🎯 Prediction #580 | Actions: compressed 26→20 | Inpainting: True
INFO:b1k.shared.eval_b1k_wrapper:📊 Step 11600 | Task: 27 | Stage: 11/14 | Predictions: 580
INFO:b1k.shared.eval_b1k_wrapper:📊 Step 11700 | Task: 27 | Stage: 11/14 | Predictions: 585
INFO:b1k.shared.eval_b1k_wrapper:🎯 Prediction #590 | Actions: compressed 26→20 | Inpainting: True
INFO:b1k.shared.eval_b1k_wrapper:📊 Step 11800 | Task: 27 | Stage: 11/14 | Predictions: 590
INFO:b1k.shared.eval_b1k_wrapper:📊 Step 11900 | Task: 27 | Stage: 11/14 | Predictions: 595
INFO:b1k.shared.eval_b1k_wrapper:🎯 Prediction #600 | Actions: compressed 26→20 | Inpainting: True
INFO:b1k.shared.eval_b1k_wrapper:📊 Step 12000 | Task: 27 | Stage: 11/14 | Predictions: 600
INFO:b1k.shared.eval_b1k_wrapper:📊 Step 12100 | Task: 27 | Stage: 11/14 | Predictions: 605
INFO:b1k.shared.eval_b1k_wrapper:🎯 Prediction #610 | Actions: compressed 26→20 | Inpainting: True
INFO:b1k.shared.eval_b1k_wrapper:📊 Step 12200 | Task: 27 | Stage: 11/14 | Predictions: 610
INFO:b1k.shared.eval_b1k_wrapper:📊 Step 12300 | Task: 27 | Stage: 11/14 | Predictions: 615
INFO:b1k.shared.eval_b1k_wrapper:🎯 Prediction #620 | Actions: compressed 26→20 | Inpainting: True
INFO:b1k.shared.eval_b1k_wrapper:📊 Step 12400 | Task: 27 | Stage: 11/14 | Predictions: 620
INFO:b1k.shared.eval_b1k_wrapper:📊 Step 12500 | Task: 27 | Stage: 11/14 | Predictions: 625
INFO:b1k.shared.eval_b1k_wrapper:🎯 Prediction #630 | Actions: compressed 26→20 | Inpainting: True
INFO:b1k.shared.eval_b1k_wrapper:📊 Step 12600 | Task: 27 | Stage: 11/14 | Predictions: 630
INFO:b1k.shared.eval_b1k_wrapper:📊 Step 12700 | Task: 27 | Stage: 11/14 | Predictions: 635
INFO:b1k.shared.eval_b1k_wrapper:⬆️  Stage advanced: 11 → 12 (task 27, step 12700)
INFO:b1k.shared.eval_b1k_wrapper:🎯 Prediction #640 | Actions: compressed 26→20 | Inpainting: True
INFO:b1k.shared.eval_b1k_wrapper:📊 Step 12800 | Task: 27 | Stage: 12/14 | Predictions: 640
INFO:b1k.shared.eval_b1k_wrapper:📊 Step 12900 | Task: 27 | Stage: 12/14 | Predictions: 645
INFO:b1k.shared.eval_b1k_wrapper:🎯 Prediction #650 | Actions: compressed 26→20 | Inpainting: True
INFO:b1k.shared.eval_b1k_wrapper:📊 Step 13000 | Task: 27 | Stage: 12/14 | Predictions: 650
INFO:b1k.shared.eval_b1k_wrapper:📊 Step 13100 | Task: 27 | Stage: 12/14 | Predictions: 655
INFO:b1k.shared.eval_b1k_wrapper:🎯 Prediction #660 | Actions: compressed 26→20 | Inpainting: True
INFO:b1k.shared.eval_b1k_wrapper:📊 Step 13200 | Task: 27 | Stage: 12/14 | Predictions: 660
INFO:b1k.shared.eval_b1k_wrapper:⬅️  Stage went back: 12 → 11 (task 27, step 13240)
INFO:b1k.shared.eval_b1k_wrapper:📊 Step 13300 | Task: 27 | Stage: 11/14 | Predictions: 665
INFO:b1k.shared.eval_b1k_wrapper:⬆️  Stage advanced: 11 → 12 (task 27, step 13300)
INFO:b1k.shared.eval_b1k_wrapper:🎯 Prediction #670 | Actions: compressed 26→20 | Inpainting: True
INFO:b1k.shared.eval_b1k_wrapper:📊 Step 13400 | Task: 27 | Stage: 12/14 | Predictions: 670
INFO:b1k.shared.eval_b1k_wrapper:📊 Step 13500 | Task: 27 | Stage: 12/14 | Predictions: 675
INFO:b1k.shared.eval_b1k_wrapper:🔧 Gripper variation: Compression disabled (mean: 0.2269, max: 0.3733)
INFO:b1k.shared.eval_b1k_wrapper:🎯 Prediction #680 | Actions: uncompressed (20) | Inpainting: True
INFO:b1k.shared.eval_b1k_wrapper:📊 Step 13600 | Task: 27 | Stage: 12/14 | Predictions: 680
INFO:b1k.shared.eval_b1k_wrapper:🔧 Gripper variation: Compression disabled (mean: 0.9884, max: 1.0799)
INFO:b1k.shared.eval_b1k_wrapper:🔧 Gripper variation: Compression disabled (mean: 0.7636, max: 0.4226)
INFO:b1k.shared.eval_b1k_wrapper:🔧 Gripper variation: Compression disabled (mean: 0.9357, max: 0.7784)
INFO:b1k.shared.eval_b1k_wrapper:🔧 Gripper variation: Compression disabled (mean: 1.0439, max: 0.4920)
INFO:b1k.shared.eval_b1k_wrapper:🔧 Gripper variation: Compression disabled (mean: 2.4318, max: 0.8522)
INFO:b1k.shared.eval_b1k_wrapper:📊 Step 13700 | Task: 27 | Stage: 12/14 | Predictions: 685
INFO:b1k.shared.eval_b1k_wrapper:🔧 Gripper variation: Compression disabled (mean: 2.1930, max: 1.0209)
INFO:b1k.shared.eval_b1k_wrapper:🔧 Gripper variation: Compression disabled (mean: 2.9496, max: 0.5933)
INFO:b1k.shared.eval_b1k_wrapper:🔧 Gripper variation: Compression disabled (mean: 0.2608, max: 0.4772)
INFO:b1k.shared.eval_b1k_wrapper:🔧 Gripper variation: Compression disabled (mean: 1.2475, max: 0.6229)
INFO:b1k.shared.eval_b1k_wrapper:🔧 Gripper variation: Compression disabled (mean: 0.6464, max: 0.4870)
INFO:b1k.shared.eval_b1k_wrapper:🎯 Prediction #690 | Actions: uncompressed (20) | Inpainting: True
INFO:b1k.shared.eval_b1k_wrapper:📊 Step 13800 | Task: 27 | Stage: 12/14 | Predictions: 690
INFO:b1k.shared.eval_b1k_wrapper:🔧 Gripper variation: Compression disabled (mean: 0.6780, max: 0.7425)
INFO:b1k.shared.eval_b1k_wrapper:🔧 Gripper variation: Compression disabled (mean: 2.0301, max: 0.2904)
INFO:b1k.shared.eval_b1k_wrapper:🔧 Gripper variation: Compression disabled (mean: 2.0544, max: 0.5628)
INFO:b1k.shared.eval_b1k_wrapper:🔧 Gripper variation: Compression disabled (mean: 0.9827, max: 0.6486)
INFO:b1k.shared.eval_b1k_wrapper:🔧 Gripper variation: Compression disabled (mean: 1.1192, max: 0.5665)
INFO:b1k.shared.eval_b1k_wrapper:📊 Step 13900 | Task: 27 | Stage: 12/14 | Predictions: 695
INFO:b1k.shared.eval_b1k_wrapper:🔧 Gripper variation: Compression disabled (mean: 0.6540, max: 1.1795)
INFO:b1k.shared.eval_b1k_wrapper:🔧 Gripper variation: Compression disabled (mean: 0.9200, max: 0.9320)
INFO:b1k.shared.eval_b1k_wrapper:🔧 Gripper variation: Compression disabled (mean: 0.6150, max: 0.7603)
INFO:b1k.shared.eval_b1k_wrapper:🔧 Gripper variation: Compression disabled (mean: 1.0588, max: 0.3882)
INFO:b1k.shared.eval_b1k_wrapper:🔧 Gripper variation: Compression disabled (mean: 1.0414, max: 0.5905)
INFO:b1k.shared.eval_b1k_wrapper:🎯 Prediction #700 | Actions: uncompressed (20) | Inpainting: True
INFO:b1k.shared.eval_b1k_wrapper:📊 Step 14000 | Task: 27 | Stage: 12/14 | Predictions: 700
INFO:b1k.shared.eval_b1k_wrapper:🔧 Gripper variation: Compression disabled (mean: 0.1564, max: 0.7889)
INFO:b1k.shared.eval_b1k_wrapper:🔧 Gripper variation: Compression disabled (mean: 0.8928, max: 0.9600)
INFO:b1k.shared.eval_b1k_wrapper:🔧 Gripper variation: Compression disabled (mean: 0.9518, max: 0.3440)
INFO:b1k.shared.eval_b1k_wrapper:🔧 Gripper variation: Compression disabled (mean: 1.1088, max: 0.5823)
INFO:b1k.shared.eval_b1k_wrapper:📊 Step 14100 | Task: 27 | Stage: 12/14 | Predictions: 705
INFO:b1k.shared.eval_b1k_wrapper:🔧 Gripper variation: Compression disabled (mean: 0.3023, max: 0.8760)
INFO:b1k.shared.eval_b1k_wrapper:🎯 Prediction #710 | Actions: uncompressed (20) | Inpainting: True
INFO:b1k.shared.eval_b1k_wrapper:📊 Step 14200 | Task: 27 | Stage: 12/14 | Predictions: 710
INFO:b1k.shared.eval_b1k_wrapper:🔧 Gripper variation: Compression disabled (mean: 1.2968, max: 0.3289)
INFO:b1k.shared.eval_b1k_wrapper:🔧 Gripper variation: Compression disabled (mean: 1.1643, max: 0.5706)
INFO:b1k.shared.eval_b1k_wrapper:🔧 Gripper variation: Compression disabled (mean: 0.6558, max: 0.2067)
INFO:b1k.shared.eval_b1k_wrapper:🔧 Gripper variation: Compression disabled (mean: 1.0364, max: 0.3701)
INFO:b1k.shared.eval_b1k_wrapper:🔧 Gripper variation: Compression disabled (mean: 0.7523, max: 0.8824)
INFO:b1k.shared.eval_b1k_wrapper:📊 Step 14300 | Task: 27 | Stage: 12/14 | Predictions: 715
INFO:b1k.shared.eval_b1k_wrapper:🔧 Gripper variation: Compression disabled (mean: 1.5477, max: 0.6500)
INFO:b1k.shared.eval_b1k_wrapper:🔧 Gripper variation: Compression disabled (mean: 0.9893, max: 1.1686)
INFO:b1k.shared.eval_b1k_wrapper:🔧 Gripper variation: Compression disabled (mean: 0.7877, max: 1.3286)
INFO:b1k.shared.eval_b1k_wrapper:🔧 Gripper variation: Compression disabled (mean: 0.8766, max: 0.9120)
INFO:b1k.shared.eval_b1k_wrapper:🔧 Gripper variation: Compression disabled (mean: 1.0511, max: 0.8069)
INFO:b1k.shared.eval_b1k_wrapper:🎯 Prediction #720 | Actions: uncompressed (20) | Inpainting: True
INFO:b1k.shared.eval_b1k_wrapper:📊 Step 14400 | Task: 27 | Stage: 12/14 | Predictions: 720
INFO:b1k.shared.eval_b1k_wrapper:🔧 Gripper variation: Compression disabled (mean: 1.1533, max: 0.8543)
INFO:b1k.shared.eval_b1k_wrapper:🔧 Gripper variation: Compression disabled (mean: 1.3117, max: 1.0771)
INFO:b1k.shared.eval_b1k_wrapper:🔧 Gripper variation: Compression disabled (mean: 1.4082, max: 0.3164)
INFO:b1k.shared.eval_b1k_wrapper:🔧 Gripper variation: Compression disabled (mean: 1.0247, max: 0.5176)
INFO:b1k.shared.eval_b1k_wrapper:🔧 Gripper variation: Compression disabled (mean: 1.0223, max: 0.1881)
INFO:b1k.shared.eval_b1k_wrapper:📊 Step 14500 | Task: 27 | Stage: 12/14 | Predictions: 725
INFO:b1k.shared.eval_b1k_wrapper:🔧 Gripper variation: Compression disabled (mean: 1.3614, max: 0.6582)
INFO:b1k.shared.eval_b1k_wrapper:🔧 Gripper variation: Compression disabled (mean: 0.2667, max: 1.2693)
INFO:b1k.shared.eval_b1k_wrapper:🔧 Gripper variation: Compression disabled (mean: 1.6173, max: 0.4132)
INFO:b1k.shared.eval_b1k_wrapper:🔧 Gripper variation: Compression disabled (mean: 1.7198, max: 0.4991)
INFO:b1k.shared.eval_b1k_wrapper:🔧 Gripper variation: Compression disabled (mean: 0.6627, max: 0.5408)
INFO:b1k.shared.eval_b1k_wrapper:🎯 Prediction #730 | Actions: uncompressed (20) | Inpainting: True
INFO:b1k.shared.eval_b1k_wrapper:📊 Step 14600 | Task: 27 | Stage: 12/14 | Predictions: 730
INFO:b1k.shared.eval_b1k_wrapper:🔧 Gripper variation: Compression disabled (mean: 1.1023, max: 0.8037)
INFO:b1k.shared.eval_b1k_wrapper:🔧 Gripper variation: Compression disabled (mean: 0.7083, max: 0.3846)
INFO:b1k.shared.eval_b1k_wrapper:🔧 Gripper variation: Compression disabled (mean: 1.0721, max: 0.7374)
INFO:b1k.shared.eval_b1k_wrapper:🔧 Gripper variation: Compression disabled (mean: 0.3836, max: 0.3761)
INFO:b1k.shared.eval_b1k_wrapper:🔧 Gripper variation: Compression disabled (mean: 1.0319, max: 0.8152)
INFO:b1k.shared.eval_b1k_wrapper:📊 Step 14700 | Task: 27 | Stage: 12/14 | Predictions: 735
INFO:b1k.shared.eval_b1k_wrapper:🔧 Gripper variation: Compression disabled (mean: 0.1374, max: 0.3035)
INFO:b1k.shared.eval_b1k_wrapper:🔧 Gripper variation: Compression disabled (mean: 1.2684, max: 1.0059)
INFO:b1k.shared.eval_b1k_wrapper:🔧 Gripper variation: Compression disabled (mean: 1.0946, max: 1.0875)
INFO:b1k.shared.eval_b1k_wrapper:🔧 Gripper variation: Compression disabled (mean: 1.2058, max: 0.9210)
INFO:b1k.shared.eval_b1k_wrapper:🔧 Gripper variation: Compression disabled (mean: 1.3258, max: 0.6040)
INFO:b1k.shared.eval_b1k_wrapper:🎯 Prediction #740 | Actions: uncompressed (20) | Inpainting: True
INFO:b1k.shared.eval_b1k_wrapper:📊 Step 14800 | Task: 27 | Stage: 12/14 | Predictions: 740
INFO:b1k.shared.eval_b1k_wrapper:🔧 Gripper variation: Compression disabled (mean: 0.6615, max: 0.3089)
INFO:b1k.shared.eval_b1k_wrapper:🔧 Gripper variation: Compression disabled (mean: 0.8638, max: 0.4937)
INFO:b1k.shared.eval_b1k_wrapper:🔧 Gripper variation: Compression disabled (mean: 0.8338, max: 0.9801)
INFO:b1k.shared.eval_b1k_wrapper:🔧 Gripper variation: Compression disabled (mean: 0.6732, max: 0.2525)
INFO:b1k.shared.eval_b1k_wrapper:🔧 Gripper variation: Compression disabled (mean: 1.6513, max: 0.9244)
INFO:b1k.shared.eval_b1k_wrapper:📊 Step 14900 | Task: 27 | Stage: 12/14 | Predictions: 745
INFO:b1k.shared.eval_b1k_wrapper:🔧 Gripper variation: Compression disabled (mean: 1.0599, max: 0.3859)
INFO:b1k.shared.eval_b1k_wrapper:🔧 Gripper variation: Compression disabled (mean: 1.3455, max: 0.6278)
INFO:b1k.shared.eval_b1k_wrapper:🔧 Gripper variation: Compression disabled (mean: 1.3239, max: 0.4697)
INFO:b1k.shared.eval_b1k_wrapper:🔧 Gripper variation: Compression disabled (mean: 1.1952, max: 0.8579)
INFO:b1k.shared.eval_b1k_wrapper:🔧 Gripper variation: Compression disabled (mean: 0.5817, max: 0.6441)
INFO:b1k.shared.eval_b1k_wrapper:🎯 Prediction #750 | Actions: uncompressed (20) | Inpainting: True
INFO:b1k.shared.eval_b1k_wrapper:📊 Step 15000 | Task: 27 | Stage: 12/14 | Predictions: 750
INFO:b1k.shared.eval_b1k_wrapper:🔧 Gripper variation: Compression disabled (mean: 0.8951, max: 0.3306)
INFO:b1k.shared.eval_b1k_wrapper:🔧 Gripper variation: Compression disabled (mean: 0.4393, max: 0.6376)
INFO:b1k.shared.eval_b1k_wrapper:🔧 Gripper variation: Compression disabled (mean: 0.8402, max: 0.7240)
INFO:b1k.shared.eval_b1k_wrapper:🔧 Gripper variation: Compression disabled (mean: 0.3290, max: 0.4079)
INFO:b1k.shared.eval_b1k_wrapper:🔧 Gripper variation: Compression disabled (mean: 1.7271, max: 0.3807)
INFO:b1k.shared.eval_b1k_wrapper:📊 Step 15100 | Task: 27 | Stage: 12/14 | Predictions: 755
INFO:b1k.shared.eval_b1k_wrapper:🔧 Gripper variation: Compression disabled (mean: 1.0237, max: 0.3749)
INFO:b1k.shared.eval_b1k_wrapper:🔧 Gripper variation: Compression disabled (mean: 1.2936, max: 0.9007)
INFO:b1k.shared.eval_b1k_wrapper:🔧 Gripper variation: Compression disabled (mean: 1.0983, max: 0.4169)
INFO:b1k.shared.eval_b1k_wrapper:🔧 Gripper variation: Compression disabled (mean: 1.1494, max: 0.9889)
INFO:b1k.shared.eval_b1k_wrapper:🔧 Gripper variation: Compression disabled (mean: 0.7580, max: 0.1067)
INFO:b1k.shared.eval_b1k_wrapper:🎯 Prediction #760 | Actions: uncompressed (20) | Inpainting: True
INFO:b1k.shared.eval_b1k_wrapper:📊 Step 15200 | Task: 27 | Stage: 12/14 | Predictions: 760
INFO:b1k.shared.eval_b1k_wrapper:🔧 Gripper variation: Compression disabled (mean: 1.4242, max: 0.7691)
INFO:b1k.shared.eval_b1k_wrapper:🔧 Gripper variation: Compression disabled (mean: 1.0510, max: 0.3826)
INFO:b1k.shared.eval_b1k_wrapper:🔧 Gripper variation: Compression disabled (mean: 1.5961, max: 0.5540)
INFO:b1k.shared.eval_b1k_wrapper:🔧 Gripper variation: Compression disabled (mean: 0.8397, max: 0.2270)
INFO:b1k.shared.eval_b1k_wrapper:🔧 Gripper variation: Compression disabled (mean: 1.8783, max: 0.6123)
INFO:b1k.shared.eval_b1k_wrapper:📊 Step 15300 | Task: 27 | Stage: 12/14 | Predictions: 765
INFO:b1k.shared.eval_b1k_wrapper:🔧 Gripper variation: Compression disabled (mean: 0.2588, max: 0.8699)
INFO:b1k.shared.eval_b1k_wrapper:🔧 Gripper variation: Compression disabled (mean: 1.2965, max: 0.6937)
INFO:b1k.shared.eval_b1k_wrapper:🔧 Gripper variation: Compression disabled (mean: 0.7075, max: 0.2025)
INFO:b1k.shared.eval_b1k_wrapper:🔧 Gripper variation: Compression disabled (mean: 1.1228, max: 0.6815)
INFO:b1k.shared.eval_b1k_wrapper:🔧 Gripper variation: Compression disabled (mean: 0.8348, max: 0.9132)
INFO:b1k.shared.eval_b1k_wrapper:🎯 Prediction #770 | Actions: uncompressed (20) | Inpainting: True
INFO:b1k.shared.eval_b1k_wrapper:📊 Step 15400 | Task: 27 | Stage: 12/14 | Predictions: 770
INFO:b1k.shared.eval_b1k_wrapper:🔧 Gripper variation: Compression disabled (mean: 0.5261, max: 0.5785)
INFO:b1k.shared.eval_b1k_wrapper:🔧 Gripper variation: Compression disabled (mean: 1.1161, max: 0.9388)
INFO:b1k.shared.eval_b1k_wrapper:🔧 Gripper variation: Compression disabled (mean: 1.0602, max: 0.5544)
INFO:b1k.shared.eval_b1k_wrapper:🔧 Gripper variation: Compression disabled (mean: 0.7278, max: 0.3483)
INFO:b1k.shared.eval_b1k_wrapper:🔧 Gripper variation: Compression disabled (mean: 0.9152, max: 0.9796)
INFO:b1k.shared.eval_b1k_wrapper:📊 Step 15500 | Task: 27 | Stage: 12/14 | Predictions: 775
INFO:b1k.shared.eval_b1k_wrapper:🔧 Gripper variation: Compression disabled (mean: 0.7164, max: 0.4100)
INFO:b1k.shared.eval_b1k_wrapper:🔧 Gripper variation: Compression disabled (mean: 0.8817, max: 0.5509)
INFO:b1k.shared.eval_b1k_wrapper:🔧 Gripper variation: Compression disabled (mean: 1.0852, max: 0.7529)
INFO:b1k.shared.eval_b1k_wrapper:🔧 Gripper variation: Compression disabled (mean: 1.2102, max: 0.6907)
INFO:b1k.shared.eval_b1k_wrapper:🔧 Gripper variation: Compression disabled (mean: 0.7517, max: 0.1935)
INFO:b1k.shared.eval_b1k_wrapper:🎯 Prediction #780 | Actions: uncompressed (20) | Inpainting: True
INFO:b1k.shared.eval_b1k_wrapper:📊 Step 15600 | Task: 27 | Stage: 12/14 | Predictions: 780
INFO:b1k.shared.eval_b1k_wrapper:🔧 Gripper variation: Compression disabled (mean: 0.7812, max: 0.7851)
INFO:b1k.shared.eval_b1k_wrapper:🔧 Gripper variation: Compression disabled (mean: 0.4585, max: 0.2727)
INFO:b1k.shared.eval_b1k_wrapper:🔧 Gripper variation: Compression disabled (mean: 1.3716, max: 1.0018)
INFO:b1k.shared.eval_b1k_wrapper:🔧 Gripper variation: Compression disabled (mean: 0.8966, max: 0.4823)
INFO:b1k.shared.eval_b1k_wrapper:🔧 Gripper variation: Compression disabled (mean: 0.8096, max: 0.4514)
INFO:b1k.shared.eval_b1k_wrapper:📊 Step 15700 | Task: 27 | Stage: 12/14 | Predictions: 785
INFO:b1k.shared.eval_b1k_wrapper:🔧 Gripper variation: Compression disabled (mean: 0.7433, max: 0.4164)
INFO:b1k.shared.eval_b1k_wrapper:🔧 Gripper variation: Compression disabled (mean: 1.3823, max: 0.3542)
INFO:b1k.shared.eval_b1k_wrapper:🔧 Gripper variation: Compression disabled (mean: 0.8168, max: 0.3064)
INFO:b1k.shared.eval_b1k_wrapper:🔧 Gripper variation: Compression disabled (mean: 1.1840, max: 0.4889)
INFO:b1k.shared.eval_b1k_wrapper:🔧 Gripper variation: Compression disabled (mean: 0.8743, max: 0.5602)
INFO:b1k.shared.eval_b1k_wrapper:🎯 Prediction #790 | Actions: uncompressed (20) | Inpainting: True
INFO:b1k.shared.eval_b1k_wrapper:📊 Step 15800 | Task: 27 | Stage: 12/14 | Predictions: 790
INFO:b1k.shared.eval_b1k_wrapper:🔧 Gripper variation: Compression disabled (mean: 1.0111, max: 0.5527)
INFO:b1k.shared.eval_b1k_wrapper:🔧 Gripper variation: Compression disabled (mean: 1.2102, max: 0.7864)
INFO:b1k.shared.eval_b1k_wrapper:🔧 Gripper variation: Compression disabled (mean: 0.9881, max: 0.6503)
INFO:b1k.shared.eval_b1k_wrapper:🔧 Gripper variation: Compression disabled (mean: 0.4952, max: 0.4702)
INFO:b1k.shared.eval_b1k_wrapper:🔧 Gripper variation: Compression disabled (mean: 1.0403, max: 0.3385)
INFO:b1k.shared.eval_b1k_wrapper:📊 Step 15900 | Task: 27 | Stage: 12/14 | Predictions: 795
INFO:b1k.shared.eval_b1k_wrapper:🔧 Gripper variation: Compression disabled (mean: 0.7217, max: 0.7902)
INFO:b1k.shared.eval_b1k_wrapper:🔧 Gripper variation: Compression disabled (mean: 0.5267, max: 0.7597)
INFO:b1k.shared.eval_b1k_wrapper:🔧 Gripper variation: Compression disabled (mean: 0.3649, max: 0.8160)
INFO:b1k.shared.eval_b1k_wrapper:🔧 Gripper variation: Compression disabled (mean: 1.0582, max: 0.1940)
INFO:b1k.shared.eval_b1k_wrapper:🔧 Gripper variation: Compression disabled (mean: 1.5754, max: 0.6666)
INFO:b1k.shared.eval_b1k_wrapper:🎯 Prediction #800 | Actions: uncompressed (20) | Inpainting: True
INFO:b1k.shared.eval_b1k_wrapper:📊 Step 16000 | Task: 27 | Stage: 12/14 | Predictions: 800
INFO:b1k.shared.eval_b1k_wrapper:🔧 Gripper variation: Compression disabled (mean: 0.4211, max: 0.4203)
INFO:b1k.shared.eval_b1k_wrapper:🔧 Gripper variation: Compression disabled (mean: 0.8655, max: 0.3276)
INFO:b1k.shared.eval_b1k_wrapper:🔧 Gripper variation: Compression disabled (mean: 0.9351, max: 0.3587)
INFO:b1k.shared.eval_b1k_wrapper:🔧 Gripper variation: Compression disabled (mean: 1.2239, max: 0.8689)
INFO:b1k.shared.eval_b1k_wrapper:🔧 Gripper variation: Compression disabled (mean: 0.9347, max: 0.5420)
INFO:b1k.shared.eval_b1k_wrapper:📊 Step 16100 | Task: 27 | Stage: 12/14 | Predictions: 805
INFO:b1k.shared.eval_b1k_wrapper:🔧 Gripper variation: Compression disabled (mean: 1.4227, max: 0.6889)
INFO:b1k.shared.eval_b1k_wrapper:🔧 Gripper variation: Compression disabled (mean: 1.1466, max: 0.4476)
INFO:b1k.shared.eval_b1k_wrapper:🔧 Gripper variation: Compression disabled (mean: 0.9597, max: 0.6064)
INFO:b1k.shared.eval_b1k_wrapper:🔧 Gripper variation: Compression disabled (mean: 0.9574, max: 0.5086)
INFO:b1k.shared.eval_b1k_wrapper:🔧 Gripper variation: Compression disabled (mean: 0.7116, max: 0.8243)
INFO:b1k.shared.eval_b1k_wrapper:🎯 Prediction #810 | Actions: uncompressed (20) | Inpainting: True
INFO:b1k.shared.eval_b1k_wrapper:📊 Step 16200 | Task: 27 | Stage: 12/14 | Predictions: 810
INFO:b1k.shared.eval_b1k_wrapper:🔧 Gripper variation: Compression disabled (mean: 0.9155, max: 0.6483)
INFO:b1k.shared.eval_b1k_wrapper:🔧 Gripper variation: Compression disabled (mean: 1.0179, max: 0.7092)
INFO:b1k.shared.eval_b1k_wrapper:🔧 Gripper variation: Compression disabled (mean: 1.3848, max: 0.6236)
INFO:b1k.shared.eval_b1k_wrapper:🔧 Gripper variation: Compression disabled (mean: 1.3254, max: 0.5334)
INFO:b1k.shared.eval_b1k_wrapper:🔧 Gripper variation: Compression disabled (mean: 0.4931, max: 0.5325)
INFO:b1k.shared.eval_b1k_wrapper:📊 Step 16300 | Task: 27 | Stage: 12/14 | Predictions: 815
INFO:b1k.shared.eval_b1k_wrapper:🔧 Gripper variation: Compression disabled (mean: 0.9562, max: 0.7719)
INFO:b1k.shared.eval_b1k_wrapper:🔧 Gripper variation: Compression disabled (mean: 0.9575, max: 0.4759)
INFO:b1k.shared.eval_b1k_wrapper:🔧 Gripper variation: Compression disabled (mean: 0.8635, max: 0.8229)
INFO:b1k.shared.eval_b1k_wrapper:🔧 Gripper variation: Compression disabled (mean: 0.8271, max: 0.4601)
INFO:b1k.shared.eval_b1k_wrapper:🔧 Gripper variation: Compression disabled (mean: 0.6682, max: 0.6406)
INFO:b1k.shared.eval_b1k_wrapper:🎯 Prediction #820 | Actions: uncompressed (20) | Inpainting: True
INFO:b1k.shared.eval_b1k_wrapper:📊 Step 16400 | Task: 27 | Stage: 12/14 | Predictions: 820
INFO:b1k.shared.eval_b1k_wrapper:🔧 Gripper variation: Compression disabled (mean: 1.5431, max: 0.6897)
INFO:b1k.shared.eval_b1k_wrapper:🔧 Gripper variation: Compression disabled (mean: 0.7469, max: 0.5553)
INFO:b1k.shared.eval_b1k_wrapper:🔧 Gripper variation: Compression disabled (mean: 1.0990, max: 0.5008)
INFO:b1k.shared.eval_b1k_wrapper:🔧 Gripper variation: Compression disabled (mean: 1.2654, max: 0.7903)
INFO:b1k.shared.eval_b1k_wrapper:🔧 Gripper variation: Compression disabled (mean: 1.1247, max: 0.3888)
INFO:b1k.shared.eval_b1k_wrapper:📊 Step 16500 | Task: 27 | Stage: 12/14 | Predictions: 825
INFO:b1k.shared.eval_b1k_wrapper:🔧 Gripper variation: Compression disabled (mean: 2.1063, max: 0.5187)
INFO:b1k.shared.eval_b1k_wrapper:🔧 Gripper variation: Compression disabled (mean: 0.7193, max: 0.5021)
INFO:b1k.shared.eval_b1k_wrapper:🔧 Gripper variation: Compression disabled (mean: 1.0761, max: 0.9505)
INFO:b1k.shared.eval_b1k_wrapper:🔧 Gripper variation: Compression disabled (mean: 1.3319, max: 0.2971)
INFO:b1k.shared.eval_b1k_wrapper:🔧 Gripper variation: Compression disabled (mean: 0.7162, max: 0.8454)
INFO:b1k.shared.eval_b1k_wrapper:🎯 Prediction #830 | Actions: uncompressed (20) | Inpainting: True
INFO:b1k.shared.eval_b1k_wrapper:📊 Step 16600 | Task: 27 | Stage: 12/14 | Predictions: 830
INFO:b1k.shared.eval_b1k_wrapper:🔧 Gripper variation: Compression disabled (mean: 1.2108, max: 0.2534)
INFO:b1k.shared.eval_b1k_wrapper:🔧 Gripper variation: Compression disabled (mean: 0.7114, max: 0.6127)
INFO:b1k.shared.eval_b1k_wrapper:🔧 Gripper variation: Compression disabled (mean: 0.7847, max: 0.7713)
INFO:b1k.shared.eval_b1k_wrapper:🔧 Gripper variation: Compression disabled (mean: 0.9664, max: 0.3903)
INFO:b1k.shared.eval_b1k_wrapper:🔧 Gripper variation: Compression disabled (mean: 0.7983, max: 0.5982)
INFO:b1k.shared.eval_b1k_wrapper:📊 Step 16700 | Task: 27 | Stage: 12/14 | Predictions: 835
INFO:b1k.shared.eval_b1k_wrapper:🔧 Gripper variation: Compression disabled (mean: 0.8665, max: 0.9380)
INFO:b1k.shared.eval_b1k_wrapper:🔧 Gripper variation: Compression disabled (mean: 1.0272, max: 0.3563)
INFO:b1k.shared.eval_b1k_wrapper:🔧 Gripper variation: Compression disabled (mean: 1.5159, max: 0.6082)
INFO:b1k.shared.eval_b1k_wrapper:🔧 Gripper variation: Compression disabled (mean: 1.2808, max: 0.3259)
INFO:b1k.shared.eval_b1k_wrapper:🔧 Gripper variation: Compression disabled (mean: 1.2052, max: 0.5843)
INFO:b1k.shared.eval_b1k_wrapper:🎯 Prediction #840 | Actions: uncompressed (20) | Inpainting: True
INFO:b1k.shared.eval_b1k_wrapper:📊 Step 16800 | Task: 27 | Stage: 12/14 | Predictions: 840
INFO:b1k.shared.eval_b1k_wrapper:🔧 Gripper variation: Compression disabled (mean: 0.8845, max: 1.0509)
INFO:b1k.shared.eval_b1k_wrapper:🔧 Gripper variation: Compression disabled (mean: 1.1289, max: 0.1854)
INFO:b1k.shared.eval_b1k_wrapper:🔧 Gripper variation: Compression disabled (mean: 1.4222, max: 0.4346)
INFO:b1k.shared.eval_b1k_wrapper:🔧 Gripper variation: Compression disabled (mean: 0.7966, max: 0.6155)
INFO:b1k.shared.eval_b1k_wrapper:🔧 Gripper variation: Compression disabled (mean: 1.0758, max: 0.6033)
INFO:b1k.shared.eval_b1k_wrapper:📊 Step 16900 | Task: 27 | Stage: 12/14 | Predictions: 845
INFO:b1k.shared.eval_b1k_wrapper:🔧 Gripper variation: Compression disabled (mean: 1.0673, max: 0.2989)
INFO:b1k.shared.eval_b1k_wrapper:🔧 Gripper variation: Compression disabled (mean: 0.9447, max: 0.6352)
INFO:b1k.shared.eval_b1k_wrapper:🔧 Gripper variation: Compression disabled (mean: 1.0460, max: 1.0219)
INFO:b1k.shared.eval_b1k_wrapper:🔧 Gripper variation: Compression disabled (mean: 0.9908, max: 0.3459)
INFO:b1k.shared.eval_b1k_wrapper:🔧 Gripper variation: Compression disabled (mean: 1.0072, max: 0.6071)
INFO:b1k.shared.eval_b1k_wrapper:🎯 Prediction #850 | Actions: uncompressed (20) | Inpainting: True
INFO:b1k.shared.eval_b1k_wrapper:📊 Step 17000 | Task: 27 | Stage: 12/14 | Predictions: 850
INFO:b1k.shared.eval_b1k_wrapper:🔧 Gripper variation: Compression disabled (mean: 0.8691, max: 0.6942)
INFO:b1k.shared.eval_b1k_wrapper:🔧 Gripper variation: Compression disabled (mean: 0.7563, max: 0.3388)
INFO:b1k.shared.eval_b1k_wrapper:🔧 Gripper variation: Compression disabled (mean: 1.2571, max: 0.4269)
INFO:b1k.shared.eval_b1k_wrapper:🔧 Gripper variation: Compression disabled (mean: 0.7538, max: 0.3776)
INFO:b1k.shared.eval_b1k_wrapper:🔧 Gripper variation: Compression disabled (mean: 1.1001, max: 0.8385)
INFO:b1k.shared.eval_b1k_wrapper:📊 Step 17100 | Task: 27 | Stage: 12/14 | Predictions: 855
INFO:b1k.shared.eval_b1k_wrapper:🔧 Gripper variation: Compression disabled (mean: 0.8785, max: 0.5620)
INFO:b1k.shared.eval_b1k_wrapper:🔧 Gripper variation: Compression disabled (mean: 1.1190, max: 0.7140)
INFO:b1k.shared.eval_b1k_wrapper:🔧 Gripper variation: Compression disabled (mean: 0.6723, max: 0.5362)
INFO:b1k.shared.eval_b1k_wrapper:🔧 Gripper variation: Compression disabled (mean: 1.4495, max: 0.2970)
INFO:b1k.shared.eval_b1k_wrapper:🔧 Gripper variation: Compression disabled (mean: 1.0669, max: 0.6328)
INFO:b1k.shared.eval_b1k_wrapper:🎯 Prediction #860 | Actions: uncompressed (20) | Inpainting: True
INFO:b1k.shared.eval_b1k_wrapper:📊 Step 17200 | Task: 27 | Stage: 12/14 | Predictions: 860
INFO:b1k.shared.eval_b1k_wrapper:🔧 Gripper variation: Compression disabled (mean: 1.5852, max: 0.5727)
INFO:b1k.shared.eval_b1k_wrapper:🔧 Gripper variation: Compression disabled (mean: 0.5626, max: 0.6962)
INFO:b1k.shared.eval_b1k_wrapper:🔧 Gripper variation: Compression disabled (mean: 0.7131, max: 0.4483)
INFO:b1k.shared.eval_b1k_wrapper:🔧 Gripper variation: Compression disabled (mean: 0.5050, max: 0.1463)
INFO:b1k.shared.eval_b1k_wrapper:🔧 Gripper variation: Compression disabled (mean: 0.9566, max: 0.6921)
INFO:b1k.shared.eval_b1k_wrapper:📊 Step 17300 | Task: 27 | Stage: 12/14 | Predictions: 865
INFO:b1k.shared.eval_b1k_wrapper:🔧 Gripper variation: Compression disabled (mean: 1.0643, max: 0.5824)
INFO:b1k.shared.eval_b1k_wrapper:🔧 Gripper variation: Compression disabled (mean: 1.9214, max: 0.4546)
INFO:b1k.shared.eval_b1k_wrapper:🔧 Gripper variation: Compression disabled (mean: 1.2728, max: 0.5733)
INFO:b1k.shared.eval_b1k_wrapper:🔧 Gripper variation: Compression disabled (mean: 1.0382, max: 0.4981)
INFO:b1k.shared.eval_b1k_wrapper:🔧 Gripper variation: Compression disabled (mean: 1.1304, max: 0.5366)
INFO:b1k.shared.eval_b1k_wrapper:🎯 Prediction #870 | Actions: uncompressed (20) | Inpainting: True
INFO:b1k.shared.eval_b1k_wrapper:📊 Step 17400 | Task: 27 | Stage: 12/14 | Predictions: 870
INFO:b1k.shared.eval_b1k_wrapper:🔧 Gripper variation: Compression disabled (mean: 0.9560, max: 0.6792)
INFO:b1k.shared.eval_b1k_wrapper:🔧 Gripper variation: Compression disabled (mean: 0.1665, max: 0.3396)
INFO:b1k.shared.eval_b1k_wrapper:🔧 Gripper variation: Compression disabled (mean: 0.8945, max: 0.7751)
INFO:b1k.shared.eval_b1k_wrapper:🔧 Gripper variation: Compression disabled (mean: 0.5365, max: 0.7933)
INFO:b1k.shared.eval_b1k_wrapper:🔧 Gripper variation: Compression disabled (mean: 1.2251, max: 0.6343)
INFO:b1k.shared.eval_b1k_wrapper:📊 Step 17500 | Task: 27 | Stage: 12/14 | Predictions: 875
INFO:b1k.shared.eval_b1k_wrapper:🔧 Gripper variation: Compression disabled (mean: 1.0992, max: 0.3161)
INFO:b1k.shared.eval_b1k_wrapper:🔧 Gripper variation: Compression disabled (mean: 1.1199, max: 0.6536)
INFO:b1k.shared.eval_b1k_wrapper:🔧 Gripper variation: Compression disabled (mean: 0.9768, max: 0.6493)
INFO:b1k.shared.eval_b1k_wrapper:🔧 Gripper variation: Compression disabled (mean: 0.9176, max: 0.3490)
INFO:b1k.shared.eval_b1k_wrapper:🔧 Gripper variation: Compression disabled (mean: 0.6866, max: 0.9027)
INFO:b1k.shared.eval_b1k_wrapper:🎯 Prediction #880 | Actions: uncompressed (20) | Inpainting: True
INFO:b1k.shared.eval_b1k_wrapper:📊 Step 17600 | Task: 27 | Stage: 12/14 | Predictions: 880
INFO:b1k.shared.eval_b1k_wrapper:🔧 Gripper variation: Compression disabled (mean: 1.1634, max: 0.4600)
INFO:b1k.shared.eval_b1k_wrapper:🔧 Gripper variation: Compression disabled (mean: 0.4206, max: 0.6417)
INFO:b1k.shared.eval_b1k_wrapper:🔧 Gripper variation: Compression disabled (mean: 0.3418, max: 2.0144)
INFO:b1k.shared.eval_b1k_wrapper:🔧 Gripper variation: Compression disabled (mean: 1.2799, max: 0.4131)
INFO:b1k.shared.eval_b1k_wrapper:🔧 Gripper variation: Compression disabled (mean: 0.5723, max: 0.4677)
INFO:b1k.shared.eval_b1k_wrapper:📊 Step 17700 | Task: 27 | Stage: 12/14 | Predictions: 885
INFO:b1k.shared.eval_b1k_wrapper:🔧 Gripper variation: Compression disabled (mean: 1.2509, max: 1.1698)
INFO:b1k.shared.eval_b1k_wrapper:🔧 Gripper variation: Compression disabled (mean: 0.3681, max: 0.7691)
INFO:b1k.shared.eval_b1k_wrapper:🔧 Gripper variation: Compression disabled (mean: 1.1488, max: 0.7446)
INFO:b1k.shared.eval_b1k_wrapper:🔧 Gripper variation: Compression disabled (mean: 0.8294, max: 0.3915)
INFO:b1k.shared.eval_b1k_wrapper:🔧 Gripper variation: Compression disabled (mean: 1.2826, max: 0.5662)
INFO:b1k.shared.eval_b1k_wrapper:🎯 Prediction #890 | Actions: uncompressed (20) | Inpainting: True
INFO:b1k.shared.eval_b1k_wrapper:📊 Step 17800 | Task: 27 | Stage: 12/14 | Predictions: 890
INFO:b1k.shared.eval_b1k_wrapper:🔧 Gripper variation: Compression disabled (mean: 0.4391, max: 0.5247)
INFO:b1k.shared.eval_b1k_wrapper:🔧 Gripper variation: Compression disabled (mean: 1.6755, max: 0.4011)
INFO:b1k.shared.eval_b1k_wrapper:🔧 Gripper variation: Compression disabled (mean: 0.1529, max: 0.9580)
INFO:b1k.shared.eval_b1k_wrapper:🔧 Gripper variation: Compression disabled (mean: 0.9551, max: 0.3208)
INFO:b1k.shared.eval_b1k_wrapper:🔧 Gripper variation: Compression disabled (mean: 0.5582, max: 0.4065)
INFO:b1k.shared.eval_b1k_wrapper:📊 Step 17900 | Task: 27 | Stage: 12/14 | Predictions: 895
INFO:b1k.shared.eval_b1k_wrapper:🔧 Gripper variation: Compression disabled (mean: 0.5131, max: 0.6951)
INFO:b1k.shared.eval_b1k_wrapper:🔧 Gripper variation: Compression disabled (mean: 0.4749, max: 0.4819)
INFO:b1k.shared.eval_b1k_wrapper:🔧 Gripper variation: Compression disabled (mean: 1.1862, max: 0.4806)
INFO:b1k.shared.eval_b1k_wrapper:🔧 Gripper variation: Compression disabled (mean: 0.8889, max: 0.4476)
INFO:b1k.shared.eval_b1k_wrapper:🔧 Gripper variation: Compression disabled (mean: 1.0025, max: 0.7920)
INFO:b1k.shared.eval_b1k_wrapper:🎯 Prediction #900 | Actions: uncompressed (20) | Inpainting: True
INFO:b1k.shared.eval_b1k_wrapper:📊 Step 18000 | Task: 27 | Stage: 12/14 | Predictions: 900
INFO:b1k.shared.eval_b1k_wrapper:🔧 Gripper variation: Compression disabled (mean: 1.1081, max: 0.3024)
INFO:b1k.shared.eval_b1k_wrapper:🔧 Gripper variation: Compression disabled (mean: 1.0366, max: 0.5112)
INFO:b1k.shared.eval_b1k_wrapper:🔧 Gripper variation: Compression disabled (mean: 0.1107, max: 0.7544)
INFO:b1k.shared.eval_b1k_wrapper:🔧 Gripper variation: Compression disabled (mean: 1.3800, max: 0.3677)
INFO:b1k.shared.eval_b1k_wrapper:🔧 Gripper variation: Compression disabled (mean: 0.5877, max: 0.5985)
INFO:b1k.shared.eval_b1k_wrapper:📊 Step 18100 | Task: 27 | Stage: 12/14 | Predictions: 905
INFO:b1k.shared.eval_b1k_wrapper:🔧 Gripper variation: Compression disabled (mean: 0.3770, max: 0.6571)
INFO:b1k.shared.eval_b1k_wrapper:🔧 Gripper variation: Compression disabled (mean: 0.4832, max: 0.3512)
INFO:b1k.shared.eval_b1k_wrapper:🔧 Gripper variation: Compression disabled (mean: 0.8938, max: 1.2286)
INFO:b1k.shared.eval_b1k_wrapper:🔧 Gripper variation: Compression disabled (mean: 0.3599, max: 0.8529)
INFO:b1k.shared.eval_b1k_wrapper:🔧 Gripper variation: Compression disabled (mean: 0.7426, max: 0.7445)
INFO:b1k.shared.eval_b1k_wrapper:🎯 Prediction #910 | Actions: uncompressed (20) | Inpainting: True
INFO:b1k.shared.eval_b1k_wrapper:📊 Step 18200 | Task: 27 | Stage: 12/14 | Predictions: 910
INFO:b1k.shared.eval_b1k_wrapper:🔧 Gripper variation: Compression disabled (mean: 1.1158, max: 0.4964)
INFO:b1k.shared.eval_b1k_wrapper:🔧 Gripper variation: Compression disabled (mean: 1.1583, max: 0.6342)
INFO:b1k.shared.eval_b1k_wrapper:🔧 Gripper variation: Compression disabled (mean: 0.7969, max: 0.2329)
INFO:b1k.shared.eval_b1k_wrapper:🔧 Gripper variation: Compression disabled (mean: 1.4791, max: 0.6179)
INFO:b1k.shared.eval_b1k_wrapper:🔧 Gripper variation: Compression disabled (mean: 0.5437, max: 0.4814)
INFO:b1k.shared.eval_b1k_wrapper:📊 Step 18300 | Task: 27 | Stage: 12/14 | Predictions: 915
INFO:b1k.shared.eval_b1k_wrapper:🔧 Gripper variation: Compression disabled (mean: 0.9544, max: 0.4013)
INFO:b1k.shared.eval_b1k_wrapper:🔧 Gripper variation: Compression disabled (mean: 0.8026, max: 2.0104)
INFO:b1k.shared.eval_b1k_wrapper:🔧 Gripper variation: Compression disabled (mean: 1.1943, max: 2.0526)
INFO:b1k.shared.eval_b1k_wrapper:🔧 Gripper variation: Compression disabled (mean: 0.6514, max: 0.4294)
INFO:b1k.shared.eval_b1k_wrapper:🔧 Gripper variation: Compression disabled (mean: 1.0720, max: 0.8278)
INFO:b1k.shared.eval_b1k_wrapper:🎯 Prediction #920 | Actions: uncompressed (20) | Inpainting: True
INFO:b1k.shared.eval_b1k_wrapper:📊 Step 18400 | Task: 27 | Stage: 12/14 | Predictions: 920
INFO:b1k.shared.eval_b1k_wrapper:🔧 Gripper variation: Compression disabled (mean: 0.7771, max: 0.9233)
INFO:b1k.shared.eval_b1k_wrapper:🔧 Gripper variation: Compression disabled (mean: 1.3601, max: 0.9574)
INFO:b1k.shared.eval_b1k_wrapper:🔧 Gripper variation: Compression disabled (mean: 0.9632, max: 0.8862)
INFO:b1k.shared.eval_b1k_wrapper:🔧 Gripper variation: Compression disabled (mean: 1.0528, max: 1.6027)
INFO:b1k.shared.eval_b1k_wrapper:🔧 Gripper variation: Compression disabled (mean: 0.5430, max: 0.1136)
INFO:b1k.shared.eval_b1k_wrapper:📊 Step 18500 | Task: 27 | Stage: 12/14 | Predictions: 925
INFO:b1k.shared.eval_b1k_wrapper:🔧 Gripper variation: Compression disabled (mean: 0.8657, max: 0.4620)
INFO:b1k.shared.eval_b1k_wrapper:🔧 Gripper variation: Compression disabled (mean: 0.8001, max: 1.0536)
INFO:b1k.shared.eval_b1k_wrapper:🔧 Gripper variation: Compression disabled (mean: 1.0102, max: 0.5320)
INFO:b1k.shared.eval_b1k_wrapper:🔧 Gripper variation: Compression disabled (mean: 0.9855, max: 0.4881)
INFO:b1k.shared.eval_b1k_wrapper:🔧 Gripper variation: Compression disabled (mean: 1.2240, max: 0.6378)
INFO:b1k.shared.eval_b1k_wrapper:🎯 Prediction #930 | Actions: uncompressed (20) | Inpainting: True
INFO:b1k.shared.eval_b1k_wrapper:📊 Step 18600 | Task: 27 | Stage: 12/14 | Predictions: 930
INFO:b1k.shared.eval_b1k_wrapper:🔧 Gripper variation: Compression disabled (mean: 0.7137, max: 0.5367)
INFO:b1k.shared.eval_b1k_wrapper:🔧 Gripper variation: Compression disabled (mean: 1.2072, max: 0.3247)
INFO:b1k.shared.eval_b1k_wrapper:🔧 Gripper variation: Compression disabled (mean: 0.5452, max: 0.5671)
INFO:b1k.shared.eval_b1k_wrapper:🔧 Gripper variation: Compression disabled (mean: 1.3082, max: 0.3532)
INFO:b1k.shared.eval_b1k_wrapper:🔧 Gripper variation: Compression disabled (mean: 0.8494, max: 0.5406)
INFO:b1k.shared.eval_b1k_wrapper:📊 Step 18700 | Task: 27 | Stage: 12/14 | Predictions: 935
INFO:b1k.shared.eval_b1k_wrapper:🔧 Gripper variation: Compression disabled (mean: 1.0478, max: 0.6773)
INFO:b1k.shared.eval_b1k_wrapper:🔧 Gripper variation: Compression disabled (mean: 0.6529, max: 0.3639)
INFO:b1k.shared.eval_b1k_wrapper:🔧 Gripper variation: Compression disabled (mean: 0.6687, max: 0.4566)
INFO:b1k.shared.eval_b1k_wrapper:🔧 Gripper variation: Compression disabled (mean: 1.8386, max: 0.2359)
INFO:b1k.shared.eval_b1k_wrapper:🔧 Gripper variation: Compression disabled (mean: 1.0944, max: 0.4160)
INFO:b1k.shared.eval_b1k_wrapper:🎯 Prediction #940 | Actions: uncompressed (20) | Inpainting: True
INFO:b1k.shared.eval_b1k_wrapper:📊 Step 18800 | Task: 27 | Stage: 12/14 | Predictions: 940
INFO:b1k.shared.eval_b1k_wrapper:🔧 Gripper variation: Compression disabled (mean: 1.0830, max: 0.5600)
INFO:b1k.shared.eval_b1k_wrapper:🔧 Gripper variation: Compression disabled (mean: 1.2689, max: 0.6737)
INFO:b1k.shared.eval_b1k_wrapper:🔧 Gripper variation: Compression disabled (mean: 0.9449, max: 0.6447)
INFO:b1k.shared.eval_b1k_wrapper:🔧 Gripper variation: Compression disabled (mean: 0.6515, max: 0.5753)
INFO:b1k.shared.eval_b1k_wrapper:🔧 Gripper variation: Compression disabled (mean: 1.2791, max: 0.2744)
INFO:b1k.shared.eval_b1k_wrapper:📊 Step 18900 | Task: 27 | Stage: 12/14 | Predictions: 945
INFO:b1k.shared.eval_b1k_wrapper:🔧 Gripper variation: Compression disabled (mean: 0.7806, max: 0.2796)
INFO:b1k.shared.eval_b1k_wrapper:🔧 Gripper variation: Compression disabled (mean: 0.7557, max: 1.0105)
INFO:b1k.shared.eval_b1k_wrapper:🔧 Gripper variation: Compression disabled (mean: 1.0792, max: 0.3837)
INFO:b1k.shared.eval_b1k_wrapper:🔧 Gripper variation: Compression disabled (mean: 1.5955, max: 0.5373)
INFO:b1k.shared.eval_b1k_wrapper:🔧 Gripper variation: Compression disabled (mean: 1.1512, max: 0.7535)
INFO:b1k.shared.eval_b1k_wrapper:🎯 Prediction #950 | Actions: uncompressed (20) | Inpainting: True
INFO:b1k.shared.eval_b1k_wrapper:📊 Step 19000 | Task: 27 | Stage: 12/14 | Predictions: 950
INFO:b1k.shared.eval_b1k_wrapper:🔧 Gripper variation: Compression disabled (mean: 1.0129, max: 0.7016)
INFO:b1k.shared.eval_b1k_wrapper:🔧 Gripper variation: Compression disabled (mean: 0.7149, max: 0.4130)
INFO:b1k.shared.eval_b1k_wrapper:🔧 Gripper variation: Compression disabled (mean: 1.0787, max: 0.8199)
INFO:b1k.shared.eval_b1k_wrapper:🔧 Gripper variation: Compression disabled (mean: 0.9431, max: 0.0830)
INFO:b1k.shared.eval_b1k_wrapper:🔧 Gripper variation: Compression disabled (mean: 1.4986, max: 1.3659)
INFO:b1k.shared.eval_b1k_wrapper:📊 Step 19100 | Task: 27 | Stage: 12/14 | Predictions: 955
INFO:b1k.shared.eval_b1k_wrapper:🔧 Gripper variation: Compression disabled (mean: 0.5769, max: 0.3866)
INFO:b1k.shared.eval_b1k_wrapper:🔧 Gripper variation: Compression disabled (mean: 1.2246, max: 0.4462)
INFO:b1k.shared.eval_b1k_wrapper:🔧 Gripper variation: Compression disabled (mean: 0.8650, max: 0.6001)
INFO:b1k.shared.eval_b1k_wrapper:🔧 Gripper variation: Compression disabled (mean: 0.8294, max: 0.7540)
INFO:b1k.shared.eval_b1k_wrapper:🔧 Gripper variation: Compression disabled (mean: 1.2565, max: 0.4814)
INFO:b1k.shared.eval_b1k_wrapper:🎯 Prediction #960 | Actions: uncompressed (20) | Inpainting: True
INFO:b1k.shared.eval_b1k_wrapper:📊 Step 19200 | Task: 27 | Stage: 12/14 | Predictions: 960
INFO:b1k.shared.eval_b1k_wrapper:🔧 Gripper variation: Compression disabled (mean: 0.6704, max: 0.5301)
INFO:b1k.shared.eval_b1k_wrapper:🔧 Gripper variation: Compression disabled (mean: 1.3028, max: 0.8647)
INFO:b1k.shared.eval_b1k_wrapper:🔧 Gripper variation: Compression disabled (mean: 0.6129, max: 0.5516)
INFO:b1k.shared.eval_b1k_wrapper:🔧 Gripper variation: Compression disabled (mean: 1.0727, max: 0.6903)
INFO:b1k.shared.eval_b1k_wrapper:🔧 Gripper variation: Compression disabled (mean: 0.8756, max: 0.9826)
INFO:b1k.shared.eval_b1k_wrapper:📊 Step 19300 | Task: 27 | Stage: 12/14 | Predictions: 965
INFO:b1k.shared.eval_b1k_wrapper:🔧 Gripper variation: Compression disabled (mean: 1.1685, max: 0.8336)
INFO:b1k.shared.eval_b1k_wrapper:🔧 Gripper variation: Compression disabled (mean: 0.8178, max: 0.5678)
INFO:b1k.shared.eval_b1k_wrapper:🔧 Gripper variation: Compression disabled (mean: 1.0363, max: 0.6158)
INFO:b1k.shared.eval_b1k_wrapper:🔧 Gripper variation: Compression disabled (mean: 1.4160, max: 0.7297)
INFO:b1k.shared.eval_b1k_wrapper:🔧 Gripper variation: Compression disabled (mean: 0.7967, max: 0.7650)
INFO:b1k.shared.eval_b1k_wrapper:🎯 Prediction #970 | Actions: uncompressed (20) | Inpainting: True
INFO:b1k.shared.eval_b1k_wrapper:📊 Step 19400 | Task: 27 | Stage: 12/14 | Predictions: 970
INFO:b1k.shared.eval_b1k_wrapper:🔧 Gripper variation: Compression disabled (mean: 0.5383, max: 0.6362)
INFO:b1k.shared.eval_b1k_wrapper:🔧 Gripper variation: Compression disabled (mean: 1.2277, max: 0.9738)
INFO:b1k.shared.eval_b1k_wrapper:🔧 Gripper variation: Compression disabled (mean: 0.9937, max: 0.2787)
INFO:b1k.shared.eval_b1k_wrapper:🔧 Gripper variation: Compression disabled (mean: 1.1409, max: 1.3005)
INFO:b1k.shared.eval_b1k_wrapper:🔧 Gripper variation: Compression disabled (mean: 0.8715, max: 0.7495)
INFO:b1k.shared.eval_b1k_wrapper:📊 Step 19500 | Task: 27 | Stage: 12/14 | Predictions: 975
INFO:b1k.shared.eval_b1k_wrapper:🔧 Gripper variation: Compression disabled (mean: 1.0889, max: 0.3614)
INFO:b1k.shared.eval_b1k_wrapper:🔧 Gripper variation: Compression disabled (mean: 0.8859, max: 0.3891)
INFO:b1k.shared.eval_b1k_wrapper:🔧 Gripper variation: Compression disabled (mean: 0.9621, max: 0.6302)
INFO:b1k.shared.eval_b1k_wrapper:🔧 Gripper variation: Compression disabled (mean: 0.7986, max: 0.2613)
INFO:b1k.shared.eval_b1k_wrapper:🔧 Gripper variation: Compression disabled (mean: 0.5196, max: 0.8122)
INFO:b1k.shared.eval_b1k_wrapper:🎯 Prediction #980 | Actions: uncompressed (20) | Inpainting: True
INFO:b1k.shared.eval_b1k_wrapper:📊 Step 19600 | Task: 27 | Stage: 12/14 | Predictions: 980
INFO:b1k.shared.eval_b1k_wrapper:🔧 Gripper variation: Compression disabled (mean: 0.4930, max: 0.4549)
INFO:b1k.shared.eval_b1k_wrapper:🔧 Gripper variation: Compression disabled (mean: 0.3295, max: 0.2146)
INFO:b1k.shared.eval_b1k_wrapper:🔧 Gripper variation: Compression disabled (mean: 1.4299, max: 0.6529)
INFO:b1k.shared.eval_b1k_wrapper:🔧 Gripper variation: Compression disabled (mean: 0.6565, max: 0.1087)
INFO:b1k.shared.eval_b1k_wrapper:🔧 Gripper variation: Compression disabled (mean: 0.8205, max: 0.7349)
INFO:b1k.shared.eval_b1k_wrapper:📊 Step 19700 | Task: 27 | Stage: 12/14 | Predictions: 985
INFO:b1k.shared.eval_b1k_wrapper:🔧 Gripper variation: Compression disabled (mean: 0.8642, max: 0.4674)
INFO:b1k.shared.eval_b1k_wrapper:🔧 Gripper variation: Compression disabled (mean: 1.3265, max: 0.4277)
INFO:b1k.shared.eval_b1k_wrapper:🔧 Gripper variation: Compression disabled (mean: 1.1983, max: 0.6584)
INFO:b1k.shared.eval_b1k_wrapper:🔧 Gripper variation: Compression disabled (mean: 1.1982, max: 0.6720)
INFO:b1k.shared.eval_b1k_wrapper:🔧 Gripper variation: Compression disabled (mean: 1.2431, max: 0.5749)
INFO:b1k.shared.eval_b1k_wrapper:🎯 Prediction #990 | Actions: uncompressed (20) | Inpainting: True
INFO:b1k.shared.eval_b1k_wrapper:📊 Step 19800 | Task: 27 | Stage: 12/14 | Predictions: 990
INFO:b1k.shared.eval_b1k_wrapper:🔧 Gripper variation: Compression disabled (mean: 0.8965, max: 0.6515)
INFO:b1k.shared.eval_b1k_wrapper:🔧 Gripper variation: Compression disabled (mean: 1.4603, max: 0.4419)
INFO:b1k.shared.eval_b1k_wrapper:🔧 Gripper variation: Compression disabled (mean: 0.5224, max: 0.8007)
INFO:b1k.shared.eval_b1k_wrapper:🔧 Gripper variation: Compression disabled (mean: 1.0690, max: 0.5989)
INFO:b1k.shared.eval_b1k_wrapper:🔧 Gripper variation: Compression disabled (mean: 1.2642, max: 0.5542)
INFO:b1k.shared.eval_b1k_wrapper:📊 Step 19900 | Task: 27 | Stage: 12/14 | Predictions: 995
INFO:b1k.shared.eval_b1k_wrapper:🔧 Gripper variation: Compression disabled (mean: 0.9026, max: 0.6619)
INFO:b1k.shared.eval_b1k_wrapper:🔧 Gripper variation: Compression disabled (mean: 0.8535, max: 0.4486)
INFO:b1k.shared.eval_b1k_wrapper:🔧 Gripper variation: Compression disabled (mean: 1.3600, max: 0.4515)
INFO:b1k.shared.eval_b1k_wrapper:🔧 Gripper variation: Compression disabled (mean: 0.9995, max: 0.4625)
INFO:b1k.shared.eval_b1k_wrapper:🔧 Gripper variation: Compression disabled (mean: 1.3024, max: 0.3984)
INFO:b1k.shared.eval_b1k_wrapper:🎯 Prediction #1000 | Actions: uncompressed (20) | Inpainting: True
INFO:b1k.shared.eval_b1k_wrapper:📊 Step 20000 | Task: 27 | Stage: 12/14 | Predictions: 1000
INFO:b1k.shared.eval_b1k_wrapper:🔧 Gripper variation: Compression disabled (mean: 0.5606, max: 0.4669)
INFO:b1k.shared.eval_b1k_wrapper:🔧 Gripper variation: Compression disabled (mean: 0.7257, max: 0.5470)
INFO:b1k.shared.eval_b1k_wrapper:🔧 Gripper variation: Compression disabled (mean: 0.9712, max: 0.9498)
INFO:b1k.shared.eval_b1k_wrapper:🔧 Gripper variation: Compression disabled (mean: 1.0953, max: 1.0548)
INFO:b1k.shared.eval_b1k_wrapper:🔧 Gripper variation: Compression disabled (mean: 1.1839, max: 0.4715)
INFO:b1k.shared.eval_b1k_wrapper:📊 Step 20100 | Task: 27 | Stage: 12/14 | Predictions: 1005
INFO:b1k.shared.eval_b1k_wrapper:🔧 Gripper variation: Compression disabled (mean: 1.0284, max: 0.3581)
INFO:b1k.shared.eval_b1k_wrapper:🔧 Gripper variation: Compression disabled (mean: 1.4352, max: 0.6499)
INFO:b1k.shared.eval_b1k_wrapper:🔧 Gripper variation: Compression disabled (mean: 0.9842, max: 0.3927)
INFO:b1k.shared.eval_b1k_wrapper:🔧 Gripper variation: Compression disabled (mean: 0.5389, max: 0.5498)
INFO:b1k.shared.eval_b1k_wrapper:🔧 Gripper variation: Compression disabled (mean: 1.1014, max: 0.7375)
INFO:b1k.shared.eval_b1k_wrapper:🎯 Prediction #1010 | Actions: uncompressed (20) | Inpainting: True
INFO:b1k.shared.eval_b1k_wrapper:📊 Step 20200 | Task: 27 | Stage: 12/14 | Predictions: 1010
INFO:b1k.shared.eval_b1k_wrapper:🔧 Gripper variation: Compression disabled (mean: 0.7254, max: 0.3650)
INFO:b1k.shared.eval_b1k_wrapper:🔧 Gripper variation: Compression disabled (mean: 1.1483, max: 0.8946)
INFO:b1k.shared.eval_b1k_wrapper:🔧 Gripper variation: Compression disabled (mean: 0.7937, max: 0.5402)
INFO:b1k.shared.eval_b1k_wrapper:🔧 Gripper variation: Compression disabled (mean: 0.9159, max: 0.7979)
INFO:b1k.shared.eval_b1k_wrapper:🔧 Gripper variation: Compression disabled (mean: 0.6929, max: 1.0406)
INFO:b1k.shared.eval_b1k_wrapper:📊 Step 20300 | Task: 27 | Stage: 12/14 | Predictions: 1015
INFO:b1k.shared.eval_b1k_wrapper:🔧 Gripper variation: Compression disabled (mean: 1.2311, max: 0.8763)
INFO:b1k.shared.eval_b1k_wrapper:🔧 Gripper variation: Compression disabled (mean: 1.1432, max: 0.6625)
INFO:b1k.shared.eval_b1k_wrapper:🔧 Gripper variation: Compression disabled (mean: 0.2300, max: 0.4796)
INFO:b1k.shared.eval_b1k_wrapper:🔧 Gripper variation: Compression disabled (mean: 0.6499, max: 0.5423)
INFO:b1k.shared.eval_b1k_wrapper:🔧 Gripper variation: Compression disabled (mean: 0.8649, max: 1.2893)
INFO:b1k.shared.eval_b1k_wrapper:🎯 Prediction #1020 | Actions: uncompressed (20) | Inpainting: True
INFO:b1k.shared.eval_b1k_wrapper:📊 Step 20400 | Task: 27 | Stage: 12/14 | Predictions: 1020
INFO:b1k.shared.eval_b1k_wrapper:🔧 Gripper variation: Compression disabled (mean: 0.8756, max: 0.3080)
INFO:b1k.shared.eval_b1k_wrapper:🔧 Gripper variation: Compression disabled (mean: 0.4033, max: 0.9525)
INFO:b1k.shared.eval_b1k_wrapper:🔧 Gripper variation: Compression disabled (mean: 0.6049, max: 0.4518)
INFO:b1k.shared.eval_b1k_wrapper:🔧 Gripper variation: Compression disabled (mean: 0.8043, max: 0.6311)
INFO:b1k.shared.eval_b1k_wrapper:🔧 Gripper variation: Compression disabled (mean: 1.2576, max: 0.9640)
INFO:b1k.shared.eval_b1k_wrapper:📊 Step 20500 | Task: 27 | Stage: 12/14 | Predictions: 1025
INFO:b1k.shared.eval_b1k_wrapper:🔧 Gripper variation: Compression disabled (mean: 0.4666, max: 0.2235)
INFO:b1k.shared.eval_b1k_wrapper:🔧 Gripper variation: Compression disabled (mean: 1.4528, max: 0.4381)
INFO:b1k.shared.eval_b1k_wrapper:🔧 Gripper variation: Compression disabled (mean: 0.8965, max: 0.6721)
INFO:b1k.shared.eval_b1k_wrapper:🔧 Gripper variation: Compression disabled (mean: 0.7724, max: 0.4821)
INFO:b1k.shared.eval_b1k_wrapper:🔧 Gripper variation: Compression disabled (mean: 1.2830, max: 1.0842)
INFO:b1k.shared.eval_b1k_wrapper:🎯 Prediction #1030 | Actions: uncompressed (20) | Inpainting: True
INFO:b1k.shared.eval_b1k_wrapper:📊 Step 20600 | Task: 27 | Stage: 12/14 | Predictions: 1030
INFO:b1k.shared.eval_b1k_wrapper:🔧 Gripper variation: Compression disabled (mean: 0.8828, max: 0.3364)
INFO:b1k.shared.eval_b1k_wrapper:🔧 Gripper variation: Compression disabled (mean: 0.5199, max: 0.6880)
INFO:b1k.shared.eval_b1k_wrapper:🔧 Gripper variation: Compression disabled (mean: 0.5612, max: 0.4455)
INFO:b1k.shared.eval_b1k_wrapper:🔧 Gripper variation: Compression disabled (mean: 0.6226, max: 0.7284)
INFO:b1k.shared.eval_b1k_wrapper:🔧 Gripper variation: Compression disabled (mean: 0.6192, max: 0.3771)
INFO:b1k.shared.eval_b1k_wrapper:📊 Step 20700 | Task: 27 | Stage: 12/14 | Predictions: 1035
INFO:b1k.shared.eval_b1k_wrapper:🔧 Gripper variation: Compression disabled (mean: 1.0974, max: 0.6151)
INFO:b1k.shared.eval_b1k_wrapper:🔧 Gripper variation: Compression disabled (mean: 1.7733, max: 0.6246)
INFO:b1k.shared.eval_b1k_wrapper:🔧 Gripper variation: Compression disabled (mean: 0.8437, max: 0.7142)
INFO:b1k.shared.eval_b1k_wrapper:🔧 Gripper variation: Compression disabled (mean: 0.3303, max: 0.3891)
INFO:b1k.shared.eval_b1k_wrapper:🔧 Gripper variation: Compression disabled (mean: 1.1757, max: 0.9980)
INFO:b1k.shared.eval_b1k_wrapper:🎯 Prediction #1040 | Actions: uncompressed (20) | Inpainting: True
INFO:b1k.shared.eval_b1k_wrapper:📊 Step 20800 | Task: 27 | Stage: 12/14 | Predictions: 1040
INFO:b1k.shared.eval_b1k_wrapper:🔧 Gripper variation: Compression disabled (mean: 0.2830, max: 0.6410)
INFO:b1k.shared.eval_b1k_wrapper:🔧 Gripper variation: Compression disabled (mean: 1.0984, max: 0.5754)
INFO:b1k.shared.eval_b1k_wrapper:🔧 Gripper variation: Compression disabled (mean: 1.0461, max: 0.4450)
INFO:b1k.shared.eval_b1k_wrapper:🔧 Gripper variation: Compression disabled (mean: 1.1124, max: 0.3912)
INFO:b1k.shared.eval_b1k_wrapper:🔧 Gripper variation: Compression disabled (mean: 1.0577, max: 0.8129)
INFO:b1k.shared.eval_b1k_wrapper:📊 Step 20900 | Task: 27 | Stage: 12/14 | Predictions: 1045
INFO:b1k.shared.eval_b1k_wrapper:🔧 Gripper variation: Compression disabled (mean: 0.8658, max: 0.8494)
INFO:b1k.shared.eval_b1k_wrapper:🔧 Gripper variation: Compression disabled (mean: 0.8392, max: 0.4299)
INFO:b1k.shared.eval_b1k_wrapper:🔧 Gripper variation: Compression disabled (mean: 1.0036, max: 0.2857)
INFO:b1k.shared.eval_b1k_wrapper:🔧 Gripper variation: Compression disabled (mean: 0.8451, max: 0.7044)
INFO:b1k.shared.eval_b1k_wrapper:🔧 Gripper variation: Compression disabled (mean: 0.4097, max: 0.2943)
INFO:b1k.shared.eval_b1k_wrapper:🎯 Prediction #1050 | Actions: uncompressed (20) | Inpainting: True
INFO:b1k.shared.eval_b1k_wrapper:📊 Step 21000 | Task: 27 | Stage: 12/14 | Predictions: 1050
INFO:b1k.shared.eval_b1k_wrapper:🔧 Gripper variation: Compression disabled (mean: 1.2141, max: 0.6074)
INFO:b1k.shared.eval_b1k_wrapper:🔧 Gripper variation: Compression disabled (mean: 0.7695, max: 0.5322)
INFO:b1k.shared.eval_b1k_wrapper:🔧 Gripper variation: Compression disabled (mean: 1.1675, max: 0.8524)
INFO:b1k.shared.eval_b1k_wrapper:🔧 Gripper variation: Compression disabled (mean: 1.0362, max: 0.3361)
INFO:b1k.shared.eval_b1k_wrapper:🔧 Gripper variation: Compression disabled (mean: 0.4121, max: 0.8260)
INFO:b1k.shared.eval_b1k_wrapper:📊 Step 21100 | Task: 27 | Stage: 12/14 | Predictions: 1055
INFO:b1k.shared.eval_b1k_wrapper:🔧 Gripper variation: Compression disabled (mean: 0.4541, max: 0.7241)
INFO:b1k.shared.eval_b1k_wrapper:🔧 Gripper variation: Compression disabled (mean: 1.6537, max: 0.5036)
INFO:b1k.shared.eval_b1k_wrapper:🔧 Gripper variation: Compression disabled (mean: 0.1433, max: 0.4810)
INFO:b1k.shared.eval_b1k_wrapper:🔧 Gripper variation: Compression disabled (mean: 0.8746, max: 0.7105)
INFO:b1k.shared.eval_b1k_wrapper:🔧 Gripper variation: Compression disabled (mean: 0.8034, max: 0.5349)
INFO:b1k.shared.eval_b1k_wrapper:🎯 Prediction #1060 | Actions: uncompressed (20) | Inpainting: True
INFO:b1k.shared.eval_b1k_wrapper:📊 Step 21200 | Task: 27 | Stage: 12/14 | Predictions: 1060
INFO:b1k.shared.eval_b1k_wrapper:🔧 Gripper variation: Compression disabled (mean: 0.8307, max: 0.5831)
INFO:b1k.shared.eval_b1k_wrapper:🔧 Gripper variation: Compression disabled (mean: 0.8839, max: 0.6049)
INFO:b1k.shared.eval_b1k_wrapper:🔧 Gripper variation: Compression disabled (mean: 0.7183, max: 0.7062)
INFO:b1k.shared.eval_b1k_wrapper:🔧 Gripper variation: Compression disabled (mean: 0.4760, max: 0.1594)
INFO:b1k.shared.eval_b1k_wrapper:🔧 Gripper variation: Compression disabled (mean: 0.4812, max: 0.3874)
INFO:b1k.shared.eval_b1k_wrapper:📊 Step 21300 | Task: 27 | Stage: 12/14 | Predictions: 1065
INFO:b1k.shared.eval_b1k_wrapper:🔧 Gripper variation: Compression disabled (mean: 0.9273, max: 0.4721)
INFO:b1k.shared.eval_b1k_wrapper:🔧 Gripper variation: Compression disabled (mean: 1.2776, max: 0.3236)
INFO:b1k.shared.eval_b1k_wrapper:🔧 Gripper variation: Compression disabled (mean: 1.1045, max: 0.7596)
INFO:b1k.shared.eval_b1k_wrapper:🔧 Gripper variation: Compression disabled (mean: 0.5450, max: 0.7158)
INFO:b1k.shared.eval_b1k_wrapper:🔧 Gripper variation: Compression disabled (mean: 1.3945, max: 0.7412)
INFO:b1k.shared.eval_b1k_wrapper:🎯 Prediction #1070 | Actions: uncompressed (20) | Inpainting: True
INFO:b1k.shared.eval_b1k_wrapper:📊 Step 21400 | Task: 27 | Stage: 12/14 | Predictions: 1070
INFO:b1k.shared.eval_b1k_wrapper:🔧 Gripper variation: Compression disabled (mean: 0.7200, max: 0.6770)
INFO:b1k.shared.eval_b1k_wrapper:🔧 Gripper variation: Compression disabled (mean: 0.5534, max: 0.8043)
INFO:b1k.shared.eval_b1k_wrapper:🔧 Gripper variation: Compression disabled (mean: 1.3498, max: 0.7699)
INFO:b1k.shared.eval_b1k_wrapper:🔧 Gripper variation: Compression disabled (mean: 0.6753, max: 0.7399)
INFO:b1k.shared.eval_b1k_wrapper:🔧 Gripper variation: Compression disabled (mean: 1.0230, max: 0.4598)
INFO:b1k.shared.eval_b1k_wrapper:📊 Step 21500 | Task: 27 | Stage: 12/14 | Predictions: 1075
INFO:b1k.shared.eval_b1k_wrapper:🔧 Gripper variation: Compression disabled (mean: 1.5140, max: 0.7367)
INFO:b1k.shared.eval_b1k_wrapper:🔧 Gripper variation: Compression disabled (mean: 0.5684, max: 0.6350)
INFO:b1k.shared.eval_b1k_wrapper:🔧 Gripper variation: Compression disabled (mean: 1.0321, max: 0.6658)
INFO:b1k.shared.eval_b1k_wrapper:🔧 Gripper variation: Compression disabled (mean: 0.8083, max: 0.5044)
INFO:b1k.shared.eval_b1k_wrapper:🔧 Gripper variation: Compression disabled (mean: 0.9694, max: 0.7121)
INFO:b1k.shared.eval_b1k_wrapper:🎯 Prediction #1080 | Actions: uncompressed (20) | Inpainting: True
INFO:b1k.shared.eval_b1k_wrapper:📊 Step 21600 | Task: 27 | Stage: 12/14 | Predictions: 1080
INFO:b1k.shared.eval_b1k_wrapper:🔧 Gripper variation: Compression disabled (mean: 0.8014, max: 0.3234)
INFO:b1k.shared.eval_b1k_wrapper:🔧 Gripper variation: Compression disabled (mean: 1.5043, max: 0.6263)
INFO:b1k.shared.eval_b1k_wrapper:🔧 Gripper variation: Compression disabled (mean: 0.5141, max: 0.4085)
INFO:b1k.shared.eval_b1k_wrapper:🔧 Gripper variation: Compression disabled (mean: 1.4971, max: 0.5859)
INFO:b1k.shared.eval_b1k_wrapper:🔧 Gripper variation: Compression disabled (mean: 0.9965, max: 0.3104)
INFO:b1k.shared.eval_b1k_wrapper:📊 Step 21700 | Task: 27 | Stage: 12/14 | Predictions: 1085
INFO:b1k.shared.eval_b1k_wrapper:🔧 Gripper variation: Compression disabled (mean: 1.4051, max: 0.7472)
INFO:b1k.shared.eval_b1k_wrapper:🔧 Gripper variation: Compression disabled (mean: 0.6799, max: 0.3436)
INFO:b1k.shared.eval_b1k_wrapper:🔧 Gripper variation: Compression disabled (mean: 1.5375, max: 0.7219)
INFO:b1k.shared.eval_b1k_wrapper:🔧 Gripper variation: Compression disabled (mean: 0.6296, max: 0.3837)
INFO:b1k.shared.eval_b1k_wrapper:🔧 Gripper variation: Compression disabled (mean: 1.0277, max: 0.4395)
INFO:b1k.shared.eval_b1k_wrapper:🎯 Prediction #1090 | Actions: uncompressed (20) | Inpainting: True
INFO:b1k.shared.eval_b1k_wrapper:📊 Step 21800 | Task: 27 | Stage: 12/14 | Predictions: 1090
INFO:b1k.shared.eval_b1k_wrapper:🔧 Gripper variation: Compression disabled (mean: 0.4917, max: 0.2406)
INFO:b1k.shared.eval_b1k_wrapper:🔧 Gripper variation: Compression disabled (mean: 1.3334, max: 0.7558)
INFO:b1k.shared.eval_b1k_wrapper:🔧 Gripper variation: Compression disabled (mean: 0.3813, max: 0.2713)
INFO:b1k.shared.eval_b1k_wrapper:🔧 Gripper variation: Compression disabled (mean: 1.6316, max: 0.8914)
INFO:b1k.shared.eval_b1k_wrapper:🔧 Gripper variation: Compression disabled (mean: 0.6630, max: 0.9702)
INFO:b1k.shared.eval_b1k_wrapper:📊 Step 21900 | Task: 27 | Stage: 12/14 | Predictions: 1095
INFO:b1k.shared.eval_b1k_wrapper:🔧 Gripper variation: Compression disabled (mean: 1.0407, max: 0.7384)
INFO:b1k.shared.eval_b1k_wrapper:🔧 Gripper variation: Compression disabled (mean: 1.2007, max: 0.5365)
INFO:b1k.shared.eval_b1k_wrapper:🔧 Gripper variation: Compression disabled (mean: 1.1836, max: 0.6389)
INFO:b1k.shared.eval_b1k_wrapper:🔧 Gripper variation: Compression disabled (mean: 0.9811, max: 0.5208)
INFO:b1k.shared.eval_b1k_wrapper:🔧 Gripper variation: Compression disabled (mean: 0.6203, max: 0.5420)
INFO:b1k.shared.eval_b1k_wrapper:🎯 Prediction #1100 | Actions: uncompressed (20) | Inpainting: True
INFO:b1k.shared.eval_b1k_wrapper:📊 Step 22000 | Task: 27 | Stage: 12/14 | Predictions: 1100
INFO:b1k.shared.eval_b1k_wrapper:🔧 Gripper variation: Compression disabled (mean: 0.6468, max: 0.8980)
INFO:b1k.shared.eval_b1k_wrapper:🔧 Gripper variation: Compression disabled (mean: 0.7823, max: 1.2854)
INFO:b1k.shared.eval_b1k_wrapper:🔧 Gripper variation: Compression disabled (mean: 0.5088, max: 0.9066)
INFO:b1k.shared.eval_b1k_wrapper:🔧 Gripper variation: Compression disabled (mean: 1.0827, max: 0.6787)
INFO:b1k.shared.eval_b1k_wrapper:🔧 Gripper variation: Compression disabled (mean: 1.1354, max: 1.1330)
INFO:b1k.shared.eval_b1k_wrapper:📊 Step 22100 | Task: 27 | Stage: 12/14 | Predictions: 1105
INFO:b1k.shared.eval_b1k_wrapper:🔧 Gripper variation: Compression disabled (mean: 0.7006, max: 0.6308)
INFO:b1k.shared.eval_b1k_wrapper:🔧 Gripper variation: Compression disabled (mean: 1.0677, max: 0.8118)
INFO:b1k.shared.eval_b1k_wrapper:🔧 Gripper variation: Compression disabled (mean: 0.7673, max: 0.4095)
INFO:b1k.shared.eval_b1k_wrapper:🔧 Gripper variation: Compression disabled (mean: 1.3549, max: 1.0158)
INFO:b1k.shared.eval_b1k_wrapper:🔧 Gripper variation: Compression disabled (mean: 0.5703, max: 0.6456)
INFO:b1k.shared.eval_b1k_wrapper:🎯 Prediction #1110 | Actions: uncompressed (20) | Inpainting: True
INFO:b1k.shared.eval_b1k_wrapper:📊 Step 22200 | Task: 27 | Stage: 12/14 | Predictions: 1110
INFO:b1k.shared.eval_b1k_wrapper:🔧 Gripper variation: Compression disabled (mean: 0.8244, max: 0.9280)
INFO:b1k.shared.eval_b1k_wrapper:🔧 Gripper variation: Compression disabled (mean: 0.6046, max: 0.6170)
INFO:b1k.shared.eval_b1k_wrapper:🔧 Gripper variation: Compression disabled (mean: 0.8871, max: 0.9080)
INFO:b1k.shared.eval_b1k_wrapper:🔧 Gripper variation: Compression disabled (mean: 0.4159, max: 0.8189)
INFO:b1k.shared.eval_b1k_wrapper:🔧 Gripper variation: Compression disabled (mean: 1.1123, max: 1.2153)
INFO:b1k.shared.eval_b1k_wrapper:📊 Step 22300 | Task: 27 | Stage: 12/14 | Predictions: 1115
INFO:b1k.shared.eval_b1k_wrapper:🔧 Gripper variation: Compression disabled (mean: 1.1602, max: 0.8160)
INFO:b1k.shared.eval_b1k_wrapper:🔧 Gripper variation: Compression disabled (mean: 0.6322, max: 0.8569)
INFO:b1k.shared.eval_b1k_wrapper:🔧 Gripper variation: Compression disabled (mean: 1.4234, max: 0.6567)
INFO:b1k.shared.eval_b1k_wrapper:🔧 Gripper variation: Compression disabled (mean: 0.9950, max: 1.0034)
INFO:b1k.shared.eval_b1k_wrapper:🔧 Gripper variation: Compression disabled (mean: 0.5666, max: 0.1956)
INFO:b1k.shared.eval_b1k_wrapper:🎯 Prediction #1120 | Actions: uncompressed (20) | Inpainting: True
INFO:b1k.shared.eval_b1k_wrapper:📊 Step 22400 | Task: 27 | Stage: 12/14 | Predictions: 1120
INFO:b1k.shared.eval_b1k_wrapper:🔧 Gripper variation: Compression disabled (mean: 0.5525, max: 0.9274)
INFO:b1k.shared.eval_b1k_wrapper:🔧 Gripper variation: Compression disabled (mean: 1.4912, max: 0.5274)
INFO:b1k.shared.eval_b1k_wrapper:🔧 Gripper variation: Compression disabled (mean: 0.8150, max: 0.5699)
INFO:b1k.shared.eval_b1k_wrapper:🔧 Gripper variation: Compression disabled (mean: 0.9063, max: 0.6893)
INFO:b1k.shared.eval_b1k_wrapper:🔧 Gripper variation: Compression disabled (mean: 1.1938, max: 0.6664)
INFO:b1k.shared.eval_b1k_wrapper:📊 Step 22500 | Task: 27 | Stage: 12/14 | Predictions: 1125
INFO:b1k.shared.eval_b1k_wrapper:🔧 Gripper variation: Compression disabled (mean: 1.1596, max: 0.6696)
INFO:b1k.shared.eval_b1k_wrapper:🔧 Gripper variation: Compression disabled (mean: 0.8009, max: 0.3979)
INFO:b1k.shared.eval_b1k_wrapper:🔧 Gripper variation: Compression disabled (mean: 1.5973, max: 0.9160)
INFO:b1k.shared.eval_b1k_wrapper:🔧 Gripper variation: Compression disabled (mean: 0.8137, max: 0.8150)
INFO:b1k.shared.eval_b1k_wrapper:🔧 Gripper variation: Compression disabled (mean: 0.9551, max: 0.7699)
INFO:b1k.shared.eval_b1k_wrapper:🎯 Prediction #1130 | Actions: uncompressed (20) | Inpainting: True
INFO:b1k.shared.eval_b1k_wrapper:📊 Step 22600 | Task: 27 | Stage: 12/14 | Predictions: 1130
INFO:b1k.shared.eval_b1k_wrapper:🔧 Gripper variation: Compression disabled (mean: 0.9176, max: 0.5832)
INFO:b1k.shared.eval_b1k_wrapper:🔧 Gripper variation: Compression disabled (mean: 1.1503, max: 0.2003)
INFO:b1k.shared.eval_b1k_wrapper:🔧 Gripper variation: Compression disabled (mean: 1.0837, max: 0.7227)
INFO:b1k.shared.eval_b1k_wrapper:🔧 Gripper variation: Compression disabled (mean: 0.7791, max: 0.8670)
INFO:b1k.shared.eval_b1k_wrapper:🔧 Gripper variation: Compression disabled (mean: 0.7415, max: 0.6342)
INFO:b1k.shared.eval_b1k_wrapper:📊 Step 22700 | Task: 27 | Stage: 12/14 | Predictions: 1135
INFO:b1k.shared.eval_b1k_wrapper:🔧 Gripper variation: Compression disabled (mean: 0.9778, max: 0.7003)
INFO:b1k.shared.eval_b1k_wrapper:🔧 Gripper variation: Compression disabled (mean: 1.0378, max: 0.2749)
INFO:b1k.shared.eval_b1k_wrapper:🔧 Gripper variation: Compression disabled (mean: 1.0833, max: 0.6955)
INFO:b1k.shared.eval_b1k_wrapper:🔧 Gripper variation: Compression disabled (mean: 0.6651, max: 0.7079)
INFO:b1k.shared.eval_b1k_wrapper:🔧 Gripper variation: Compression disabled (mean: 0.6825, max: 0.7986)
INFO:b1k.shared.eval_b1k_wrapper:🎯 Prediction #1140 | Actions: uncompressed (20) | Inpainting: True
INFO:b1k.shared.eval_b1k_wrapper:📊 Step 22800 | Task: 27 | Stage: 12/14 | Predictions: 1140
INFO:b1k.shared.eval_b1k_wrapper:🔧 Gripper variation: Compression disabled (mean: 0.8922, max: 0.6190)
INFO:b1k.shared.eval_b1k_wrapper:🔧 Gripper variation: Compression disabled (mean: 1.1679, max: 0.2344)
INFO:b1k.shared.eval_b1k_wrapper:🔧 Gripper variation: Compression disabled (mean: 1.0975, max: 0.8431)
INFO:b1k.shared.eval_b1k_wrapper:🔧 Gripper variation: Compression disabled (mean: 0.6429, max: 0.4452)
INFO:b1k.shared.eval_b1k_wrapper:🔧 Gripper variation: Compression disabled (mean: 0.7702, max: 1.0256)
INFO:b1k.shared.eval_b1k_wrapper:📊 Step 22900 | Task: 27 | Stage: 12/14 | Predictions: 1145
INFO:b1k.shared.eval_b1k_wrapper:🔧 Gripper variation: Compression disabled (mean: 0.9994, max: 0.8791)
INFO:b1k.shared.eval_b1k_wrapper:🔧 Gripper variation: Compression disabled (mean: 0.8419, max: 0.4955)
INFO:b1k.shared.eval_b1k_wrapper:🔧 Gripper variation: Compression disabled (mean: 0.5571, max: 0.9210)
INFO:b1k.shared.eval_b1k_wrapper:🔧 Gripper variation: Compression disabled (mean: 1.2468, max: 1.2761)
INFO:b1k.shared.eval_b1k_wrapper:🔧 Gripper variation: Compression disabled (mean: 0.9374, max: 0.6129)
INFO:b1k.shared.eval_b1k_wrapper:🎯 Prediction #1150 | Actions: uncompressed (20) | Inpainting: True
INFO:b1k.shared.eval_b1k_wrapper:📊 Step 23000 | Task: 27 | Stage: 12/14 | Predictions: 1150
INFO:b1k.shared.eval_b1k_wrapper:🔧 Gripper variation: Compression disabled (mean: 0.6460, max: 0.2781)
INFO:b1k.shared.eval_b1k_wrapper:🔧 Gripper variation: Compression disabled (mean: 0.7589, max: 0.6592)
INFO:b1k.shared.eval_b1k_wrapper:🔧 Gripper variation: Compression disabled (mean: 0.8058, max: 0.7874)
INFO:b1k.shared.eval_b1k_wrapper:🔧 Gripper variation: Compression disabled (mean: 1.1517, max: 0.2887)
INFO:b1k.shared.eval_b1k_wrapper:🔧 Gripper variation: Compression disabled (mean: 0.7205, max: 0.7592)
INFO:b1k.shared.eval_b1k_wrapper:📊 Step 23100 | Task: 27 | Stage: 12/14 | Predictions: 1155
INFO:b1k.shared.eval_b1k_wrapper:🔧 Gripper variation: Compression disabled (mean: 1.3502, max: 0.4406)
INFO:b1k.shared.eval_b1k_wrapper:🔧 Gripper variation: Compression disabled (mean: 1.0709, max: 0.5447)
INFO:b1k.shared.eval_b1k_wrapper:🔧 Gripper variation: Compression disabled (mean: 1.4646, max: 0.5783)
INFO:b1k.shared.eval_b1k_wrapper:🔧 Gripper variation: Compression disabled (mean: 1.1104, max: 0.5835)
INFO:b1k.shared.eval_b1k_wrapper:🔧 Gripper variation: Compression disabled (mean: 0.7269, max: 0.4030)
INFO:b1k.shared.eval_b1k_wrapper:🎯 Prediction #1160 | Actions: uncompressed (20) | Inpainting: True
INFO:b1k.shared.eval_b1k_wrapper:📊 Step 23200 | Task: 27 | Stage: 12/14 | Predictions: 1160
INFO:b1k.shared.eval_b1k_wrapper:🔧 Gripper variation: Compression disabled (mean: 0.6829, max: 0.8391)
INFO:b1k.shared.eval_b1k_wrapper:🔧 Gripper variation: Compression disabled (mean: 0.3743, max: 0.7049)
INFO:b1k.shared.eval_b1k_wrapper:🔧 Gripper variation: Compression disabled (mean: 1.2530, max: 0.9844)
INFO:b1k.shared.eval_b1k_wrapper:🔧 Gripper variation: Compression disabled (mean: 0.8694, max: 0.6607)
INFO:b1k.shared.eval_b1k_wrapper:🔧 Gripper variation: Compression disabled (mean: 0.9011, max: 0.6940)
INFO:b1k.shared.eval_b1k_wrapper:📊 Step 23300 | Task: 27 | Stage: 12/14 | Predictions: 1165
INFO:b1k.shared.eval_b1k_wrapper:🔧 Gripper variation: Compression disabled (mean: 1.2041, max: 1.0546)
INFO:b1k.shared.eval_b1k_wrapper:🔧 Gripper variation: Compression disabled (mean: 0.7148, max: 0.5720)
INFO:b1k.shared.eval_b1k_wrapper:🔧 Gripper variation: Compression disabled (mean: 0.9000, max: 0.5679)
INFO:b1k.shared.eval_b1k_wrapper:🔧 Gripper variation: Compression disabled (mean: 1.5232, max: 0.6814)
INFO:b1k.shared.eval_b1k_wrapper:🔧 Gripper variation: Compression disabled (mean: 0.5048, max: 0.6573)
INFO:b1k.shared.eval_b1k_wrapper:🎯 Prediction #1170 | Actions: uncompressed (20) | Inpainting: True
INFO:b1k.shared.eval_b1k_wrapper:📊 Step 23400 | Task: 27 | Stage: 12/14 | Predictions: 1170
INFO:b1k.shared.eval_b1k_wrapper:🔧 Gripper variation: Compression disabled (mean: 1.3800, max: 0.4812)
INFO:b1k.shared.eval_b1k_wrapper:🔧 Gripper variation: Compression disabled (mean: 0.6172, max: 0.5158)
INFO:b1k.shared.eval_b1k_wrapper:🔧 Gripper variation: Compression disabled (mean: 0.8490, max: 0.4839)
INFO:b1k.shared.eval_b1k_wrapper:🔧 Gripper variation: Compression disabled (mean: 0.7044, max: 0.5737)
INFO:b1k.shared.eval_b1k_wrapper:🔧 Gripper variation: Compression disabled (mean: 0.8869, max: 0.1745)
INFO:b1k.shared.eval_b1k_wrapper:📊 Step 23500 | Task: 27 | Stage: 12/14 | Predictions: 1175
INFO:b1k.shared.eval_b1k_wrapper:🔧 Gripper variation: Compression disabled (mean: 0.9599, max: 0.1352)
INFO:b1k.shared.eval_b1k_wrapper:🔧 Gripper variation: Compression disabled (mean: 0.9111, max: 0.2625)
INFO:b1k.shared.eval_b1k_wrapper:🔧 Gripper variation: Compression disabled (mean: 0.9788, max: 0.5561)
INFO:b1k.shared.eval_b1k_wrapper:🔧 Gripper variation: Compression disabled (mean: 1.0664, max: 0.7972)
INFO:b1k.shared.eval_b1k_wrapper:🔧 Gripper variation: Compression disabled (mean: 0.9346, max: 0.3573)
INFO:b1k.shared.eval_b1k_wrapper:🎯 Prediction #1180 | Actions: uncompressed (20) | Inpainting: True
INFO:b1k.shared.eval_b1k_wrapper:📊 Step 23600 | Task: 27 | Stage: 12/14 | Predictions: 1180
INFO:b1k.shared.eval_b1k_wrapper:🔧 Gripper variation: Compression disabled (mean: 1.2881, max: 0.6566)
INFO:b1k.shared.eval_b1k_wrapper:🔧 Gripper variation: Compression disabled (mean: 0.9377, max: 0.3954)
INFO:b1k.shared.eval_b1k_wrapper:🔧 Gripper variation: Compression disabled (mean: 0.4551, max: 0.4661)
INFO:b1k.shared.eval_b1k_wrapper:🔧 Gripper variation: Compression disabled (mean: 0.8751, max: 0.6528)
INFO:b1k.shared.eval_b1k_wrapper:🔧 Gripper variation: Compression disabled (mean: 0.8846, max: 0.4482)
INFO:b1k.shared.eval_b1k_wrapper:📊 Step 23700 | Task: 27 | Stage: 12/14 | Predictions: 1185
INFO:b1k.shared.eval_b1k_wrapper:🔧 Gripper variation: Compression disabled (mean: 1.0419, max: 0.7111)
INFO:websockets.server:connection closed
INFO:omnigibson.learning.utils.network_utils:Connection from ('127.0.0.1', 59478) closed
INFO:websockets.server:HTTP response sent (200 OK)
INFO:websockets.server:connection closed
INFO:websockets.server:connection open
INFO:omnigibson.learning.utils.network_utils:Connection from ('127.0.0.1', 58196) opened
INFO:b1k.shared.eval_b1k_wrapper:Policy reset - Task ID: 27, Action horizon: 30
INFO:b1k.shared.eval_b1k_wrapper:📊 Step 100 | Task: 27 | Stage: 0/14 | Predictions: 5
INFO:b1k.shared.eval_b1k_wrapper:🎯 Prediction #10 | Actions: compressed 26→20 | Inpainting: True
INFO:b1k.shared.eval_b1k_wrapper:📊 Step 200 | Task: 27 | Stage: 0/14 | Predictions: 10
INFO:b1k.shared.eval_b1k_wrapper:📊 Step 300 | Task: 27 | Stage: 0/14 | Predictions: 15
INFO:b1k.shared.eval_b1k_wrapper:🎯 Prediction #20 | Actions: compressed 26→20 | Inpainting: True
INFO:b1k.shared.eval_b1k_wrapper:📊 Step 400 | Task: 27 | Stage: 0/14 | Predictions: 20
INFO:b1k.shared.eval_b1k_wrapper:📊 Step 500 | Task: 27 | Stage: 0/14 | Predictions: 25
INFO:b1k.shared.eval_b1k_wrapper:🎯 Prediction #30 | Actions: compressed 26→20 | Inpainting: True
INFO:b1k.shared.eval_b1k_wrapper:📊 Step 600 | Task: 27 | Stage: 0/14 | Predictions: 30
INFO:b1k.shared.eval_b1k_wrapper:📊 Step 700 | Task: 27 | Stage: 0/14 | Predictions: 35
INFO:b1k.shared.eval_b1k_wrapper:🎯 Prediction #40 | Actions: compressed 26→20 | Inpainting: True
INFO:b1k.shared.eval_b1k_wrapper:📊 Step 800 | Task: 27 | Stage: 0/14 | Predictions: 40
INFO:b1k.shared.eval_b1k_wrapper:⬆️  Stage advanced: 0 → 1 (task 27, step 860)
INFO:b1k.shared.eval_b1k_wrapper:📊 Step 900 | Task: 27 | Stage: 1/14 | Predictions: 45
INFO:b1k.shared.eval_b1k_wrapper:🎯 Prediction #50 | Actions: compressed 26→20 | Inpainting: True
INFO:b1k.shared.eval_b1k_wrapper:📊 Step 1000 | Task: 27 | Stage: 1/14 | Predictions: 50
INFO:b1k.shared.eval_b1k_wrapper:📊 Step 1100 | Task: 27 | Stage: 1/14 | Predictions: 55
INFO:b1k.shared.eval_b1k_wrapper:⬅️  Stage went back: 1 → 0 (task 27, step 1140)
INFO:b1k.shared.eval_b1k_wrapper:🎯 Prediction #60 | Actions: compressed 26→20 | Inpainting: True
INFO:b1k.shared.eval_b1k_wrapper:📊 Step 1200 | Task: 27 | Stage: 0/14 | Predictions: 60
INFO:b1k.shared.eval_b1k_wrapper:📊 Step 1300 | Task: 27 | Stage: 0/14 | Predictions: 65
INFO:b1k.shared.eval_b1k_wrapper:🎯 Prediction #70 | Actions: compressed 26→20 | Inpainting: True
INFO:b1k.shared.eval_b1k_wrapper:📊 Step 1400 | Task: 27 | Stage: 0/14 | Predictions: 70
INFO:b1k.shared.eval_b1k_wrapper:📊 Step 1500 | Task: 27 | Stage: 0/14 | Predictions: 75
INFO:b1k.shared.eval_b1k_wrapper:🎯 Prediction #80 | Actions: compressed 26→20 | Inpainting: True
INFO:b1k.shared.eval_b1k_wrapper:⬆️  Stage advanced: 0 → 1 (task 27, step 1580)
INFO:b1k.shared.eval_b1k_wrapper:📊 Step 1600 | Task: 27 | Stage: 1/14 | Predictions: 80
INFO:b1k.shared.eval_b1k_wrapper:📊 Step 1700 | Task: 27 | Stage: 1/14 | Predictions: 85
INFO:b1k.shared.eval_b1k_wrapper:⬅️  Stage went back: 1 → 0 (task 27, step 1700)
INFO:b1k.shared.eval_b1k_wrapper:⬆️  Stage advanced: 0 → 1 (task 27, step 1760)
INFO:b1k.shared.eval_b1k_wrapper:🎯 Prediction #90 | Actions: compressed 26→20 | Inpainting: True
INFO:b1k.shared.eval_b1k_wrapper:📊 Step 1800 | Task: 27 | Stage: 1/14 | Predictions: 90
INFO:b1k.shared.eval_b1k_wrapper:⬅️  Stage went back: 1 → 0 (task 27, step 1860)
INFO:b1k.shared.eval_b1k_wrapper:📊 Step 1900 | Task: 27 | Stage: 0/14 | Predictions: 95
INFO:b1k.shared.eval_b1k_wrapper:⬆️  Stage advanced: 0 → 1 (task 27, step 1920)
INFO:b1k.shared.eval_b1k_wrapper:🎯 Prediction #100 | Actions: compressed 26→20 | Inpainting: True
INFO:b1k.shared.eval_b1k_wrapper:📊 Step 2000 | Task: 27 | Stage: 1/14 | Predictions: 100
INFO:b1k.shared.eval_b1k_wrapper:📊 Step 2100 | Task: 27 | Stage: 1/14 | Predictions: 105
INFO:b1k.shared.eval_b1k_wrapper:🎯 Prediction #110 | Actions: compressed 26→20 | Inpainting: True
INFO:b1k.shared.eval_b1k_wrapper:📊 Step 2200 | Task: 27 | Stage: 1/14 | Predictions: 110
INFO:b1k.shared.eval_b1k_wrapper:⬅️  Stage went back: 1 → 0 (task 27, step 2240)
INFO:b1k.shared.eval_b1k_wrapper:📊 Step 2300 | Task: 27 | Stage: 0/14 | Predictions: 115
INFO:b1k.shared.eval_b1k_wrapper:⬆️  Stage advanced: 0 → 1 (task 27, step 2340)
INFO:b1k.shared.eval_b1k_wrapper:🎯 Prediction #120 | Actions: compressed 26→20 | Inpainting: True
INFO:b1k.shared.eval_b1k_wrapper:📊 Step 2400 | Task: 27 | Stage: 1/14 | Predictions: 120
INFO:b1k.shared.eval_b1k_wrapper:⬅️  Stage went back: 1 → 0 (task 27, step 2400)
INFO:b1k.shared.eval_b1k_wrapper:📊 Step 2500 | Task: 27 | Stage: 0/14 | Predictions: 125
INFO:b1k.shared.eval_b1k_wrapper:🎯 Prediction #130 | Actions: compressed 26→20 | Inpainting: True
INFO:b1k.shared.eval_b1k_wrapper:📊 Step 2600 | Task: 27 | Stage: 0/14 | Predictions: 130
INFO:b1k.shared.eval_b1k_wrapper:📊 Step 2700 | Task: 27 | Stage: 0/14 | Predictions: 135
INFO:b1k.shared.eval_b1k_wrapper:🎯 Prediction #140 | Actions: compressed 26→20 | Inpainting: True
INFO:b1k.shared.eval_b1k_wrapper:📊 Step 2800 | Task: 27 | Stage: 0/14 | Predictions: 140
INFO:b1k.shared.eval_b1k_wrapper:⬆️  Stage advanced: 0 → 1 (task 27, step 2840)
INFO:b1k.shared.eval_b1k_wrapper:📊 Step 2900 | Task: 27 | Stage: 1/14 | Predictions: 145
INFO:b1k.shared.eval_b1k_wrapper:🔧 Gripper variation: Compression disabled (mean: 1.9542, max: 0.0060)
INFO:b1k.shared.eval_b1k_wrapper:🔧 Gripper variation: Compression disabled (mean: 2.0023, max: 0.0073)
INFO:b1k.shared.eval_b1k_wrapper:🎯 Prediction #150 | Actions: compressed 26→20 | Inpainting: True
INFO:b1k.shared.eval_b1k_wrapper:📊 Step 3000 | Task: 27 | Stage: 1/14 | Predictions: 150
INFO:b1k.shared.eval_b1k_wrapper:📊 Step 3100 | Task: 27 | Stage: 1/14 | Predictions: 155
INFO:b1k.shared.eval_b1k_wrapper:🎯 Prediction #160 | Actions: compressed 26→20 | Inpainting: True
INFO:b1k.shared.eval_b1k_wrapper:📊 Step 3200 | Task: 27 | Stage: 1/14 | Predictions: 160
INFO:b1k.shared.eval_b1k_wrapper:📊 Step 3300 | Task: 27 | Stage: 1/14 | Predictions: 165
INFO:b1k.shared.eval_b1k_wrapper:🎯 Prediction #170 | Actions: compressed 26→20 | Inpainting: True
INFO:b1k.shared.eval_b1k_wrapper:📊 Step 3400 | Task: 27 | Stage: 1/14 | Predictions: 170
INFO:b1k.shared.eval_b1k_wrapper:📊 Step 3500 | Task: 27 | Stage: 1/14 | Predictions: 175
INFO:b1k.shared.eval_b1k_wrapper:🎯 Prediction #180 | Actions: compressed 26→20 | Inpainting: True
INFO:b1k.shared.eval_b1k_wrapper:📊 Step 3600 | Task: 27 | Stage: 1/14 | Predictions: 180
INFO:b1k.shared.eval_b1k_wrapper:📊 Step 3700 | Task: 27 | Stage: 1/14 | Predictions: 185
INFO:b1k.shared.eval_b1k_wrapper:🎯 Prediction #190 | Actions: compressed 26→20 | Inpainting: True
INFO:b1k.shared.eval_b1k_wrapper:📊 Step 3800 | Task: 27 | Stage: 1/14 | Predictions: 190
INFO:b1k.shared.eval_b1k_wrapper:⏭️  Stage skipped: 1 → 2 (task 27, step 3800)
INFO:b1k.shared.eval_b1k_wrapper:🔧 Gripper variation: Compression disabled (mean: 0.0103, max: 2.0104)
INFO:b1k.shared.correction_rules:🔧 GENERAL GRIPPER CORRECTION: Task 27, Stage 2
INFO:b1k.shared.correction_rules:   Right gripper closed (-1.0000) → Opening to 1.0
INFO:b1k.shared.eval_b1k_wrapper:🔧 Correction rule: Actions modified (max diff: 2.0041, task 27, stage 2)
INFO:b1k.shared.eval_b1k_wrapper:⬆️  Stage advanced: 2 → 3 (task 27, step 3860)
INFO:b1k.shared.eval_b1k_wrapper:🔧 Gripper variation: Compression disabled (mean: 1.1453, max: 0.5111)
INFO:b1k.shared.eval_b1k_wrapper:📊 Step 3900 | Task: 27 | Stage: 3/14 | Predictions: 195
INFO:b1k.shared.eval_b1k_wrapper:🔧 Gripper variation: Compression disabled (mean: 0.0193, max: 2.0215)
INFO:b1k.shared.eval_b1k_wrapper:🎯 Prediction #200 | Actions: uncompressed (20) | Inpainting: True
INFO:b1k.shared.eval_b1k_wrapper:📊 Step 4000 | Task: 27 | Stage: 3/14 | Predictions: 200
INFO:b1k.shared.correction_rules:🔧 GENERAL GRIPPER CORRECTION: Task 27, Stage 3
INFO:b1k.shared.correction_rules:   Right gripper closed (-1.0000) → Opening to 1.0
INFO:b1k.shared.eval_b1k_wrapper:🔧 Correction rule: Actions modified (max diff: 2.0155, task 27, stage 3)
INFO:b1k.shared.eval_b1k_wrapper:🔧 Gripper variation: Compression disabled (mean: 0.7609, max: 0.1994)
INFO:b1k.shared.eval_b1k_wrapper:⬆️  Stage advanced: 3 → 4 (task 27, step 4080)
INFO:b1k.shared.eval_b1k_wrapper:📊 Step 4100 | Task: 27 | Stage: 4/14 | Predictions: 205
INFO:b1k.shared.eval_b1k_wrapper:🎯 Prediction #210 | Actions: compressed 26→20 | Inpainting: True
INFO:b1k.shared.eval_b1k_wrapper:📊 Step 4200 | Task: 27 | Stage: 4/14 | Predictions: 210
INFO:b1k.shared.eval_b1k_wrapper:⬅️  Stage went back: 4 → 3 (task 27, step 4260)
INFO:b1k.shared.eval_b1k_wrapper:📊 Step 4300 | Task: 27 | Stage: 3/14 | Predictions: 215
INFO:b1k.shared.eval_b1k_wrapper:🎯 Prediction #220 | Actions: compressed 26→20 | Inpainting: True
INFO:b1k.shared.eval_b1k_wrapper:📊 Step 4400 | Task: 27 | Stage: 3/14 | Predictions: 220
INFO:b1k.shared.eval_b1k_wrapper:📊 Step 4500 | Task: 27 | Stage: 3/14 | Predictions: 225
INFO:b1k.shared.eval_b1k_wrapper:🎯 Prediction #230 | Actions: compressed 26→20 | Inpainting: True
INFO:b1k.shared.eval_b1k_wrapper:📊 Step 4600 | Task: 27 | Stage: 3/14 | Predictions: 230
INFO:b1k.shared.eval_b1k_wrapper:📊 Step 4700 | Task: 27 | Stage: 3/14 | Predictions: 235
INFO:b1k.shared.eval_b1k_wrapper:🔧 Gripper variation: Compression disabled (mean: 0.0207, max: 2.0114)
INFO:b1k.shared.eval_b1k_wrapper:🔧 Gripper variation: Compression disabled (mean: 1.9927, max: 0.0217)
INFO:b1k.shared.eval_b1k_wrapper:🎯 Prediction #240 | Actions: uncompressed (20) | Inpainting: True
INFO:b1k.shared.eval_b1k_wrapper:📊 Step 4800 | Task: 27 | Stage: 3/14 | Predictions: 240
INFO:b1k.shared.eval_b1k_wrapper:📊 Step 4900 | Task: 27 | Stage: 3/14 | Predictions: 245
INFO:b1k.shared.eval_b1k_wrapper:🎯 Prediction #250 | Actions: compressed 26→20 | Inpainting: True
INFO:b1k.shared.eval_b1k_wrapper:📊 Step 5000 | Task: 27 | Stage: 3/14 | Predictions: 250
INFO:b1k.shared.eval_b1k_wrapper:📊 Step 5100 | Task: 27 | Stage: 3/14 | Predictions: 255
INFO:b1k.shared.eval_b1k_wrapper:🎯 Prediction #260 | Actions: compressed 26→20 | Inpainting: True
INFO:b1k.shared.eval_b1k_wrapper:📊 Step 5200 | Task: 27 | Stage: 3/14 | Predictions: 260
INFO:b1k.shared.eval_b1k_wrapper:📊 Step 5300 | Task: 27 | Stage: 3/14 | Predictions: 265
INFO:b1k.shared.eval_b1k_wrapper:🎯 Prediction #270 | Actions: compressed 26→20 | Inpainting: True
INFO:b1k.shared.eval_b1k_wrapper:📊 Step 5400 | Task: 27 | Stage: 3/14 | Predictions: 270
INFO:b1k.shared.eval_b1k_wrapper:📊 Step 5500 | Task: 27 | Stage: 3/14 | Predictions: 275
INFO:b1k.shared.eval_b1k_wrapper:🔧 Gripper variation: Compression disabled (mean: 2.0254, max: 0.0102)
INFO:b1k.shared.eval_b1k_wrapper:🔧 Gripper variation: Compression disabled (mean: 2.0584, max: 0.0179)
INFO:b1k.shared.eval_b1k_wrapper:🎯 Prediction #280 | Actions: compressed 26→20 | Inpainting: True
INFO:b1k.shared.eval_b1k_wrapper:📊 Step 5600 | Task: 27 | Stage: 3/14 | Predictions: 280
INFO:b1k.shared.eval_b1k_wrapper:📊 Step 5700 | Task: 27 | Stage: 3/14 | Predictions: 285
INFO:b1k.shared.eval_b1k_wrapper:🎯 Prediction #290 | Actions: compressed 26→20 | Inpainting: True
INFO:b1k.shared.eval_b1k_wrapper:📊 Step 5800 | Task: 27 | Stage: 3/14 | Predictions: 290
INFO:b1k.shared.eval_b1k_wrapper:📊 Step 5900 | Task: 27 | Stage: 3/14 | Predictions: 295
INFO:b1k.shared.eval_b1k_wrapper:🎯 Prediction #300 | Actions: compressed 26→20 | Inpainting: True
INFO:b1k.shared.eval_b1k_wrapper:📊 Step 6000 | Task: 27 | Stage: 3/14 | Predictions: 300
INFO:b1k.shared.eval_b1k_wrapper:📊 Step 6100 | Task: 27 | Stage: 3/14 | Predictions: 305
INFO:b1k.shared.eval_b1k_wrapper:🎯 Prediction #310 | Actions: compressed 26→20 | Inpainting: True
INFO:b1k.shared.eval_b1k_wrapper:📊 Step 6200 | Task: 27 | Stage: 3/14 | Predictions: 310
INFO:b1k.shared.eval_b1k_wrapper:📊 Step 6300 | Task: 27 | Stage: 3/14 | Predictions: 315
INFO:b1k.shared.eval_b1k_wrapper:🎯 Prediction #320 | Actions: compressed 26→20 | Inpainting: True
INFO:b1k.shared.eval_b1k_wrapper:📊 Step 6400 | Task: 27 | Stage: 3/14 | Predictions: 320
INFO:b1k.shared.eval_b1k_wrapper:📊 Step 6500 | Task: 27 | Stage: 3/14 | Predictions: 325
INFO:b1k.shared.eval_b1k_wrapper:🎯 Prediction #330 | Actions: compressed 26→20 | Inpainting: True
INFO:b1k.shared.eval_b1k_wrapper:📊 Step 6600 | Task: 27 | Stage: 3/14 | Predictions: 330
INFO:b1k.shared.eval_b1k_wrapper:📊 Step 6700 | Task: 27 | Stage: 3/14 | Predictions: 335
INFO:b1k.shared.eval_b1k_wrapper:🔧 Gripper variation: Compression disabled (mean: 0.2220, max: 0.5288)
INFO:b1k.shared.eval_b1k_wrapper:🎯 Prediction #340 | Actions: compressed 26→20 | Inpainting: True
INFO:b1k.shared.eval_b1k_wrapper:📊 Step 6800 | Task: 27 | Stage: 3/14 | Predictions: 340
INFO:b1k.shared.eval_b1k_wrapper:📊 Step 6900 | Task: 27 | Stage: 3/14 | Predictions: 345
INFO:b1k.shared.eval_b1k_wrapper:🔧 Gripper variation: Compression disabled (mean: 0.3936, max: 0.9086)
INFO:b1k.shared.eval_b1k_wrapper:🔧 Gripper variation: Compression disabled (mean: 0.4516, max: 0.2413)
INFO:b1k.shared.eval_b1k_wrapper:🎯 Prediction #350 | Actions: compressed 26→20 | Inpainting: True
INFO:b1k.shared.eval_b1k_wrapper:📊 Step 7000 | Task: 27 | Stage: 3/14 | Predictions: 350
INFO:b1k.shared.eval_b1k_wrapper:📊 Step 7100 | Task: 27 | Stage: 3/14 | Predictions: 355
INFO:b1k.shared.eval_b1k_wrapper:🔧 Gripper variation: Compression disabled (mean: 0.2370, max: 0.0294)
INFO:b1k.shared.eval_b1k_wrapper:🎯 Prediction #360 | Actions: compressed 26→20 | Inpainting: True
INFO:b1k.shared.eval_b1k_wrapper:📊 Step 7200 | Task: 27 | Stage: 3/14 | Predictions: 360
INFO:b1k.shared.eval_b1k_wrapper:📊 Step 7300 | Task: 27 | Stage: 3/14 | Predictions: 365
INFO:b1k.shared.eval_b1k_wrapper:🎯 Prediction #370 | Actions: compressed 26→20 | Inpainting: True
INFO:b1k.shared.eval_b1k_wrapper:📊 Step 7400 | Task: 27 | Stage: 3/14 | Predictions: 370
INFO:b1k.shared.eval_b1k_wrapper:📊 Step 7500 | Task: 27 | Stage: 3/14 | Predictions: 375
INFO:b1k.shared.eval_b1k_wrapper:🎯 Prediction #380 | Actions: compressed 26→20 | Inpainting: True
INFO:b1k.shared.eval_b1k_wrapper:📊 Step 7600 | Task: 27 | Stage: 3/14 | Predictions: 380
INFO:b1k.shared.eval_b1k_wrapper:📊 Step 7700 | Task: 27 | Stage: 3/14 | Predictions: 385
INFO:b1k.shared.eval_b1k_wrapper:🎯 Prediction #390 | Actions: compressed 26→20 | Inpainting: True
INFO:b1k.shared.eval_b1k_wrapper:📊 Step 7800 | Task: 27 | Stage: 3/14 | Predictions: 390
INFO:b1k.shared.eval_b1k_wrapper:📊 Step 7900 | Task: 27 | Stage: 3/14 | Predictions: 395
INFO:b1k.shared.eval_b1k_wrapper:🎯 Prediction #400 | Actions: compressed 26→20 | Inpainting: True
INFO:b1k.shared.eval_b1k_wrapper:📊 Step 8000 | Task: 27 | Stage: 3/14 | Predictions: 400
INFO:b1k.shared.eval_b1k_wrapper:📊 Step 8100 | Task: 27 | Stage: 3/14 | Predictions: 405
INFO:b1k.shared.eval_b1k_wrapper:🎯 Prediction #410 | Actions: compressed 26→20 | Inpainting: True
INFO:b1k.shared.eval_b1k_wrapper:📊 Step 8200 | Task: 27 | Stage: 3/14 | Predictions: 410
INFO:b1k.shared.eval_b1k_wrapper:📊 Step 8300 | Task: 27 | Stage: 3/14 | Predictions: 415
INFO:b1k.shared.eval_b1k_wrapper:🔧 Gripper variation: Compression disabled (mean: 0.2328, max: 0.3375)
INFO:b1k.shared.eval_b1k_wrapper:🎯 Prediction #420 | Actions: compressed 26→20 | Inpainting: True
INFO:b1k.shared.eval_b1k_wrapper:📊 Step 8400 | Task: 27 | Stage: 3/14 | Predictions: 420
INFO:b1k.shared.eval_b1k_wrapper:🔧 Gripper variation: Compression disabled (mean: 0.8364, max: 0.8385)
INFO:b1k.shared.eval_b1k_wrapper:📊 Step 8500 | Task: 27 | Stage: 3/14 | Predictions: 425
INFO:b1k.shared.eval_b1k_wrapper:🎯 Prediction #430 | Actions: compressed 26→20 | Inpainting: True
INFO:b1k.shared.eval_b1k_wrapper:📊 Step 8600 | Task: 27 | Stage: 3/14 | Predictions: 430
INFO:b1k.shared.eval_b1k_wrapper:📊 Step 8700 | Task: 27 | Stage: 3/14 | Predictions: 435
INFO:b1k.shared.eval_b1k_wrapper:🎯 Prediction #440 | Actions: compressed 26→20 | Inpainting: True
INFO:b1k.shared.eval_b1k_wrapper:📊 Step 8800 | Task: 27 | Stage: 3/14 | Predictions: 440
INFO:b1k.shared.eval_b1k_wrapper:📊 Step 8900 | Task: 27 | Stage: 3/14 | Predictions: 445
INFO:b1k.shared.eval_b1k_wrapper:🎯 Prediction #450 | Actions: compressed 26→20 | Inpainting: True
INFO:b1k.shared.eval_b1k_wrapper:📊 Step 9000 | Task: 27 | Stage: 3/14 | Predictions: 450
INFO:b1k.shared.eval_b1k_wrapper:🔧 Gripper variation: Compression disabled (mean: 0.2893, max: 0.1558)
INFO:b1k.shared.eval_b1k_wrapper:📊 Step 9100 | Task: 27 | Stage: 3/14 | Predictions: 455
INFO:b1k.shared.eval_b1k_wrapper:🎯 Prediction #460 | Actions: compressed 26→20 | Inpainting: True
INFO:b1k.shared.eval_b1k_wrapper:📊 Step 9200 | Task: 27 | Stage: 3/14 | Predictions: 460
INFO:b1k.shared.eval_b1k_wrapper:📊 Step 9300 | Task: 27 | Stage: 3/14 | Predictions: 465
INFO:b1k.shared.eval_b1k_wrapper:🎯 Prediction #470 | Actions: compressed 26→20 | Inpainting: True
INFO:b1k.shared.eval_b1k_wrapper:📊 Step 9400 | Task: 27 | Stage: 3/14 | Predictions: 470
INFO:b1k.shared.eval_b1k_wrapper:🔧 Gripper variation: Compression disabled (mean: 0.2663, max: 0.0757)
INFO:b1k.shared.eval_b1k_wrapper:📊 Step 9500 | Task: 27 | Stage: 3/14 | Predictions: 475
INFO:b1k.shared.eval_b1k_wrapper:🔧 Gripper variation: Compression disabled (mean: 0.1326, max: 0.2081)
INFO:b1k.shared.eval_b1k_wrapper:🔧 Gripper variation: Compression disabled (mean: 0.0522, max: 0.3245)
INFO:b1k.shared.eval_b1k_wrapper:🎯 Prediction #480 | Actions: uncompressed (20) | Inpainting: True
INFO:b1k.shared.eval_b1k_wrapper:📊 Step 9600 | Task: 27 | Stage: 3/14 | Predictions: 480
INFO:b1k.shared.eval_b1k_wrapper:📊 Step 9700 | Task: 27 | Stage: 3/14 | Predictions: 485
INFO:b1k.shared.eval_b1k_wrapper:🎯 Prediction #490 | Actions: compressed 26→20 | Inpainting: True
INFO:b1k.shared.eval_b1k_wrapper:📊 Step 9800 | Task: 27 | Stage: 3/14 | Predictions: 490
INFO:b1k.shared.eval_b1k_wrapper:📊 Step 9900 | Task: 27 | Stage: 3/14 | Predictions: 495
INFO:b1k.shared.eval_b1k_wrapper:🎯 Prediction #500 | Actions: compressed 26→20 | Inpainting: True
INFO:b1k.shared.eval_b1k_wrapper:📊 Step 10000 | Task: 27 | Stage: 3/14 | Predictions: 500
INFO:b1k.shared.eval_b1k_wrapper:📊 Step 10100 | Task: 27 | Stage: 3/14 | Predictions: 505
INFO:b1k.shared.eval_b1k_wrapper:🎯 Prediction #510 | Actions: compressed 26→20 | Inpainting: True
INFO:b1k.shared.eval_b1k_wrapper:📊 Step 10200 | Task: 27 | Stage: 3/14 | Predictions: 510
INFO:b1k.shared.eval_b1k_wrapper:📊 Step 10300 | Task: 27 | Stage: 3/14 | Predictions: 515
INFO:b1k.shared.eval_b1k_wrapper:🎯 Prediction #520 | Actions: compressed 26→20 | Inpainting: True
INFO:b1k.shared.eval_b1k_wrapper:📊 Step 10400 | Task: 27 | Stage: 3/14 | Predictions: 520
INFO:b1k.shared.eval_b1k_wrapper:📊 Step 10500 | Task: 27 | Stage: 3/14 | Predictions: 525
INFO:b1k.shared.eval_b1k_wrapper:🎯 Prediction #530 | Actions: compressed 26→20 | Inpainting: True
INFO:b1k.shared.eval_b1k_wrapper:📊 Step 10600 | Task: 27 | Stage: 3/14 | Predictions: 530
INFO:b1k.shared.eval_b1k_wrapper:📊 Step 10700 | Task: 27 | Stage: 3/14 | Predictions: 535
INFO:b1k.shared.eval_b1k_wrapper:🎯 Prediction #540 | Actions: compressed 26→20 | Inpainting: True
INFO:b1k.shared.eval_b1k_wrapper:📊 Step 10800 | Task: 27 | Stage: 3/14 | Predictions: 540
INFO:b1k.shared.eval_b1k_wrapper:🔧 Gripper variation: Compression disabled (mean: 0.2481, max: 0.2386)
INFO:b1k.shared.eval_b1k_wrapper:📊 Step 10900 | Task: 27 | Stage: 3/14 | Predictions: 545
INFO:b1k.shared.eval_b1k_wrapper:🎯 Prediction #550 | Actions: compressed 26→20 | Inpainting: True
INFO:b1k.shared.eval_b1k_wrapper:📊 Step 11000 | Task: 27 | Stage: 3/14 | Predictions: 550
INFO:b1k.shared.eval_b1k_wrapper:📊 Step 11100 | Task: 27 | Stage: 3/14 | Predictions: 555
INFO:b1k.shared.eval_b1k_wrapper:🔧 Gripper variation: Compression disabled (mean: 0.0808, max: 0.2312)
INFO:b1k.shared.eval_b1k_wrapper:🎯 Prediction #560 | Actions: compressed 26→20 | Inpainting: True
INFO:b1k.shared.eval_b1k_wrapper:📊 Step 11200 | Task: 27 | Stage: 3/14 | Predictions: 560
INFO:b1k.shared.eval_b1k_wrapper:📊 Step 11300 | Task: 27 | Stage: 3/14 | Predictions: 565
INFO:b1k.shared.eval_b1k_wrapper:🎯 Prediction #570 | Actions: compressed 26→20 | Inpainting: True
INFO:b1k.shared.eval_b1k_wrapper:📊 Step 11400 | Task: 27 | Stage: 3/14 | Predictions: 570
INFO:b1k.shared.eval_b1k_wrapper:📊 Step 11500 | Task: 27 | Stage: 3/14 | Predictions: 575
INFO:b1k.shared.eval_b1k_wrapper:🎯 Prediction #580 | Actions: compressed 26→20 | Inpainting: True
INFO:b1k.shared.eval_b1k_wrapper:📊 Step 11600 | Task: 27 | Stage: 3/14 | Predictions: 580
INFO:b1k.shared.eval_b1k_wrapper:🔧 Gripper variation: Compression disabled (mean: 1.9850, max: 0.0083)
INFO:b1k.shared.eval_b1k_wrapper:📊 Step 11700 | Task: 27 | Stage: 3/14 | Predictions: 585
INFO:b1k.shared.eval_b1k_wrapper:🎯 Prediction #590 | Actions: compressed 26→20 | Inpainting: True
INFO:b1k.shared.eval_b1k_wrapper:📊 Step 11800 | Task: 27 | Stage: 3/14 | Predictions: 590
INFO:b1k.shared.eval_b1k_wrapper:📊 Step 11900 | Task: 27 | Stage: 3/14 | Predictions: 595
INFO:b1k.shared.eval_b1k_wrapper:🎯 Prediction #600 | Actions: compressed 26→20 | Inpainting: True
INFO:b1k.shared.eval_b1k_wrapper:📊 Step 12000 | Task: 27 | Stage: 3/14 | Predictions: 600
INFO:b1k.shared.eval_b1k_wrapper:📊 Step 12100 | Task: 27 | Stage: 3/14 | Predictions: 605
INFO:b1k.shared.eval_b1k_wrapper:🎯 Prediction #610 | Actions: compressed 26→20 | Inpainting: True
INFO:b1k.shared.eval_b1k_wrapper:📊 Step 12200 | Task: 27 | Stage: 3/14 | Predictions: 610
INFO:b1k.shared.eval_b1k_wrapper:📊 Step 12300 | Task: 27 | Stage: 3/14 | Predictions: 615
INFO:b1k.shared.eval_b1k_wrapper:🎯 Prediction #620 | Actions: compressed 26→20 | Inpainting: True
INFO:b1k.shared.eval_b1k_wrapper:📊 Step 12400 | Task: 27 | Stage: 3/14 | Predictions: 620
INFO:b1k.shared.eval_b1k_wrapper:📊 Step 12500 | Task: 27 | Stage: 3/14 | Predictions: 625
INFO:b1k.shared.eval_b1k_wrapper:🎯 Prediction #630 | Actions: compressed 26→20 | Inpainting: True
INFO:b1k.shared.eval_b1k_wrapper:📊 Step 12600 | Task: 27 | Stage: 3/14 | Predictions: 630
INFO:b1k.shared.eval_b1k_wrapper:📊 Step 12700 | Task: 27 | Stage: 3/14 | Predictions: 635
INFO:b1k.shared.eval_b1k_wrapper:🎯 Prediction #640 | Actions: compressed 26→20 | Inpainting: True
INFO:b1k.shared.eval_b1k_wrapper:📊 Step 12800 | Task: 27 | Stage: 3/14 | Predictions: 640
INFO:b1k.shared.eval_b1k_wrapper:📊 Step 12900 | Task: 27 | Stage: 3/14 | Predictions: 645
INFO:b1k.shared.eval_b1k_wrapper:🎯 Prediction #650 | Actions: compressed 26→20 | Inpainting: True
INFO:b1k.shared.eval_b1k_wrapper:📊 Step 13000 | Task: 27 | Stage: 3/14 | Predictions: 650
INFO:b1k.shared.eval_b1k_wrapper:📊 Step 13100 | Task: 27 | Stage: 3/14 | Predictions: 655
INFO:b1k.shared.eval_b1k_wrapper:🎯 Prediction #660 | Actions: compressed 26→20 | Inpainting: True
INFO:b1k.shared.eval_b1k_wrapper:📊 Step 13200 | Task: 27 | Stage: 3/14 | Predictions: 660
INFO:b1k.shared.eval_b1k_wrapper:📊 Step 13300 | Task: 27 | Stage: 3/14 | Predictions: 665
INFO:b1k.shared.eval_b1k_wrapper:🎯 Prediction #670 | Actions: compressed 26→20 | Inpainting: True
INFO:b1k.shared.eval_b1k_wrapper:📊 Step 13400 | Task: 27 | Stage: 3/14 | Predictions: 670
INFO:b1k.shared.eval_b1k_wrapper:📊 Step 13500 | Task: 27 | Stage: 3/14 | Predictions: 675
INFO:b1k.shared.eval_b1k_wrapper:🔧 Gripper variation: Compression disabled (mean: 0.2316, max: 0.4691)
INFO:b1k.shared.eval_b1k_wrapper:🎯 Prediction #680 | Actions: compressed 26→20 | Inpainting: True
INFO:b1k.shared.eval_b1k_wrapper:📊 Step 13600 | Task: 27 | Stage: 3/14 | Predictions: 680
INFO:b1k.shared.eval_b1k_wrapper:📊 Step 13700 | Task: 27 | Stage: 3/14 | Predictions: 685
INFO:b1k.shared.eval_b1k_wrapper:🎯 Prediction #690 | Actions: compressed 26→20 | Inpainting: True
INFO:b1k.shared.eval_b1k_wrapper:📊 Step 13800 | Task: 27 | Stage: 3/14 | Predictions: 690
INFO:b1k.shared.eval_b1k_wrapper:📊 Step 13900 | Task: 27 | Stage: 3/14 | Predictions: 695
INFO:b1k.shared.eval_b1k_wrapper:🎯 Prediction #700 | Actions: compressed 26→20 | Inpainting: True
INFO:b1k.shared.eval_b1k_wrapper:📊 Step 14000 | Task: 27 | Stage: 3/14 | Predictions: 700
INFO:b1k.shared.eval_b1k_wrapper:📊 Step 14100 | Task: 27 | Stage: 3/14 | Predictions: 705
INFO:b1k.shared.eval_b1k_wrapper:🎯 Prediction #710 | Actions: compressed 26→20 | Inpainting: True
INFO:b1k.shared.eval_b1k_wrapper:📊 Step 14200 | Task: 27 | Stage: 3/14 | Predictions: 710
INFO:b1k.shared.eval_b1k_wrapper:📊 Step 14300 | Task: 27 | Stage: 3/14 | Predictions: 715
INFO:b1k.shared.eval_b1k_wrapper:🎯 Prediction #720 | Actions: compressed 26→20 | Inpainting: True
INFO:b1k.shared.eval_b1k_wrapper:📊 Step 14400 | Task: 27 | Stage: 3/14 | Predictions: 720
INFO:b1k.shared.eval_b1k_wrapper:⬅️  Stage went back: 3 → 2 (task 27, step 14420)
INFO:b1k.shared.eval_b1k_wrapper:📊 Step 14500 | Task: 27 | Stage: 2/14 | Predictions: 725
INFO:b1k.shared.eval_b1k_wrapper:🔧 Gripper variation: Compression disabled (mean: 0.0681, max: 0.2272)
INFO:b1k.shared.eval_b1k_wrapper:🔧 Gripper variation: Compression disabled (mean: 0.2822, max: 0.2692)
INFO:b1k.shared.eval_b1k_wrapper:🎯 Prediction #730 | Actions: uncompressed (20) | Inpainting: True
INFO:b1k.shared.eval_b1k_wrapper:📊 Step 14600 | Task: 27 | Stage: 2/14 | Predictions: 730
INFO:b1k.shared.eval_b1k_wrapper:🔧 Gripper variation: Compression disabled (mean: 0.0647, max: 0.2991)
INFO:b1k.shared.eval_b1k_wrapper:🔧 Gripper variation: Compression disabled (mean: 0.0284, max: 0.2275)
INFO:b1k.shared.eval_b1k_wrapper:🔧 Gripper variation: Compression disabled (mean: 0.0297, max: 0.2430)
INFO:b1k.shared.eval_b1k_wrapper:📊 Step 14700 | Task: 27 | Stage: 2/14 | Predictions: 735
INFO:b1k.shared.eval_b1k_wrapper:🔧 Gripper variation: Compression disabled (mean: 0.0869, max: 0.2306)
INFO:b1k.shared.eval_b1k_wrapper:🎯 Prediction #740 | Actions: compressed 26→20 | Inpainting: True
INFO:b1k.shared.eval_b1k_wrapper:📊 Step 14800 | Task: 27 | Stage: 2/14 | Predictions: 740
INFO:b1k.shared.eval_b1k_wrapper:🔧 Gripper variation: Compression disabled (mean: 0.2279, max: 0.0286)
INFO:b1k.shared.eval_b1k_wrapper:🔧 Gripper variation: Compression disabled (mean: 0.3674, max: 0.0572)
INFO:b1k.shared.eval_b1k_wrapper:📊 Step 14900 | Task: 27 | Stage: 2/14 | Predictions: 745
INFO:b1k.shared.eval_b1k_wrapper:🔧 Gripper variation: Compression disabled (mean: 0.3227, max: 0.0558)
INFO:b1k.shared.eval_b1k_wrapper:🔧 Gripper variation: Compression disabled (mean: 0.0834, max: 0.2211)
INFO:b1k.shared.eval_b1k_wrapper:🔧 Gripper variation: Compression disabled (mean: 0.3598, max: 0.2129)
INFO:b1k.shared.eval_b1k_wrapper:🎯 Prediction #750 | Actions: uncompressed (20) | Inpainting: True
INFO:b1k.shared.eval_b1k_wrapper:📊 Step 15000 | Task: 27 | Stage: 2/14 | Predictions: 750
INFO:b1k.shared.eval_b1k_wrapper:📊 Step 15100 | Task: 27 | Stage: 2/14 | Predictions: 755
INFO:b1k.shared.eval_b1k_wrapper:🔧 Gripper variation: Compression disabled (mean: 0.2609, max: 0.0804)
INFO:b1k.shared.eval_b1k_wrapper:🔧 Gripper variation: Compression disabled (mean: 0.2294, max: 0.1278)
INFO:b1k.shared.eval_b1k_wrapper:🎯 Prediction #760 | Actions: uncompressed (20) | Inpainting: True
INFO:b1k.shared.eval_b1k_wrapper:📊 Step 15200 | Task: 27 | Stage: 2/14 | Predictions: 760
INFO:b1k.shared.eval_b1k_wrapper:🔧 Gripper variation: Compression disabled (mean: 0.2324, max: 0.1329)
INFO:b1k.shared.eval_b1k_wrapper:🔧 Gripper variation: Compression disabled (mean: 0.3515, max: 0.1523)
INFO:b1k.shared.eval_b1k_wrapper:📊 Step 15300 | Task: 27 | Stage: 2/14 | Predictions: 765
INFO:b1k.shared.eval_b1k_wrapper:🎯 Prediction #770 | Actions: compressed 26→20 | Inpainting: True
INFO:b1k.shared.eval_b1k_wrapper:📊 Step 15400 | Task: 27 | Stage: 2/14 | Predictions: 770
INFO:b1k.shared.eval_b1k_wrapper:📊 Step 15500 | Task: 27 | Stage: 2/14 | Predictions: 775
INFO:b1k.shared.eval_b1k_wrapper:🎯 Prediction #780 | Actions: compressed 26→20 | Inpainting: True
INFO:b1k.shared.eval_b1k_wrapper:📊 Step 15600 | Task: 27 | Stage: 2/14 | Predictions: 780
INFO:b1k.shared.eval_b1k_wrapper:🔧 Gripper variation: Compression disabled (mean: 0.2915, max: 0.2382)
INFO:b1k.shared.eval_b1k_wrapper:📊 Step 15700 | Task: 27 | Stage: 2/14 | Predictions: 785
INFO:b1k.shared.eval_b1k_wrapper:🔧 Gripper variation: Compression disabled (mean: 0.0784, max: 0.2596)
INFO:b1k.shared.eval_b1k_wrapper:🔧 Gripper variation: Compression disabled (mean: 0.2866, max: 0.3199)
INFO:b1k.shared.eval_b1k_wrapper:🔧 Gripper variation: Compression disabled (mean: 0.5641, max: 1.0935)
INFO:b1k.shared.eval_b1k_wrapper:🎯 Prediction #790 | Actions: uncompressed (20) | Inpainting: True
INFO:b1k.shared.eval_b1k_wrapper:📊 Step 15800 | Task: 27 | Stage: 2/14 | Predictions: 790
INFO:b1k.shared.eval_b1k_wrapper:🔧 Gripper variation: Compression disabled (mean: 0.2269, max: 0.1198)
INFO:b1k.shared.eval_b1k_wrapper:📊 Step 15900 | Task: 27 | Stage: 2/14 | Predictions: 795
INFO:b1k.shared.eval_b1k_wrapper:🔧 Gripper variation: Compression disabled (mean: 0.0071, max: 1.9952)
INFO:b1k.shared.eval_b1k_wrapper:🔧 Gripper variation: Compression disabled (mean: 0.7779, max: 1.0426)
INFO:b1k.shared.eval_b1k_wrapper:🔧 Gripper variation: Compression disabled (mean: 0.2637, max: 0.5335)
INFO:b1k.shared.eval_b1k_wrapper:🎯 Prediction #800 | Actions: uncompressed (20) | Inpainting: True
INFO:b1k.shared.eval_b1k_wrapper:📊 Step 16000 | Task: 27 | Stage: 2/14 | Predictions: 800
INFO:b1k.shared.eval_b1k_wrapper:🔧 Gripper variation: Compression disabled (mean: 0.5531, max: 0.9930)
INFO:b1k.shared.eval_b1k_wrapper:🔧 Gripper variation: Compression disabled (mean: 0.4113, max: 0.8720)
INFO:b1k.shared.eval_b1k_wrapper:🔧 Gripper variation: Compression disabled (mean: 0.7532, max: 0.3445)
INFO:b1k.shared.eval_b1k_wrapper:📊 Step 16100 | Task: 27 | Stage: 2/14 | Predictions: 805
INFO:b1k.shared.eval_b1k_wrapper:🔧 Gripper variation: Compression disabled (mean: 0.3443, max: 1.1243)
INFO:b1k.shared.eval_b1k_wrapper:🔧 Gripper variation: Compression disabled (mean: 0.5423, max: 0.4951)
INFO:b1k.shared.eval_b1k_wrapper:🔧 Gripper variation: Compression disabled (mean: 0.3666, max: 0.2334)
INFO:b1k.shared.eval_b1k_wrapper:🔧 Gripper variation: Compression disabled (mean: 0.5441, max: 0.0789)
INFO:b1k.shared.eval_b1k_wrapper:🎯 Prediction #810 | Actions: uncompressed (20) | Inpainting: True
INFO:b1k.shared.eval_b1k_wrapper:📊 Step 16200 | Task: 27 | Stage: 2/14 | Predictions: 810
INFO:b1k.shared.eval_b1k_wrapper:🔧 Gripper variation: Compression disabled (mean: 0.3563, max: 0.3066)
INFO:b1k.shared.eval_b1k_wrapper:🔧 Gripper variation: Compression disabled (mean: 0.3889, max: 0.3105)
INFO:b1k.shared.eval_b1k_wrapper:🔧 Gripper variation: Compression disabled (mean: 0.8329, max: 0.0599)
INFO:b1k.shared.eval_b1k_wrapper:🔧 Gripper variation: Compression disabled (mean: 0.2415, max: 0.0937)
INFO:b1k.shared.eval_b1k_wrapper:🔧 Gripper variation: Compression disabled (mean: 0.2390, max: 0.0213)
INFO:b1k.shared.eval_b1k_wrapper:📊 Step 16300 | Task: 27 | Stage: 2/14 | Predictions: 815
INFO:b1k.shared.eval_b1k_wrapper:🔧 Gripper variation: Compression disabled (mean: 0.3550, max: 0.5402)
INFO:b1k.shared.eval_b1k_wrapper:🔧 Gripper variation: Compression disabled (mean: 0.2095, max: 0.3265)
INFO:b1k.shared.eval_b1k_wrapper:🎯 Prediction #820 | Actions: uncompressed (20) | Inpainting: True
INFO:b1k.shared.eval_b1k_wrapper:📊 Step 16400 | Task: 27 | Stage: 2/14 | Predictions: 820
INFO:b1k.shared.eval_b1k_wrapper:🔧 Gripper variation: Compression disabled (mean: 0.4479, max: 0.0358)
INFO:b1k.shared.eval_b1k_wrapper:📊 Step 16500 | Task: 27 | Stage: 2/14 | Predictions: 825
INFO:b1k.shared.eval_b1k_wrapper:🔧 Gripper variation: Compression disabled (mean: 1.5654, max: 0.4270)
INFO:b1k.shared.eval_b1k_wrapper:🔧 Gripper variation: Compression disabled (mean: 0.6351, max: 0.5783)
INFO:b1k.shared.eval_b1k_wrapper:🔧 Gripper variation: Compression disabled (mean: 0.4733, max: 0.3452)
INFO:b1k.shared.eval_b1k_wrapper:🔧 Gripper variation: Compression disabled (mean: 0.4937, max: 0.3940)
INFO:b1k.shared.eval_b1k_wrapper:🔧 Gripper variation: Compression disabled (mean: 0.0932, max: 0.4557)
INFO:b1k.shared.eval_b1k_wrapper:🎯 Prediction #830 | Actions: uncompressed (20) | Inpainting: True
INFO:b1k.shared.eval_b1k_wrapper:📊 Step 16600 | Task: 27 | Stage: 2/14 | Predictions: 830
INFO:b1k.shared.eval_b1k_wrapper:🔧 Gripper variation: Compression disabled (mean: 0.2936, max: 0.3072)
INFO:b1k.shared.eval_b1k_wrapper:🔧 Gripper variation: Compression disabled (mean: 0.0745, max: 0.2410)
INFO:b1k.shared.eval_b1k_wrapper:🔧 Gripper variation: Compression disabled (mean: 0.3088, max: 0.1657)
INFO:b1k.shared.eval_b1k_wrapper:🔧 Gripper variation: Compression disabled (mean: 0.0971, max: 0.2871)
INFO:b1k.shared.eval_b1k_wrapper:🔧 Gripper variation: Compression disabled (mean: 0.1529, max: 0.2098)
INFO:b1k.shared.eval_b1k_wrapper:📊 Step 16700 | Task: 27 | Stage: 2/14 | Predictions: 835
INFO:b1k.shared.eval_b1k_wrapper:🔧 Gripper variation: Compression disabled (mean: 0.0708, max: 0.2670)
INFO:b1k.shared.eval_b1k_wrapper:🎯 Prediction #840 | Actions: uncompressed (20) | Inpainting: True
INFO:b1k.shared.eval_b1k_wrapper:📊 Step 16800 | Task: 27 | Stage: 2/14 | Predictions: 840
INFO:b1k.shared.eval_b1k_wrapper:🔧 Gripper variation: Compression disabled (mean: 0.4365, max: 0.1277)
INFO:b1k.shared.eval_b1k_wrapper:🔧 Gripper variation: Compression disabled (mean: 0.2024, max: 0.1219)
INFO:b1k.shared.eval_b1k_wrapper:🔧 Gripper variation: Compression disabled (mean: 0.3234, max: 0.1860)
INFO:b1k.shared.eval_b1k_wrapper:🔧 Gripper variation: Compression disabled (mean: 0.0776, max: 0.2762)
INFO:b1k.shared.eval_b1k_wrapper:📊 Step 16900 | Task: 27 | Stage: 2/14 | Predictions: 845
INFO:b1k.shared.eval_b1k_wrapper:🔧 Gripper variation: Compression disabled (mean: 0.7992, max: 0.7747)
INFO:b1k.shared.eval_b1k_wrapper:🔧 Gripper variation: Compression disabled (mean: 0.5828, max: 0.4486)
INFO:b1k.shared.eval_b1k_wrapper:🔧 Gripper variation: Compression disabled (mean: 0.5059, max: 0.3499)
INFO:b1k.shared.eval_b1k_wrapper:🎯 Prediction #850 | Actions: uncompressed (20) | Inpainting: True
INFO:b1k.shared.eval_b1k_wrapper:📊 Step 17000 | Task: 27 | Stage: 2/14 | Predictions: 850
INFO:b1k.shared.eval_b1k_wrapper:🔧 Gripper variation: Compression disabled (mean: 0.6569, max: 0.8227)
INFO:b1k.shared.eval_b1k_wrapper:🔧 Gripper variation: Compression disabled (mean: 0.9333, max: 0.0620)
INFO:b1k.shared.eval_b1k_wrapper:🔧 Gripper variation: Compression disabled (mean: 0.8851, max: 0.1888)
INFO:b1k.shared.eval_b1k_wrapper:🔧 Gripper variation: Compression disabled (mean: 0.5193, max: 0.3337)
INFO:b1k.shared.eval_b1k_wrapper:📊 Step 17100 | Task: 27 | Stage: 2/14 | Predictions: 855
INFO:b1k.shared.eval_b1k_wrapper:🔧 Gripper variation: Compression disabled (mean: 0.6480, max: 0.2537)
INFO:b1k.shared.eval_b1k_wrapper:🔧 Gripper variation: Compression disabled (mean: 0.7043, max: 0.3232)
INFO:b1k.shared.eval_b1k_wrapper:🔧 Gripper variation: Compression disabled (mean: 0.7908, max: 0.4301)
INFO:b1k.shared.eval_b1k_wrapper:🔧 Gripper variation: Compression disabled (mean: 0.6974, max: 0.9472)
INFO:b1k.shared.eval_b1k_wrapper:🔧 Gripper variation: Compression disabled (mean: 0.2466, max: 0.1516)
INFO:b1k.shared.eval_b1k_wrapper:🎯 Prediction #860 | Actions: uncompressed (20) | Inpainting: True
INFO:b1k.shared.eval_b1k_wrapper:📊 Step 17200 | Task: 27 | Stage: 2/14 | Predictions: 860
INFO:b1k.shared.eval_b1k_wrapper:🔧 Gripper variation: Compression disabled (mean: 0.4109, max: 0.0644)
INFO:b1k.shared.eval_b1k_wrapper:🔧 Gripper variation: Compression disabled (mean: 0.3766, max: 0.7881)
INFO:b1k.shared.eval_b1k_wrapper:🔧 Gripper variation: Compression disabled (mean: 0.7570, max: 0.3397)
INFO:b1k.shared.eval_b1k_wrapper:🔧 Gripper variation: Compression disabled (mean: 0.4077, max: 0.8726)
INFO:b1k.shared.eval_b1k_wrapper:🔧 Gripper variation: Compression disabled (mean: 0.5956, max: 0.6154)
INFO:b1k.shared.eval_b1k_wrapper:📊 Step 17300 | Task: 27 | Stage: 2/14 | Predictions: 865
INFO:b1k.shared.eval_b1k_wrapper:🔧 Gripper variation: Compression disabled (mean: 0.4289, max: 0.5037)
INFO:b1k.shared.eval_b1k_wrapper:🔧 Gripper variation: Compression disabled (mean: 0.7928, max: 0.3102)
INFO:b1k.shared.eval_b1k_wrapper:🔧 Gripper variation: Compression disabled (mean: 0.4169, max: 0.9734)
INFO:b1k.shared.eval_b1k_wrapper:🔧 Gripper variation: Compression disabled (mean: 0.4070, max: 0.7103)
INFO:b1k.shared.eval_b1k_wrapper:🔧 Gripper variation: Compression disabled (mean: 0.1887, max: 0.5683)
INFO:b1k.shared.eval_b1k_wrapper:🎯 Prediction #870 | Actions: uncompressed (20) | Inpainting: True
INFO:b1k.shared.eval_b1k_wrapper:📊 Step 17400 | Task: 27 | Stage: 2/14 | Predictions: 870
INFO:b1k.shared.eval_b1k_wrapper:🔧 Gripper variation: Compression disabled (mean: 0.6697, max: 0.4540)
INFO:b1k.shared.eval_b1k_wrapper:🔧 Gripper variation: Compression disabled (mean: 0.4202, max: 0.5113)
INFO:b1k.shared.eval_b1k_wrapper:🔧 Gripper variation: Compression disabled (mean: 0.4880, max: 0.6731)
INFO:b1k.shared.eval_b1k_wrapper:🔧 Gripper variation: Compression disabled (mean: 0.2709, max: 0.3404)
INFO:b1k.shared.eval_b1k_wrapper:🔧 Gripper variation: Compression disabled (mean: 1.1192, max: 0.4606)
INFO:b1k.shared.eval_b1k_wrapper:📊 Step 17500 | Task: 27 | Stage: 2/14 | Predictions: 875
INFO:b1k.shared.eval_b1k_wrapper:🔧 Gripper variation: Compression disabled (mean: 0.3280, max: 0.2592)
INFO:b1k.shared.eval_b1k_wrapper:🎯 Prediction #880 | Actions: compressed 26→20 | Inpainting: True
INFO:b1k.shared.eval_b1k_wrapper:📊 Step 17600 | Task: 27 | Stage: 2/14 | Predictions: 880
INFO:b1k.shared.eval_b1k_wrapper:📊 Step 17700 | Task: 27 | Stage: 2/14 | Predictions: 885
INFO:b1k.shared.eval_b1k_wrapper:🔧 Gripper variation: Compression disabled (mean: 2.0848, max: 0.1063)
INFO:b1k.shared.eval_b1k_wrapper:🔧 Gripper variation: Compression disabled (mean: 0.9405, max: 0.0673)
INFO:b1k.shared.eval_b1k_wrapper:🔧 Gripper variation: Compression disabled (mean: 0.2760, max: 0.3642)
INFO:b1k.shared.eval_b1k_wrapper:🎯 Prediction #890 | Actions: compressed 26→20 | Inpainting: True
INFO:b1k.shared.eval_b1k_wrapper:📊 Step 17800 | Task: 27 | Stage: 2/14 | Predictions: 890
INFO:b1k.shared.eval_b1k_wrapper:🔧 Gripper variation: Compression disabled (mean: 0.0715, max: 0.3087)
INFO:b1k.shared.eval_b1k_wrapper:🔧 Gripper variation: Compression disabled (mean: 0.6032, max: 0.6643)
INFO:b1k.shared.eval_b1k_wrapper:🔧 Gripper variation: Compression disabled (mean: 0.5785, max: 0.3912)
INFO:b1k.shared.eval_b1k_wrapper:🔧 Gripper variation: Compression disabled (mean: 0.3532, max: 0.8315)
INFO:b1k.shared.eval_b1k_wrapper:📊 Step 17900 | Task: 27 | Stage: 2/14 | Predictions: 895
INFO:b1k.shared.eval_b1k_wrapper:🔧 Gripper variation: Compression disabled (mean: 0.7719, max: 0.3985)
INFO:b1k.shared.eval_b1k_wrapper:🔧 Gripper variation: Compression disabled (mean: 0.7491, max: 0.7353)
INFO:b1k.shared.eval_b1k_wrapper:🔧 Gripper variation: Compression disabled (mean: 0.4547, max: 0.6244)
INFO:b1k.shared.eval_b1k_wrapper:🔧 Gripper variation: Compression disabled (mean: 0.8084, max: 0.8846)
INFO:b1k.shared.eval_b1k_wrapper:🔧 Gripper variation: Compression disabled (mean: 0.6627, max: 0.5774)
INFO:b1k.shared.eval_b1k_wrapper:🎯 Prediction #900 | Actions: uncompressed (20) | Inpainting: True
INFO:b1k.shared.eval_b1k_wrapper:📊 Step 18000 | Task: 27 | Stage: 2/14 | Predictions: 900
INFO:b1k.shared.eval_b1k_wrapper:🔧 Gripper variation: Compression disabled (mean: 0.8314, max: 0.8142)
INFO:b1k.shared.eval_b1k_wrapper:🔧 Gripper variation: Compression disabled (mean: 0.5356, max: 0.1414)
INFO:b1k.shared.eval_b1k_wrapper:🔧 Gripper variation: Compression disabled (mean: 0.7123, max: 0.7408)
INFO:b1k.shared.eval_b1k_wrapper:🔧 Gripper variation: Compression disabled (mean: 1.1338, max: 1.4105)
INFO:b1k.shared.eval_b1k_wrapper:📊 Step 18100 | Task: 27 | Stage: 2/14 | Predictions: 905
INFO:b1k.shared.eval_b1k_wrapper:🔧 Gripper variation: Compression disabled (mean: 1.0039, max: 1.0569)
INFO:b1k.shared.eval_b1k_wrapper:🔧 Gripper variation: Compression disabled (mean: 0.8994, max: 1.6798)
INFO:b1k.shared.eval_b1k_wrapper:🔧 Gripper variation: Compression disabled (mean: 0.7349, max: 1.2254)
INFO:b1k.shared.eval_b1k_wrapper:🔧 Gripper variation: Compression disabled (mean: 1.2029, max: 1.3444)
INFO:b1k.shared.eval_b1k_wrapper:🔧 Gripper variation: Compression disabled (mean: 0.9355, max: 0.9507)
INFO:b1k.shared.eval_b1k_wrapper:🎯 Prediction #910 | Actions: uncompressed (20) | Inpainting: True
INFO:b1k.shared.eval_b1k_wrapper:📊 Step 18200 | Task: 27 | Stage: 2/14 | Predictions: 910
INFO:b1k.shared.eval_b1k_wrapper:🔧 Gripper variation: Compression disabled (mean: 1.6322, max: 1.0455)
INFO:b1k.shared.eval_b1k_wrapper:🔧 Gripper variation: Compression disabled (mean: 1.1829, max: 1.1934)
INFO:b1k.shared.eval_b1k_wrapper:🔧 Gripper variation: Compression disabled (mean: 0.7248, max: 1.3687)
INFO:b1k.shared.eval_b1k_wrapper:🔧 Gripper variation: Compression disabled (mean: 0.8207, max: 0.9601)
INFO:b1k.shared.eval_b1k_wrapper:🔧 Gripper variation: Compression disabled (mean: 1.3668, max: 1.2074)
INFO:b1k.shared.eval_b1k_wrapper:📊 Step 18300 | Task: 27 | Stage: 2/14 | Predictions: 915
INFO:b1k.shared.eval_b1k_wrapper:🔧 Gripper variation: Compression disabled (mean: 0.6154, max: 1.4387)
INFO:b1k.shared.eval_b1k_wrapper:🔧 Gripper variation: Compression disabled (mean: 0.6721, max: 1.3545)
INFO:b1k.shared.eval_b1k_wrapper:🔧 Gripper variation: Compression disabled (mean: 0.7170, max: 0.8692)
INFO:b1k.shared.eval_b1k_wrapper:🔧 Gripper variation: Compression disabled (mean: 0.6303, max: 1.4454)
INFO:b1k.shared.eval_b1k_wrapper:🔧 Gripper variation: Compression disabled (mean: 0.7815, max: 0.7873)
INFO:b1k.shared.eval_b1k_wrapper:🎯 Prediction #920 | Actions: uncompressed (20) | Inpainting: True
INFO:b1k.shared.eval_b1k_wrapper:📊 Step 18400 | Task: 27 | Stage: 2/14 | Predictions: 920
INFO:b1k.shared.eval_b1k_wrapper:🔧 Gripper variation: Compression disabled (mean: 1.4976, max: 1.5102)
INFO:b1k.shared.eval_b1k_wrapper:🔧 Gripper variation: Compression disabled (mean: 0.5980, max: 1.2395)
INFO:b1k.shared.eval_b1k_wrapper:🔧 Gripper variation: Compression disabled (mean: 0.4107, max: 1.1004)
INFO:b1k.shared.eval_b1k_wrapper:🔧 Gripper variation: Compression disabled (mean: 0.6122, max: 1.8781)
INFO:b1k.shared.eval_b1k_wrapper:🔧 Gripper variation: Compression disabled (mean: 0.7937, max: 1.4022)
INFO:b1k.shared.eval_b1k_wrapper:📊 Step 18500 | Task: 27 | Stage: 2/14 | Predictions: 925
INFO:b1k.shared.eval_b1k_wrapper:🔧 Gripper variation: Compression disabled (mean: 0.2470, max: 0.9861)
INFO:b1k.shared.eval_b1k_wrapper:🔧 Gripper variation: Compression disabled (mean: 0.9030, max: 1.0380)
INFO:b1k.shared.eval_b1k_wrapper:🔧 Gripper variation: Compression disabled (mean: 0.4261, max: 1.1771)
INFO:b1k.shared.eval_b1k_wrapper:🔧 Gripper variation: Compression disabled (mean: 0.8294, max: 1.0618)
INFO:b1k.shared.eval_b1k_wrapper:🔧 Gripper variation: Compression disabled (mean: 0.8618, max: 1.1873)
INFO:b1k.shared.eval_b1k_wrapper:🎯 Prediction #930 | Actions: uncompressed (20) | Inpainting: True
INFO:b1k.shared.eval_b1k_wrapper:📊 Step 18600 | Task: 27 | Stage: 2/14 | Predictions: 930
INFO:b1k.shared.eval_b1k_wrapper:🔧 Gripper variation: Compression disabled (mean: 0.5164, max: 0.5606)
INFO:b1k.shared.eval_b1k_wrapper:🔧 Gripper variation: Compression disabled (mean: 0.8126, max: 1.2775)
INFO:b1k.shared.eval_b1k_wrapper:🔧 Gripper variation: Compression disabled (mean: 1.1700, max: 1.2341)
INFO:b1k.shared.eval_b1k_wrapper:🔧 Gripper variation: Compression disabled (mean: 0.8168, max: 1.3108)
INFO:b1k.shared.eval_b1k_wrapper:🔧 Gripper variation: Compression disabled (mean: 1.2389, max: 1.2778)
INFO:b1k.shared.eval_b1k_wrapper:📊 Step 18700 | Task: 27 | Stage: 2/14 | Predictions: 935
INFO:b1k.shared.eval_b1k_wrapper:🔧 Gripper variation: Compression disabled (mean: 0.9850, max: 1.3863)
INFO:b1k.shared.eval_b1k_wrapper:🔧 Gripper variation: Compression disabled (mean: 0.8859, max: 0.4883)
INFO:b1k.shared.eval_b1k_wrapper:🔧 Gripper variation: Compression disabled (mean: 1.0087, max: 1.1696)
INFO:b1k.shared.eval_b1k_wrapper:🔧 Gripper variation: Compression disabled (mean: 1.2115, max: 0.8354)
INFO:b1k.shared.eval_b1k_wrapper:🔧 Gripper variation: Compression disabled (mean: 0.7730, max: 0.8933)
INFO:b1k.shared.eval_b1k_wrapper:🎯 Prediction #940 | Actions: uncompressed (20) | Inpainting: True
INFO:b1k.shared.eval_b1k_wrapper:📊 Step 18800 | Task: 27 | Stage: 2/14 | Predictions: 940
INFO:b1k.shared.eval_b1k_wrapper:🔧 Gripper variation: Compression disabled (mean: 1.0964, max: 1.1735)
INFO:b1k.shared.eval_b1k_wrapper:🔧 Gripper variation: Compression disabled (mean: 1.5334, max: 0.9576)
INFO:b1k.shared.eval_b1k_wrapper:🔧 Gripper variation: Compression disabled (mean: 0.5302, max: 0.1592)
INFO:b1k.shared.eval_b1k_wrapper:🔧 Gripper variation: Compression disabled (mean: 1.0030, max: 0.7254)
INFO:b1k.shared.eval_b1k_wrapper:📊 Step 18900 | Task: 27 | Stage: 2/14 | Predictions: 945
INFO:b1k.shared.eval_b1k_wrapper:🔧 Gripper variation: Compression disabled (mean: 0.8666, max: 1.1562)
INFO:b1k.shared.eval_b1k_wrapper:🔧 Gripper variation: Compression disabled (mean: 0.7346, max: 1.0869)
INFO:b1k.shared.eval_b1k_wrapper:🔧 Gripper variation: Compression disabled (mean: 1.0829, max: 1.4212)
INFO:b1k.shared.eval_b1k_wrapper:🔧 Gripper variation: Compression disabled (mean: 1.0196, max: 1.6357)
INFO:b1k.shared.eval_b1k_wrapper:🔧 Gripper variation: Compression disabled (mean: 0.7291, max: 1.1265)
INFO:b1k.shared.eval_b1k_wrapper:🎯 Prediction #950 | Actions: uncompressed (20) | Inpainting: True
INFO:b1k.shared.eval_b1k_wrapper:📊 Step 19000 | Task: 27 | Stage: 2/14 | Predictions: 950
INFO:b1k.shared.eval_b1k_wrapper:🔧 Gripper variation: Compression disabled (mean: 0.8969, max: 0.9778)
INFO:b1k.shared.eval_b1k_wrapper:🔧 Gripper variation: Compression disabled (mean: 0.8495, max: 0.9861)
INFO:b1k.shared.eval_b1k_wrapper:🔧 Gripper variation: Compression disabled (mean: 0.6860, max: 0.6061)
INFO:b1k.shared.eval_b1k_wrapper:🔧 Gripper variation: Compression disabled (mean: 0.4398, max: 1.7437)
INFO:b1k.shared.eval_b1k_wrapper:📊 Step 19100 | Task: 27 | Stage: 2/14 | Predictions: 955
INFO:b1k.shared.eval_b1k_wrapper:🔧 Gripper variation: Compression disabled (mean: 0.8844, max: 0.8421)
INFO:b1k.shared.eval_b1k_wrapper:🔧 Gripper variation: Compression disabled (mean: 0.4134, max: 0.8660)
INFO:b1k.shared.eval_b1k_wrapper:🔧 Gripper variation: Compression disabled (mean: 1.0459, max: 1.1199)
INFO:b1k.shared.eval_b1k_wrapper:🔧 Gripper variation: Compression disabled (mean: 0.6932, max: 1.1966)
INFO:b1k.shared.eval_b1k_wrapper:🔧 Gripper variation: Compression disabled (mean: 0.8340, max: 1.5297)
INFO:b1k.shared.eval_b1k_wrapper:🎯 Prediction #960 | Actions: uncompressed (20) | Inpainting: True
INFO:b1k.shared.eval_b1k_wrapper:📊 Step 19200 | Task: 27 | Stage: 2/14 | Predictions: 960
INFO:b1k.shared.eval_b1k_wrapper:🔧 Gripper variation: Compression disabled (mean: 0.2381, max: 0.2058)
INFO:b1k.shared.eval_b1k_wrapper:🔧 Gripper variation: Compression disabled (mean: 0.2416, max: 0.5379)
INFO:b1k.shared.eval_b1k_wrapper:🔧 Gripper variation: Compression disabled (mean: 0.6717, max: 1.0816)
INFO:b1k.shared.eval_b1k_wrapper:🔧 Gripper variation: Compression disabled (mean: 0.5252, max: 0.9720)
INFO:b1k.shared.eval_b1k_wrapper:🔧 Gripper variation: Compression disabled (mean: 0.6104, max: 1.3125)
INFO:b1k.shared.eval_b1k_wrapper:📊 Step 19300 | Task: 27 | Stage: 2/14 | Predictions: 965
INFO:b1k.shared.eval_b1k_wrapper:🔧 Gripper variation: Compression disabled (mean: 0.5187, max: 1.4349)
INFO:b1k.shared.eval_b1k_wrapper:🔧 Gripper variation: Compression disabled (mean: 0.6474, max: 1.2939)
INFO:b1k.shared.eval_b1k_wrapper:🔧 Gripper variation: Compression disabled (mean: 0.8158, max: 1.0213)
INFO:b1k.shared.eval_b1k_wrapper:🔧 Gripper variation: Compression disabled (mean: 0.3784, max: 0.8719)
INFO:b1k.shared.eval_b1k_wrapper:🔧 Gripper variation: Compression disabled (mean: 0.4911, max: 1.0108)
INFO:b1k.shared.eval_b1k_wrapper:🎯 Prediction #970 | Actions: uncompressed (20) | Inpainting: True
INFO:b1k.shared.eval_b1k_wrapper:📊 Step 19400 | Task: 27 | Stage: 2/14 | Predictions: 970
INFO:b1k.shared.eval_b1k_wrapper:🔧 Gripper variation: Compression disabled (mean: 0.9528, max: 1.5926)
INFO:b1k.shared.eval_b1k_wrapper:🔧 Gripper variation: Compression disabled (mean: 0.8907, max: 0.9046)
INFO:b1k.shared.eval_b1k_wrapper:🔧 Gripper variation: Compression disabled (mean: 1.2616, max: 0.7430)
INFO:b1k.shared.eval_b1k_wrapper:🔧 Gripper variation: Compression disabled (mean: 0.4162, max: 0.4475)
INFO:b1k.shared.eval_b1k_wrapper:🔧 Gripper variation: Compression disabled (mean: 0.6266, max: 0.7315)
INFO:b1k.shared.eval_b1k_wrapper:📊 Step 19500 | Task: 27 | Stage: 2/14 | Predictions: 975
INFO:b1k.shared.eval_b1k_wrapper:🔧 Gripper variation: Compression disabled (mean: 1.1641, max: 0.5248)
INFO:b1k.shared.eval_b1k_wrapper:🔧 Gripper variation: Compression disabled (mean: 0.6213, max: 0.7833)
INFO:b1k.shared.eval_b1k_wrapper:🔧 Gripper variation: Compression disabled (mean: 0.9232, max: 0.4874)
INFO:b1k.shared.eval_b1k_wrapper:🔧 Gripper variation: Compression disabled (mean: 0.1410, max: 0.4347)
INFO:b1k.shared.eval_b1k_wrapper:🔧 Gripper variation: Compression disabled (mean: 0.2382, max: 1.0978)
INFO:b1k.shared.eval_b1k_wrapper:🎯 Prediction #980 | Actions: uncompressed (20) | Inpainting: True
INFO:b1k.shared.eval_b1k_wrapper:📊 Step 19600 | Task: 27 | Stage: 2/14 | Predictions: 980
INFO:b1k.shared.eval_b1k_wrapper:🔧 Gripper variation: Compression disabled (mean: 1.1315, max: 0.7348)
INFO:b1k.shared.eval_b1k_wrapper:🔧 Gripper variation: Compression disabled (mean: 0.9385, max: 1.2502)
INFO:b1k.shared.eval_b1k_wrapper:🔧 Gripper variation: Compression disabled (mean: 1.1424, max: 1.1920)
INFO:b1k.shared.eval_b1k_wrapper:🔧 Gripper variation: Compression disabled (mean: 0.3212, max: 0.9036)
INFO:b1k.shared.eval_b1k_wrapper:🔧 Gripper variation: Compression disabled (mean: 1.0509, max: 0.3518)
INFO:b1k.shared.eval_b1k_wrapper:📊 Step 19700 | Task: 27 | Stage: 2/14 | Predictions: 985
INFO:b1k.shared.eval_b1k_wrapper:🔧 Gripper variation: Compression disabled (mean: 0.6415, max: 0.6796)
INFO:b1k.shared.eval_b1k_wrapper:🔧 Gripper variation: Compression disabled (mean: 0.8322, max: 0.7201)
INFO:b1k.shared.eval_b1k_wrapper:🔧 Gripper variation: Compression disabled (mean: 0.3822, max: 1.0452)
INFO:b1k.shared.eval_b1k_wrapper:🔧 Gripper variation: Compression disabled (mean: 0.9278, max: 1.0432)
INFO:b1k.shared.eval_b1k_wrapper:🔧 Gripper variation: Compression disabled (mean: 2.0369, max: 0.9170)
INFO:b1k.shared.eval_b1k_wrapper:🎯 Prediction #990 | Actions: uncompressed (20) | Inpainting: True
INFO:b1k.shared.eval_b1k_wrapper:📊 Step 19800 | Task: 27 | Stage: 2/14 | Predictions: 990
INFO:b1k.shared.eval_b1k_wrapper:🔧 Gripper variation: Compression disabled (mean: 0.3479, max: 0.4016)
INFO:b1k.shared.eval_b1k_wrapper:🔧 Gripper variation: Compression disabled (mean: 0.6647, max: 0.9003)
INFO:b1k.shared.eval_b1k_wrapper:🔧 Gripper variation: Compression disabled (mean: 1.0735, max: 0.4040)
INFO:b1k.shared.eval_b1k_wrapper:🔧 Gripper variation: Compression disabled (mean: 0.1406, max: 0.4081)
INFO:b1k.shared.eval_b1k_wrapper:🔧 Gripper variation: Compression disabled (mean: 0.2089, max: 0.2500)
INFO:b1k.shared.eval_b1k_wrapper:📊 Step 19900 | Task: 27 | Stage: 2/14 | Predictions: 995
INFO:b1k.shared.eval_b1k_wrapper:🔧 Gripper variation: Compression disabled (mean: 0.7305, max: 0.4703)
INFO:b1k.shared.eval_b1k_wrapper:🔧 Gripper variation: Compression disabled (mean: 0.4815, max: 0.9355)
INFO:b1k.shared.eval_b1k_wrapper:🔧 Gripper variation: Compression disabled (mean: 0.1595, max: 0.3314)
INFO:b1k.shared.eval_b1k_wrapper:🔧 Gripper variation: Compression disabled (mean: 1.7388, max: 0.9188)
INFO:b1k.shared.correction_rules:🔧 GENERAL GRIPPER CORRECTION: Task 27, Stage 2
INFO:b1k.shared.correction_rules:   Left gripper closed (-0.9878) → Opening to 1.0
INFO:b1k.shared.eval_b1k_wrapper:🔧 Correction rule: Actions modified (max diff: 2.0677, task 27, stage 2)
INFO:b1k.shared.eval_b1k_wrapper:🎯 Prediction #1000 | Actions: compressed 26→20 | Inpainting: True
INFO:b1k.shared.eval_b1k_wrapper:📊 Step 20000 | Task: 27 | Stage: 2/14 | Predictions: 1000
INFO:b1k.shared.eval_b1k_wrapper:🔧 Gripper variation: Compression disabled (mean: 1.4435, max: 1.5435)
INFO:b1k.shared.eval_b1k_wrapper:🔧 Gripper variation: Compression disabled (mean: 1.2635, max: 1.6910)
INFO:b1k.shared.eval_b1k_wrapper:🔧 Gripper variation: Compression disabled (mean: 0.9195, max: 1.3180)
INFO:b1k.shared.eval_b1k_wrapper:🔧 Gripper variation: Compression disabled (mean: 0.6356, max: 0.3096)
INFO:b1k.shared.correction_rules:🔧 GENERAL GRIPPER CORRECTION: Task 27, Stage 2
INFO:b1k.shared.correction_rules:   Left gripper closed (-0.9809) → Opening to 1.0
INFO:b1k.shared.eval_b1k_wrapper:🔧 Correction rule: Actions modified (max diff: 2.0422, task 27, stage 2)
INFO:b1k.shared.eval_b1k_wrapper:📊 Step 20100 | Task: 27 | Stage: 2/14 | Predictions: 1005
INFO:b1k.shared.eval_b1k_wrapper:🔧 Gripper variation: Compression disabled (mean: 0.4936, max: 0.3859)
INFO:b1k.shared.eval_b1k_wrapper:🔧 Gripper variation: Compression disabled (mean: 0.7154, max: 0.6151)
INFO:b1k.shared.eval_b1k_wrapper:🔧 Gripper variation: Compression disabled (mean: 0.4001, max: 0.6704)
INFO:b1k.shared.eval_b1k_wrapper:🔧 Gripper variation: Compression disabled (mean: 0.3371, max: 0.6113)
INFO:b1k.shared.eval_b1k_wrapper:🔧 Gripper variation: Compression disabled (mean: 0.3184, max: 1.0286)
INFO:b1k.shared.eval_b1k_wrapper:🎯 Prediction #1010 | Actions: uncompressed (20) | Inpainting: True
INFO:b1k.shared.eval_b1k_wrapper:📊 Step 20200 | Task: 27 | Stage: 2/14 | Predictions: 1010
INFO:b1k.shared.eval_b1k_wrapper:🔧 Gripper variation: Compression disabled (mean: 0.7003, max: 1.3346)
INFO:b1k.shared.eval_b1k_wrapper:🔧 Gripper variation: Compression disabled (mean: 0.4237, max: 0.9470)
INFO:b1k.shared.eval_b1k_wrapper:🔧 Gripper variation: Compression disabled (mean: 0.2994, max: 0.8228)
INFO:b1k.shared.eval_b1k_wrapper:🔧 Gripper variation: Compression disabled (mean: 0.4042, max: 0.5123)
INFO:b1k.shared.eval_b1k_wrapper:🔧 Gripper variation: Compression disabled (mean: 0.3895, max: 0.5923)
INFO:b1k.shared.eval_b1k_wrapper:📊 Step 20300 | Task: 27 | Stage: 2/14 | Predictions: 1015
INFO:b1k.shared.eval_b1k_wrapper:🔧 Gripper variation: Compression disabled (mean: 0.7336, max: 0.7030)
INFO:b1k.shared.eval_b1k_wrapper:🔧 Gripper variation: Compression disabled (mean: 0.3004, max: 0.7659)
INFO:b1k.shared.eval_b1k_wrapper:🔧 Gripper variation: Compression disabled (mean: 0.5325, max: 1.0435)
INFO:b1k.shared.eval_b1k_wrapper:🔧 Gripper variation: Compression disabled (mean: 0.4409, max: 1.1080)
INFO:b1k.shared.eval_b1k_wrapper:🔧 Gripper variation: Compression disabled (mean: 0.5193, max: 1.1971)
INFO:b1k.shared.eval_b1k_wrapper:🎯 Prediction #1020 | Actions: uncompressed (20) | Inpainting: True
INFO:b1k.shared.eval_b1k_wrapper:📊 Step 20400 | Task: 27 | Stage: 2/14 | Predictions: 1020
INFO:b1k.shared.eval_b1k_wrapper:🔧 Gripper variation: Compression disabled (mean: 0.1100, max: 0.8246)
INFO:b1k.shared.eval_b1k_wrapper:🔧 Gripper variation: Compression disabled (mean: 0.3728, max: 1.2794)
INFO:b1k.shared.eval_b1k_wrapper:🔧 Gripper variation: Compression disabled (mean: 0.5103, max: 0.9753)
INFO:b1k.shared.eval_b1k_wrapper:🔧 Gripper variation: Compression disabled (mean: 0.6231, max: 0.5935)
INFO:b1k.shared.eval_b1k_wrapper:🔧 Gripper variation: Compression disabled (mean: 0.4655, max: 0.9581)
INFO:b1k.shared.eval_b1k_wrapper:📊 Step 20500 | Task: 27 | Stage: 2/14 | Predictions: 1025
INFO:b1k.shared.eval_b1k_wrapper:🔧 Gripper variation: Compression disabled (mean: 0.2527, max: 0.2193)
INFO:b1k.shared.eval_b1k_wrapper:🔧 Gripper variation: Compression disabled (mean: 0.6511, max: 0.5388)
INFO:b1k.shared.eval_b1k_wrapper:🔧 Gripper variation: Compression disabled (mean: 0.5860, max: 0.6799)
INFO:b1k.shared.eval_b1k_wrapper:🔧 Gripper variation: Compression disabled (mean: 0.5201, max: 0.5516)
INFO:b1k.shared.eval_b1k_wrapper:🔧 Gripper variation: Compression disabled (mean: 0.6203, max: 0.6387)
INFO:b1k.shared.eval_b1k_wrapper:🎯 Prediction #1030 | Actions: uncompressed (20) | Inpainting: True
INFO:b1k.shared.eval_b1k_wrapper:📊 Step 20600 | Task: 27 | Stage: 2/14 | Predictions: 1030
INFO:b1k.shared.eval_b1k_wrapper:🔧 Gripper variation: Compression disabled (mean: 0.6918, max: 0.7736)
INFO:b1k.shared.eval_b1k_wrapper:🔧 Gripper variation: Compression disabled (mean: 0.5234, max: 0.8202)
INFO:b1k.shared.eval_b1k_wrapper:🔧 Gripper variation: Compression disabled (mean: 0.7198, max: 1.1089)
INFO:b1k.shared.eval_b1k_wrapper:🔧 Gripper variation: Compression disabled (mean: 0.6312, max: 1.0066)
INFO:b1k.shared.eval_b1k_wrapper:🔧 Gripper variation: Compression disabled (mean: 0.6412, max: 1.2475)
INFO:b1k.shared.eval_b1k_wrapper:📊 Step 20700 | Task: 27 | Stage: 2/14 | Predictions: 1035
INFO:b1k.shared.eval_b1k_wrapper:🔧 Gripper variation: Compression disabled (mean: 0.5960, max: 1.0834)
INFO:b1k.shared.eval_b1k_wrapper:🔧 Gripper variation: Compression disabled (mean: 0.3845, max: 0.7564)
INFO:b1k.shared.eval_b1k_wrapper:🔧 Gripper variation: Compression disabled (mean: 0.2926, max: 0.8427)
INFO:b1k.shared.eval_b1k_wrapper:🔧 Gripper variation: Compression disabled (mean: 0.4491, max: 0.7326)
INFO:b1k.shared.eval_b1k_wrapper:🔧 Gripper variation: Compression disabled (mean: 0.3508, max: 1.1185)
INFO:b1k.shared.eval_b1k_wrapper:🎯 Prediction #1040 | Actions: uncompressed (20) | Inpainting: True
INFO:b1k.shared.eval_b1k_wrapper:📊 Step 20800 | Task: 27 | Stage: 2/14 | Predictions: 1040
INFO:b1k.shared.eval_b1k_wrapper:🔧 Gripper variation: Compression disabled (mean: 0.7048, max: 1.1162)
INFO:b1k.shared.eval_b1k_wrapper:🔧 Gripper variation: Compression disabled (mean: 0.8219, max: 1.4058)
INFO:b1k.shared.eval_b1k_wrapper:🔧 Gripper variation: Compression disabled (mean: 0.4349, max: 1.1785)
INFO:b1k.shared.eval_b1k_wrapper:🔧 Gripper variation: Compression disabled (mean: 0.9321, max: 0.7862)
INFO:b1k.shared.eval_b1k_wrapper:🔧 Gripper variation: Compression disabled (mean: 0.4919, max: 0.8949)
INFO:b1k.shared.eval_b1k_wrapper:📊 Step 20900 | Task: 27 | Stage: 2/14 | Predictions: 1045
INFO:b1k.shared.eval_b1k_wrapper:🔧 Gripper variation: Compression disabled (mean: 0.3436, max: 1.0695)
INFO:b1k.shared.eval_b1k_wrapper:🔧 Gripper variation: Compression disabled (mean: 0.5041, max: 0.7360)
INFO:b1k.shared.eval_b1k_wrapper:🔧 Gripper variation: Compression disabled (mean: 0.4121, max: 0.8970)
INFO:b1k.shared.eval_b1k_wrapper:🔧 Gripper variation: Compression disabled (mean: 0.6419, max: 0.6024)
INFO:b1k.shared.eval_b1k_wrapper:🎯 Prediction #1050 | Actions: uncompressed (20) | Inpainting: True
INFO:b1k.shared.eval_b1k_wrapper:📊 Step 21000 | Task: 27 | Stage: 2/14 | Predictions: 1050
INFO:b1k.shared.eval_b1k_wrapper:🔧 Gripper variation: Compression disabled (mean: 0.3102, max: 0.6616)
INFO:b1k.shared.eval_b1k_wrapper:🔧 Gripper variation: Compression disabled (mean: 0.2731, max: 0.7610)
INFO:b1k.shared.eval_b1k_wrapper:🔧 Gripper variation: Compression disabled (mean: 0.1406, max: 0.3569)
INFO:b1k.shared.eval_b1k_wrapper:🔧 Gripper variation: Compression disabled (mean: 0.4208, max: 0.9528)
INFO:b1k.shared.eval_b1k_wrapper:⬅️  Stage went back: 2 → 1 (task 27, step 21060)
INFO:b1k.shared.eval_b1k_wrapper:🔧 Gripper variation: Compression disabled (mean: 0.2962, max: 0.8437)
INFO:b1k.shared.eval_b1k_wrapper:📊 Step 21100 | Task: 27 | Stage: 1/14 | Predictions: 1055
INFO:b1k.shared.eval_b1k_wrapper:🔧 Gripper variation: Compression disabled (mean: 0.2489, max: 1.0438)
INFO:b1k.shared.eval_b1k_wrapper:🔧 Gripper variation: Compression disabled (mean: 0.3203, max: 0.7587)
INFO:b1k.shared.eval_b1k_wrapper:⬆️  Stage advanced: 1 → 2 (task 27, step 21120)
INFO:b1k.shared.eval_b1k_wrapper:🔧 Gripper variation: Compression disabled (mean: 0.3068, max: 1.3817)
INFO:b1k.shared.eval_b1k_wrapper:🔧 Gripper variation: Compression disabled (mean: 0.8155, max: 0.9006)
INFO:b1k.shared.eval_b1k_wrapper:🔧 Gripper variation: Compression disabled (mean: 0.8797, max: 0.8165)
INFO:b1k.shared.eval_b1k_wrapper:🎯 Prediction #1060 | Actions: uncompressed (20) | Inpainting: True
INFO:b1k.shared.eval_b1k_wrapper:📊 Step 21200 | Task: 27 | Stage: 2/14 | Predictions: 1060
INFO:b1k.shared.eval_b1k_wrapper:🔧 Gripper variation: Compression disabled (mean: 0.7835, max: 1.2503)
INFO:b1k.shared.eval_b1k_wrapper:🔧 Gripper variation: Compression disabled (mean: 0.2806, max: 0.1183)
INFO:b1k.shared.eval_b1k_wrapper:📊 Step 21300 | Task: 27 | Stage: 2/14 | Predictions: 1065
INFO:b1k.shared.eval_b1k_wrapper:🔧 Gripper variation: Compression disabled (mean: 0.9930, max: 1.2738)
INFO:b1k.shared.eval_b1k_wrapper:🔧 Gripper variation: Compression disabled (mean: 0.2801, max: 0.7910)
INFO:b1k.shared.eval_b1k_wrapper:🔧 Gripper variation: Compression disabled (mean: 0.7382, max: 0.7695)
INFO:b1k.shared.eval_b1k_wrapper:🔧 Gripper variation: Compression disabled (mean: 0.3779, max: 0.3149)
INFO:b1k.shared.eval_b1k_wrapper:🔧 Gripper variation: Compression disabled (mean: 0.5994, max: 0.4652)
INFO:b1k.shared.eval_b1k_wrapper:🎯 Prediction #1070 | Actions: uncompressed (20) | Inpainting: True
INFO:b1k.shared.eval_b1k_wrapper:📊 Step 21400 | Task: 27 | Stage: 2/14 | Predictions: 1070
INFO:b1k.shared.eval_b1k_wrapper:🔧 Gripper variation: Compression disabled (mean: 0.3958, max: 0.5949)
INFO:b1k.shared.eval_b1k_wrapper:🔧 Gripper variation: Compression disabled (mean: 0.5947, max: 0.5745)
INFO:b1k.shared.eval_b1k_wrapper:🔧 Gripper variation: Compression disabled (mean: 1.2148, max: 1.0568)
INFO:b1k.shared.eval_b1k_wrapper:🔧 Gripper variation: Compression disabled (mean: 0.8211, max: 0.4674)
INFO:b1k.shared.eval_b1k_wrapper:📊 Step 21500 | Task: 27 | Stage: 2/14 | Predictions: 1075
INFO:b1k.shared.eval_b1k_wrapper:🔧 Gripper variation: Compression disabled (mean: 0.9517, max: 0.6171)
INFO:b1k.shared.eval_b1k_wrapper:🔧 Gripper variation: Compression disabled (mean: 0.2825, max: 0.2023)
INFO:b1k.shared.eval_b1k_wrapper:🔧 Gripper variation: Compression disabled (mean: 0.3259, max: 0.6375)
INFO:b1k.shared.eval_b1k_wrapper:🔧 Gripper variation: Compression disabled (mean: 1.1210, max: 0.6175)
INFO:b1k.shared.eval_b1k_wrapper:🔧 Gripper variation: Compression disabled (mean: 0.7429, max: 0.9097)
INFO:b1k.shared.eval_b1k_wrapper:🎯 Prediction #1080 | Actions: uncompressed (20) | Inpainting: True
INFO:b1k.shared.eval_b1k_wrapper:📊 Step 21600 | Task: 27 | Stage: 2/14 | Predictions: 1080
INFO:b1k.shared.eval_b1k_wrapper:🔧 Gripper variation: Compression disabled (mean: 1.3676, max: 1.1457)
INFO:b1k.shared.eval_b1k_wrapper:🔧 Gripper variation: Compression disabled (mean: 0.4648, max: 0.4529)
INFO:b1k.shared.eval_b1k_wrapper:🔧 Gripper variation: Compression disabled (mean: 0.3374, max: 0.4265)
INFO:b1k.shared.eval_b1k_wrapper:🔧 Gripper variation: Compression disabled (mean: 0.6768, max: 0.4055)
INFO:b1k.shared.eval_b1k_wrapper:🔧 Gripper variation: Compression disabled (mean: 0.7330, max: 0.6707)
INFO:b1k.shared.eval_b1k_wrapper:📊 Step 21700 | Task: 27 | Stage: 2/14 | Predictions: 1085
INFO:b1k.shared.eval_b1k_wrapper:🔧 Gripper variation: Compression disabled (mean: 0.3087, max: 0.7681)
INFO:b1k.shared.eval_b1k_wrapper:🔧 Gripper variation: Compression disabled (mean: 1.0232, max: 1.1918)
INFO:b1k.shared.eval_b1k_wrapper:🔧 Gripper variation: Compression disabled (mean: 0.5360, max: 0.5692)
INFO:b1k.shared.eval_b1k_wrapper:🔧 Gripper variation: Compression disabled (mean: 1.4626, max: 1.1737)
INFO:b1k.shared.eval_b1k_wrapper:🔧 Gripper variation: Compression disabled (mean: 0.4969, max: 0.6238)
INFO:b1k.shared.eval_b1k_wrapper:🎯 Prediction #1090 | Actions: uncompressed (20) | Inpainting: True
INFO:b1k.shared.eval_b1k_wrapper:📊 Step 21800 | Task: 27 | Stage: 2/14 | Predictions: 1090
INFO:b1k.shared.eval_b1k_wrapper:🔧 Gripper variation: Compression disabled (mean: 0.2856, max: 1.0994)
INFO:b1k.shared.eval_b1k_wrapper:🔧 Gripper variation: Compression disabled (mean: 0.1455, max: 0.3638)
INFO:b1k.shared.eval_b1k_wrapper:🔧 Gripper variation: Compression disabled (mean: 0.4573, max: 0.9115)
INFO:b1k.shared.eval_b1k_wrapper:🔧 Gripper variation: Compression disabled (mean: 0.0740, max: 0.4036)
INFO:b1k.shared.eval_b1k_wrapper:🔧 Gripper variation: Compression disabled (mean: 0.5119, max: 0.8853)
INFO:b1k.shared.eval_b1k_wrapper:📊 Step 21900 | Task: 27 | Stage: 2/14 | Predictions: 1095
INFO:b1k.shared.eval_b1k_wrapper:🔧 Gripper variation: Compression disabled (mean: 0.9662, max: 0.4906)
INFO:b1k.shared.eval_b1k_wrapper:🔧 Gripper variation: Compression disabled (mean: 0.3282, max: 0.4876)
INFO:b1k.shared.eval_b1k_wrapper:🔧 Gripper variation: Compression disabled (mean: 0.4811, max: 0.6871)
INFO:b1k.shared.eval_b1k_wrapper:🔧 Gripper variation: Compression disabled (mean: 0.3155, max: 0.7585)
INFO:b1k.shared.eval_b1k_wrapper:🔧 Gripper variation: Compression disabled (mean: 0.3412, max: 0.8279)
INFO:b1k.shared.eval_b1k_wrapper:🎯 Prediction #1100 | Actions: uncompressed (20) | Inpainting: True
INFO:b1k.shared.eval_b1k_wrapper:📊 Step 22000 | Task: 27 | Stage: 2/14 | Predictions: 1100
INFO:b1k.shared.eval_b1k_wrapper:🔧 Gripper variation: Compression disabled (mean: 0.2740, max: 0.9951)
INFO:b1k.shared.eval_b1k_wrapper:🔧 Gripper variation: Compression disabled (mean: 0.3647, max: 0.7180)
INFO:b1k.shared.eval_b1k_wrapper:🔧 Gripper variation: Compression disabled (mean: 0.3935, max: 1.1038)
INFO:b1k.shared.eval_b1k_wrapper:🔧 Gripper variation: Compression disabled (mean: 0.2964, max: 0.3719)
INFO:b1k.shared.eval_b1k_wrapper:🔧 Gripper variation: Compression disabled (mean: 0.4491, max: 0.5610)
INFO:b1k.shared.eval_b1k_wrapper:📊 Step 22100 | Task: 27 | Stage: 2/14 | Predictions: 1105
INFO:b1k.shared.eval_b1k_wrapper:🔧 Gripper variation: Compression disabled (mean: 0.3707, max: 0.3900)
INFO:b1k.shared.eval_b1k_wrapper:🔧 Gripper variation: Compression disabled (mean: 0.5464, max: 0.5677)
INFO:b1k.shared.eval_b1k_wrapper:🔧 Gripper variation: Compression disabled (mean: 0.1356, max: 0.7633)
INFO:b1k.shared.eval_b1k_wrapper:🔧 Gripper variation: Compression disabled (mean: 0.2346, max: 0.6603)
INFO:b1k.shared.eval_b1k_wrapper:🔧 Gripper variation: Compression disabled (mean: 0.5599, max: 0.8446)
INFO:b1k.shared.eval_b1k_wrapper:🎯 Prediction #1110 | Actions: uncompressed (20) | Inpainting: True
INFO:b1k.shared.eval_b1k_wrapper:📊 Step 22200 | Task: 27 | Stage: 2/14 | Predictions: 1110
INFO:b1k.shared.eval_b1k_wrapper:🔧 Gripper variation: Compression disabled (mean: 0.3900, max: 0.5343)
INFO:b1k.shared.eval_b1k_wrapper:🔧 Gripper variation: Compression disabled (mean: 0.4443, max: 0.3650)
INFO:b1k.shared.eval_b1k_wrapper:🔧 Gripper variation: Compression disabled (mean: 0.9624, max: 0.6933)
INFO:b1k.shared.eval_b1k_wrapper:🔧 Gripper variation: Compression disabled (mean: 0.3395, max: 0.6247)
INFO:b1k.shared.eval_b1k_wrapper:🔧 Gripper variation: Compression disabled (mean: 0.8405, max: 1.1661)
INFO:b1k.shared.eval_b1k_wrapper:📊 Step 22300 | Task: 27 | Stage: 2/14 | Predictions: 1115
INFO:b1k.shared.eval_b1k_wrapper:🔧 Gripper variation: Compression disabled (mean: 0.4452, max: 1.5313)
INFO:b1k.shared.eval_b1k_wrapper:🔧 Gripper variation: Compression disabled (mean: 0.6152, max: 1.0942)
INFO:b1k.shared.eval_b1k_wrapper:🔧 Gripper variation: Compression disabled (mean: 0.7190, max: 0.8011)
INFO:b1k.shared.eval_b1k_wrapper:🔧 Gripper variation: Compression disabled (mean: 0.5669, max: 0.7561)
INFO:b1k.shared.eval_b1k_wrapper:🔧 Gripper variation: Compression disabled (mean: 0.4323, max: 0.8139)
INFO:b1k.shared.eval_b1k_wrapper:🎯 Prediction #1120 | Actions: uncompressed (20) | Inpainting: True
INFO:b1k.shared.eval_b1k_wrapper:📊 Step 22400 | Task: 27 | Stage: 2/14 | Predictions: 1120
INFO:b1k.shared.eval_b1k_wrapper:🔧 Gripper variation: Compression disabled (mean: 0.5581, max: 0.3997)
INFO:b1k.shared.eval_b1k_wrapper:🔧 Gripper variation: Compression disabled (mean: 0.7986, max: 1.1094)
INFO:b1k.shared.eval_b1k_wrapper:🔧 Gripper variation: Compression disabled (mean: 0.2682, max: 1.2260)
INFO:b1k.shared.eval_b1k_wrapper:📊 Step 22500 | Task: 27 | Stage: 2/14 | Predictions: 1125
INFO:b1k.shared.eval_b1k_wrapper:🔧 Gripper variation: Compression disabled (mean: 0.4573, max: 0.8267)
INFO:b1k.shared.eval_b1k_wrapper:🔧 Gripper variation: Compression disabled (mean: 0.9368, max: 0.5951)
INFO:b1k.shared.eval_b1k_wrapper:🔧 Gripper variation: Compression disabled (mean: 0.7891, max: 0.8178)
INFO:b1k.shared.eval_b1k_wrapper:🔧 Gripper variation: Compression disabled (mean: 0.5798, max: 1.1714)
INFO:b1k.shared.eval_b1k_wrapper:🔧 Gripper variation: Compression disabled (mean: 0.4969, max: 0.9077)
INFO:b1k.shared.eval_b1k_wrapper:🎯 Prediction #1130 | Actions: uncompressed (20) | Inpainting: True
INFO:b1k.shared.eval_b1k_wrapper:📊 Step 22600 | Task: 27 | Stage: 2/14 | Predictions: 1130
INFO:b1k.shared.eval_b1k_wrapper:🔧 Gripper variation: Compression disabled (mean: 0.3476, max: 0.7908)
INFO:b1k.shared.eval_b1k_wrapper:🔧 Gripper variation: Compression disabled (mean: 0.4992, max: 0.7970)
INFO:b1k.shared.eval_b1k_wrapper:🔧 Gripper variation: Compression disabled (mean: 0.3650, max: 1.3292)
INFO:b1k.shared.eval_b1k_wrapper:🔧 Gripper variation: Compression disabled (mean: 0.2371, max: 1.2987)
INFO:b1k.shared.eval_b1k_wrapper:📊 Step 22700 | Task: 27 | Stage: 2/14 | Predictions: 1135
INFO:b1k.shared.eval_b1k_wrapper:🔧 Gripper variation: Compression disabled (mean: 0.5341, max: 0.3638)
INFO:b1k.shared.eval_b1k_wrapper:🔧 Gripper variation: Compression disabled (mean: 0.4784, max: 1.0492)
INFO:b1k.shared.eval_b1k_wrapper:🔧 Gripper variation: Compression disabled (mean: 0.4241, max: 0.8368)
INFO:b1k.shared.eval_b1k_wrapper:🔧 Gripper variation: Compression disabled (mean: 0.7318, max: 0.9180)
INFO:b1k.shared.eval_b1k_wrapper:🔧 Gripper variation: Compression disabled (mean: 0.1361, max: 0.3141)
INFO:b1k.shared.eval_b1k_wrapper:🎯 Prediction #1140 | Actions: uncompressed (20) | Inpainting: True
INFO:b1k.shared.eval_b1k_wrapper:📊 Step 22800 | Task: 27 | Stage: 2/14 | Predictions: 1140
INFO:b1k.shared.eval_b1k_wrapper:🔧 Gripper variation: Compression disabled (mean: 0.4981, max: 0.6216)
INFO:b1k.shared.eval_b1k_wrapper:🔧 Gripper variation: Compression disabled (mean: 0.4675, max: 0.3768)
INFO:b1k.shared.eval_b1k_wrapper:🔧 Gripper variation: Compression disabled (mean: 0.5527, max: 0.3698)
INFO:b1k.shared.eval_b1k_wrapper:🔧 Gripper variation: Compression disabled (mean: 0.2222, max: 1.4115)
INFO:b1k.shared.eval_b1k_wrapper:🔧 Gripper variation: Compression disabled (mean: 0.6412, max: 0.6161)
INFO:b1k.shared.eval_b1k_wrapper:📊 Step 22900 | Task: 27 | Stage: 2/14 | Predictions: 1145
INFO:b1k.shared.eval_b1k_wrapper:🔧 Gripper variation: Compression disabled (mean: 0.7885, max: 0.4291)
INFO:b1k.shared.eval_b1k_wrapper:🔧 Gripper variation: Compression disabled (mean: 1.1719, max: 0.7129)
INFO:b1k.shared.eval_b1k_wrapper:🔧 Gripper variation: Compression disabled (mean: 0.1645, max: 0.2119)
INFO:b1k.shared.eval_b1k_wrapper:🔧 Gripper variation: Compression disabled (mean: 0.4528, max: 0.1187)
INFO:b1k.shared.eval_b1k_wrapper:🔧 Gripper variation: Compression disabled (mean: 0.6098, max: 1.4168)
INFO:b1k.shared.eval_b1k_wrapper:🎯 Prediction #1150 | Actions: uncompressed (20) | Inpainting: True
INFO:b1k.shared.eval_b1k_wrapper:📊 Step 23000 | Task: 27 | Stage: 2/14 | Predictions: 1150
INFO:b1k.shared.eval_b1k_wrapper:🔧 Gripper variation: Compression disabled (mean: 0.2608, max: 1.2045)
INFO:b1k.shared.eval_b1k_wrapper:🔧 Gripper variation: Compression disabled (mean: 0.4706, max: 1.0942)
INFO:b1k.shared.eval_b1k_wrapper:🔧 Gripper variation: Compression disabled (mean: 0.3993, max: 0.4618)
INFO:b1k.shared.eval_b1k_wrapper:🔧 Gripper variation: Compression disabled (mean: 0.5358, max: 1.0271)
INFO:b1k.shared.eval_b1k_wrapper:🔧 Gripper variation: Compression disabled (mean: 0.5967, max: 1.1124)
INFO:b1k.shared.eval_b1k_wrapper:📊 Step 23100 | Task: 27 | Stage: 2/14 | Predictions: 1155
INFO:b1k.shared.eval_b1k_wrapper:🔧 Gripper variation: Compression disabled (mean: 0.4668, max: 1.1523)
INFO:b1k.shared.eval_b1k_wrapper:🔧 Gripper variation: Compression disabled (mean: 0.4549, max: 0.2683)
INFO:b1k.shared.eval_b1k_wrapper:🔧 Gripper variation: Compression disabled (mean: 0.8366, max: 0.8385)
INFO:b1k.shared.eval_b1k_wrapper:🔧 Gripper variation: Compression disabled (mean: 0.8227, max: 1.2653)
INFO:b1k.shared.eval_b1k_wrapper:🔧 Gripper variation: Compression disabled (mean: 0.8945, max: 1.2413)
INFO:b1k.shared.eval_b1k_wrapper:🎯 Prediction #1160 | Actions: uncompressed (20) | Inpainting: True
INFO:b1k.shared.eval_b1k_wrapper:📊 Step 23200 | Task: 27 | Stage: 2/14 | Predictions: 1160
INFO:b1k.shared.eval_b1k_wrapper:🔧 Gripper variation: Compression disabled (mean: 0.6330, max: 1.1014)
INFO:b1k.shared.eval_b1k_wrapper:🔧 Gripper variation: Compression disabled (mean: 0.8275, max: 1.5250)
INFO:b1k.shared.eval_b1k_wrapper:🔧 Gripper variation: Compression disabled (mean: 0.5658, max: 0.2464)
INFO:b1k.shared.eval_b1k_wrapper:🔧 Gripper variation: Compression disabled (mean: 0.7111, max: 1.2284)
INFO:b1k.shared.eval_b1k_wrapper:📊 Step 23300 | Task: 27 | Stage: 2/14 | Predictions: 1165
INFO:b1k.shared.eval_b1k_wrapper:🔧 Gripper variation: Compression disabled (mean: 0.8805, max: 1.3545)
INFO:b1k.shared.eval_b1k_wrapper:🔧 Gripper variation: Compression disabled (mean: 0.6198, max: 0.7236)
INFO:b1k.shared.eval_b1k_wrapper:🔧 Gripper variation: Compression disabled (mean: 1.6328, max: 1.2532)
INFO:b1k.shared.correction_rules:🔧 GENERAL GRIPPER CORRECTION: Task 27, Stage 2
INFO:b1k.shared.correction_rules:   Left gripper closed (-0.9832) → Opening to 1.0
INFO:b1k.shared.eval_b1k_wrapper:🔧 Correction rule: Actions modified (max diff: 1.9900, task 27, stage 2)
INFO:b1k.shared.eval_b1k_wrapper:🔧 Gripper variation: Compression disabled (mean: 2.2885, max: 1.4825)
INFO:b1k.shared.eval_b1k_wrapper:🎯 Prediction #1170 | Actions: uncompressed (20) | Inpainting: True
INFO:b1k.shared.eval_b1k_wrapper:📊 Step 23400 | Task: 27 | Stage: 2/14 | Predictions: 1170
INFO:b1k.shared.eval_b1k_wrapper:🔧 Gripper variation: Compression disabled (mean: 0.2291, max: 0.2487)
INFO:b1k.shared.correction_rules:🔧 GENERAL GRIPPER CORRECTION: Task 27, Stage 2
INFO:b1k.shared.correction_rules:   Left gripper closed (-0.9879) → Opening to 1.0
INFO:b1k.shared.eval_b1k_wrapper:🔧 Correction rule: Actions modified (max diff: 2.0453, task 27, stage 2)
INFO:b1k.shared.eval_b1k_wrapper:🔧 Gripper variation: Compression disabled (mean: 0.7377, max: 1.5936)
INFO:b1k.shared.eval_b1k_wrapper:🔧 Gripper variation: Compression disabled (mean: 0.6499, max: 2.1428)
INFO:b1k.shared.correction_rules:🔧 GENERAL GRIPPER CORRECTION: Task 27, Stage 2
INFO:b1k.shared.correction_rules:   Right gripper closed (-1.0000) → Opening to 1.0
INFO:b1k.shared.eval_b1k_wrapper:🔧 Correction rule: Actions modified (max diff: 2.0158, task 27, stage 2)
INFO:b1k.shared.eval_b1k_wrapper:📊 Step 23500 | Task: 27 | Stage: 2/14 | Predictions: 1175
INFO:b1k.shared.eval_b1k_wrapper:🔧 Gripper variation: Compression disabled (mean: 1.3229, max: 0.3985)
INFO:b1k.shared.eval_b1k_wrapper:🔧 Gripper variation: Compression disabled (mean: 1.7598, max: 1.6915)
INFO:b1k.shared.correction_rules:🔧 GENERAL GRIPPER CORRECTION: Task 27, Stage 2
INFO:b1k.shared.correction_rules:   Right gripper closed (-0.9999) → Opening to 1.0
INFO:b1k.shared.eval_b1k_wrapper:🔧 Correction rule: Actions modified (max diff: 2.0270, task 27, stage 2)
INFO:b1k.shared.eval_b1k_wrapper:🔧 Gripper variation: Compression disabled (mean: 1.0633, max: 0.4536)
INFO:b1k.shared.eval_b1k_wrapper:🔧 Gripper variation: Compression disabled (mean: 0.0295, max: 0.8455)
INFO:b1k.shared.eval_b1k_wrapper:🎯 Prediction #1180 | Actions: uncompressed (20) | Inpainting: True
INFO:b1k.shared.eval_b1k_wrapper:📊 Step 23600 | Task: 27 | Stage: 2/14 | Predictions: 1180
INFO:b1k.shared.eval_b1k_wrapper:🔧 Gripper variation: Compression disabled (mean: 0.4462, max: 0.4795)
INFO:b1k.shared.eval_b1k_wrapper:🔧 Gripper variation: Compression disabled (mean: 0.3278, max: 2.0176)
INFO:b1k.shared.eval_b1k_wrapper:🔧 Gripper variation: Compression disabled (mean: 0.6355, max: 1.4330)
INFO:b1k.shared.eval_b1k_wrapper:⬅️  Stage went back: 2 → 1 (task 27, step 23660)
INFO:b1k.shared.eval_b1k_wrapper:🔧 Gripper variation: Compression disabled (mean: 0.3798, max: 0.6436)
INFO:b1k.shared.eval_b1k_wrapper:📊 Step 23700 | Task: 27 | Stage: 1/14 | Predictions: 1185
INFO:b1k.shared.correction_rules:🔧 GENERAL GRIPPER CORRECTION: Task 27, Stage 1
INFO:b1k.shared.correction_rules:   Right gripper closed (-0.9999) → Opening to 1.0
INFO:b1k.shared.eval_b1k_wrapper:🔧 Correction rule: Actions modified (max diff: 2.7434, task 27, stage 1)
INFO:websockets.server:connection closed
INFO:omnigibson.learning.utils.network_utils:Connection from ('127.0.0.1', 58196) closed
INFO:websockets.server:HTTP response sent (200 OK)
INFO:websockets.server:connection closed
INFO:websockets.server:connection open
INFO:omnigibson.learning.utils.network_utils:Connection from ('127.0.0.1', 47992) opened
INFO:b1k.shared.eval_b1k_wrapper:Policy reset - Task ID: 27, Action horizon: 30
INFO:b1k.shared.eval_b1k_wrapper:📊 Step 100 | Task: 27 | Stage: 0/14 | Predictions: 5
INFO:b1k.shared.eval_b1k_wrapper:🎯 Prediction #10 | Actions: compressed 26→20 | Inpainting: True
INFO:b1k.shared.eval_b1k_wrapper:📊 Step 200 | Task: 27 | Stage: 0/14 | Predictions: 10
INFO:b1k.shared.eval_b1k_wrapper:⬆️  Stage advanced: 0 → 1 (task 27, step 260)
INFO:b1k.shared.eval_b1k_wrapper:📊 Step 300 | Task: 27 | Stage: 1/14 | Predictions: 15
INFO:b1k.shared.eval_b1k_wrapper:🎯 Prediction #20 | Actions: compressed 26→20 | Inpainting: True
INFO:b1k.shared.eval_b1k_wrapper:📊 Step 400 | Task: 27 | Stage: 1/14 | Predictions: 20
INFO:b1k.shared.eval_b1k_wrapper:📊 Step 500 | Task: 27 | Stage: 1/14 | Predictions: 25
INFO:b1k.shared.eval_b1k_wrapper:🔧 Gripper variation: Compression disabled (mean: 0.0071, max: 2.0047)
INFO:b1k.shared.eval_b1k_wrapper:🎯 Prediction #30 | Actions: compressed 26→20 | Inpainting: True
INFO:b1k.shared.eval_b1k_wrapper:📊 Step 600 | Task: 27 | Stage: 1/14 | Predictions: 30
INFO:b1k.shared.correction_rules:🔧 GENERAL GRIPPER CORRECTION: Task 27, Stage 1
INFO:b1k.shared.correction_rules:   Right gripper closed (-0.9873) → Opening to 1.0
INFO:b1k.shared.eval_b1k_wrapper:🔧 Correction rule: Actions modified (max diff: 2.0076, task 27, stage 1)
INFO:b1k.shared.eval_b1k_wrapper:📊 Step 700 | Task: 27 | Stage: 1/14 | Predictions: 35
INFO:b1k.shared.eval_b1k_wrapper:🔧 Gripper variation: Compression disabled (mean: 0.0075, max: 1.9783)
INFO:b1k.shared.correction_rules:🔧 GENERAL GRIPPER CORRECTION: Task 27, Stage 1
INFO:b1k.shared.correction_rules:   Right gripper closed (-1.0000) → Opening to 1.0
INFO:b1k.shared.eval_b1k_wrapper:🔧 Correction rule: Actions modified (max diff: 2.0073, task 27, stage 1)
INFO:b1k.shared.eval_b1k_wrapper:🎯 Prediction #40 | Actions: compressed 26→20 | Inpainting: True
INFO:b1k.shared.eval_b1k_wrapper:📊 Step 800 | Task: 27 | Stage: 1/14 | Predictions: 40
INFO:b1k.shared.eval_b1k_wrapper:🔧 Gripper variation: Compression disabled (mean: 0.0106, max: 0.9051)
INFO:b1k.shared.correction_rules:🔧 GENERAL GRIPPER CORRECTION: Task 27, Stage 1
INFO:b1k.shared.correction_rules:   Right gripper closed (-0.9901) → Opening to 1.0
INFO:b1k.shared.eval_b1k_wrapper:🔧 Correction rule: Actions modified (max diff: 2.0075, task 27, stage 1)
INFO:b1k.shared.eval_b1k_wrapper:🔧 Gripper variation: Compression disabled (mean: 0.5200, max: 1.3265)
INFO:b1k.shared.eval_b1k_wrapper:📊 Step 900 | Task: 27 | Stage: 1/14 | Predictions: 45
INFO:b1k.shared.correction_rules:🔧 GENERAL GRIPPER CORRECTION: Task 27, Stage 1
INFO:b1k.shared.correction_rules:   Right gripper closed (-1.0000) → Opening to 1.0
INFO:b1k.shared.eval_b1k_wrapper:🔧 Correction rule: Actions modified (max diff: 2.0030, task 27, stage 1)
INFO:b1k.shared.eval_b1k_wrapper:🎯 Prediction #50 | Actions: compressed 26→20 | Inpainting: True
INFO:b1k.shared.eval_b1k_wrapper:📊 Step 1000 | Task: 27 | Stage: 1/14 | Predictions: 50
INFO:b1k.shared.eval_b1k_wrapper:🔧 Gripper variation: Compression disabled (mean: 0.0118, max: 2.0036)
INFO:b1k.shared.eval_b1k_wrapper:📊 Step 1100 | Task: 27 | Stage: 1/14 | Predictions: 55
INFO:b1k.shared.correction_rules:🔧 GENERAL GRIPPER CORRECTION: Task 27, Stage 1
INFO:b1k.shared.correction_rules:   Right gripper closed (-0.9990) → Opening to 1.0
INFO:b1k.shared.eval_b1k_wrapper:🔧 Correction rule: Actions modified (max diff: 2.0052, task 27, stage 1)
INFO:b1k.shared.eval_b1k_wrapper:🔧 Gripper variation: Compression disabled (mean: 0.0083, max: 0.9298)
INFO:b1k.shared.correction_rules:🔧 GENERAL GRIPPER CORRECTION: Task 27, Stage 1
INFO:b1k.shared.correction_rules:   Right gripper closed (-0.9869) → Opening to 1.0
INFO:b1k.shared.eval_b1k_wrapper:🔧 Correction rule: Actions modified (max diff: 2.0036, task 27, stage 1)
INFO:b1k.shared.eval_b1k_wrapper:🎯 Prediction #60 | Actions: compressed 26→20 | Inpainting: True
INFO:b1k.shared.eval_b1k_wrapper:📊 Step 1200 | Task: 27 | Stage: 1/14 | Predictions: 60
INFO:b1k.shared.correction_rules:🔧 GENERAL GRIPPER CORRECTION: Task 27, Stage 1
INFO:b1k.shared.correction_rules:   Right gripper closed (-0.9926) → Opening to 1.0
INFO:b1k.shared.eval_b1k_wrapper:🔧 Correction rule: Actions modified (max diff: 2.0035, task 27, stage 1)
INFO:b1k.shared.eval_b1k_wrapper:📊 Step 1300 | Task: 27 | Stage: 1/14 | Predictions: 65
INFO:b1k.shared.eval_b1k_wrapper:🎯 Prediction #70 | Actions: compressed 26→20 | Inpainting: True
INFO:b1k.shared.eval_b1k_wrapper:📊 Step 1400 | Task: 27 | Stage: 1/14 | Predictions: 70
INFO:b1k.shared.eval_b1k_wrapper:🔧 Gripper variation: Compression disabled (mean: 0.0102, max: 1.9949)
INFO:b1k.shared.eval_b1k_wrapper:🔧 Gripper variation: Compression disabled (mean: 0.0179, max: 1.9962)
INFO:b1k.shared.eval_b1k_wrapper:📊 Step 1500 | Task: 27 | Stage: 1/14 | Predictions: 75
INFO:b1k.shared.eval_b1k_wrapper:🎯 Prediction #80 | Actions: compressed 26→20 | Inpainting: True
INFO:b1k.shared.eval_b1k_wrapper:📊 Step 1600 | Task: 27 | Stage: 1/14 | Predictions: 80
INFO:b1k.shared.eval_b1k_wrapper:📊 Step 1700 | Task: 27 | Stage: 1/14 | Predictions: 85
INFO:b1k.shared.eval_b1k_wrapper:🔧 Gripper variation: Compression disabled (mean: 0.0096, max: 2.0433)
INFO:b1k.shared.eval_b1k_wrapper:🔧 Gripper variation: Compression disabled (mean: 0.0159, max: 2.0272)
INFO:b1k.shared.eval_b1k_wrapper:🎯 Prediction #90 | Actions: uncompressed (20) | Inpainting: True
INFO:b1k.shared.eval_b1k_wrapper:📊 Step 1800 | Task: 27 | Stage: 1/14 | Predictions: 90
INFO:b1k.shared.eval_b1k_wrapper:🔧 Gripper variation: Compression disabled (mean: 0.0050, max: 1.9772)
INFO:b1k.shared.eval_b1k_wrapper:⬆️  Stage advanced: 1 → 2 (task 27, step 1840)
INFO:b1k.shared.eval_b1k_wrapper:📊 Step 1900 | Task: 27 | Stage: 2/14 | Predictions: 95
INFO:b1k.shared.eval_b1k_wrapper:⬅️  Stage went back: 2 → 1 (task 27, step 1920)
INFO:b1k.shared.eval_b1k_wrapper:🎯 Prediction #100 | Actions: compressed 26→20 | Inpainting: True
INFO:b1k.shared.eval_b1k_wrapper:📊 Step 2000 | Task: 27 | Stage: 1/14 | Predictions: 100
INFO:b1k.shared.eval_b1k_wrapper:📊 Step 2100 | Task: 27 | Stage: 1/14 | Predictions: 105
INFO:b1k.shared.eval_b1k_wrapper:⬆️  Stage advanced: 1 → 2 (task 27, step 2120)
INFO:b1k.shared.eval_b1k_wrapper:🎯 Prediction #110 | Actions: compressed 26→20 | Inpainting: True
INFO:b1k.shared.eval_b1k_wrapper:📊 Step 2200 | Task: 27 | Stage: 2/14 | Predictions: 110
INFO:b1k.shared.eval_b1k_wrapper:📊 Step 2300 | Task: 27 | Stage: 2/14 | Predictions: 115
INFO:b1k.shared.eval_b1k_wrapper:🎯 Prediction #120 | Actions: compressed 26→20 | Inpainting: True
INFO:b1k.shared.eval_b1k_wrapper:📊 Step 2400 | Task: 27 | Stage: 2/14 | Predictions: 120
INFO:b1k.shared.eval_b1k_wrapper:📊 Step 2500 | Task: 27 | Stage: 2/14 | Predictions: 125
INFO:b1k.shared.eval_b1k_wrapper:🎯 Prediction #130 | Actions: compressed 26→20 | Inpainting: True
INFO:b1k.shared.eval_b1k_wrapper:📊 Step 2600 | Task: 27 | Stage: 2/14 | Predictions: 130
INFO:b1k.shared.eval_b1k_wrapper:📊 Step 2700 | Task: 27 | Stage: 2/14 | Predictions: 135
INFO:b1k.shared.eval_b1k_wrapper:🎯 Prediction #140 | Actions: compressed 26→20 | Inpainting: True
INFO:b1k.shared.eval_b1k_wrapper:📊 Step 2800 | Task: 27 | Stage: 2/14 | Predictions: 140
INFO:b1k.shared.eval_b1k_wrapper:⬅️  Stage went back: 2 → 1 (task 27, step 2800)
INFO:b1k.shared.eval_b1k_wrapper:⬆️  Stage advanced: 1 → 2 (task 27, step 2880)
INFO:b1k.shared.eval_b1k_wrapper:📊 Step 2900 | Task: 27 | Stage: 2/14 | Predictions: 145
INFO:b1k.shared.eval_b1k_wrapper:🎯 Prediction #150 | Actions: compressed 26→20 | Inpainting: True
INFO:b1k.shared.eval_b1k_wrapper:📊 Step 3000 | Task: 27 | Stage: 2/14 | Predictions: 150
INFO:b1k.shared.eval_b1k_wrapper:📊 Step 3100 | Task: 27 | Stage: 2/14 | Predictions: 155
INFO:b1k.shared.eval_b1k_wrapper:🎯 Prediction #160 | Actions: compressed 26→20 | Inpainting: True
INFO:b1k.shared.eval_b1k_wrapper:📊 Step 3200 | Task: 27 | Stage: 2/14 | Predictions: 160
INFO:b1k.shared.eval_b1k_wrapper:📊 Step 3300 | Task: 27 | Stage: 2/14 | Predictions: 165
INFO:b1k.shared.eval_b1k_wrapper:🎯 Prediction #170 | Actions: compressed 26→20 | Inpainting: True
INFO:b1k.shared.eval_b1k_wrapper:📊 Step 3400 | Task: 27 | Stage: 2/14 | Predictions: 170
INFO:b1k.shared.eval_b1k_wrapper:⬆️  Stage advanced: 2 → 3 (task 27, step 3460)
INFO:b1k.shared.eval_b1k_wrapper:📊 Step 3500 | Task: 27 | Stage: 3/14 | Predictions: 175
INFO:b1k.shared.eval_b1k_wrapper:🎯 Prediction #180 | Actions: compressed 26→20 | Inpainting: True
INFO:b1k.shared.eval_b1k_wrapper:📊 Step 3600 | Task: 27 | Stage: 3/14 | Predictions: 180
INFO:b1k.shared.eval_b1k_wrapper:🔧 Gripper variation: Compression disabled (mean: 2.0072, max: 0.0122)
INFO:b1k.shared.eval_b1k_wrapper:📊 Step 3700 | Task: 27 | Stage: 3/14 | Predictions: 185
INFO:b1k.shared.eval_b1k_wrapper:🎯 Prediction #190 | Actions: compressed 26→20 | Inpainting: True
INFO:b1k.shared.eval_b1k_wrapper:📊 Step 3800 | Task: 27 | Stage: 3/14 | Predictions: 190
INFO:b1k.shared.eval_b1k_wrapper:📊 Step 3900 | Task: 27 | Stage: 3/14 | Predictions: 195
INFO:b1k.shared.eval_b1k_wrapper:🎯 Prediction #200 | Actions: compressed 26→20 | Inpainting: True
INFO:b1k.shared.eval_b1k_wrapper:📊 Step 4000 | Task: 27 | Stage: 3/14 | Predictions: 200
INFO:b1k.shared.eval_b1k_wrapper:🔧 Gripper variation: Compression disabled (mean: 0.0067, max: 2.0092)
INFO:b1k.shared.eval_b1k_wrapper:📊 Step 4100 | Task: 27 | Stage: 3/14 | Predictions: 205
INFO:b1k.shared.correction_rules:🔧 GENERAL GRIPPER CORRECTION: Task 27, Stage 3
INFO:b1k.shared.correction_rules:   Right gripper closed (-1.0000) → Opening to 1.0
INFO:b1k.shared.eval_b1k_wrapper:🔧 Correction rule: Actions modified (max diff: 2.0113, task 27, stage 3)
INFO:b1k.shared.eval_b1k_wrapper:🔧 Gripper variation: Compression disabled (mean: 0.9354, max: 0.7353)
INFO:b1k.shared.eval_b1k_wrapper:🔧 Gripper variation: Compression disabled (mean: 0.0082, max: 2.0103)
INFO:b1k.shared.eval_b1k_wrapper:🎯 Prediction #210 | Actions: uncompressed (20) | Inpainting: True
INFO:b1k.shared.eval_b1k_wrapper:📊 Step 4200 | Task: 27 | Stage: 3/14 | Predictions: 210
INFO:b1k.shared.eval_b1k_wrapper:📊 Step 4300 | Task: 27 | Stage: 3/14 | Predictions: 215
INFO:b1k.shared.eval_b1k_wrapper:🎯 Prediction #220 | Actions: compressed 26→20 | Inpainting: True
INFO:b1k.shared.eval_b1k_wrapper:📊 Step 4400 | Task: 27 | Stage: 3/14 | Predictions: 220
INFO:b1k.shared.eval_b1k_wrapper:📊 Step 4500 | Task: 27 | Stage: 3/14 | Predictions: 225
INFO:b1k.shared.eval_b1k_wrapper:🎯 Prediction #230 | Actions: compressed 26→20 | Inpainting: True
INFO:b1k.shared.eval_b1k_wrapper:📊 Step 4600 | Task: 27 | Stage: 3/14 | Predictions: 230
INFO:b1k.shared.eval_b1k_wrapper:📊 Step 4700 | Task: 27 | Stage: 3/14 | Predictions: 235
INFO:b1k.shared.eval_b1k_wrapper:🎯 Prediction #240 | Actions: compressed 26→20 | Inpainting: True
INFO:b1k.shared.eval_b1k_wrapper:📊 Step 4800 | Task: 27 | Stage: 3/14 | Predictions: 240
INFO:b1k.shared.eval_b1k_wrapper:📊 Step 4900 | Task: 27 | Stage: 3/14 | Predictions: 245
INFO:b1k.shared.eval_b1k_wrapper:🎯 Prediction #250 | Actions: compressed 26→20 | Inpainting: True
INFO:b1k.shared.eval_b1k_wrapper:📊 Step 5000 | Task: 27 | Stage: 3/14 | Predictions: 250
INFO:b1k.shared.eval_b1k_wrapper:📊 Step 5100 | Task: 27 | Stage: 3/14 | Predictions: 255
INFO:b1k.shared.eval_b1k_wrapper:🎯 Prediction #260 | Actions: compressed 26→20 | Inpainting: True
INFO:b1k.shared.eval_b1k_wrapper:📊 Step 5200 | Task: 27 | Stage: 3/14 | Predictions: 260
INFO:b1k.shared.eval_b1k_wrapper:📊 Step 5300 | Task: 27 | Stage: 3/14 | Predictions: 265
INFO:b1k.shared.eval_b1k_wrapper:🎯 Prediction #270 | Actions: compressed 26→20 | Inpainting: True
INFO:b1k.shared.eval_b1k_wrapper:📊 Step 5400 | Task: 27 | Stage: 3/14 | Predictions: 270
INFO:b1k.shared.eval_b1k_wrapper:📊 Step 5500 | Task: 27 | Stage: 3/14 | Predictions: 275
INFO:b1k.shared.eval_b1k_wrapper:🎯 Prediction #280 | Actions: compressed 26→20 | Inpainting: True
INFO:b1k.shared.eval_b1k_wrapper:📊 Step 5600 | Task: 27 | Stage: 3/14 | Predictions: 280
INFO:b1k.shared.eval_b1k_wrapper:📊 Step 5700 | Task: 27 | Stage: 3/14 | Predictions: 285
INFO:b1k.shared.eval_b1k_wrapper:🔧 Gripper variation: Compression disabled (mean: 0.2425, max: 0.1430)
INFO:b1k.shared.eval_b1k_wrapper:🔧 Gripper variation: Compression disabled (mean: 0.7688, max: 0.2026)
INFO:b1k.shared.eval_b1k_wrapper:🔧 Gripper variation: Compression disabled (mean: 0.2331, max: 0.3998)
INFO:b1k.shared.eval_b1k_wrapper:🔧 Gripper variation: Compression disabled (mean: 0.1374, max: 0.2334)
INFO:b1k.shared.eval_b1k_wrapper:🎯 Prediction #290 | Actions: uncompressed (20) | Inpainting: True
INFO:b1k.shared.eval_b1k_wrapper:📊 Step 5800 | Task: 27 | Stage: 3/14 | Predictions: 290
INFO:b1k.shared.eval_b1k_wrapper:🔧 Gripper variation: Compression disabled (mean: 0.0945, max: 0.2350)
INFO:b1k.shared.eval_b1k_wrapper:📊 Step 5900 | Task: 27 | Stage: 3/14 | Predictions: 295
INFO:b1k.shared.eval_b1k_wrapper:🔧 Gripper variation: Compression disabled (mean: 0.1469, max: 0.2415)
INFO:b1k.shared.eval_b1k_wrapper:🔧 Gripper variation: Compression disabled (mean: 0.1673, max: 0.2643)
INFO:b1k.shared.eval_b1k_wrapper:🎯 Prediction #300 | Actions: compressed 26→20 | Inpainting: True
INFO:b1k.shared.eval_b1k_wrapper:📊 Step 6000 | Task: 27 | Stage: 3/14 | Predictions: 300
INFO:b1k.shared.eval_b1k_wrapper:🔧 Gripper variation: Compression disabled (mean: 0.1705, max: 0.3149)
INFO:b1k.shared.eval_b1k_wrapper:🔧 Gripper variation: Compression disabled (mean: 0.2094, max: 0.1088)
INFO:b1k.shared.eval_b1k_wrapper:🔧 Gripper variation: Compression disabled (mean: 0.1272, max: 0.2058)
INFO:b1k.shared.eval_b1k_wrapper:🔧 Gripper variation: Compression disabled (mean: 0.0613, max: 0.2138)
INFO:b1k.shared.eval_b1k_wrapper:📊 Step 6100 | Task: 27 | Stage: 3/14 | Predictions: 305
INFO:b1k.shared.eval_b1k_wrapper:🔧 Gripper variation: Compression disabled (mean: 0.4077, max: 0.2882)
INFO:b1k.shared.eval_b1k_wrapper:🔧 Gripper variation: Compression disabled (mean: 2.1536, max: 0.1100)
INFO:b1k.shared.eval_b1k_wrapper:🎯 Prediction #310 | Actions: compressed 26→20 | Inpainting: True
INFO:b1k.shared.eval_b1k_wrapper:📊 Step 6200 | Task: 27 | Stage: 3/14 | Predictions: 310
INFO:b1k.shared.eval_b1k_wrapper:📊 Step 6300 | Task: 27 | Stage: 3/14 | Predictions: 315
INFO:b1k.shared.eval_b1k_wrapper:🎯 Prediction #320 | Actions: compressed 26→20 | Inpainting: True
INFO:b1k.shared.eval_b1k_wrapper:📊 Step 6400 | Task: 27 | Stage: 3/14 | Predictions: 320
INFO:b1k.shared.eval_b1k_wrapper:📊 Step 6500 | Task: 27 | Stage: 3/14 | Predictions: 325
INFO:b1k.shared.eval_b1k_wrapper:🎯 Prediction #330 | Actions: compressed 26→20 | Inpainting: True
INFO:b1k.shared.eval_b1k_wrapper:📊 Step 6600 | Task: 27 | Stage: 3/14 | Predictions: 330
INFO:b1k.shared.eval_b1k_wrapper:📊 Step 6700 | Task: 27 | Stage: 3/14 | Predictions: 335
INFO:b1k.shared.eval_b1k_wrapper:🎯 Prediction #340 | Actions: compressed 26→20 | Inpainting: True
INFO:b1k.shared.eval_b1k_wrapper:📊 Step 6800 | Task: 27 | Stage: 3/14 | Predictions: 340
INFO:b1k.shared.eval_b1k_wrapper:🔧 Gripper variation: Compression disabled (mean: 0.0060, max: 2.0067)
INFO:b1k.shared.eval_b1k_wrapper:📊 Step 6900 | Task: 27 | Stage: 3/14 | Predictions: 345
INFO:b1k.shared.eval_b1k_wrapper:🔧 Gripper variation: Compression disabled (mean: 0.0142, max: 2.0133)
INFO:b1k.shared.eval_b1k_wrapper:🎯 Prediction #350 | Actions: compressed 26→20 | Inpainting: True
INFO:b1k.shared.eval_b1k_wrapper:📊 Step 7000 | Task: 27 | Stage: 3/14 | Predictions: 350
INFO:b1k.shared.eval_b1k_wrapper:🔧 Gripper variation: Compression disabled (mean: 0.0360, max: 0.9838)
INFO:b1k.shared.eval_b1k_wrapper:🔧 Gripper variation: Compression disabled (mean: 0.2167, max: 0.2059)
INFO:b1k.shared.eval_b1k_wrapper:📊 Step 7100 | Task: 27 | Stage: 3/14 | Predictions: 355
INFO:b1k.shared.eval_b1k_wrapper:🎯 Prediction #360 | Actions: compressed 26→20 | Inpainting: True
INFO:b1k.shared.eval_b1k_wrapper:📊 Step 7200 | Task: 27 | Stage: 3/14 | Predictions: 360
INFO:b1k.shared.eval_b1k_wrapper:📊 Step 7300 | Task: 27 | Stage: 3/14 | Predictions: 365
INFO:b1k.shared.eval_b1k_wrapper:🎯 Prediction #370 | Actions: compressed 26→20 | Inpainting: True
INFO:b1k.shared.eval_b1k_wrapper:📊 Step 7400 | Task: 27 | Stage: 3/14 | Predictions: 370
INFO:b1k.shared.eval_b1k_wrapper:📊 Step 7500 | Task: 27 | Stage: 3/14 | Predictions: 375
INFO:b1k.shared.eval_b1k_wrapper:⏭️  Stage skipped: 3 → 4 (task 27, step 7560)
INFO:b1k.shared.eval_b1k_wrapper:🎯 Prediction #380 | Actions: compressed 26→20 | Inpainting: True
INFO:b1k.shared.eval_b1k_wrapper:📊 Step 7600 | Task: 27 | Stage: 4/14 | Predictions: 380
INFO:b1k.shared.eval_b1k_wrapper:📊 Step 7700 | Task: 27 | Stage: 4/14 | Predictions: 385
INFO:b1k.shared.eval_b1k_wrapper:🎯 Prediction #390 | Actions: compressed 26→20 | Inpainting: True
INFO:b1k.shared.eval_b1k_wrapper:📊 Step 7800 | Task: 27 | Stage: 4/14 | Predictions: 390
INFO:b1k.shared.eval_b1k_wrapper:📊 Step 7900 | Task: 27 | Stage: 4/14 | Predictions: 395
INFO:b1k.shared.eval_b1k_wrapper:🎯 Prediction #400 | Actions: compressed 26→20 | Inpainting: True
INFO:b1k.shared.eval_b1k_wrapper:📊 Step 8000 | Task: 27 | Stage: 4/14 | Predictions: 400
INFO:b1k.shared.eval_b1k_wrapper:📊 Step 8100 | Task: 27 | Stage: 4/14 | Predictions: 405
INFO:b1k.shared.eval_b1k_wrapper:⬅️  Stage went back: 4 → 3 (task 27, step 8100)
INFO:b1k.shared.eval_b1k_wrapper:🎯 Prediction #410 | Actions: compressed 26→20 | Inpainting: True
INFO:b1k.shared.eval_b1k_wrapper:📊 Step 8200 | Task: 27 | Stage: 3/14 | Predictions: 410
INFO:b1k.shared.eval_b1k_wrapper:📊 Step 8300 | Task: 27 | Stage: 3/14 | Predictions: 415
INFO:b1k.shared.eval_b1k_wrapper:🎯 Prediction #420 | Actions: compressed 26→20 | Inpainting: True
INFO:b1k.shared.eval_b1k_wrapper:📊 Step 8400 | Task: 27 | Stage: 3/14 | Predictions: 420
INFO:b1k.shared.eval_b1k_wrapper:📊 Step 8500 | Task: 27 | Stage: 3/14 | Predictions: 425
INFO:b1k.shared.eval_b1k_wrapper:🔧 Gripper variation: Compression disabled (mean: 0.2278, max: 0.2731)
INFO:b1k.shared.eval_b1k_wrapper:⬅️  Stage went back: 3 → 2 (task 27, step 8520)
INFO:b1k.shared.eval_b1k_wrapper:🔧 Gripper variation: Compression disabled (mean: 0.2437, max: 0.0896)
INFO:b1k.shared.eval_b1k_wrapper:🎯 Prediction #430 | Actions: uncompressed (20) | Inpainting: True
INFO:b1k.shared.eval_b1k_wrapper:📊 Step 8600 | Task: 27 | Stage: 2/14 | Predictions: 430
INFO:b1k.shared.eval_b1k_wrapper:⬆️  Stage advanced: 2 → 3 (task 27, step 8620)
INFO:b1k.shared.eval_b1k_wrapper:⬅️  Stage went back: 3 → 2 (task 27, step 8680)
INFO:b1k.shared.eval_b1k_wrapper:📊 Step 8700 | Task: 27 | Stage: 2/14 | Predictions: 435
INFO:b1k.shared.eval_b1k_wrapper:🎯 Prediction #440 | Actions: compressed 26→20 | Inpainting: True
INFO:b1k.shared.eval_b1k_wrapper:📊 Step 8800 | Task: 27 | Stage: 2/14 | Predictions: 440
INFO:b1k.shared.eval_b1k_wrapper:⬆️  Stage advanced: 2 → 3 (task 27, step 8820)
INFO:b1k.shared.eval_b1k_wrapper:⬅️  Stage went back: 3 → 2 (task 27, step 8880)
INFO:b1k.shared.eval_b1k_wrapper:📊 Step 8900 | Task: 27 | Stage: 2/14 | Predictions: 445
INFO:b1k.shared.eval_b1k_wrapper:🎯 Prediction #450 | Actions: compressed 26→20 | Inpainting: True
INFO:b1k.shared.eval_b1k_wrapper:📊 Step 9000 | Task: 27 | Stage: 2/14 | Predictions: 450
INFO:b1k.shared.eval_b1k_wrapper:⬆️  Stage advanced: 2 → 3 (task 27, step 9060)
INFO:b1k.shared.eval_b1k_wrapper:📊 Step 9100 | Task: 27 | Stage: 3/14 | Predictions: 455
INFO:b1k.shared.eval_b1k_wrapper:🔧 Gripper variation: Compression disabled (mean: 0.0912, max: 0.5280)
INFO:b1k.shared.eval_b1k_wrapper:🔧 Gripper variation: Compression disabled (mean: 0.4626, max: 0.5771)
INFO:b1k.shared.eval_b1k_wrapper:🔧 Gripper variation: Compression disabled (mean: 0.9551, max: 0.5806)
INFO:b1k.shared.eval_b1k_wrapper:🎯 Prediction #460 | Actions: uncompressed (20) | Inpainting: True
INFO:b1k.shared.eval_b1k_wrapper:📊 Step 9200 | Task: 27 | Stage: 3/14 | Predictions: 460
INFO:b1k.shared.eval_b1k_wrapper:🔧 Gripper variation: Compression disabled (mean: 0.3805, max: 0.6203)
INFO:b1k.shared.eval_b1k_wrapper:🔧 Gripper variation: Compression disabled (mean: 0.6054, max: 0.8310)
INFO:b1k.shared.eval_b1k_wrapper:🔧 Gripper variation: Compression disabled (mean: 0.7978, max: 0.6413)
INFO:b1k.shared.eval_b1k_wrapper:🔧 Gripper variation: Compression disabled (mean: 0.6212, max: 0.4019)
INFO:b1k.shared.eval_b1k_wrapper:🔧 Gripper variation: Compression disabled (mean: 0.7391, max: 0.5993)
INFO:b1k.shared.eval_b1k_wrapper:📊 Step 9300 | Task: 27 | Stage: 3/14 | Predictions: 465
INFO:b1k.shared.eval_b1k_wrapper:🔧 Gripper variation: Compression disabled (mean: 1.2030, max: 0.6342)
INFO:b1k.shared.eval_b1k_wrapper:🔧 Gripper variation: Compression disabled (mean: 1.0630, max: 0.4037)
INFO:b1k.shared.eval_b1k_wrapper:🔧 Gripper variation: Compression disabled (mean: 1.0275, max: 0.8549)
INFO:b1k.shared.eval_b1k_wrapper:🔧 Gripper variation: Compression disabled (mean: 0.4843, max: 1.2680)
INFO:b1k.shared.eval_b1k_wrapper:🔧 Gripper variation: Compression disabled (mean: 0.9330, max: 0.4762)
INFO:b1k.shared.eval_b1k_wrapper:🎯 Prediction #470 | Actions: uncompressed (20) | Inpainting: True
INFO:b1k.shared.eval_b1k_wrapper:📊 Step 9400 | Task: 27 | Stage: 3/14 | Predictions: 470
INFO:b1k.shared.eval_b1k_wrapper:🔧 Gripper variation: Compression disabled (mean: 0.8909, max: 1.2286)
INFO:b1k.shared.eval_b1k_wrapper:🔧 Gripper variation: Compression disabled (mean: 0.2483, max: 1.0880)
INFO:b1k.shared.eval_b1k_wrapper:🔧 Gripper variation: Compression disabled (mean: 0.8527, max: 0.6961)
INFO:b1k.shared.eval_b1k_wrapper:🔧 Gripper variation: Compression disabled (mean: 0.6558, max: 0.3703)
INFO:b1k.shared.eval_b1k_wrapper:🔧 Gripper variation: Compression disabled (mean: 0.6098, max: 0.6600)
INFO:b1k.shared.eval_b1k_wrapper:📊 Step 9500 | Task: 27 | Stage: 3/14 | Predictions: 475
INFO:b1k.shared.eval_b1k_wrapper:🔧 Gripper variation: Compression disabled (mean: 0.3161, max: 1.0025)
INFO:b1k.shared.eval_b1k_wrapper:🔧 Gripper variation: Compression disabled (mean: 1.1400, max: 0.7623)
INFO:b1k.shared.eval_b1k_wrapper:🔧 Gripper variation: Compression disabled (mean: 0.2174, max: 0.0986)
INFO:b1k.shared.eval_b1k_wrapper:🔧 Gripper variation: Compression disabled (mean: 0.3247, max: 0.2368)
INFO:b1k.shared.eval_b1k_wrapper:🔧 Gripper variation: Compression disabled (mean: 0.7708, max: 0.4352)
INFO:b1k.shared.eval_b1k_wrapper:🎯 Prediction #480 | Actions: uncompressed (20) | Inpainting: True
INFO:b1k.shared.eval_b1k_wrapper:📊 Step 9600 | Task: 27 | Stage: 3/14 | Predictions: 480
INFO:b1k.shared.eval_b1k_wrapper:🔧 Gripper variation: Compression disabled (mean: 0.7917, max: 0.4550)
INFO:b1k.shared.eval_b1k_wrapper:🔧 Gripper variation: Compression disabled (mean: 0.6242, max: 0.3056)
INFO:b1k.shared.eval_b1k_wrapper:🔧 Gripper variation: Compression disabled (mean: 0.4248, max: 0.5021)
INFO:b1k.shared.eval_b1k_wrapper:🔧 Gripper variation: Compression disabled (mean: 1.1196, max: 0.3652)
INFO:b1k.shared.eval_b1k_wrapper:🔧 Gripper variation: Compression disabled (mean: 0.3974, max: 0.7086)
INFO:b1k.shared.eval_b1k_wrapper:📊 Step 9700 | Task: 27 | Stage: 3/14 | Predictions: 485
INFO:b1k.shared.eval_b1k_wrapper:🔧 Gripper variation: Compression disabled (mean: 1.0856, max: 0.5734)
INFO:b1k.shared.eval_b1k_wrapper:🔧 Gripper variation: Compression disabled (mean: 0.2467, max: 0.5110)
INFO:b1k.shared.eval_b1k_wrapper:🔧 Gripper variation: Compression disabled (mean: 1.1058, max: 1.0282)
INFO:b1k.shared.eval_b1k_wrapper:🔧 Gripper variation: Compression disabled (mean: 0.2475, max: 0.4572)
INFO:b1k.shared.eval_b1k_wrapper:🔧 Gripper variation: Compression disabled (mean: 1.0351, max: 0.2142)
INFO:b1k.shared.eval_b1k_wrapper:🎯 Prediction #490 | Actions: uncompressed (20) | Inpainting: True
INFO:b1k.shared.eval_b1k_wrapper:📊 Step 9800 | Task: 27 | Stage: 3/14 | Predictions: 490
INFO:b1k.shared.eval_b1k_wrapper:🔧 Gripper variation: Compression disabled (mean: 0.6381, max: 0.7477)
INFO:b1k.shared.eval_b1k_wrapper:🔧 Gripper variation: Compression disabled (mean: 0.6454, max: 0.8196)
INFO:b1k.shared.eval_b1k_wrapper:🔧 Gripper variation: Compression disabled (mean: 0.7681, max: 0.9030)
INFO:b1k.shared.eval_b1k_wrapper:🔧 Gripper variation: Compression disabled (mean: 1.4100, max: 0.6472)
INFO:b1k.shared.eval_b1k_wrapper:📊 Step 9900 | Task: 27 | Stage: 3/14 | Predictions: 495
INFO:b1k.shared.eval_b1k_wrapper:🔧 Gripper variation: Compression disabled (mean: 0.5063, max: 0.3693)
INFO:b1k.shared.eval_b1k_wrapper:🔧 Gripper variation: Compression disabled (mean: 1.2210, max: 0.5834)
INFO:b1k.shared.eval_b1k_wrapper:🔧 Gripper variation: Compression disabled (mean: 0.5452, max: 0.7312)
INFO:b1k.shared.eval_b1k_wrapper:🔧 Gripper variation: Compression disabled (mean: 0.9900, max: 0.2937)
INFO:b1k.shared.eval_b1k_wrapper:🔧 Gripper variation: Compression disabled (mean: 0.2595, max: 0.0547)
INFO:b1k.shared.eval_b1k_wrapper:🎯 Prediction #500 | Actions: uncompressed (20) | Inpainting: True
INFO:b1k.shared.eval_b1k_wrapper:📊 Step 10000 | Task: 27 | Stage: 3/14 | Predictions: 500
INFO:b1k.shared.eval_b1k_wrapper:🔧 Gripper variation: Compression disabled (mean: 1.5946, max: 0.8134)
INFO:b1k.shared.eval_b1k_wrapper:🔧 Gripper variation: Compression disabled (mean: 0.7042, max: 0.9434)
INFO:b1k.shared.eval_b1k_wrapper:🔧 Gripper variation: Compression disabled (mean: 0.5662, max: 0.3005)
INFO:b1k.shared.eval_b1k_wrapper:🔧 Gripper variation: Compression disabled (mean: 0.9430, max: 0.3859)
INFO:b1k.shared.eval_b1k_wrapper:📊 Step 10100 | Task: 27 | Stage: 3/14 | Predictions: 505
INFO:b1k.shared.eval_b1k_wrapper:🔧 Gripper variation: Compression disabled (mean: 0.2149, max: 0.4141)
INFO:b1k.shared.eval_b1k_wrapper:🔧 Gripper variation: Compression disabled (mean: 0.3535, max: 0.3471)
INFO:b1k.shared.eval_b1k_wrapper:🔧 Gripper variation: Compression disabled (mean: 1.0164, max: 0.3801)
INFO:b1k.shared.eval_b1k_wrapper:🔧 Gripper variation: Compression disabled (mean: 0.6386, max: 0.1781)
INFO:b1k.shared.eval_b1k_wrapper:🔧 Gripper variation: Compression disabled (mean: 0.2696, max: 0.7433)
INFO:b1k.shared.eval_b1k_wrapper:🎯 Prediction #510 | Actions: uncompressed (20) | Inpainting: True
INFO:b1k.shared.eval_b1k_wrapper:📊 Step 10200 | Task: 27 | Stage: 3/14 | Predictions: 510
INFO:b1k.shared.eval_b1k_wrapper:🔧 Gripper variation: Compression disabled (mean: 0.4105, max: 0.5904)
INFO:b1k.shared.eval_b1k_wrapper:🔧 Gripper variation: Compression disabled (mean: 0.1669, max: 0.9377)
INFO:b1k.shared.eval_b1k_wrapper:🔧 Gripper variation: Compression disabled (mean: 0.4540, max: 0.8958)
INFO:b1k.shared.eval_b1k_wrapper:🔧 Gripper variation: Compression disabled (mean: 0.5591, max: 0.5334)
INFO:b1k.shared.eval_b1k_wrapper:🔧 Gripper variation: Compression disabled (mean: 0.2994, max: 0.5646)
INFO:b1k.shared.eval_b1k_wrapper:📊 Step 10300 | Task: 27 | Stage: 3/14 | Predictions: 515
INFO:b1k.shared.eval_b1k_wrapper:🔧 Gripper variation: Compression disabled (mean: 0.2140, max: 0.6002)
INFO:b1k.shared.eval_b1k_wrapper:🔧 Gripper variation: Compression disabled (mean: 0.5714, max: 0.8114)
INFO:b1k.shared.eval_b1k_wrapper:🔧 Gripper variation: Compression disabled (mean: 0.6845, max: 0.8057)
INFO:b1k.shared.eval_b1k_wrapper:🔧 Gripper variation: Compression disabled (mean: 0.3328, max: 0.5929)
INFO:b1k.shared.eval_b1k_wrapper:🔧 Gripper variation: Compression disabled (mean: 0.3478, max: 0.5669)
INFO:b1k.shared.eval_b1k_wrapper:🎯 Prediction #520 | Actions: uncompressed (20) | Inpainting: True
INFO:b1k.shared.eval_b1k_wrapper:📊 Step 10400 | Task: 27 | Stage: 3/14 | Predictions: 520
INFO:b1k.shared.eval_b1k_wrapper:🔧 Gripper variation: Compression disabled (mean: 0.2230, max: 0.5713)
INFO:b1k.shared.eval_b1k_wrapper:🔧 Gripper variation: Compression disabled (mean: 0.2196, max: 0.4393)
INFO:b1k.shared.eval_b1k_wrapper:🔧 Gripper variation: Compression disabled (mean: 0.6171, max: 0.6577)
INFO:b1k.shared.eval_b1k_wrapper:🔧 Gripper variation: Compression disabled (mean: 0.6968, max: 1.0120)
INFO:b1k.shared.eval_b1k_wrapper:🔧 Gripper variation: Compression disabled (mean: 0.3632, max: 0.6084)
INFO:b1k.shared.eval_b1k_wrapper:📊 Step 10500 | Task: 27 | Stage: 3/14 | Predictions: 525
INFO:b1k.shared.eval_b1k_wrapper:🔧 Gripper variation: Compression disabled (mean: 0.2142, max: 0.7055)
INFO:b1k.shared.eval_b1k_wrapper:🔧 Gripper variation: Compression disabled (mean: 0.5235, max: 0.9842)
INFO:b1k.shared.eval_b1k_wrapper:🔧 Gripper variation: Compression disabled (mean: 0.4211, max: 0.4638)
INFO:b1k.shared.eval_b1k_wrapper:🔧 Gripper variation: Compression disabled (mean: 0.4538, max: 0.4361)
INFO:b1k.shared.eval_b1k_wrapper:🔧 Gripper variation: Compression disabled (mean: 0.3190, max: 0.7982)
INFO:b1k.shared.eval_b1k_wrapper:🎯 Prediction #530 | Actions: uncompressed (20) | Inpainting: True
INFO:b1k.shared.eval_b1k_wrapper:📊 Step 10600 | Task: 27 | Stage: 3/14 | Predictions: 530
INFO:b1k.shared.eval_b1k_wrapper:🔧 Gripper variation: Compression disabled (mean: 0.6291, max: 0.5539)
INFO:b1k.shared.eval_b1k_wrapper:🔧 Gripper variation: Compression disabled (mean: 0.4367, max: 0.6450)
INFO:b1k.shared.eval_b1k_wrapper:🔧 Gripper variation: Compression disabled (mean: 0.6022, max: 1.2631)
INFO:b1k.shared.eval_b1k_wrapper:🔧 Gripper variation: Compression disabled (mean: 0.5508, max: 0.4198)
INFO:b1k.shared.eval_b1k_wrapper:🔧 Gripper variation: Compression disabled (mean: 0.9202, max: 0.3956)
INFO:b1k.shared.eval_b1k_wrapper:📊 Step 10700 | Task: 27 | Stage: 3/14 | Predictions: 535
INFO:b1k.shared.eval_b1k_wrapper:🔧 Gripper variation: Compression disabled (mean: 0.5246, max: 0.5086)
INFO:b1k.shared.eval_b1k_wrapper:🔧 Gripper variation: Compression disabled (mean: 0.6864, max: 0.9561)
INFO:b1k.shared.eval_b1k_wrapper:🔧 Gripper variation: Compression disabled (mean: 0.3321, max: 0.4321)
INFO:b1k.shared.eval_b1k_wrapper:🔧 Gripper variation: Compression disabled (mean: 0.8416, max: 0.7656)
INFO:b1k.shared.eval_b1k_wrapper:🔧 Gripper variation: Compression disabled (mean: 0.3904, max: 0.4782)
INFO:b1k.shared.eval_b1k_wrapper:🎯 Prediction #540 | Actions: uncompressed (20) | Inpainting: True
INFO:b1k.shared.eval_b1k_wrapper:📊 Step 10800 | Task: 27 | Stage: 3/14 | Predictions: 540
INFO:b1k.shared.eval_b1k_wrapper:🔧 Gripper variation: Compression disabled (mean: 0.4124, max: 0.4423)
INFO:b1k.shared.eval_b1k_wrapper:🔧 Gripper variation: Compression disabled (mean: 0.3032, max: 0.4129)
INFO:b1k.shared.eval_b1k_wrapper:🔧 Gripper variation: Compression disabled (mean: 0.3360, max: 0.6104)
INFO:b1k.shared.eval_b1k_wrapper:🔧 Gripper variation: Compression disabled (mean: 0.4432, max: 0.6833)
INFO:b1k.shared.eval_b1k_wrapper:🔧 Gripper variation: Compression disabled (mean: 0.5117, max: 1.1071)
INFO:b1k.shared.eval_b1k_wrapper:📊 Step 10900 | Task: 27 | Stage: 3/14 | Predictions: 545
INFO:b1k.shared.eval_b1k_wrapper:🔧 Gripper variation: Compression disabled (mean: 0.3796, max: 0.7367)
INFO:b1k.shared.eval_b1k_wrapper:🔧 Gripper variation: Compression disabled (mean: 0.3931, max: 0.8303)
INFO:b1k.shared.eval_b1k_wrapper:🔧 Gripper variation: Compression disabled (mean: 0.5687, max: 0.4426)
INFO:b1k.shared.eval_b1k_wrapper:🔧 Gripper variation: Compression disabled (mean: 0.5070, max: 0.8136)
INFO:b1k.shared.eval_b1k_wrapper:🔧 Gripper variation: Compression disabled (mean: 0.4161, max: 0.5252)
INFO:b1k.shared.eval_b1k_wrapper:🎯 Prediction #550 | Actions: uncompressed (20) | Inpainting: True
INFO:b1k.shared.eval_b1k_wrapper:📊 Step 11000 | Task: 27 | Stage: 3/14 | Predictions: 550
INFO:b1k.shared.eval_b1k_wrapper:🔧 Gripper variation: Compression disabled (mean: 0.5824, max: 0.5997)
INFO:b1k.shared.eval_b1k_wrapper:🔧 Gripper variation: Compression disabled (mean: 0.2101, max: 0.8306)
INFO:b1k.shared.eval_b1k_wrapper:🔧 Gripper variation: Compression disabled (mean: 0.2737, max: 0.5128)
INFO:b1k.shared.eval_b1k_wrapper:🔧 Gripper variation: Compression disabled (mean: 0.4480, max: 0.5761)
INFO:b1k.shared.eval_b1k_wrapper:🔧 Gripper variation: Compression disabled (mean: 0.3176, max: 0.6660)
INFO:b1k.shared.eval_b1k_wrapper:📊 Step 11100 | Task: 27 | Stage: 3/14 | Predictions: 555
INFO:b1k.shared.eval_b1k_wrapper:🔧 Gripper variation: Compression disabled (mean: 0.5048, max: 0.8248)
INFO:b1k.shared.eval_b1k_wrapper:🔧 Gripper variation: Compression disabled (mean: 0.3763, max: 0.6923)
INFO:b1k.shared.eval_b1k_wrapper:🔧 Gripper variation: Compression disabled (mean: 0.3342, max: 0.6090)
INFO:b1k.shared.eval_b1k_wrapper:🔧 Gripper variation: Compression disabled (mean: 0.3196, max: 0.3260)
INFO:b1k.shared.eval_b1k_wrapper:🔧 Gripper variation: Compression disabled (mean: 0.4951, max: 0.4845)
INFO:b1k.shared.eval_b1k_wrapper:🎯 Prediction #560 | Actions: uncompressed (20) | Inpainting: True
INFO:b1k.shared.eval_b1k_wrapper:📊 Step 11200 | Task: 27 | Stage: 3/14 | Predictions: 560
INFO:b1k.shared.eval_b1k_wrapper:🔧 Gripper variation: Compression disabled (mean: 0.4983, max: 0.8280)
INFO:b1k.shared.eval_b1k_wrapper:🔧 Gripper variation: Compression disabled (mean: 0.4957, max: 0.3736)
INFO:b1k.shared.eval_b1k_wrapper:🔧 Gripper variation: Compression disabled (mean: 0.1128, max: 0.5128)
INFO:b1k.shared.eval_b1k_wrapper:🔧 Gripper variation: Compression disabled (mean: 0.6410, max: 0.6602)
INFO:b1k.shared.eval_b1k_wrapper:🔧 Gripper variation: Compression disabled (mean: 0.3781, max: 0.6270)
INFO:b1k.shared.eval_b1k_wrapper:📊 Step 11300 | Task: 27 | Stage: 3/14 | Predictions: 565
INFO:b1k.shared.eval_b1k_wrapper:🔧 Gripper variation: Compression disabled (mean: 0.2633, max: 0.7770)
INFO:b1k.shared.eval_b1k_wrapper:🔧 Gripper variation: Compression disabled (mean: 0.4982, max: 0.9318)
INFO:b1k.shared.eval_b1k_wrapper:🔧 Gripper variation: Compression disabled (mean: 0.4282, max: 0.4982)
INFO:b1k.shared.eval_b1k_wrapper:🔧 Gripper variation: Compression disabled (mean: 0.7724, max: 0.5466)
INFO:b1k.shared.eval_b1k_wrapper:🔧 Gripper variation: Compression disabled (mean: 0.2402, max: 0.6873)
INFO:b1k.shared.eval_b1k_wrapper:🎯 Prediction #570 | Actions: uncompressed (20) | Inpainting: True
INFO:b1k.shared.eval_b1k_wrapper:📊 Step 11400 | Task: 27 | Stage: 3/14 | Predictions: 570
INFO:b1k.shared.eval_b1k_wrapper:🔧 Gripper variation: Compression disabled (mean: 0.5305, max: 0.5137)
INFO:b1k.shared.eval_b1k_wrapper:🔧 Gripper variation: Compression disabled (mean: 0.5687, max: 0.5119)
INFO:b1k.shared.eval_b1k_wrapper:🔧 Gripper variation: Compression disabled (mean: 0.2835, max: 0.9764)
INFO:b1k.shared.eval_b1k_wrapper:🔧 Gripper variation: Compression disabled (mean: 0.4819, max: 0.9314)
INFO:b1k.shared.eval_b1k_wrapper:🔧 Gripper variation: Compression disabled (mean: 0.2066, max: 0.7717)
INFO:b1k.shared.eval_b1k_wrapper:📊 Step 11500 | Task: 27 | Stage: 3/14 | Predictions: 575
INFO:b1k.shared.eval_b1k_wrapper:🔧 Gripper variation: Compression disabled (mean: 0.3360, max: 0.3765)
INFO:b1k.shared.eval_b1k_wrapper:🔧 Gripper variation: Compression disabled (mean: 0.4881, max: 0.8081)
INFO:b1k.shared.eval_b1k_wrapper:🔧 Gripper variation: Compression disabled (mean: 0.6784, max: 0.5641)
INFO:b1k.shared.eval_b1k_wrapper:🔧 Gripper variation: Compression disabled (mean: 0.2391, max: 0.4876)
INFO:b1k.shared.eval_b1k_wrapper:🔧 Gripper variation: Compression disabled (mean: 1.0106, max: 0.6203)
INFO:b1k.shared.eval_b1k_wrapper:🎯 Prediction #580 | Actions: uncompressed (20) | Inpainting: True
INFO:b1k.shared.eval_b1k_wrapper:📊 Step 11600 | Task: 27 | Stage: 3/14 | Predictions: 580
INFO:b1k.shared.eval_b1k_wrapper:🔧 Gripper variation: Compression disabled (mean: 0.4248, max: 0.4958)
INFO:b1k.shared.eval_b1k_wrapper:🔧 Gripper variation: Compression disabled (mean: 0.7161, max: 0.7341)
INFO:b1k.shared.eval_b1k_wrapper:🔧 Gripper variation: Compression disabled (mean: 0.5372, max: 0.8011)
INFO:b1k.shared.eval_b1k_wrapper:🔧 Gripper variation: Compression disabled (mean: 0.4344, max: 1.0884)
INFO:b1k.shared.eval_b1k_wrapper:🔧 Gripper variation: Compression disabled (mean: 0.2621, max: 0.5823)
INFO:b1k.shared.eval_b1k_wrapper:📊 Step 11700 | Task: 27 | Stage: 3/14 | Predictions: 585
INFO:b1k.shared.eval_b1k_wrapper:🔧 Gripper variation: Compression disabled (mean: 0.4956, max: 0.6416)
INFO:b1k.shared.eval_b1k_wrapper:🔧 Gripper variation: Compression disabled (mean: 0.5664, max: 0.4686)
INFO:b1k.shared.eval_b1k_wrapper:🔧 Gripper variation: Compression disabled (mean: 0.5857, max: 0.8719)
INFO:b1k.shared.eval_b1k_wrapper:🔧 Gripper variation: Compression disabled (mean: 0.7090, max: 0.6778)
INFO:b1k.shared.eval_b1k_wrapper:🔧 Gripper variation: Compression disabled (mean: 0.2782, max: 0.4911)
INFO:b1k.shared.eval_b1k_wrapper:🎯 Prediction #590 | Actions: uncompressed (20) | Inpainting: True
INFO:b1k.shared.eval_b1k_wrapper:📊 Step 11800 | Task: 27 | Stage: 3/14 | Predictions: 590
INFO:b1k.shared.eval_b1k_wrapper:🔧 Gripper variation: Compression disabled (mean: 0.5842, max: 0.5346)
INFO:b1k.shared.eval_b1k_wrapper:🔧 Gripper variation: Compression disabled (mean: 1.1441, max: 0.7750)
INFO:b1k.shared.eval_b1k_wrapper:🔧 Gripper variation: Compression disabled (mean: 0.2609, max: 0.4559)
INFO:b1k.shared.eval_b1k_wrapper:🔧 Gripper variation: Compression disabled (mean: 0.6206, max: 0.4577)
INFO:b1k.shared.eval_b1k_wrapper:🔧 Gripper variation: Compression disabled (mean: 0.6959, max: 0.5136)
INFO:b1k.shared.eval_b1k_wrapper:📊 Step 11900 | Task: 27 | Stage: 3/14 | Predictions: 595
INFO:b1k.shared.eval_b1k_wrapper:🔧 Gripper variation: Compression disabled (mean: 0.4273, max: 0.7485)
INFO:b1k.shared.eval_b1k_wrapper:🔧 Gripper variation: Compression disabled (mean: 0.4692, max: 0.5281)
INFO:b1k.shared.eval_b1k_wrapper:🔧 Gripper variation: Compression disabled (mean: 0.6997, max: 0.4664)
INFO:b1k.shared.eval_b1k_wrapper:🔧 Gripper variation: Compression disabled (mean: 0.4412, max: 0.5806)
INFO:b1k.shared.eval_b1k_wrapper:🔧 Gripper variation: Compression disabled (mean: 0.3888, max: 0.5233)
INFO:b1k.shared.eval_b1k_wrapper:🎯 Prediction #600 | Actions: uncompressed (20) | Inpainting: True
INFO:b1k.shared.eval_b1k_wrapper:📊 Step 12000 | Task: 27 | Stage: 3/14 | Predictions: 600
INFO:b1k.shared.eval_b1k_wrapper:🔧 Gripper variation: Compression disabled (mean: 0.4673, max: 0.4344)
INFO:b1k.shared.eval_b1k_wrapper:🔧 Gripper variation: Compression disabled (mean: 0.1407, max: 0.9072)
INFO:b1k.shared.eval_b1k_wrapper:🔧 Gripper variation: Compression disabled (mean: 0.3732, max: 0.5047)
INFO:b1k.shared.eval_b1k_wrapper:🔧 Gripper variation: Compression disabled (mean: 0.2438, max: 0.8181)
INFO:b1k.shared.eval_b1k_wrapper:🔧 Gripper variation: Compression disabled (mean: 0.2927, max: 0.7798)
INFO:b1k.shared.eval_b1k_wrapper:📊 Step 12100 | Task: 27 | Stage: 3/14 | Predictions: 605
INFO:b1k.shared.eval_b1k_wrapper:🔧 Gripper variation: Compression disabled (mean: 0.3715, max: 0.6641)
INFO:b1k.shared.eval_b1k_wrapper:🔧 Gripper variation: Compression disabled (mean: 0.2349, max: 0.5491)
INFO:b1k.shared.eval_b1k_wrapper:🔧 Gripper variation: Compression disabled (mean: 0.4081, max: 0.3435)
INFO:b1k.shared.eval_b1k_wrapper:🔧 Gripper variation: Compression disabled (mean: 0.7892, max: 0.5445)
INFO:b1k.shared.eval_b1k_wrapper:🔧 Gripper variation: Compression disabled (mean: 0.3591, max: 0.4128)
INFO:b1k.shared.eval_b1k_wrapper:🎯 Prediction #610 | Actions: uncompressed (20) | Inpainting: True
INFO:b1k.shared.eval_b1k_wrapper:📊 Step 12200 | Task: 27 | Stage: 3/14 | Predictions: 610
INFO:b1k.shared.eval_b1k_wrapper:🔧 Gripper variation: Compression disabled (mean: 0.1967, max: 0.6220)
INFO:b1k.shared.eval_b1k_wrapper:🔧 Gripper variation: Compression disabled (mean: 0.5457, max: 0.4991)
INFO:b1k.shared.eval_b1k_wrapper:🔧 Gripper variation: Compression disabled (mean: 0.3912, max: 0.4006)
INFO:b1k.shared.eval_b1k_wrapper:🔧 Gripper variation: Compression disabled (mean: 0.4224, max: 0.7717)
INFO:b1k.shared.eval_b1k_wrapper:🔧 Gripper variation: Compression disabled (mean: 0.5113, max: 0.8036)
INFO:b1k.shared.eval_b1k_wrapper:📊 Step 12300 | Task: 27 | Stage: 3/14 | Predictions: 615
INFO:b1k.shared.eval_b1k_wrapper:🔧 Gripper variation: Compression disabled (mean: 0.4956, max: 0.4421)
INFO:b1k.shared.eval_b1k_wrapper:🔧 Gripper variation: Compression disabled (mean: 0.3322, max: 0.3925)
INFO:b1k.shared.eval_b1k_wrapper:🔧 Gripper variation: Compression disabled (mean: 0.5238, max: 0.3737)
INFO:b1k.shared.eval_b1k_wrapper:🔧 Gripper variation: Compression disabled (mean: 0.6352, max: 1.0095)
INFO:b1k.shared.eval_b1k_wrapper:🔧 Gripper variation: Compression disabled (mean: 0.3695, max: 0.6620)
INFO:b1k.shared.eval_b1k_wrapper:🎯 Prediction #620 | Actions: uncompressed (20) | Inpainting: True
INFO:b1k.shared.eval_b1k_wrapper:📊 Step 12400 | Task: 27 | Stage: 3/14 | Predictions: 620
INFO:b1k.shared.eval_b1k_wrapper:🔧 Gripper variation: Compression disabled (mean: 0.4836, max: 0.5097)
INFO:b1k.shared.eval_b1k_wrapper:🔧 Gripper variation: Compression disabled (mean: 0.7251, max: 0.5216)
INFO:b1k.shared.eval_b1k_wrapper:🔧 Gripper variation: Compression disabled (mean: 0.3591, max: 0.8268)
INFO:b1k.shared.eval_b1k_wrapper:🔧 Gripper variation: Compression disabled (mean: 0.7919, max: 0.2440)
INFO:b1k.shared.eval_b1k_wrapper:🔧 Gripper variation: Compression disabled (mean: 0.5081, max: 0.8123)
INFO:b1k.shared.eval_b1k_wrapper:📊 Step 12500 | Task: 27 | Stage: 3/14 | Predictions: 625
INFO:b1k.shared.eval_b1k_wrapper:🔧 Gripper variation: Compression disabled (mean: 0.8218, max: 0.7258)
INFO:b1k.shared.eval_b1k_wrapper:🔧 Gripper variation: Compression disabled (mean: 0.9589, max: 0.5488)
INFO:b1k.shared.eval_b1k_wrapper:🔧 Gripper variation: Compression disabled (mean: 0.5019, max: 0.2272)
INFO:b1k.shared.eval_b1k_wrapper:🔧 Gripper variation: Compression disabled (mean: 0.3268, max: 0.9140)
INFO:b1k.shared.eval_b1k_wrapper:🔧 Gripper variation: Compression disabled (mean: 0.6089, max: 0.6764)
INFO:b1k.shared.eval_b1k_wrapper:🎯 Prediction #630 | Actions: uncompressed (20) | Inpainting: True
INFO:b1k.shared.eval_b1k_wrapper:📊 Step 12600 | Task: 27 | Stage: 3/14 | Predictions: 630
INFO:b1k.shared.eval_b1k_wrapper:🔧 Gripper variation: Compression disabled (mean: 0.3819, max: 0.4852)
INFO:b1k.shared.eval_b1k_wrapper:🔧 Gripper variation: Compression disabled (mean: 0.6593, max: 0.8769)
INFO:b1k.shared.eval_b1k_wrapper:🔧 Gripper variation: Compression disabled (mean: 0.2823, max: 0.3204)
INFO:b1k.shared.eval_b1k_wrapper:🔧 Gripper variation: Compression disabled (mean: 0.4918, max: 0.7716)
INFO:b1k.shared.eval_b1k_wrapper:🔧 Gripper variation: Compression disabled (mean: 0.4062, max: 0.3563)
INFO:b1k.shared.eval_b1k_wrapper:📊 Step 12700 | Task: 27 | Stage: 3/14 | Predictions: 635
INFO:b1k.shared.eval_b1k_wrapper:🔧 Gripper variation: Compression disabled (mean: 0.5581, max: 0.5646)
INFO:b1k.shared.eval_b1k_wrapper:🔧 Gripper variation: Compression disabled (mean: 0.4548, max: 0.5570)
INFO:b1k.shared.eval_b1k_wrapper:🔧 Gripper variation: Compression disabled (mean: 0.4858, max: 0.5892)
INFO:b1k.shared.eval_b1k_wrapper:🔧 Gripper variation: Compression disabled (mean: 0.7287, max: 0.3329)
INFO:b1k.shared.eval_b1k_wrapper:🔧 Gripper variation: Compression disabled (mean: 0.3205, max: 0.6089)
INFO:b1k.shared.eval_b1k_wrapper:🎯 Prediction #640 | Actions: uncompressed (20) | Inpainting: True
INFO:b1k.shared.eval_b1k_wrapper:📊 Step 12800 | Task: 27 | Stage: 3/14 | Predictions: 640
INFO:b1k.shared.eval_b1k_wrapper:🔧 Gripper variation: Compression disabled (mean: 0.1408, max: 0.5410)
INFO:b1k.shared.eval_b1k_wrapper:🔧 Gripper variation: Compression disabled (mean: 0.3985, max: 0.9577)
INFO:b1k.shared.eval_b1k_wrapper:🔧 Gripper variation: Compression disabled (mean: 0.2347, max: 0.2942)
INFO:b1k.shared.eval_b1k_wrapper:🔧 Gripper variation: Compression disabled (mean: 0.4417, max: 0.2517)
INFO:b1k.shared.eval_b1k_wrapper:🔧 Gripper variation: Compression disabled (mean: 0.5050, max: 0.7779)
INFO:b1k.shared.eval_b1k_wrapper:📊 Step 12900 | Task: 27 | Stage: 3/14 | Predictions: 645
INFO:b1k.shared.eval_b1k_wrapper:🔧 Gripper variation: Compression disabled (mean: 0.5400, max: 0.9753)
INFO:b1k.shared.eval_b1k_wrapper:🔧 Gripper variation: Compression disabled (mean: 0.3292, max: 0.5738)
INFO:b1k.shared.eval_b1k_wrapper:🔧 Gripper variation: Compression disabled (mean: 0.4000, max: 1.0837)
INFO:b1k.shared.eval_b1k_wrapper:🔧 Gripper variation: Compression disabled (mean: 0.2926, max: 0.5161)
INFO:b1k.shared.eval_b1k_wrapper:🔧 Gripper variation: Compression disabled (mean: 0.5696, max: 0.6246)
INFO:b1k.shared.eval_b1k_wrapper:🎯 Prediction #650 | Actions: uncompressed (20) | Inpainting: True
INFO:b1k.shared.eval_b1k_wrapper:📊 Step 13000 | Task: 27 | Stage: 3/14 | Predictions: 650
INFO:b1k.shared.eval_b1k_wrapper:🔧 Gripper variation: Compression disabled (mean: 0.5209, max: 0.9372)
INFO:b1k.shared.eval_b1k_wrapper:🔧 Gripper variation: Compression disabled (mean: 0.4308, max: 0.5241)
INFO:b1k.shared.eval_b1k_wrapper:🔧 Gripper variation: Compression disabled (mean: 0.3743, max: 0.4330)
INFO:b1k.shared.eval_b1k_wrapper:🔧 Gripper variation: Compression disabled (mean: 0.6934, max: 0.7982)
INFO:b1k.shared.eval_b1k_wrapper:🔧 Gripper variation: Compression disabled (mean: 0.7324, max: 0.4161)
INFO:b1k.shared.eval_b1k_wrapper:📊 Step 13100 | Task: 27 | Stage: 3/14 | Predictions: 655
INFO:b1k.shared.eval_b1k_wrapper:🔧 Gripper variation: Compression disabled (mean: 0.6800, max: 0.7955)
INFO:b1k.shared.eval_b1k_wrapper:🔧 Gripper variation: Compression disabled (mean: 0.3714, max: 0.3607)
INFO:b1k.shared.eval_b1k_wrapper:🔧 Gripper variation: Compression disabled (mean: 0.8783, max: 0.9617)
INFO:b1k.shared.eval_b1k_wrapper:🔧 Gripper variation: Compression disabled (mean: 0.2303, max: 0.2876)
INFO:b1k.shared.eval_b1k_wrapper:🔧 Gripper variation: Compression disabled (mean: 0.3830, max: 0.9617)
INFO:b1k.shared.eval_b1k_wrapper:🎯 Prediction #660 | Actions: uncompressed (20) | Inpainting: True
INFO:b1k.shared.eval_b1k_wrapper:📊 Step 13200 | Task: 27 | Stage: 3/14 | Predictions: 660
INFO:b1k.shared.eval_b1k_wrapper:🔧 Gripper variation: Compression disabled (mean: 0.5462, max: 0.5604)
INFO:b1k.shared.eval_b1k_wrapper:🔧 Gripper variation: Compression disabled (mean: 0.3347, max: 0.5323)
INFO:b1k.shared.eval_b1k_wrapper:🔧 Gripper variation: Compression disabled (mean: 0.3125, max: 0.3946)
INFO:b1k.shared.eval_b1k_wrapper:🔧 Gripper variation: Compression disabled (mean: 0.4230, max: 0.4501)
INFO:b1k.shared.eval_b1k_wrapper:🔧 Gripper variation: Compression disabled (mean: 0.4130, max: 0.4395)
INFO:b1k.shared.eval_b1k_wrapper:📊 Step 13300 | Task: 27 | Stage: 3/14 | Predictions: 665
INFO:b1k.shared.eval_b1k_wrapper:🔧 Gripper variation: Compression disabled (mean: 0.7555, max: 0.4126)
INFO:b1k.shared.eval_b1k_wrapper:🔧 Gripper variation: Compression disabled (mean: 0.4725, max: 0.5058)
INFO:b1k.shared.eval_b1k_wrapper:🔧 Gripper variation: Compression disabled (mean: 0.5329, max: 0.7205)
INFO:b1k.shared.eval_b1k_wrapper:🔧 Gripper variation: Compression disabled (mean: 0.4781, max: 0.3465)
INFO:b1k.shared.eval_b1k_wrapper:🔧 Gripper variation: Compression disabled (mean: 0.3252, max: 0.6065)
INFO:b1k.shared.eval_b1k_wrapper:🎯 Prediction #670 | Actions: uncompressed (20) | Inpainting: True
INFO:b1k.shared.eval_b1k_wrapper:📊 Step 13400 | Task: 27 | Stage: 3/14 | Predictions: 670
INFO:b1k.shared.eval_b1k_wrapper:🔧 Gripper variation: Compression disabled (mean: 0.3000, max: 1.0536)
INFO:b1k.shared.eval_b1k_wrapper:🔧 Gripper variation: Compression disabled (mean: 0.4184, max: 0.5709)
INFO:b1k.shared.eval_b1k_wrapper:🔧 Gripper variation: Compression disabled (mean: 0.2512, max: 0.5011)
INFO:b1k.shared.eval_b1k_wrapper:🔧 Gripper variation: Compression disabled (mean: 0.3067, max: 0.4431)
INFO:b1k.shared.eval_b1k_wrapper:🔧 Gripper variation: Compression disabled (mean: 0.6940, max: 0.8867)
INFO:b1k.shared.eval_b1k_wrapper:📊 Step 13500 | Task: 27 | Stage: 3/14 | Predictions: 675
INFO:b1k.shared.eval_b1k_wrapper:🔧 Gripper variation: Compression disabled (mean: 0.2523, max: 0.7332)
INFO:b1k.shared.eval_b1k_wrapper:🔧 Gripper variation: Compression disabled (mean: 0.6042, max: 0.2823)
INFO:b1k.shared.eval_b1k_wrapper:🔧 Gripper variation: Compression disabled (mean: 0.2162, max: 0.5074)
INFO:b1k.shared.eval_b1k_wrapper:🔧 Gripper variation: Compression disabled (mean: 0.4988, max: 0.7999)
INFO:b1k.shared.eval_b1k_wrapper:🔧 Gripper variation: Compression disabled (mean: 0.8312, max: 0.3302)
INFO:b1k.shared.eval_b1k_wrapper:🎯 Prediction #680 | Actions: uncompressed (20) | Inpainting: True
INFO:b1k.shared.eval_b1k_wrapper:📊 Step 13600 | Task: 27 | Stage: 3/14 | Predictions: 680
INFO:b1k.shared.eval_b1k_wrapper:🔧 Gripper variation: Compression disabled (mean: 0.4547, max: 0.7031)
INFO:b1k.shared.eval_b1k_wrapper:🔧 Gripper variation: Compression disabled (mean: 0.2983, max: 0.6060)
INFO:b1k.shared.eval_b1k_wrapper:🔧 Gripper variation: Compression disabled (mean: 0.5550, max: 0.3930)
INFO:b1k.shared.eval_b1k_wrapper:🔧 Gripper variation: Compression disabled (mean: 0.2903, max: 0.4375)
INFO:b1k.shared.eval_b1k_wrapper:🔧 Gripper variation: Compression disabled (mean: 0.3165, max: 0.6551)
INFO:b1k.shared.eval_b1k_wrapper:📊 Step 13700 | Task: 27 | Stage: 3/14 | Predictions: 685
INFO:b1k.shared.eval_b1k_wrapper:🔧 Gripper variation: Compression disabled (mean: 0.2988, max: 0.4414)
INFO:b1k.shared.eval_b1k_wrapper:🔧 Gripper variation: Compression disabled (mean: 0.1563, max: 0.4906)
INFO:b1k.shared.eval_b1k_wrapper:🔧 Gripper variation: Compression disabled (mean: 0.4991, max: 0.8529)
INFO:b1k.shared.eval_b1k_wrapper:🔧 Gripper variation: Compression disabled (mean: 0.3769, max: 0.9118)
INFO:b1k.shared.eval_b1k_wrapper:🔧 Gripper variation: Compression disabled (mean: 0.7172, max: 0.8554)
INFO:b1k.shared.eval_b1k_wrapper:🎯 Prediction #690 | Actions: uncompressed (20) | Inpainting: True
INFO:b1k.shared.eval_b1k_wrapper:📊 Step 13800 | Task: 27 | Stage: 3/14 | Predictions: 690
INFO:b1k.shared.eval_b1k_wrapper:🔧 Gripper variation: Compression disabled (mean: 0.6713, max: 0.3703)
INFO:b1k.shared.eval_b1k_wrapper:🔧 Gripper variation: Compression disabled (mean: 0.5625, max: 0.5803)
INFO:b1k.shared.eval_b1k_wrapper:🔧 Gripper variation: Compression disabled (mean: 0.4722, max: 0.8846)
INFO:b1k.shared.eval_b1k_wrapper:🔧 Gripper variation: Compression disabled (mean: 0.3052, max: 0.5796)
INFO:b1k.shared.eval_b1k_wrapper:🔧 Gripper variation: Compression disabled (mean: 0.7252, max: 0.7120)
INFO:b1k.shared.eval_b1k_wrapper:📊 Step 13900 | Task: 27 | Stage: 3/14 | Predictions: 695
INFO:b1k.shared.eval_b1k_wrapper:🔧 Gripper variation: Compression disabled (mean: 0.4217, max: 0.3581)
INFO:b1k.shared.eval_b1k_wrapper:🔧 Gripper variation: Compression disabled (mean: 0.5126, max: 0.3182)
INFO:b1k.shared.eval_b1k_wrapper:🔧 Gripper variation: Compression disabled (mean: 0.3218, max: 0.9230)
INFO:b1k.shared.eval_b1k_wrapper:🔧 Gripper variation: Compression disabled (mean: 0.4373, max: 0.7344)
INFO:b1k.shared.eval_b1k_wrapper:🔧 Gripper variation: Compression disabled (mean: 0.2004, max: 0.6350)
INFO:b1k.shared.eval_b1k_wrapper:🎯 Prediction #700 | Actions: uncompressed (20) | Inpainting: True
INFO:b1k.shared.eval_b1k_wrapper:📊 Step 14000 | Task: 27 | Stage: 3/14 | Predictions: 700
INFO:b1k.shared.eval_b1k_wrapper:🔧 Gripper variation: Compression disabled (mean: 0.6756, max: 0.7443)
INFO:b1k.shared.eval_b1k_wrapper:🔧 Gripper variation: Compression disabled (mean: 0.9313, max: 0.8590)
INFO:b1k.shared.eval_b1k_wrapper:🔧 Gripper variation: Compression disabled (mean: 0.6685, max: 0.5674)
INFO:b1k.shared.eval_b1k_wrapper:🔧 Gripper variation: Compression disabled (mean: 0.6721, max: 0.4773)
INFO:b1k.shared.eval_b1k_wrapper:🔧 Gripper variation: Compression disabled (mean: 0.4983, max: 0.6302)
INFO:b1k.shared.eval_b1k_wrapper:📊 Step 14100 | Task: 27 | Stage: 3/14 | Predictions: 705
INFO:b1k.shared.eval_b1k_wrapper:🔧 Gripper variation: Compression disabled (mean: 0.6110, max: 0.7757)
INFO:b1k.shared.eval_b1k_wrapper:🔧 Gripper variation: Compression disabled (mean: 0.7039, max: 0.5810)
INFO:b1k.shared.eval_b1k_wrapper:🔧 Gripper variation: Compression disabled (mean: 0.5024, max: 0.6609)
INFO:b1k.shared.eval_b1k_wrapper:🔧 Gripper variation: Compression disabled (mean: 0.7266, max: 0.6726)
INFO:b1k.shared.eval_b1k_wrapper:🔧 Gripper variation: Compression disabled (mean: 0.4945, max: 0.6142)
INFO:b1k.shared.eval_b1k_wrapper:🎯 Prediction #710 | Actions: uncompressed (20) | Inpainting: True
INFO:b1k.shared.eval_b1k_wrapper:📊 Step 14200 | Task: 27 | Stage: 3/14 | Predictions: 710
INFO:b1k.shared.eval_b1k_wrapper:🔧 Gripper variation: Compression disabled (mean: 0.5824, max: 0.6123)
INFO:b1k.shared.eval_b1k_wrapper:🔧 Gripper variation: Compression disabled (mean: 0.7751, max: 0.4486)
INFO:b1k.shared.eval_b1k_wrapper:🔧 Gripper variation: Compression disabled (mean: 0.3550, max: 0.7256)
INFO:b1k.shared.eval_b1k_wrapper:🔧 Gripper variation: Compression disabled (mean: 0.3695, max: 0.5739)
INFO:b1k.shared.eval_b1k_wrapper:🔧 Gripper variation: Compression disabled (mean: 0.2268, max: 0.4385)
INFO:b1k.shared.eval_b1k_wrapper:📊 Step 14300 | Task: 27 | Stage: 3/14 | Predictions: 715
INFO:b1k.shared.eval_b1k_wrapper:🔧 Gripper variation: Compression disabled (mean: 0.6607, max: 0.7510)
INFO:b1k.shared.eval_b1k_wrapper:🔧 Gripper variation: Compression disabled (mean: 0.5503, max: 0.5646)
INFO:b1k.shared.eval_b1k_wrapper:🔧 Gripper variation: Compression disabled (mean: 0.3900, max: 0.6239)
INFO:b1k.shared.eval_b1k_wrapper:🔧 Gripper variation: Compression disabled (mean: 0.2850, max: 0.8459)
INFO:b1k.shared.eval_b1k_wrapper:🔧 Gripper variation: Compression disabled (mean: 0.4926, max: 0.9331)
INFO:b1k.shared.eval_b1k_wrapper:🎯 Prediction #720 | Actions: uncompressed (20) | Inpainting: True
INFO:b1k.shared.eval_b1k_wrapper:📊 Step 14400 | Task: 27 | Stage: 3/14 | Predictions: 720
INFO:b1k.shared.eval_b1k_wrapper:🔧 Gripper variation: Compression disabled (mean: 0.6127, max: 0.5211)
INFO:b1k.shared.eval_b1k_wrapper:🔧 Gripper variation: Compression disabled (mean: 0.7334, max: 0.4902)
INFO:b1k.shared.eval_b1k_wrapper:🔧 Gripper variation: Compression disabled (mean: 0.4994, max: 0.8589)
INFO:b1k.shared.eval_b1k_wrapper:🔧 Gripper variation: Compression disabled (mean: 0.5386, max: 1.0384)
INFO:b1k.shared.eval_b1k_wrapper:🔧 Gripper variation: Compression disabled (mean: 0.5706, max: 0.5274)
INFO:b1k.shared.eval_b1k_wrapper:📊 Step 14500 | Task: 27 | Stage: 3/14 | Predictions: 725
INFO:b1k.shared.eval_b1k_wrapper:🔧 Gripper variation: Compression disabled (mean: 0.4383, max: 0.6936)
INFO:b1k.shared.eval_b1k_wrapper:🔧 Gripper variation: Compression disabled (mean: 0.5568, max: 0.4835)
INFO:b1k.shared.eval_b1k_wrapper:🔧 Gripper variation: Compression disabled (mean: 0.2032, max: 0.6690)
INFO:b1k.shared.eval_b1k_wrapper:🔧 Gripper variation: Compression disabled (mean: 0.5243, max: 0.4963)
INFO:b1k.shared.eval_b1k_wrapper:🔧 Gripper variation: Compression disabled (mean: 0.3798, max: 0.5254)
INFO:b1k.shared.eval_b1k_wrapper:🎯 Prediction #730 | Actions: uncompressed (20) | Inpainting: True
INFO:b1k.shared.eval_b1k_wrapper:📊 Step 14600 | Task: 27 | Stage: 3/14 | Predictions: 730
INFO:b1k.shared.eval_b1k_wrapper:🔧 Gripper variation: Compression disabled (mean: 0.5717, max: 0.5710)
INFO:b1k.shared.eval_b1k_wrapper:🔧 Gripper variation: Compression disabled (mean: 0.4030, max: 0.6674)
INFO:b1k.shared.eval_b1k_wrapper:🔧 Gripper variation: Compression disabled (mean: 0.1681, max: 0.6895)
INFO:b1k.shared.eval_b1k_wrapper:🔧 Gripper variation: Compression disabled (mean: 0.8785, max: 0.9130)
INFO:b1k.shared.eval_b1k_wrapper:🔧 Gripper variation: Compression disabled (mean: 0.4138, max: 0.8670)
INFO:b1k.shared.eval_b1k_wrapper:📊 Step 14700 | Task: 27 | Stage: 3/14 | Predictions: 735
INFO:b1k.shared.eval_b1k_wrapper:🔧 Gripper variation: Compression disabled (mean: 0.6704, max: 0.3959)
INFO:b1k.shared.eval_b1k_wrapper:🔧 Gripper variation: Compression disabled (mean: 0.3148, max: 0.4438)
INFO:b1k.shared.eval_b1k_wrapper:🔧 Gripper variation: Compression disabled (mean: 0.1469, max: 0.6406)
INFO:b1k.shared.eval_b1k_wrapper:🔧 Gripper variation: Compression disabled (mean: 0.7347, max: 0.4029)
INFO:b1k.shared.eval_b1k_wrapper:🔧 Gripper variation: Compression disabled (mean: 0.6574, max: 0.4529)
INFO:b1k.shared.eval_b1k_wrapper:🎯 Prediction #740 | Actions: uncompressed (20) | Inpainting: True
INFO:b1k.shared.eval_b1k_wrapper:📊 Step 14800 | Task: 27 | Stage: 3/14 | Predictions: 740
INFO:b1k.shared.eval_b1k_wrapper:🔧 Gripper variation: Compression disabled (mean: 0.2595, max: 0.3067)
INFO:b1k.shared.eval_b1k_wrapper:🔧 Gripper variation: Compression disabled (mean: 0.5867, max: 0.7491)
INFO:b1k.shared.eval_b1k_wrapper:🔧 Gripper variation: Compression disabled (mean: 0.9189, max: 0.4743)
INFO:b1k.shared.eval_b1k_wrapper:🔧 Gripper variation: Compression disabled (mean: 0.8072, max: 0.9809)
INFO:b1k.shared.eval_b1k_wrapper:🔧 Gripper variation: Compression disabled (mean: 0.5746, max: 1.1030)
INFO:b1k.shared.eval_b1k_wrapper:📊 Step 14900 | Task: 27 | Stage: 3/14 | Predictions: 745
INFO:b1k.shared.eval_b1k_wrapper:🔧 Gripper variation: Compression disabled (mean: 0.5037, max: 0.5005)
INFO:b1k.shared.eval_b1k_wrapper:🔧 Gripper variation: Compression disabled (mean: 0.6383, max: 0.7668)
INFO:b1k.shared.eval_b1k_wrapper:🔧 Gripper variation: Compression disabled (mean: 0.5738, max: 1.4311)
INFO:b1k.shared.eval_b1k_wrapper:🔧 Gripper variation: Compression disabled (mean: 0.5540, max: 0.4292)
INFO:b1k.shared.eval_b1k_wrapper:🔧 Gripper variation: Compression disabled (mean: 0.9035, max: 0.7679)
INFO:b1k.shared.eval_b1k_wrapper:🎯 Prediction #750 | Actions: uncompressed (20) | Inpainting: True
INFO:b1k.shared.eval_b1k_wrapper:📊 Step 15000 | Task: 27 | Stage: 3/14 | Predictions: 750
INFO:b1k.shared.eval_b1k_wrapper:🔧 Gripper variation: Compression disabled (mean: 0.6543, max: 0.7788)
INFO:b1k.shared.eval_b1k_wrapper:🔧 Gripper variation: Compression disabled (mean: 0.4084, max: 0.5090)
INFO:b1k.shared.eval_b1k_wrapper:🔧 Gripper variation: Compression disabled (mean: 0.3951, max: 0.7329)
INFO:b1k.shared.eval_b1k_wrapper:🔧 Gripper variation: Compression disabled (mean: 0.8829, max: 0.7632)
INFO:b1k.shared.eval_b1k_wrapper:🔧 Gripper variation: Compression disabled (mean: 0.2881, max: 0.4564)
INFO:b1k.shared.eval_b1k_wrapper:📊 Step 15100 | Task: 27 | Stage: 3/14 | Predictions: 755
INFO:b1k.shared.eval_b1k_wrapper:🔧 Gripper variation: Compression disabled (mean: 0.3824, max: 1.0966)
INFO:b1k.shared.eval_b1k_wrapper:🔧 Gripper variation: Compression disabled (mean: 0.5626, max: 0.5370)
INFO:b1k.shared.eval_b1k_wrapper:🔧 Gripper variation: Compression disabled (mean: 0.8733, max: 0.5023)
INFO:b1k.shared.eval_b1k_wrapper:🔧 Gripper variation: Compression disabled (mean: 0.4226, max: 0.5607)
INFO:b1k.shared.eval_b1k_wrapper:🔧 Gripper variation: Compression disabled (mean: 0.4994, max: 0.7172)
INFO:b1k.shared.eval_b1k_wrapper:🎯 Prediction #760 | Actions: uncompressed (20) | Inpainting: True
INFO:b1k.shared.eval_b1k_wrapper:📊 Step 15200 | Task: 27 | Stage: 3/14 | Predictions: 760
INFO:b1k.shared.eval_b1k_wrapper:🔧 Gripper variation: Compression disabled (mean: 0.6478, max: 0.9091)
INFO:b1k.shared.eval_b1k_wrapper:🔧 Gripper variation: Compression disabled (mean: 0.4998, max: 0.4782)
INFO:b1k.shared.eval_b1k_wrapper:🔧 Gripper variation: Compression disabled (mean: 0.6732, max: 0.5779)
INFO:b1k.shared.eval_b1k_wrapper:🔧 Gripper variation: Compression disabled (mean: 0.9880, max: 0.3394)
INFO:b1k.shared.eval_b1k_wrapper:🔧 Gripper variation: Compression disabled (mean: 0.6573, max: 0.3878)
INFO:b1k.shared.eval_b1k_wrapper:📊 Step 15300 | Task: 27 | Stage: 3/14 | Predictions: 765
INFO:b1k.shared.eval_b1k_wrapper:🎯 Prediction #770 | Actions: compressed 26→20 | Inpainting: True
INFO:b1k.shared.eval_b1k_wrapper:📊 Step 15400 | Task: 27 | Stage: 3/14 | Predictions: 770
INFO:b1k.shared.eval_b1k_wrapper:📊 Step 15500 | Task: 27 | Stage: 3/14 | Predictions: 775
INFO:b1k.shared.eval_b1k_wrapper:⬆️  Stage advanced: 3 → 4 (task 27, step 15560)
INFO:b1k.shared.eval_b1k_wrapper:🎯 Prediction #780 | Actions: compressed 26→20 | Inpainting: True
INFO:b1k.shared.eval_b1k_wrapper:📊 Step 15600 | Task: 27 | Stage: 4/14 | Predictions: 780
INFO:b1k.shared.eval_b1k_wrapper:📊 Step 15700 | Task: 27 | Stage: 4/14 | Predictions: 785
INFO:b1k.shared.eval_b1k_wrapper:⬅️  Stage went back: 4 → 3 (task 27, step 15740)
INFO:b1k.shared.eval_b1k_wrapper:🎯 Prediction #790 | Actions: compressed 26→20 | Inpainting: True
INFO:b1k.shared.eval_b1k_wrapper:📊 Step 15800 | Task: 27 | Stage: 3/14 | Predictions: 790
INFO:b1k.shared.eval_b1k_wrapper:📊 Step 15900 | Task: 27 | Stage: 3/14 | Predictions: 795
INFO:b1k.shared.eval_b1k_wrapper:🎯 Prediction #800 | Actions: compressed 26→20 | Inpainting: True
INFO:b1k.shared.eval_b1k_wrapper:📊 Step 16000 | Task: 27 | Stage: 3/14 | Predictions: 800
INFO:b1k.shared.eval_b1k_wrapper:📊 Step 16100 | Task: 27 | Stage: 3/14 | Predictions: 805
INFO:b1k.shared.eval_b1k_wrapper:🎯 Prediction #810 | Actions: compressed 26→20 | Inpainting: True
INFO:b1k.shared.eval_b1k_wrapper:📊 Step 16200 | Task: 27 | Stage: 3/14 | Predictions: 810
INFO:b1k.shared.eval_b1k_wrapper:📊 Step 16300 | Task: 27 | Stage: 3/14 | Predictions: 815
INFO:b1k.shared.eval_b1k_wrapper:🎯 Prediction #820 | Actions: compressed 26→20 | Inpainting: True
INFO:b1k.shared.eval_b1k_wrapper:📊 Step 16400 | Task: 27 | Stage: 3/14 | Predictions: 820
INFO:b1k.shared.eval_b1k_wrapper:📊 Step 16500 | Task: 27 | Stage: 3/14 | Predictions: 825
INFO:b1k.shared.eval_b1k_wrapper:🎯 Prediction #830 | Actions: compressed 26→20 | Inpainting: True
INFO:b1k.shared.eval_b1k_wrapper:📊 Step 16600 | Task: 27 | Stage: 3/14 | Predictions: 830
INFO:b1k.shared.eval_b1k_wrapper:📊 Step 16700 | Task: 27 | Stage: 3/14 | Predictions: 835
INFO:b1k.shared.eval_b1k_wrapper:🎯 Prediction #840 | Actions: compressed 26→20 | Inpainting: True
INFO:b1k.shared.eval_b1k_wrapper:📊 Step 16800 | Task: 27 | Stage: 3/14 | Predictions: 840
INFO:b1k.shared.eval_b1k_wrapper:📊 Step 16900 | Task: 27 | Stage: 3/14 | Predictions: 845
INFO:b1k.shared.eval_b1k_wrapper:🎯 Prediction #850 | Actions: compressed 26→20 | Inpainting: True
INFO:b1k.shared.eval_b1k_wrapper:📊 Step 17000 | Task: 27 | Stage: 3/14 | Predictions: 850
INFO:b1k.shared.eval_b1k_wrapper:📊 Step 17100 | Task: 27 | Stage: 3/14 | Predictions: 855
INFO:b1k.shared.eval_b1k_wrapper:🎯 Prediction #860 | Actions: compressed 26→20 | Inpainting: True
INFO:b1k.shared.eval_b1k_wrapper:📊 Step 17200 | Task: 27 | Stage: 3/14 | Predictions: 860
INFO:b1k.shared.eval_b1k_wrapper:📊 Step 17300 | Task: 27 | Stage: 3/14 | Predictions: 865
INFO:b1k.shared.eval_b1k_wrapper:🎯 Prediction #870 | Actions: compressed 26→20 | Inpainting: True
INFO:b1k.shared.eval_b1k_wrapper:📊 Step 17400 | Task: 27 | Stage: 3/14 | Predictions: 870
INFO:b1k.shared.eval_b1k_wrapper:📊 Step 17500 | Task: 27 | Stage: 3/14 | Predictions: 875
INFO:b1k.shared.eval_b1k_wrapper:🔧 Gripper variation: Compression disabled (mean: 0.3152, max: 0.2839)
INFO:b1k.shared.eval_b1k_wrapper:🎯 Prediction #880 | Actions: compressed 26→20 | Inpainting: True
INFO:b1k.shared.eval_b1k_wrapper:📊 Step 17600 | Task: 27 | Stage: 3/14 | Predictions: 880
INFO:b1k.shared.eval_b1k_wrapper:📊 Step 17700 | Task: 27 | Stage: 3/14 | Predictions: 885
INFO:b1k.shared.eval_b1k_wrapper:🎯 Prediction #890 | Actions: compressed 26→20 | Inpainting: True
INFO:b1k.shared.eval_b1k_wrapper:📊 Step 17800 | Task: 27 | Stage: 3/14 | Predictions: 890
INFO:b1k.shared.eval_b1k_wrapper:📊 Step 17900 | Task: 27 | Stage: 3/14 | Predictions: 895
INFO:b1k.shared.eval_b1k_wrapper:🔧 Gripper variation: Compression disabled (mean: 0.0106, max: 1.9902)
INFO:b1k.shared.eval_b1k_wrapper:🎯 Prediction #900 | Actions: compressed 26→20 | Inpainting: True
INFO:b1k.shared.eval_b1k_wrapper:📊 Step 18000 | Task: 27 | Stage: 3/14 | Predictions: 900
INFO:b1k.shared.eval_b1k_wrapper:📊 Step 18100 | Task: 27 | Stage: 3/14 | Predictions: 905
INFO:b1k.shared.eval_b1k_wrapper:🎯 Prediction #910 | Actions: compressed 26→20 | Inpainting: True
INFO:b1k.shared.eval_b1k_wrapper:📊 Step 18200 | Task: 27 | Stage: 3/14 | Predictions: 910
INFO:b1k.shared.eval_b1k_wrapper:📊 Step 18300 | Task: 27 | Stage: 3/14 | Predictions: 915
INFO:b1k.shared.eval_b1k_wrapper:🎯 Prediction #920 | Actions: compressed 26→20 | Inpainting: True
INFO:b1k.shared.eval_b1k_wrapper:📊 Step 18400 | Task: 27 | Stage: 3/14 | Predictions: 920
INFO:b1k.shared.eval_b1k_wrapper:📊 Step 18500 | Task: 27 | Stage: 3/14 | Predictions: 925
INFO:b1k.shared.eval_b1k_wrapper:🎯 Prediction #930 | Actions: compressed 26→20 | Inpainting: True
INFO:b1k.shared.eval_b1k_wrapper:📊 Step 18600 | Task: 27 | Stage: 3/14 | Predictions: 930
INFO:b1k.shared.eval_b1k_wrapper:📊 Step 18700 | Task: 27 | Stage: 3/14 | Predictions: 935
INFO:b1k.shared.eval_b1k_wrapper:🎯 Prediction #940 | Actions: compressed 26→20 | Inpainting: True
INFO:b1k.shared.eval_b1k_wrapper:📊 Step 18800 | Task: 27 | Stage: 3/14 | Predictions: 940
INFO:b1k.shared.eval_b1k_wrapper:📊 Step 18900 | Task: 27 | Stage: 3/14 | Predictions: 945
INFO:b1k.shared.eval_b1k_wrapper:🎯 Prediction #950 | Actions: compressed 26→20 | Inpainting: True
INFO:b1k.shared.eval_b1k_wrapper:📊 Step 19000 | Task: 27 | Stage: 3/14 | Predictions: 950
INFO:b1k.shared.eval_b1k_wrapper:📊 Step 19100 | Task: 27 | Stage: 3/14 | Predictions: 955
INFO:b1k.shared.eval_b1k_wrapper:🎯 Prediction #960 | Actions: compressed 26→20 | Inpainting: True
INFO:b1k.shared.eval_b1k_wrapper:📊 Step 19200 | Task: 27 | Stage: 3/14 | Predictions: 960
INFO:b1k.shared.eval_b1k_wrapper:📊 Step 19300 | Task: 27 | Stage: 3/14 | Predictions: 965
INFO:b1k.shared.eval_b1k_wrapper:🎯 Prediction #970 | Actions: compressed 26→20 | Inpainting: True
INFO:b1k.shared.eval_b1k_wrapper:📊 Step 19400 | Task: 27 | Stage: 3/14 | Predictions: 970
INFO:b1k.shared.eval_b1k_wrapper:📊 Step 19500 | Task: 27 | Stage: 3/14 | Predictions: 975
INFO:b1k.shared.eval_b1k_wrapper:🎯 Prediction #980 | Actions: compressed 26→20 | Inpainting: True
INFO:b1k.shared.eval_b1k_wrapper:📊 Step 19600 | Task: 27 | Stage: 3/14 | Predictions: 980
INFO:b1k.shared.eval_b1k_wrapper:📊 Step 19700 | Task: 27 | Stage: 3/14 | Predictions: 985
INFO:b1k.shared.eval_b1k_wrapper:🔧 Gripper variation: Compression disabled (mean: 0.1663, max: 0.8470)
INFO:b1k.shared.eval_b1k_wrapper:🔧 Gripper variation: Compression disabled (mean: 0.4518, max: 1.0073)
INFO:b1k.shared.eval_b1k_wrapper:🔧 Gripper variation: Compression disabled (mean: 0.3635, max: 1.0825)
INFO:b1k.shared.eval_b1k_wrapper:⬆️  Stage advanced: 3 → 4 (task 27, step 19760)
INFO:b1k.shared.eval_b1k_wrapper:🔧 Gripper variation: Compression disabled (mean: 0.7523, max: 1.2219)
INFO:b1k.shared.eval_b1k_wrapper:🎯 Prediction #990 | Actions: uncompressed (20) | Inpainting: True
INFO:b1k.shared.eval_b1k_wrapper:📊 Step 19800 | Task: 27 | Stage: 4/14 | Predictions: 990
INFO:b1k.shared.eval_b1k_wrapper:🔧 Gripper variation: Compression disabled (mean: 0.3311, max: 0.9861)
INFO:b1k.shared.eval_b1k_wrapper:🔧 Gripper variation: Compression disabled (mean: 0.6987, max: 0.9532)
INFO:b1k.shared.eval_b1k_wrapper:🔧 Gripper variation: Compression disabled (mean: 0.4330, max: 1.0177)
INFO:b1k.shared.eval_b1k_wrapper:🔧 Gripper variation: Compression disabled (mean: 0.4769, max: 1.2037)
INFO:b1k.shared.eval_b1k_wrapper:🔧 Gripper variation: Compression disabled (mean: 0.3737, max: 1.1321)
INFO:b1k.shared.eval_b1k_wrapper:📊 Step 19900 | Task: 27 | Stage: 4/14 | Predictions: 995
INFO:b1k.shared.eval_b1k_wrapper:🔧 Gripper variation: Compression disabled (mean: 0.5373, max: 0.7819)
INFO:b1k.shared.eval_b1k_wrapper:🔧 Gripper variation: Compression disabled (mean: 0.4348, max: 0.6812)
INFO:b1k.shared.eval_b1k_wrapper:🔧 Gripper variation: Compression disabled (mean: 0.2022, max: 0.2966)
INFO:b1k.shared.eval_b1k_wrapper:🔧 Gripper variation: Compression disabled (mean: 0.8571, max: 0.9640)
INFO:b1k.shared.eval_b1k_wrapper:🔧 Gripper variation: Compression disabled (mean: 0.1115, max: 0.8797)
INFO:b1k.shared.eval_b1k_wrapper:🎯 Prediction #1000 | Actions: uncompressed (20) | Inpainting: True
INFO:b1k.shared.eval_b1k_wrapper:📊 Step 20000 | Task: 27 | Stage: 4/14 | Predictions: 1000
INFO:b1k.shared.eval_b1k_wrapper:🔧 Gripper variation: Compression disabled (mean: 0.9034, max: 0.9301)
INFO:b1k.shared.eval_b1k_wrapper:🔧 Gripper variation: Compression disabled (mean: 0.5761, max: 0.7970)
INFO:b1k.shared.eval_b1k_wrapper:🔧 Gripper variation: Compression disabled (mean: 0.6344, max: 0.9267)
INFO:b1k.shared.eval_b1k_wrapper:🔧 Gripper variation: Compression disabled (mean: 0.1801, max: 0.6198)
INFO:b1k.shared.eval_b1k_wrapper:⬅️  Stage went back: 4 → 3 (task 27, step 20060)
INFO:b1k.shared.eval_b1k_wrapper:🔧 Gripper variation: Compression disabled (mean: 0.1254, max: 1.1038)
INFO:b1k.shared.eval_b1k_wrapper:📊 Step 20100 | Task: 27 | Stage: 3/14 | Predictions: 1005
INFO:b1k.shared.eval_b1k_wrapper:🔧 Gripper variation: Compression disabled (mean: 0.4213, max: 1.0820)
INFO:b1k.shared.eval_b1k_wrapper:🔧 Gripper variation: Compression disabled (mean: 0.5707, max: 0.9435)
INFO:b1k.shared.eval_b1k_wrapper:⬆️  Stage advanced: 3 → 4 (task 27, step 20120)
INFO:b1k.shared.eval_b1k_wrapper:🔧 Gripper variation: Compression disabled (mean: 0.8668, max: 0.5901)
INFO:b1k.shared.eval_b1k_wrapper:🔧 Gripper variation: Compression disabled (mean: 0.3017, max: 0.8078)
INFO:b1k.shared.eval_b1k_wrapper:🔧 Gripper variation: Compression disabled (mean: 0.4767, max: 1.0851)
INFO:b1k.shared.eval_b1k_wrapper:🎯 Prediction #1010 | Actions: uncompressed (20) | Inpainting: True
INFO:b1k.shared.eval_b1k_wrapper:📊 Step 20200 | Task: 27 | Stage: 4/14 | Predictions: 1010
INFO:b1k.shared.eval_b1k_wrapper:🔧 Gripper variation: Compression disabled (mean: 0.7303, max: 0.7704)
INFO:b1k.shared.eval_b1k_wrapper:🔧 Gripper variation: Compression disabled (mean: 0.3479, max: 0.7753)
INFO:b1k.shared.eval_b1k_wrapper:🔧 Gripper variation: Compression disabled (mean: 0.6790, max: 0.7688)
INFO:b1k.shared.eval_b1k_wrapper:🔧 Gripper variation: Compression disabled (mean: 0.5419, max: 0.8699)
INFO:b1k.shared.eval_b1k_wrapper:🔧 Gripper variation: Compression disabled (mean: 0.3636, max: 0.8813)
INFO:b1k.shared.eval_b1k_wrapper:📊 Step 20300 | Task: 27 | Stage: 4/14 | Predictions: 1015
INFO:b1k.shared.eval_b1k_wrapper:🔧 Gripper variation: Compression disabled (mean: 0.6086, max: 0.8816)
INFO:b1k.shared.eval_b1k_wrapper:🔧 Gripper variation: Compression disabled (mean: 0.5179, max: 1.2824)
INFO:b1k.shared.eval_b1k_wrapper:🔧 Gripper variation: Compression disabled (mean: 0.4642, max: 1.0610)
INFO:b1k.shared.eval_b1k_wrapper:🔧 Gripper variation: Compression disabled (mean: 0.4161, max: 0.9331)
INFO:b1k.shared.eval_b1k_wrapper:🔧 Gripper variation: Compression disabled (mean: 0.3190, max: 0.6706)
INFO:b1k.shared.eval_b1k_wrapper:🎯 Prediction #1020 | Actions: uncompressed (20) | Inpainting: True
INFO:b1k.shared.eval_b1k_wrapper:⬅️  Stage went back: 4 → 3 (task 27, step 20380)
INFO:b1k.shared.eval_b1k_wrapper:📊 Step 20400 | Task: 27 | Stage: 3/14 | Predictions: 1020
INFO:b1k.shared.eval_b1k_wrapper:🔧 Gripper variation: Compression disabled (mean: 0.7715, max: 0.9593)
INFO:b1k.shared.eval_b1k_wrapper:🔧 Gripper variation: Compression disabled (mean: 0.7767, max: 1.0447)
INFO:b1k.shared.eval_b1k_wrapper:🔧 Gripper variation: Compression disabled (mean: 0.0899, max: 1.1021)
INFO:b1k.shared.eval_b1k_wrapper:🔧 Gripper variation: Compression disabled (mean: 0.6501, max: 1.1890)
INFO:b1k.shared.eval_b1k_wrapper:🔧 Gripper variation: Compression disabled (mean: 0.2197, max: 0.5219)
INFO:b1k.shared.eval_b1k_wrapper:📊 Step 20500 | Task: 27 | Stage: 3/14 | Predictions: 1025
INFO:b1k.shared.eval_b1k_wrapper:🔧 Gripper variation: Compression disabled (mean: 0.3206, max: 0.8370)
INFO:b1k.shared.eval_b1k_wrapper:⬅️  Stage went back: 3 → 2 (task 27, step 20500)
INFO:b1k.shared.eval_b1k_wrapper:🔧 Gripper variation: Compression disabled (mean: 0.4871, max: 0.7587)
INFO:b1k.shared.eval_b1k_wrapper:🔧 Gripper variation: Compression disabled (mean: 0.4156, max: 0.5496)
INFO:b1k.shared.eval_b1k_wrapper:🔧 Gripper variation: Compression disabled (mean: 0.3630, max: 1.1764)
INFO:b1k.shared.eval_b1k_wrapper:🔧 Gripper variation: Compression disabled (mean: 0.5676, max: 0.8930)
INFO:b1k.shared.eval_b1k_wrapper:🎯 Prediction #1030 | Actions: uncompressed (20) | Inpainting: True
INFO:b1k.shared.eval_b1k_wrapper:📊 Step 20600 | Task: 27 | Stage: 2/14 | Predictions: 1030
INFO:b1k.shared.eval_b1k_wrapper:🔧 Gripper variation: Compression disabled (mean: 0.3995, max: 0.6098)
INFO:b1k.shared.eval_b1k_wrapper:🔧 Gripper variation: Compression disabled (mean: 0.1636, max: 1.1168)
INFO:b1k.shared.eval_b1k_wrapper:🔧 Gripper variation: Compression disabled (mean: 0.4586, max: 0.8222)
INFO:b1k.shared.eval_b1k_wrapper:🔧 Gripper variation: Compression disabled (mean: 0.5980, max: 0.7014)
INFO:b1k.shared.eval_b1k_wrapper:🔧 Gripper variation: Compression disabled (mean: 0.1188, max: 0.9342)
INFO:b1k.shared.eval_b1k_wrapper:📊 Step 20700 | Task: 27 | Stage: 2/14 | Predictions: 1035
INFO:b1k.shared.eval_b1k_wrapper:🔧 Gripper variation: Compression disabled (mean: 0.5842, max: 1.4192)
INFO:b1k.shared.eval_b1k_wrapper:🔧 Gripper variation: Compression disabled (mean: 0.5742, max: 1.1512)
INFO:b1k.shared.eval_b1k_wrapper:⬆️  Stage advanced: 2 → 3 (task 27, step 20720)
INFO:b1k.shared.eval_b1k_wrapper:🔧 Gripper variation: Compression disabled (mean: 0.9731, max: 1.1851)
INFO:b1k.shared.eval_b1k_wrapper:🔧 Gripper variation: Compression disabled (mean: 0.6495, max: 0.6821)
INFO:b1k.shared.eval_b1k_wrapper:🔧 Gripper variation: Compression disabled (mean: 0.6143, max: 0.9067)
INFO:b1k.shared.eval_b1k_wrapper:🎯 Prediction #1040 | Actions: uncompressed (20) | Inpainting: True
INFO:b1k.shared.eval_b1k_wrapper:📊 Step 20800 | Task: 27 | Stage: 3/14 | Predictions: 1040
INFO:b1k.shared.eval_b1k_wrapper:🔧 Gripper variation: Compression disabled (mean: 0.3971, max: 0.9576)
INFO:b1k.shared.eval_b1k_wrapper:🔧 Gripper variation: Compression disabled (mean: 0.2353, max: 0.7318)
INFO:b1k.shared.eval_b1k_wrapper:🔧 Gripper variation: Compression disabled (mean: 0.3442, max: 1.0644)
INFO:b1k.shared.eval_b1k_wrapper:🔧 Gripper variation: Compression disabled (mean: 0.3574, max: 0.9774)
INFO:b1k.shared.eval_b1k_wrapper:🔧 Gripper variation: Compression disabled (mean: 0.4924, max: 0.5053)
INFO:b1k.shared.eval_b1k_wrapper:📊 Step 20900 | Task: 27 | Stage: 3/14 | Predictions: 1045
INFO:b1k.shared.eval_b1k_wrapper:🔧 Gripper variation: Compression disabled (mean: 0.7464, max: 0.8871)
INFO:b1k.shared.eval_b1k_wrapper:🔧 Gripper variation: Compression disabled (mean: 0.3751, max: 1.3126)
INFO:b1k.shared.eval_b1k_wrapper:🔧 Gripper variation: Compression disabled (mean: 0.3146, max: 0.6912)
INFO:b1k.shared.eval_b1k_wrapper:🔧 Gripper variation: Compression disabled (mean: 0.2952, max: 0.4098)
INFO:b1k.shared.eval_b1k_wrapper:🔧 Gripper variation: Compression disabled (mean: 0.4345, max: 0.8326)
INFO:b1k.shared.eval_b1k_wrapper:🎯 Prediction #1050 | Actions: uncompressed (20) | Inpainting: True
INFO:b1k.shared.eval_b1k_wrapper:📊 Step 21000 | Task: 27 | Stage: 3/14 | Predictions: 1050
INFO:b1k.shared.eval_b1k_wrapper:🔧 Gripper variation: Compression disabled (mean: 0.6687, max: 0.8857)
INFO:b1k.shared.eval_b1k_wrapper:🔧 Gripper variation: Compression disabled (mean: 0.2746, max: 0.5847)
INFO:b1k.shared.eval_b1k_wrapper:⬆️  Stage advanced: 3 → 4 (task 27, step 21020)
INFO:b1k.shared.eval_b1k_wrapper:🔧 Gripper variation: Compression disabled (mean: 0.5056, max: 0.9953)
INFO:b1k.shared.eval_b1k_wrapper:🔧 Gripper variation: Compression disabled (mean: 0.9142, max: 1.1272)
INFO:b1k.shared.eval_b1k_wrapper:🔧 Gripper variation: Compression disabled (mean: 0.5149, max: 0.9415)
INFO:b1k.shared.eval_b1k_wrapper:📊 Step 21100 | Task: 27 | Stage: 4/14 | Predictions: 1055
INFO:b1k.shared.eval_b1k_wrapper:🔧 Gripper variation: Compression disabled (mean: 0.3134, max: 0.9642)
INFO:b1k.shared.eval_b1k_wrapper:🔧 Gripper variation: Compression disabled (mean: 0.3796, max: 0.6664)
INFO:b1k.shared.eval_b1k_wrapper:⬆️  Stage advanced: 4 → 5 (task 27, step 21120)
INFO:b1k.shared.eval_b1k_wrapper:🔧 Gripper variation: Compression disabled (mean: 0.2637, max: 0.8176)
INFO:b1k.shared.eval_b1k_wrapper:🔧 Gripper variation: Compression disabled (mean: 0.5245, max: 0.6081)
INFO:b1k.shared.eval_b1k_wrapper:🔧 Gripper variation: Compression disabled (mean: 0.6992, max: 1.1840)
INFO:b1k.shared.eval_b1k_wrapper:🎯 Prediction #1060 | Actions: uncompressed (20) | Inpainting: True
INFO:b1k.shared.eval_b1k_wrapper:📊 Step 21200 | Task: 27 | Stage: 5/14 | Predictions: 1060
INFO:b1k.shared.eval_b1k_wrapper:🔧 Gripper variation: Compression disabled (mean: 0.5393, max: 0.6652)
INFO:b1k.shared.eval_b1k_wrapper:🔧 Gripper variation: Compression disabled (mean: 0.3215, max: 0.7494)
INFO:b1k.shared.eval_b1k_wrapper:🔧 Gripper variation: Compression disabled (mean: 0.5227, max: 1.0635)
INFO:b1k.shared.eval_b1k_wrapper:🔧 Gripper variation: Compression disabled (mean: 0.5534, max: 0.6786)
INFO:b1k.shared.eval_b1k_wrapper:🔧 Gripper variation: Compression disabled (mean: 0.3331, max: 0.4622)
INFO:b1k.shared.eval_b1k_wrapper:⬅️  Stage went back: 5 → 4 (task 27, step 21280)
INFO:b1k.shared.eval_b1k_wrapper:📊 Step 21300 | Task: 27 | Stage: 4/14 | Predictions: 1065
INFO:b1k.shared.eval_b1k_wrapper:🔧 Gripper variation: Compression disabled (mean: 0.3340, max: 1.1255)
INFO:b1k.shared.eval_b1k_wrapper:🔧 Gripper variation: Compression disabled (mean: 0.4256, max: 0.4294)
INFO:b1k.shared.eval_b1k_wrapper:🔧 Gripper variation: Compression disabled (mean: 0.4634, max: 1.1621)
INFO:b1k.shared.eval_b1k_wrapper:🔧 Gripper variation: Compression disabled (mean: 0.8810, max: 0.9043)
INFO:b1k.shared.eval_b1k_wrapper:🔧 Gripper variation: Compression disabled (mean: 0.4968, max: 0.6541)
INFO:b1k.shared.eval_b1k_wrapper:🎯 Prediction #1070 | Actions: uncompressed (20) | Inpainting: True
INFO:b1k.shared.eval_b1k_wrapper:📊 Step 21400 | Task: 27 | Stage: 4/14 | Predictions: 1070
INFO:b1k.shared.eval_b1k_wrapper:🔧 Gripper variation: Compression disabled (mean: 0.2338, max: 1.0243)
INFO:b1k.shared.eval_b1k_wrapper:🔧 Gripper variation: Compression disabled (mean: 0.1507, max: 0.7139)
INFO:b1k.shared.eval_b1k_wrapper:🔧 Gripper variation: Compression disabled (mean: 0.6264, max: 0.8051)
INFO:b1k.shared.eval_b1k_wrapper:🔧 Gripper variation: Compression disabled (mean: 0.3503, max: 1.0357)
INFO:b1k.shared.eval_b1k_wrapper:🔧 Gripper variation: Compression disabled (mean: 0.6248, max: 0.9765)
INFO:b1k.shared.eval_b1k_wrapper:📊 Step 21500 | Task: 27 | Stage: 4/14 | Predictions: 1075
INFO:b1k.shared.eval_b1k_wrapper:🔧 Gripper variation: Compression disabled (mean: 0.5358, max: 0.9278)
INFO:b1k.shared.eval_b1k_wrapper:🔧 Gripper variation: Compression disabled (mean: 0.4084, max: 1.0037)
INFO:b1k.shared.eval_b1k_wrapper:🔧 Gripper variation: Compression disabled (mean: 0.3178, max: 0.6450)
INFO:b1k.shared.eval_b1k_wrapper:🔧 Gripper variation: Compression disabled (mean: 0.1957, max: 0.9607)
INFO:b1k.shared.eval_b1k_wrapper:🔧 Gripper variation: Compression disabled (mean: 0.7117, max: 1.2244)
INFO:b1k.shared.eval_b1k_wrapper:🎯 Prediction #1080 | Actions: uncompressed (20) | Inpainting: True
INFO:b1k.shared.eval_b1k_wrapper:📊 Step 21600 | Task: 27 | Stage: 4/14 | Predictions: 1080
INFO:b1k.shared.eval_b1k_wrapper:🔧 Gripper variation: Compression disabled (mean: 0.2682, max: 0.8706)
INFO:b1k.shared.eval_b1k_wrapper:🔧 Gripper variation: Compression disabled (mean: 0.2411, max: 0.5212)
INFO:b1k.shared.eval_b1k_wrapper:🔧 Gripper variation: Compression disabled (mean: 0.4774, max: 0.9103)
INFO:b1k.shared.eval_b1k_wrapper:🔧 Gripper variation: Compression disabled (mean: 0.1895, max: 1.0077)
INFO:b1k.shared.eval_b1k_wrapper:🔧 Gripper variation: Compression disabled (mean: 0.7523, max: 0.7521)
INFO:b1k.shared.eval_b1k_wrapper:📊 Step 21700 | Task: 27 | Stage: 4/14 | Predictions: 1085
INFO:b1k.shared.eval_b1k_wrapper:🔧 Gripper variation: Compression disabled (mean: 0.5474, max: 0.8008)
INFO:b1k.shared.eval_b1k_wrapper:🔧 Gripper variation: Compression disabled (mean: 0.3223, max: 0.8236)
INFO:b1k.shared.eval_b1k_wrapper:⬆️  Stage advanced: 4 → 5 (task 27, step 21720)
INFO:b1k.shared.eval_b1k_wrapper:🔧 Gripper variation: Compression disabled (mean: 0.2449, max: 0.8774)
INFO:b1k.shared.eval_b1k_wrapper:🔧 Gripper variation: Compression disabled (mean: 0.2723, max: 1.0622)
INFO:b1k.shared.eval_b1k_wrapper:🔧 Gripper variation: Compression disabled (mean: 0.6724, max: 0.4661)
INFO:b1k.shared.eval_b1k_wrapper:🎯 Prediction #1090 | Actions: uncompressed (20) | Inpainting: True
INFO:b1k.shared.eval_b1k_wrapper:📊 Step 21800 | Task: 27 | Stage: 5/14 | Predictions: 1090
INFO:b1k.shared.eval_b1k_wrapper:🔧 Gripper variation: Compression disabled (mean: 0.3031, max: 0.6149)
INFO:b1k.shared.eval_b1k_wrapper:🔧 Gripper variation: Compression disabled (mean: 0.5289, max: 0.5755)
INFO:b1k.shared.eval_b1k_wrapper:🔧 Gripper variation: Compression disabled (mean: 0.3800, max: 0.7909)
INFO:b1k.shared.eval_b1k_wrapper:🔧 Gripper variation: Compression disabled (mean: 0.2422, max: 0.8478)
INFO:b1k.shared.eval_b1k_wrapper:🔧 Gripper variation: Compression disabled (mean: 0.1749, max: 0.5620)
INFO:b1k.shared.eval_b1k_wrapper:📊 Step 21900 | Task: 27 | Stage: 5/14 | Predictions: 1095
INFO:b1k.shared.eval_b1k_wrapper:🔧 Gripper variation: Compression disabled (mean: 0.7455, max: 0.7689)
INFO:b1k.shared.eval_b1k_wrapper:🔧 Gripper variation: Compression disabled (mean: 0.4520, max: 0.8493)
INFO:b1k.shared.eval_b1k_wrapper:🔧 Gripper variation: Compression disabled (mean: 0.3274, max: 1.2817)
INFO:b1k.shared.eval_b1k_wrapper:🔧 Gripper variation: Compression disabled (mean: 0.5026, max: 1.0666)
INFO:b1k.shared.eval_b1k_wrapper:🔧 Gripper variation: Compression disabled (mean: 0.4003, max: 0.5912)
INFO:b1k.shared.eval_b1k_wrapper:🎯 Prediction #1100 | Actions: uncompressed (20) | Inpainting: True
INFO:b1k.shared.eval_b1k_wrapper:📊 Step 22000 | Task: 27 | Stage: 5/14 | Predictions: 1100
INFO:b1k.shared.eval_b1k_wrapper:🔧 Gripper variation: Compression disabled (mean: 0.6527, max: 0.4925)
INFO:b1k.shared.eval_b1k_wrapper:🔧 Gripper variation: Compression disabled (mean: 0.7384, max: 0.8476)
INFO:b1k.shared.eval_b1k_wrapper:🔧 Gripper variation: Compression disabled (mean: 0.3587, max: 0.8552)
INFO:b1k.shared.eval_b1k_wrapper:🔧 Gripper variation: Compression disabled (mean: 0.3725, max: 0.6470)
INFO:b1k.shared.eval_b1k_wrapper:🔧 Gripper variation: Compression disabled (mean: 0.5419, max: 0.9069)
INFO:b1k.shared.eval_b1k_wrapper:📊 Step 22100 | Task: 27 | Stage: 5/14 | Predictions: 1105
INFO:b1k.shared.eval_b1k_wrapper:🔧 Gripper variation: Compression disabled (mean: 0.4266, max: 0.5456)
INFO:b1k.shared.eval_b1k_wrapper:🔧 Gripper variation: Compression disabled (mean: 0.4019, max: 0.6609)
INFO:b1k.shared.eval_b1k_wrapper:🔧 Gripper variation: Compression disabled (mean: 0.9663, max: 1.1636)
INFO:b1k.shared.eval_b1k_wrapper:🔧 Gripper variation: Compression disabled (mean: 0.1530, max: 0.8554)
INFO:b1k.shared.eval_b1k_wrapper:🔧 Gripper variation: Compression disabled (mean: 0.7878, max: 1.3779)
INFO:b1k.shared.eval_b1k_wrapper:🎯 Prediction #1110 | Actions: uncompressed (20) | Inpainting: True
INFO:b1k.shared.eval_b1k_wrapper:📊 Step 22200 | Task: 27 | Stage: 5/14 | Predictions: 1110
INFO:b1k.shared.eval_b1k_wrapper:🔧 Gripper variation: Compression disabled (mean: 0.4784, max: 1.1097)
INFO:b1k.shared.eval_b1k_wrapper:⏭️  Stage skipped: 5 → 6 (task 27, step 22200)
INFO:b1k.shared.eval_b1k_wrapper:🔧 Gripper variation: Compression disabled (mean: 0.4650, max: 0.8673)
INFO:b1k.shared.eval_b1k_wrapper:🔧 Gripper variation: Compression disabled (mean: 0.1460, max: 0.7997)
INFO:b1k.shared.eval_b1k_wrapper:🔧 Gripper variation: Compression disabled (mean: 0.3831, max: 0.6969)
INFO:b1k.shared.eval_b1k_wrapper:⬆️  Stage advanced: 6 → 7 (task 27, step 22260)
INFO:b1k.shared.eval_b1k_wrapper:🔧 Gripper variation: Compression disabled (mean: 0.7534, max: 0.7657)
INFO:b1k.shared.eval_b1k_wrapper:📊 Step 22300 | Task: 27 | Stage: 7/14 | Predictions: 1115
INFO:b1k.shared.eval_b1k_wrapper:🔧 Gripper variation: Compression disabled (mean: 0.7888, max: 0.2697)
INFO:b1k.shared.eval_b1k_wrapper:🔧 Gripper variation: Compression disabled (mean: 0.5292, max: 0.9116)
INFO:b1k.shared.eval_b1k_wrapper:🔧 Gripper variation: Compression disabled (mean: 0.9041, max: 0.6579)
INFO:b1k.shared.eval_b1k_wrapper:🔧 Gripper variation: Compression disabled (mean: 0.5161, max: 0.8689)
INFO:b1k.shared.eval_b1k_wrapper:🔧 Gripper variation: Compression disabled (mean: 0.5723, max: 0.9297)
INFO:b1k.shared.eval_b1k_wrapper:🎯 Prediction #1120 | Actions: uncompressed (20) | Inpainting: True
INFO:b1k.shared.eval_b1k_wrapper:📊 Step 22400 | Task: 27 | Stage: 7/14 | Predictions: 1120
INFO:b1k.shared.eval_b1k_wrapper:🔧 Gripper variation: Compression disabled (mean: 0.7411, max: 0.7326)
INFO:b1k.shared.eval_b1k_wrapper:🔧 Gripper variation: Compression disabled (mean: 0.4355, max: 0.8685)
INFO:b1k.shared.eval_b1k_wrapper:🔧 Gripper variation: Compression disabled (mean: 0.7092, max: 0.7727)
INFO:b1k.shared.eval_b1k_wrapper:🔧 Gripper variation: Compression disabled (mean: 0.7738, max: 0.9727)
INFO:b1k.shared.eval_b1k_wrapper:🔧 Gripper variation: Compression disabled (mean: 0.6069, max: 0.6039)
INFO:b1k.shared.eval_b1k_wrapper:⬆️  Stage advanced: 7 → 8 (task 27, step 22480)
INFO:b1k.shared.eval_b1k_wrapper:📊 Step 22500 | Task: 27 | Stage: 8/14 | Predictions: 1125
INFO:b1k.shared.eval_b1k_wrapper:🔧 Gripper variation: Compression disabled (mean: 0.5752, max: 0.6939)
INFO:b1k.shared.eval_b1k_wrapper:🔧 Gripper variation: Compression disabled (mean: 0.2938, max: 0.8999)
INFO:b1k.shared.eval_b1k_wrapper:🔧 Gripper variation: Compression disabled (mean: 0.5809, max: 1.1550)
INFO:b1k.shared.eval_b1k_wrapper:🔧 Gripper variation: Compression disabled (mean: 0.3112, max: 0.6877)
INFO:b1k.shared.eval_b1k_wrapper:🔧 Gripper variation: Compression disabled (mean: 0.2652, max: 0.5730)
INFO:b1k.shared.eval_b1k_wrapper:🎯 Prediction #1130 | Actions: uncompressed (20) | Inpainting: True
INFO:b1k.shared.eval_b1k_wrapper:📊 Step 22600 | Task: 27 | Stage: 8/14 | Predictions: 1130
INFO:b1k.shared.eval_b1k_wrapper:🔧 Gripper variation: Compression disabled (mean: 0.5375, max: 0.7621)
INFO:b1k.shared.eval_b1k_wrapper:🔧 Gripper variation: Compression disabled (mean: 0.3452, max: 0.6180)
INFO:b1k.shared.eval_b1k_wrapper:🔧 Gripper variation: Compression disabled (mean: 0.5697, max: 0.7520)
INFO:b1k.shared.eval_b1k_wrapper:🔧 Gripper variation: Compression disabled (mean: 0.5669, max: 1.1695)
INFO:b1k.shared.eval_b1k_wrapper:🔧 Gripper variation: Compression disabled (mean: 0.6819, max: 1.0491)
INFO:b1k.shared.eval_b1k_wrapper:📊 Step 22700 | Task: 27 | Stage: 8/14 | Predictions: 1135
INFO:b1k.shared.eval_b1k_wrapper:🔧 Gripper variation: Compression disabled (mean: 0.5556, max: 0.8838)
INFO:b1k.shared.eval_b1k_wrapper:🔧 Gripper variation: Compression disabled (mean: 0.3156, max: 0.5986)
INFO:b1k.shared.eval_b1k_wrapper:🔧 Gripper variation: Compression disabled (mean: 0.4086, max: 0.8816)
INFO:b1k.shared.eval_b1k_wrapper:🔧 Gripper variation: Compression disabled (mean: 0.3983, max: 0.8826)
INFO:b1k.shared.eval_b1k_wrapper:🔧 Gripper variation: Compression disabled (mean: 0.5575, max: 0.9904)
INFO:b1k.shared.eval_b1k_wrapper:🎯 Prediction #1140 | Actions: uncompressed (20) | Inpainting: True
INFO:b1k.shared.eval_b1k_wrapper:📊 Step 22800 | Task: 27 | Stage: 8/14 | Predictions: 1140
INFO:b1k.shared.eval_b1k_wrapper:🔧 Gripper variation: Compression disabled (mean: 0.7105, max: 0.6326)
INFO:b1k.shared.eval_b1k_wrapper:🔧 Gripper variation: Compression disabled (mean: 0.2234, max: 0.7239)
INFO:b1k.shared.eval_b1k_wrapper:🔧 Gripper variation: Compression disabled (mean: 0.5062, max: 0.9708)
INFO:b1k.shared.eval_b1k_wrapper:🔧 Gripper variation: Compression disabled (mean: 1.0374, max: 0.9097)
INFO:b1k.shared.eval_b1k_wrapper:📊 Step 22900 | Task: 27 | Stage: 8/14 | Predictions: 1145
INFO:b1k.shared.eval_b1k_wrapper:🔧 Gripper variation: Compression disabled (mean: 0.7391, max: 0.9120)
INFO:b1k.shared.eval_b1k_wrapper:🔧 Gripper variation: Compression disabled (mean: 0.3523, max: 0.9286)
INFO:b1k.shared.eval_b1k_wrapper:🔧 Gripper variation: Compression disabled (mean: 0.6810, max: 0.9509)
INFO:b1k.shared.eval_b1k_wrapper:🔧 Gripper variation: Compression disabled (mean: 0.6396, max: 1.1240)
INFO:b1k.shared.eval_b1k_wrapper:🔧 Gripper variation: Compression disabled (mean: 0.6553, max: 1.0051)
INFO:b1k.shared.eval_b1k_wrapper:🎯 Prediction #1150 | Actions: uncompressed (20) | Inpainting: True
INFO:b1k.shared.eval_b1k_wrapper:📊 Step 23000 | Task: 27 | Stage: 8/14 | Predictions: 1150
INFO:b1k.shared.eval_b1k_wrapper:🔧 Gripper variation: Compression disabled (mean: 0.5938, max: 1.0672)
INFO:b1k.shared.eval_b1k_wrapper:🔧 Gripper variation: Compression disabled (mean: 0.6656, max: 0.9255)
INFO:b1k.shared.eval_b1k_wrapper:🔧 Gripper variation: Compression disabled (mean: 0.6485, max: 0.8041)
INFO:b1k.shared.eval_b1k_wrapper:🔧 Gripper variation: Compression disabled (mean: 0.4265, max: 0.6598)
INFO:b1k.shared.eval_b1k_wrapper:🔧 Gripper variation: Compression disabled (mean: 0.7256, max: 0.6882)
INFO:b1k.shared.eval_b1k_wrapper:📊 Step 23100 | Task: 27 | Stage: 8/14 | Predictions: 1155
INFO:b1k.shared.eval_b1k_wrapper:🔧 Gripper variation: Compression disabled (mean: 0.3870, max: 0.6692)
INFO:b1k.shared.eval_b1k_wrapper:🔧 Gripper variation: Compression disabled (mean: 0.4777, max: 0.7357)
INFO:b1k.shared.eval_b1k_wrapper:🔧 Gripper variation: Compression disabled (mean: 1.1049, max: 1.3833)
INFO:b1k.shared.eval_b1k_wrapper:🔧 Gripper variation: Compression disabled (mean: 0.4952, max: 1.2745)
INFO:b1k.shared.eval_b1k_wrapper:🎯 Prediction #1160 | Actions: compressed 26→20 | Inpainting: True
INFO:b1k.shared.eval_b1k_wrapper:📊 Step 23200 | Task: 27 | Stage: 8/14 | Predictions: 1160
INFO:b1k.shared.eval_b1k_wrapper:⏭️  Stage skipped: 8 → 9 (task 27, step 23200)
INFO:b1k.shared.eval_b1k_wrapper:🔧 Gripper variation: Compression disabled (mean: 0.2910, max: 0.7867)
INFO:b1k.shared.eval_b1k_wrapper:🔧 Gripper variation: Compression disabled (mean: 0.4902, max: 0.8872)
INFO:b1k.shared.eval_b1k_wrapper:🔧 Gripper variation: Compression disabled (mean: 0.1723, max: 0.9204)
INFO:b1k.shared.eval_b1k_wrapper:🔧 Gripper variation: Compression disabled (mean: 0.4116, max: 0.7145)
INFO:b1k.shared.eval_b1k_wrapper:⏭️  Stage skipped: 9 → 10 (task 27, step 23280)
INFO:b1k.shared.eval_b1k_wrapper:📊 Step 23300 | Task: 27 | Stage: 10/14 | Predictions: 1165
INFO:b1k.shared.eval_b1k_wrapper:🔧 Gripper variation: Compression disabled (mean: 0.7077, max: 0.8584)
INFO:b1k.shared.eval_b1k_wrapper:🔧 Gripper variation: Compression disabled (mean: 0.5430, max: 0.3745)
INFO:b1k.shared.eval_b1k_wrapper:🔧 Gripper variation: Compression disabled (mean: 0.3006, max: 0.8689)
INFO:b1k.shared.eval_b1k_wrapper:🔧 Gripper variation: Compression disabled (mean: 0.2925, max: 1.0065)
INFO:b1k.shared.eval_b1k_wrapper:🔧 Gripper variation: Compression disabled (mean: 0.4844, max: 0.9031)
INFO:b1k.shared.eval_b1k_wrapper:🎯 Prediction #1170 | Actions: uncompressed (20) | Inpainting: True
INFO:b1k.shared.eval_b1k_wrapper:📊 Step 23400 | Task: 27 | Stage: 10/14 | Predictions: 1170
INFO:b1k.shared.eval_b1k_wrapper:🔧 Gripper variation: Compression disabled (mean: 0.3977, max: 1.0155)
INFO:b1k.shared.eval_b1k_wrapper:🔧 Gripper variation: Compression disabled (mean: 0.7057, max: 0.6827)
INFO:b1k.shared.eval_b1k_wrapper:🔧 Gripper variation: Compression disabled (mean: 0.3404, max: 0.8020)
INFO:b1k.shared.eval_b1k_wrapper:🔧 Gripper variation: Compression disabled (mean: 0.5942, max: 1.2030)
INFO:b1k.shared.eval_b1k_wrapper:🔧 Gripper variation: Compression disabled (mean: 0.7940, max: 1.1392)
INFO:b1k.shared.eval_b1k_wrapper:📊 Step 23500 | Task: 27 | Stage: 10/14 | Predictions: 1175
INFO:b1k.shared.eval_b1k_wrapper:🔧 Gripper variation: Compression disabled (mean: 1.3015, max: 1.0325)
INFO:b1k.shared.eval_b1k_wrapper:🔧 Gripper variation: Compression disabled (mean: 0.4526, max: 0.6160)
INFO:b1k.shared.eval_b1k_wrapper:🔧 Gripper variation: Compression disabled (mean: 0.2172, max: 0.9362)
INFO:b1k.shared.eval_b1k_wrapper:🔧 Gripper variation: Compression disabled (mean: 0.3778, max: 1.0279)
INFO:b1k.shared.eval_b1k_wrapper:🔧 Gripper variation: Compression disabled (mean: 0.5213, max: 1.0900)
INFO:b1k.shared.eval_b1k_wrapper:🎯 Prediction #1180 | Actions: uncompressed (20) | Inpainting: True
INFO:b1k.shared.eval_b1k_wrapper:📊 Step 23600 | Task: 27 | Stage: 10/14 | Predictions: 1180
INFO:b1k.shared.eval_b1k_wrapper:🔧 Gripper variation: Compression disabled (mean: 0.5294, max: 0.5845)
INFO:b1k.shared.eval_b1k_wrapper:🔧 Gripper variation: Compression disabled (mean: 0.5378, max: 0.9392)
INFO:b1k.shared.eval_b1k_wrapper:🔧 Gripper variation: Compression disabled (mean: 1.0377, max: 1.0636)
INFO:b1k.shared.eval_b1k_wrapper:🔧 Gripper variation: Compression disabled (mean: 0.1593, max: 1.1011)
INFO:b1k.shared.eval_b1k_wrapper:🔧 Gripper variation: Compression disabled (mean: 0.7210, max: 1.1269)
INFO:b1k.shared.eval_b1k_wrapper:📊 Step 23700 | Task: 27 | Stage: 10/14 | Predictions: 1185
INFO:b1k.shared.eval_b1k_wrapper:🔧 Gripper variation: Compression disabled (mean: 0.5941, max: 1.2586)
INFO:websockets.server:connection closed
INFO:omnigibson.learning.utils.network_utils:Connection from ('127.0.0.1', 47992) closed
INFO:websockets.server:HTTP response sent (200 OK)
INFO:websockets.server:connection closed
INFO:websockets.server:connection open
INFO:omnigibson.learning.utils.network_utils:Connection from ('127.0.0.1', 35476) opened
INFO:b1k.shared.eval_b1k_wrapper:Policy reset - Task ID: 27, Action horizon: 30
INFO:b1k.shared.eval_b1k_wrapper:📊 Step 100 | Task: 27 | Stage: 0/14 | Predictions: 5
INFO:b1k.shared.eval_b1k_wrapper:🎯 Prediction #10 | Actions: compressed 26→20 | Inpainting: True
INFO:b1k.shared.eval_b1k_wrapper:📊 Step 200 | Task: 27 | Stage: 0/14 | Predictions: 10
INFO:b1k.shared.eval_b1k_wrapper:📊 Step 300 | Task: 27 | Stage: 0/14 | Predictions: 15
INFO:b1k.shared.eval_b1k_wrapper:🎯 Prediction #20 | Actions: compressed 26→20 | Inpainting: True
INFO:b1k.shared.eval_b1k_wrapper:📊 Step 400 | Task: 27 | Stage: 0/14 | Predictions: 20
INFO:b1k.shared.eval_b1k_wrapper:📊 Step 500 | Task: 27 | Stage: 0/14 | Predictions: 25
INFO:b1k.shared.eval_b1k_wrapper:🎯 Prediction #30 | Actions: compressed 26→20 | Inpainting: True
INFO:b1k.shared.eval_b1k_wrapper:📊 Step 600 | Task: 27 | Stage: 0/14 | Predictions: 30
INFO:b1k.shared.eval_b1k_wrapper:📊 Step 700 | Task: 27 | Stage: 0/14 | Predictions: 35
INFO:b1k.shared.eval_b1k_wrapper:🎯 Prediction #40 | Actions: compressed 26→20 | Inpainting: True
INFO:b1k.shared.eval_b1k_wrapper:📊 Step 800 | Task: 27 | Stage: 0/14 | Predictions: 40
INFO:b1k.shared.eval_b1k_wrapper:📊 Step 900 | Task: 27 | Stage: 0/14 | Predictions: 45
INFO:b1k.shared.eval_b1k_wrapper:🎯 Prediction #50 | Actions: compressed 26→20 | Inpainting: True
INFO:b1k.shared.eval_b1k_wrapper:📊 Step 1000 | Task: 27 | Stage: 0/14 | Predictions: 50
INFO:b1k.shared.eval_b1k_wrapper:📊 Step 1100 | Task: 27 | Stage: 0/14 | Predictions: 55
INFO:b1k.shared.eval_b1k_wrapper:🎯 Prediction #60 | Actions: compressed 26→20 | Inpainting: True
INFO:b1k.shared.eval_b1k_wrapper:📊 Step 1200 | Task: 27 | Stage: 0/14 | Predictions: 60
INFO:b1k.shared.eval_b1k_wrapper:🔧 Gripper variation: Compression disabled (mean: 0.0047, max: 2.0182)
INFO:b1k.shared.eval_b1k_wrapper:📊 Step 1300 | Task: 27 | Stage: 0/14 | Predictions: 65
INFO:b1k.shared.eval_b1k_wrapper:🔧 Gripper variation: Compression disabled (mean: 0.0046, max: 2.0147)
INFO:b1k.shared.correction_rules:🔧 GENERAL GRIPPER CORRECTION: Task 27, Stage 0
INFO:b1k.shared.correction_rules:   Right gripper closed (-1.0000) → Opening to 1.0
INFO:b1k.shared.eval_b1k_wrapper:🔧 Correction rule: Actions modified (max diff: 2.0057, task 27, stage 0)
INFO:b1k.shared.eval_b1k_wrapper:🔧 Gripper variation: Compression disabled (mean: 0.0036, max: 2.0133)
INFO:b1k.shared.eval_b1k_wrapper:🎯 Prediction #70 | Actions: uncompressed (20) | Inpainting: True
INFO:b1k.shared.eval_b1k_wrapper:📊 Step 1400 | Task: 27 | Stage: 0/14 | Predictions: 70
INFO:b1k.shared.correction_rules:🔧 GENERAL GRIPPER CORRECTION: Task 27, Stage 0
INFO:b1k.shared.correction_rules:   Right gripper closed (-1.0000) → Opening to 1.0
INFO:b1k.shared.eval_b1k_wrapper:🔧 Correction rule: Actions modified (max diff: 2.0079, task 27, stage 0)
INFO:b1k.shared.eval_b1k_wrapper:🔧 Gripper variation: Compression disabled (mean: 0.1565, max: 0.4548)
INFO:b1k.shared.eval_b1k_wrapper:📊 Step 1500 | Task: 27 | Stage: 0/14 | Predictions: 75
INFO:b1k.shared.eval_b1k_wrapper:🎯 Prediction #80 | Actions: compressed 26→20 | Inpainting: True
INFO:b1k.shared.eval_b1k_wrapper:📊 Step 1600 | Task: 27 | Stage: 0/14 | Predictions: 80
INFO:b1k.shared.eval_b1k_wrapper:📊 Step 1700 | Task: 27 | Stage: 0/14 | Predictions: 85
INFO:b1k.shared.eval_b1k_wrapper:🎯 Prediction #90 | Actions: compressed 26→20 | Inpainting: True
INFO:b1k.shared.eval_b1k_wrapper:📊 Step 1800 | Task: 27 | Stage: 0/14 | Predictions: 90
INFO:b1k.shared.eval_b1k_wrapper:📊 Step 1900 | Task: 27 | Stage: 0/14 | Predictions: 95
INFO:b1k.shared.eval_b1k_wrapper:🎯 Prediction #100 | Actions: compressed 26→20 | Inpainting: True
INFO:b1k.shared.eval_b1k_wrapper:📊 Step 2000 | Task: 27 | Stage: 0/14 | Predictions: 100
INFO:b1k.shared.eval_b1k_wrapper:📊 Step 2100 | Task: 27 | Stage: 0/14 | Predictions: 105
INFO:b1k.shared.eval_b1k_wrapper:🔧 Gripper variation: Compression disabled (mean: 0.0113, max: 1.9173)
INFO:b1k.shared.eval_b1k_wrapper:🎯 Prediction #110 | Actions: uncompressed (20) | Inpainting: True
INFO:b1k.shared.eval_b1k_wrapper:📊 Step 2200 | Task: 27 | Stage: 0/14 | Predictions: 110
INFO:b1k.shared.eval_b1k_wrapper:📊 Step 2300 | Task: 27 | Stage: 0/14 | Predictions: 115
INFO:b1k.shared.eval_b1k_wrapper:🎯 Prediction #120 | Actions: compressed 26→20 | Inpainting: True
INFO:b1k.shared.eval_b1k_wrapper:📊 Step 2400 | Task: 27 | Stage: 0/14 | Predictions: 120
INFO:b1k.shared.eval_b1k_wrapper:🔧 Gripper variation: Compression disabled (mean: 1.9966, max: 0.0197)
INFO:b1k.shared.eval_b1k_wrapper:📊 Step 2500 | Task: 27 | Stage: 0/14 | Predictions: 125
INFO:b1k.shared.eval_b1k_wrapper:🎯 Prediction #130 | Actions: compressed 26→20 | Inpainting: True
INFO:b1k.shared.eval_b1k_wrapper:📊 Step 2600 | Task: 27 | Stage: 0/14 | Predictions: 130
INFO:b1k.shared.eval_b1k_wrapper:📊 Step 2700 | Task: 27 | Stage: 0/14 | Predictions: 135
INFO:b1k.shared.eval_b1k_wrapper:🎯 Prediction #140 | Actions: compressed 26→20 | Inpainting: True
INFO:b1k.shared.eval_b1k_wrapper:📊 Step 2800 | Task: 27 | Stage: 0/14 | Predictions: 140
INFO:b1k.shared.eval_b1k_wrapper:📊 Step 2900 | Task: 27 | Stage: 0/14 | Predictions: 145
INFO:b1k.shared.eval_b1k_wrapper:🎯 Prediction #150 | Actions: compressed 26→20 | Inpainting: True
INFO:b1k.shared.eval_b1k_wrapper:📊 Step 3000 | Task: 27 | Stage: 0/14 | Predictions: 150
INFO:b1k.shared.eval_b1k_wrapper:📊 Step 3100 | Task: 27 | Stage: 0/14 | Predictions: 155
INFO:b1k.shared.eval_b1k_wrapper:🎯 Prediction #160 | Actions: compressed 26→20 | Inpainting: True
INFO:b1k.shared.eval_b1k_wrapper:📊 Step 3200 | Task: 27 | Stage: 0/14 | Predictions: 160
INFO:b1k.shared.eval_b1k_wrapper:📊 Step 3300 | Task: 27 | Stage: 0/14 | Predictions: 165
INFO:b1k.shared.eval_b1k_wrapper:🎯 Prediction #170 | Actions: compressed 26→20 | Inpainting: True
INFO:b1k.shared.eval_b1k_wrapper:📊 Step 3400 | Task: 27 | Stage: 0/14 | Predictions: 170
INFO:b1k.shared.eval_b1k_wrapper:📊 Step 3500 | Task: 27 | Stage: 0/14 | Predictions: 175
INFO:b1k.shared.eval_b1k_wrapper:🎯 Prediction #180 | Actions: compressed 26→20 | Inpainting: True
INFO:b1k.shared.eval_b1k_wrapper:📊 Step 3600 | Task: 27 | Stage: 0/14 | Predictions: 180
INFO:b1k.shared.eval_b1k_wrapper:📊 Step 3700 | Task: 27 | Stage: 0/14 | Predictions: 185
INFO:b1k.shared.eval_b1k_wrapper:🎯 Prediction #190 | Actions: compressed 26→20 | Inpainting: True
INFO:b1k.shared.eval_b1k_wrapper:📊 Step 3800 | Task: 27 | Stage: 0/14 | Predictions: 190
INFO:b1k.shared.eval_b1k_wrapper:📊 Step 3900 | Task: 27 | Stage: 0/14 | Predictions: 195
INFO:b1k.shared.eval_b1k_wrapper:🎯 Prediction #200 | Actions: compressed 26→20 | Inpainting: True
INFO:b1k.shared.eval_b1k_wrapper:📊 Step 4000 | Task: 27 | Stage: 0/14 | Predictions: 200
INFO:b1k.shared.eval_b1k_wrapper:📊 Step 4100 | Task: 27 | Stage: 0/14 | Predictions: 205
INFO:b1k.shared.eval_b1k_wrapper:🎯 Prediction #210 | Actions: compressed 26→20 | Inpainting: True
INFO:b1k.shared.eval_b1k_wrapper:📊 Step 4200 | Task: 27 | Stage: 0/14 | Predictions: 210
INFO:b1k.shared.eval_b1k_wrapper:📊 Step 4300 | Task: 27 | Stage: 0/14 | Predictions: 215
INFO:b1k.shared.eval_b1k_wrapper:🎯 Prediction #220 | Actions: compressed 26→20 | Inpainting: True
INFO:b1k.shared.eval_b1k_wrapper:📊 Step 4400 | Task: 27 | Stage: 0/14 | Predictions: 220
INFO:b1k.shared.eval_b1k_wrapper:📊 Step 4500 | Task: 27 | Stage: 0/14 | Predictions: 225
INFO:b1k.shared.eval_b1k_wrapper:🔧 Gripper variation: Compression disabled (mean: 0.3975, max: 0.1753)
INFO:b1k.shared.eval_b1k_wrapper:🔧 Gripper variation: Compression disabled (mean: 0.5042, max: 0.5950)
INFO:b1k.shared.eval_b1k_wrapper:🔧 Gripper variation: Compression disabled (mean: 0.4019, max: 0.1976)
INFO:b1k.shared.eval_b1k_wrapper:🔧 Gripper variation: Compression disabled (mean: 0.2543, max: 0.1699)
INFO:b1k.shared.eval_b1k_wrapper:🎯 Prediction #230 | Actions: uncompressed (20) | Inpainting: True
INFO:b1k.shared.eval_b1k_wrapper:📊 Step 4600 | Task: 27 | Stage: 0/14 | Predictions: 230
INFO:b1k.shared.eval_b1k_wrapper:🔧 Gripper variation: Compression disabled (mean: 0.0291, max: 0.2307)
INFO:b1k.shared.eval_b1k_wrapper:🔧 Gripper variation: Compression disabled (mean: 0.3575, max: 0.4489)
INFO:b1k.shared.eval_b1k_wrapper:🔧 Gripper variation: Compression disabled (mean: 0.5913, max: 1.9094)
INFO:b1k.shared.eval_b1k_wrapper:🔧 Gripper variation: Compression disabled (mean: 0.8089, max: 1.2121)
INFO:b1k.shared.eval_b1k_wrapper:📊 Step 4700 | Task: 27 | Stage: 0/14 | Predictions: 235
INFO:b1k.shared.eval_b1k_wrapper:🔧 Gripper variation: Compression disabled (mean: 0.7049, max: 0.9143)
INFO:b1k.shared.eval_b1k_wrapper:🔧 Gripper variation: Compression disabled (mean: 0.8887, max: 0.5424)
INFO:b1k.shared.eval_b1k_wrapper:🔧 Gripper variation: Compression disabled (mean: 1.2860, max: 1.1398)
INFO:b1k.shared.eval_b1k_wrapper:🔧 Gripper variation: Compression disabled (mean: 0.5456, max: 0.8026)
INFO:b1k.shared.eval_b1k_wrapper:🔧 Gripper variation: Compression disabled (mean: 0.4378, max: 0.9333)
INFO:b1k.shared.eval_b1k_wrapper:🎯 Prediction #240 | Actions: uncompressed (20) | Inpainting: True
INFO:b1k.shared.eval_b1k_wrapper:📊 Step 4800 | Task: 27 | Stage: 0/14 | Predictions: 240
INFO:b1k.shared.eval_b1k_wrapper:🔧 Gripper variation: Compression disabled (mean: 0.6017, max: 0.9110)
INFO:b1k.shared.eval_b1k_wrapper:🔧 Gripper variation: Compression disabled (mean: 0.7581, max: 1.2758)
INFO:b1k.shared.eval_b1k_wrapper:🔧 Gripper variation: Compression disabled (mean: 0.7856, max: 0.3999)
INFO:b1k.shared.eval_b1k_wrapper:🔧 Gripper variation: Compression disabled (mean: 0.5529, max: 0.8409)
INFO:b1k.shared.eval_b1k_wrapper:🔧 Gripper variation: Compression disabled (mean: 0.2794, max: 0.7490)
INFO:b1k.shared.eval_b1k_wrapper:📊 Step 4900 | Task: 27 | Stage: 0/14 | Predictions: 245
INFO:b1k.shared.eval_b1k_wrapper:🔧 Gripper variation: Compression disabled (mean: 0.8792, max: 1.0521)
INFO:b1k.shared.eval_b1k_wrapper:🔧 Gripper variation: Compression disabled (mean: 0.5238, max: 1.3361)
INFO:b1k.shared.eval_b1k_wrapper:🔧 Gripper variation: Compression disabled (mean: 0.5796, max: 1.2392)
INFO:b1k.shared.eval_b1k_wrapper:🔧 Gripper variation: Compression disabled (mean: 0.7193, max: 1.1911)
INFO:b1k.shared.eval_b1k_wrapper:🔧 Gripper variation: Compression disabled (mean: 0.3857, max: 1.3294)
INFO:b1k.shared.eval_b1k_wrapper:🎯 Prediction #250 | Actions: uncompressed (20) | Inpainting: True
INFO:b1k.shared.eval_b1k_wrapper:📊 Step 5000 | Task: 27 | Stage: 0/14 | Predictions: 250
INFO:b1k.shared.eval_b1k_wrapper:🔧 Gripper variation: Compression disabled (mean: 0.2768, max: 0.7943)
INFO:b1k.shared.eval_b1k_wrapper:🔧 Gripper variation: Compression disabled (mean: 0.2316, max: 0.8528)
INFO:b1k.shared.eval_b1k_wrapper:🔧 Gripper variation: Compression disabled (mean: 0.5069, max: 0.9602)
INFO:b1k.shared.eval_b1k_wrapper:🔧 Gripper variation: Compression disabled (mean: 0.3399, max: 1.1445)
INFO:b1k.shared.eval_b1k_wrapper:🔧 Gripper variation: Compression disabled (mean: 0.4848, max: 0.8733)
INFO:b1k.shared.eval_b1k_wrapper:📊 Step 5100 | Task: 27 | Stage: 0/14 | Predictions: 255
INFO:b1k.shared.eval_b1k_wrapper:🔧 Gripper variation: Compression disabled (mean: 0.4439, max: 1.1905)
INFO:b1k.shared.eval_b1k_wrapper:🔧 Gripper variation: Compression disabled (mean: 0.4974, max: 1.0664)
INFO:b1k.shared.eval_b1k_wrapper:🔧 Gripper variation: Compression disabled (mean: 0.5187, max: 0.6359)
INFO:b1k.shared.eval_b1k_wrapper:🔧 Gripper variation: Compression disabled (mean: 0.3614, max: 1.4631)
INFO:b1k.shared.eval_b1k_wrapper:🔧 Gripper variation: Compression disabled (mean: 0.7149, max: 0.7811)
INFO:b1k.shared.eval_b1k_wrapper:🎯 Prediction #260 | Actions: uncompressed (20) | Inpainting: True
INFO:b1k.shared.eval_b1k_wrapper:📊 Step 5200 | Task: 27 | Stage: 0/14 | Predictions: 260
INFO:b1k.shared.eval_b1k_wrapper:🔧 Gripper variation: Compression disabled (mean: 1.1672, max: 1.0163)
INFO:b1k.shared.eval_b1k_wrapper:🔧 Gripper variation: Compression disabled (mean: 0.4760, max: 0.6069)
INFO:b1k.shared.eval_b1k_wrapper:🔧 Gripper variation: Compression disabled (mean: 0.9273, max: 0.4386)
INFO:b1k.shared.eval_b1k_wrapper:🔧 Gripper variation: Compression disabled (mean: 0.5658, max: 0.9009)
INFO:b1k.shared.eval_b1k_wrapper:🔧 Gripper variation: Compression disabled (mean: 0.5632, max: 0.9526)
INFO:b1k.shared.eval_b1k_wrapper:📊 Step 5300 | Task: 27 | Stage: 0/14 | Predictions: 265
INFO:b1k.shared.eval_b1k_wrapper:🔧 Gripper variation: Compression disabled (mean: 0.7400, max: 1.0169)
INFO:b1k.shared.eval_b1k_wrapper:🔧 Gripper variation: Compression disabled (mean: 0.5825, max: 0.9736)
INFO:b1k.shared.eval_b1k_wrapper:🔧 Gripper variation: Compression disabled (mean: 0.3816, max: 0.9341)
INFO:b1k.shared.eval_b1k_wrapper:🔧 Gripper variation: Compression disabled (mean: 0.9903, max: 0.9760)
INFO:b1k.shared.eval_b1k_wrapper:🔧 Gripper variation: Compression disabled (mean: 0.7399, max: 0.5024)
INFO:b1k.shared.eval_b1k_wrapper:🎯 Prediction #270 | Actions: uncompressed (20) | Inpainting: True
INFO:b1k.shared.eval_b1k_wrapper:📊 Step 5400 | Task: 27 | Stage: 0/14 | Predictions: 270
INFO:b1k.shared.eval_b1k_wrapper:🔧 Gripper variation: Compression disabled (mean: 0.5183, max: 1.2069)
INFO:b1k.shared.eval_b1k_wrapper:🔧 Gripper variation: Compression disabled (mean: 1.0197, max: 0.9241)
INFO:b1k.shared.eval_b1k_wrapper:🔧 Gripper variation: Compression disabled (mean: 0.7573, max: 0.8936)
INFO:b1k.shared.eval_b1k_wrapper:🔧 Gripper variation: Compression disabled (mean: 0.7186, max: 0.7977)
INFO:b1k.shared.eval_b1k_wrapper:🔧 Gripper variation: Compression disabled (mean: 0.4234, max: 1.3568)
INFO:b1k.shared.eval_b1k_wrapper:📊 Step 5500 | Task: 27 | Stage: 0/14 | Predictions: 275
INFO:b1k.shared.eval_b1k_wrapper:🔧 Gripper variation: Compression disabled (mean: 0.7762, max: 1.1915)
INFO:b1k.shared.eval_b1k_wrapper:🔧 Gripper variation: Compression disabled (mean: 0.3019, max: 1.3553)
INFO:b1k.shared.eval_b1k_wrapper:🎯 Prediction #280 | Actions: compressed 26→20 | Inpainting: True
INFO:b1k.shared.eval_b1k_wrapper:📊 Step 5600 | Task: 27 | Stage: 0/14 | Predictions: 280
INFO:b1k.shared.eval_b1k_wrapper:📊 Step 5700 | Task: 27 | Stage: 0/14 | Predictions: 285
INFO:b1k.shared.eval_b1k_wrapper:🎯 Prediction #290 | Actions: compressed 26→20 | Inpainting: True
INFO:b1k.shared.eval_b1k_wrapper:📊 Step 5800 | Task: 27 | Stage: 0/14 | Predictions: 290
INFO:b1k.shared.eval_b1k_wrapper:📊 Step 5900 | Task: 27 | Stage: 0/14 | Predictions: 295
INFO:b1k.shared.eval_b1k_wrapper:🎯 Prediction #300 | Actions: compressed 26→20 | Inpainting: True
INFO:b1k.shared.eval_b1k_wrapper:📊 Step 6000 | Task: 27 | Stage: 0/14 | Predictions: 300
INFO:b1k.shared.eval_b1k_wrapper:📊 Step 6100 | Task: 27 | Stage: 0/14 | Predictions: 305
INFO:b1k.shared.eval_b1k_wrapper:🎯 Prediction #310 | Actions: compressed 26→20 | Inpainting: True
INFO:b1k.shared.eval_b1k_wrapper:📊 Step 6200 | Task: 27 | Stage: 0/14 | Predictions: 310
INFO:b1k.shared.eval_b1k_wrapper:📊 Step 6300 | Task: 27 | Stage: 0/14 | Predictions: 315
INFO:b1k.shared.eval_b1k_wrapper:🎯 Prediction #320 | Actions: compressed 26→20 | Inpainting: True
INFO:b1k.shared.eval_b1k_wrapper:📊 Step 6400 | Task: 27 | Stage: 0/14 | Predictions: 320
INFO:b1k.shared.eval_b1k_wrapper:📊 Step 6500 | Task: 27 | Stage: 0/14 | Predictions: 325
INFO:b1k.shared.eval_b1k_wrapper:🎯 Prediction #330 | Actions: compressed 26→20 | Inpainting: True
INFO:b1k.shared.eval_b1k_wrapper:📊 Step 6600 | Task: 27 | Stage: 0/14 | Predictions: 330
INFO:b1k.shared.eval_b1k_wrapper:📊 Step 6700 | Task: 27 | Stage: 0/14 | Predictions: 335
INFO:b1k.shared.eval_b1k_wrapper:⏭️  Stage skipped: 0 → 1 (task 27, step 6740)
INFO:b1k.shared.eval_b1k_wrapper:🎯 Prediction #340 | Actions: compressed 26→20 | Inpainting: True
INFO:b1k.shared.eval_b1k_wrapper:📊 Step 6800 | Task: 27 | Stage: 1/14 | Predictions: 340
INFO:b1k.shared.eval_b1k_wrapper:🔧 Gripper variation: Compression disabled (mean: 0.2428, max: 0.1403)
INFO:b1k.shared.eval_b1k_wrapper:⬆️  Stage advanced: 1 → 2 (task 27, step 6800)
INFO:b1k.shared.eval_b1k_wrapper:📊 Step 6900 | Task: 27 | Stage: 2/14 | Predictions: 345
INFO:b1k.shared.eval_b1k_wrapper:🎯 Prediction #350 | Actions: compressed 26→20 | Inpainting: True
INFO:b1k.shared.eval_b1k_wrapper:📊 Step 7000 | Task: 27 | Stage: 2/14 | Predictions: 350
INFO:b1k.shared.eval_b1k_wrapper:📊 Step 7100 | Task: 27 | Stage: 2/14 | Predictions: 355
INFO:b1k.shared.eval_b1k_wrapper:🔧 Gripper variation: Compression disabled (mean: 0.2171, max: 0.0503)
INFO:b1k.shared.eval_b1k_wrapper:🎯 Prediction #360 | Actions: uncompressed (20) | Inpainting: True
INFO:b1k.shared.eval_b1k_wrapper:📊 Step 7200 | Task: 27 | Stage: 2/14 | Predictions: 360
INFO:b1k.shared.eval_b1k_wrapper:🔧 Gripper variation: Compression disabled (mean: 0.2539, max: 0.0611)
INFO:b1k.shared.eval_b1k_wrapper:🔧 Gripper variation: Compression disabled (mean: 0.1582, max: 0.7642)
INFO:b1k.shared.eval_b1k_wrapper:📊 Step 7300 | Task: 27 | Stage: 2/14 | Predictions: 365
INFO:b1k.shared.eval_b1k_wrapper:🎯 Prediction #370 | Actions: compressed 26→20 | Inpainting: True
INFO:b1k.shared.eval_b1k_wrapper:⏭️  Stage skipped: 2 → 3 (task 27, step 7380)
INFO:b1k.shared.eval_b1k_wrapper:📊 Step 7400 | Task: 27 | Stage: 3/14 | Predictions: 370
INFO:b1k.shared.eval_b1k_wrapper:📊 Step 7500 | Task: 27 | Stage: 3/14 | Predictions: 375
INFO:b1k.shared.eval_b1k_wrapper:⬆️  Stage advanced: 3 → 4 (task 27, step 7500)
INFO:b1k.shared.eval_b1k_wrapper:🎯 Prediction #380 | Actions: compressed 26→20 | Inpainting: True
INFO:b1k.shared.eval_b1k_wrapper:📊 Step 7600 | Task: 27 | Stage: 4/14 | Predictions: 380
INFO:b1k.shared.eval_b1k_wrapper:⏭️  Stage skipped: 4 → 5 (task 27, step 7600)
INFO:b1k.shared.eval_b1k_wrapper:⬆️  Stage advanced: 5 → 6 (task 27, step 7660)
INFO:b1k.shared.eval_b1k_wrapper:📊 Step 7700 | Task: 27 | Stage: 6/14 | Predictions: 385
INFO:b1k.shared.eval_b1k_wrapper:🎯 Prediction #390 | Actions: compressed 26→20 | Inpainting: True
INFO:b1k.shared.eval_b1k_wrapper:📊 Step 7800 | Task: 27 | Stage: 6/14 | Predictions: 390
INFO:b1k.shared.eval_b1k_wrapper:🔧 Gripper variation: Compression disabled (mean: 0.1094, max: 0.2033)
INFO:b1k.shared.eval_b1k_wrapper:📊 Step 7900 | Task: 27 | Stage: 6/14 | Predictions: 395
INFO:b1k.shared.eval_b1k_wrapper:🔧 Gripper variation: Compression disabled (mean: 0.3899, max: 0.3857)
INFO:b1k.shared.eval_b1k_wrapper:🔧 Gripper variation: Compression disabled (mean: 0.2438, max: 0.3931)
INFO:b1k.shared.eval_b1k_wrapper:🔧 Gripper variation: Compression disabled (mean: 0.1482, max: 0.3616)
INFO:b1k.shared.eval_b1k_wrapper:🎯 Prediction #400 | Actions: compressed 26→20 | Inpainting: True
INFO:b1k.shared.eval_b1k_wrapper:📊 Step 8000 | Task: 27 | Stage: 6/14 | Predictions: 400
INFO:b1k.shared.eval_b1k_wrapper:🔧 Gripper variation: Compression disabled (mean: 0.3963, max: 0.0474)
INFO:b1k.shared.eval_b1k_wrapper:🔧 Gripper variation: Compression disabled (mean: 0.5618, max: 0.0518)
INFO:b1k.shared.eval_b1k_wrapper:📊 Step 8100 | Task: 27 | Stage: 6/14 | Predictions: 405
INFO:b1k.shared.eval_b1k_wrapper:🔧 Gripper variation: Compression disabled (mean: 0.2784, max: 0.1407)
INFO:b1k.shared.eval_b1k_wrapper:🔧 Gripper variation: Compression disabled (mean: 0.6939, max: 0.0450)
INFO:b1k.shared.eval_b1k_wrapper:🔧 Gripper variation: Compression disabled (mean: 2.0306, max: 0.1858)
INFO:b1k.shared.eval_b1k_wrapper:🎯 Prediction #410 | Actions: compressed 26→20 | Inpainting: True
INFO:b1k.shared.eval_b1k_wrapper:📊 Step 8200 | Task: 27 | Stage: 6/14 | Predictions: 410
INFO:b1k.shared.eval_b1k_wrapper:📊 Step 8300 | Task: 27 | Stage: 6/14 | Predictions: 415
INFO:b1k.shared.eval_b1k_wrapper:🎯 Prediction #420 | Actions: compressed 26→20 | Inpainting: True
INFO:b1k.shared.eval_b1k_wrapper:📊 Step 8400 | Task: 27 | Stage: 6/14 | Predictions: 420
INFO:b1k.shared.eval_b1k_wrapper:📊 Step 8500 | Task: 27 | Stage: 6/14 | Predictions: 425
INFO:b1k.shared.eval_b1k_wrapper:🎯 Prediction #430 | Actions: compressed 26→20 | Inpainting: True
INFO:b1k.shared.eval_b1k_wrapper:📊 Step 8600 | Task: 27 | Stage: 6/14 | Predictions: 430
INFO:b1k.shared.eval_b1k_wrapper:📊 Step 8700 | Task: 27 | Stage: 6/14 | Predictions: 435
INFO:b1k.shared.eval_b1k_wrapper:🔧 Gripper variation: Compression disabled (mean: 0.5512, max: 0.0423)
INFO:b1k.shared.eval_b1k_wrapper:🔧 Gripper variation: Compression disabled (mean: 0.3711, max: 0.6186)
INFO:b1k.shared.eval_b1k_wrapper:🔧 Gripper variation: Compression disabled (mean: 0.7627, max: 0.1573)
INFO:b1k.shared.eval_b1k_wrapper:🔧 Gripper variation: Compression disabled (mean: 0.6643, max: 0.2685)
INFO:b1k.shared.eval_b1k_wrapper:🎯 Prediction #440 | Actions: uncompressed (20) | Inpainting: True
INFO:b1k.shared.eval_b1k_wrapper:📊 Step 8800 | Task: 27 | Stage: 6/14 | Predictions: 440
INFO:b1k.shared.eval_b1k_wrapper:🔧 Gripper variation: Compression disabled (mean: 0.3483, max: 0.2096)
INFO:b1k.shared.eval_b1k_wrapper:🔧 Gripper variation: Compression disabled (mean: 0.6678, max: 0.1158)
INFO:b1k.shared.eval_b1k_wrapper:🔧 Gripper variation: Compression disabled (mean: 0.2135, max: 0.7129)
INFO:b1k.shared.eval_b1k_wrapper:🔧 Gripper variation: Compression disabled (mean: 0.1432, max: 0.2636)
INFO:b1k.shared.eval_b1k_wrapper:🔧 Gripper variation: Compression disabled (mean: 0.0227, max: 1.9921)
INFO:b1k.shared.eval_b1k_wrapper:📊 Step 8900 | Task: 27 | Stage: 6/14 | Predictions: 445
INFO:b1k.shared.correction_rules:🔧 GENERAL GRIPPER CORRECTION: Task 27, Stage 6
INFO:b1k.shared.correction_rules:   Right gripper closed (-0.9900) → Opening to 1.0
INFO:b1k.shared.eval_b1k_wrapper:🔧 Correction rule: Actions modified (max diff: 2.0120, task 27, stage 6)
INFO:b1k.shared.eval_b1k_wrapper:🔧 Gripper variation: Compression disabled (mean: 0.0207, max: 1.9995)
INFO:b1k.shared.correction_rules:🔧 GENERAL GRIPPER CORRECTION: Task 27, Stage 6
INFO:b1k.shared.correction_rules:   Right gripper closed (-0.9996) → Opening to 1.0
INFO:b1k.shared.eval_b1k_wrapper:🔧 Correction rule: Actions modified (max diff: 2.0034, task 27, stage 6)
INFO:b1k.shared.eval_b1k_wrapper:🔧 Gripper variation: Compression disabled (mean: 0.0046, max: 1.9885)
INFO:b1k.shared.eval_b1k_wrapper:🎯 Prediction #450 | Actions: uncompressed (20) | Inpainting: True
INFO:b1k.shared.eval_b1k_wrapper:📊 Step 9000 | Task: 27 | Stage: 6/14 | Predictions: 450
INFO:b1k.shared.correction_rules:🔧 GENERAL GRIPPER CORRECTION: Task 27, Stage 6
INFO:b1k.shared.correction_rules:   Right gripper closed (-1.0000) → Opening to 1.0
INFO:b1k.shared.eval_b1k_wrapper:🔧 Correction rule: Actions modified (max diff: 2.0045, task 27, stage 6)
INFO:b1k.shared.eval_b1k_wrapper:📊 Step 9100 | Task: 27 | Stage: 6/14 | Predictions: 455
INFO:b1k.shared.eval_b1k_wrapper:🎯 Prediction #460 | Actions: compressed 26→20 | Inpainting: True
INFO:b1k.shared.eval_b1k_wrapper:📊 Step 9200 | Task: 27 | Stage: 6/14 | Predictions: 460
INFO:b1k.shared.eval_b1k_wrapper:🔧 Gripper variation: Compression disabled (mean: 0.0442, max: 1.2171)
INFO:b1k.shared.eval_b1k_wrapper:📊 Step 9300 | Task: 27 | Stage: 6/14 | Predictions: 465
INFO:b1k.shared.eval_b1k_wrapper:🎯 Prediction #470 | Actions: compressed 26→20 | Inpainting: True
INFO:b1k.shared.eval_b1k_wrapper:📊 Step 9400 | Task: 27 | Stage: 6/14 | Predictions: 470
INFO:b1k.shared.eval_b1k_wrapper:🔧 Gripper variation: Compression disabled (mean: 0.0133, max: 1.9798)
INFO:b1k.shared.eval_b1k_wrapper:📊 Step 9500 | Task: 27 | Stage: 6/14 | Predictions: 475
INFO:b1k.shared.eval_b1k_wrapper:🎯 Prediction #480 | Actions: compressed 26→20 | Inpainting: True
INFO:b1k.shared.eval_b1k_wrapper:📊 Step 9600 | Task: 27 | Stage: 6/14 | Predictions: 480
INFO:b1k.shared.eval_b1k_wrapper:📊 Step 9700 | Task: 27 | Stage: 6/14 | Predictions: 485
INFO:b1k.shared.eval_b1k_wrapper:🎯 Prediction #490 | Actions: compressed 26→20 | Inpainting: True
INFO:b1k.shared.eval_b1k_wrapper:📊 Step 9800 | Task: 27 | Stage: 6/14 | Predictions: 490
INFO:b1k.shared.eval_b1k_wrapper:🔧 Gripper variation: Compression disabled (mean: 0.0565, max: 0.3746)
INFO:b1k.shared.eval_b1k_wrapper:📊 Step 9900 | Task: 27 | Stage: 6/14 | Predictions: 495
INFO:b1k.shared.eval_b1k_wrapper:🎯 Prediction #500 | Actions: compressed 26→20 | Inpainting: True
INFO:b1k.shared.eval_b1k_wrapper:📊 Step 10000 | Task: 27 | Stage: 6/14 | Predictions: 500
INFO:b1k.shared.eval_b1k_wrapper:📊 Step 10100 | Task: 27 | Stage: 6/14 | Predictions: 505
INFO:b1k.shared.eval_b1k_wrapper:🎯 Prediction #510 | Actions: compressed 26→20 | Inpainting: True
INFO:b1k.shared.eval_b1k_wrapper:📊 Step 10200 | Task: 27 | Stage: 6/14 | Predictions: 510
INFO:b1k.shared.eval_b1k_wrapper:📊 Step 10300 | Task: 27 | Stage: 6/14 | Predictions: 515
INFO:b1k.shared.eval_b1k_wrapper:🔧 Gripper variation: Compression disabled (mean: 0.1912, max: 0.4716)
INFO:b1k.shared.eval_b1k_wrapper:🎯 Prediction #520 | Actions: compressed 26→20 | Inpainting: True
INFO:b1k.shared.eval_b1k_wrapper:📊 Step 10400 | Task: 27 | Stage: 6/14 | Predictions: 520
INFO:b1k.shared.eval_b1k_wrapper:📊 Step 10500 | Task: 27 | Stage: 6/14 | Predictions: 525
INFO:b1k.shared.eval_b1k_wrapper:🎯 Prediction #530 | Actions: compressed 26→20 | Inpainting: True
INFO:b1k.shared.eval_b1k_wrapper:📊 Step 10600 | Task: 27 | Stage: 6/14 | Predictions: 530
INFO:b1k.shared.eval_b1k_wrapper:🔧 Gripper variation: Compression disabled (mean: 0.0044, max: 1.9896)
INFO:b1k.shared.eval_b1k_wrapper:📊 Step 10700 | Task: 27 | Stage: 6/14 | Predictions: 535
INFO:b1k.shared.eval_b1k_wrapper:🎯 Prediction #540 | Actions: compressed 26→20 | Inpainting: True
INFO:b1k.shared.eval_b1k_wrapper:📊 Step 10800 | Task: 27 | Stage: 6/14 | Predictions: 540
INFO:b1k.shared.correction_rules:🔧 GENERAL GRIPPER CORRECTION: Task 27, Stage 6
INFO:b1k.shared.correction_rules:   Right gripper closed (-0.9962) → Opening to 1.0
INFO:b1k.shared.eval_b1k_wrapper:🔧 Correction rule: Actions modified (max diff: 2.0043, task 27, stage 6)
INFO:b1k.shared.eval_b1k_wrapper:🔧 Gripper variation: Compression disabled (mean: 0.2730, max: 1.8456)
INFO:b1k.shared.correction_rules:🔧 GENERAL GRIPPER CORRECTION: Task 27, Stage 6
INFO:b1k.shared.correction_rules:   Right gripper closed (-0.9897) → Opening to 1.0
INFO:b1k.shared.eval_b1k_wrapper:🔧 Correction rule: Actions modified (max diff: 2.0086, task 27, stage 6)
INFO:b1k.shared.eval_b1k_wrapper:📊 Step 10900 | Task: 27 | Stage: 6/14 | Predictions: 545
INFO:b1k.shared.eval_b1k_wrapper:🔧 Gripper variation: Compression disabled (mean: 0.0032, max: 2.0026)
INFO:b1k.shared.eval_b1k_wrapper:🎯 Prediction #550 | Actions: compressed 26→20 | Inpainting: True
INFO:b1k.shared.eval_b1k_wrapper:📊 Step 11000 | Task: 27 | Stage: 6/14 | Predictions: 550
INFO:b1k.shared.correction_rules:🔧 GENERAL GRIPPER CORRECTION: Task 27, Stage 6
INFO:b1k.shared.correction_rules:   Right gripper closed (-0.9948) → Opening to 1.0
INFO:b1k.shared.eval_b1k_wrapper:🔧 Correction rule: Actions modified (max diff: 2.0085, task 27, stage 6)
INFO:b1k.shared.eval_b1k_wrapper:🔧 Gripper variation: Compression disabled (mean: 0.4246, max: 0.1730)
INFO:b1k.shared.eval_b1k_wrapper:📊 Step 11100 | Task: 27 | Stage: 6/14 | Predictions: 555
INFO:b1k.shared.eval_b1k_wrapper:🔧 Gripper variation: Compression disabled (mean: 0.0131, max: 2.0027)
INFO:b1k.shared.correction_rules:🔧 GENERAL GRIPPER CORRECTION: Task 27, Stage 6
INFO:b1k.shared.correction_rules:   Right gripper closed (-0.9805) → Opening to 1.0
INFO:b1k.shared.eval_b1k_wrapper:🔧 Correction rule: Actions modified (max diff: 2.0143, task 27, stage 6)
INFO:b1k.shared.eval_b1k_wrapper:🔧 Gripper variation: Compression disabled (mean: 0.6740, max: 0.9779)
INFO:b1k.shared.eval_b1k_wrapper:🎯 Prediction #560 | Actions: compressed 26→20 | Inpainting: True
INFO:b1k.shared.eval_b1k_wrapper:📊 Step 11200 | Task: 27 | Stage: 6/14 | Predictions: 560
INFO:b1k.shared.eval_b1k_wrapper:📊 Step 11300 | Task: 27 | Stage: 6/14 | Predictions: 565
INFO:b1k.shared.eval_b1k_wrapper:🎯 Prediction #570 | Actions: compressed 26→20 | Inpainting: True
INFO:b1k.shared.eval_b1k_wrapper:📊 Step 11400 | Task: 27 | Stage: 6/14 | Predictions: 570
INFO:b1k.shared.eval_b1k_wrapper:🔧 Gripper variation: Compression disabled (mean: 0.0289, max: 1.6104)
INFO:b1k.shared.correction_rules:🔧 GENERAL GRIPPER CORRECTION: Task 27, Stage 6
INFO:b1k.shared.correction_rules:   Right gripper closed (-0.9964) → Opening to 1.0
INFO:b1k.shared.eval_b1k_wrapper:🔧 Correction rule: Actions modified (max diff: 2.0284, task 27, stage 6)
INFO:b1k.shared.eval_b1k_wrapper:🔧 Gripper variation: Compression disabled (mean: 0.4538, max: 0.6953)
INFO:b1k.shared.eval_b1k_wrapper:📊 Step 11500 | Task: 27 | Stage: 6/14 | Predictions: 575
INFO:b1k.shared.eval_b1k_wrapper:🎯 Prediction #580 | Actions: compressed 26→20 | Inpainting: True
INFO:b1k.shared.eval_b1k_wrapper:📊 Step 11600 | Task: 27 | Stage: 6/14 | Predictions: 580
INFO:b1k.shared.eval_b1k_wrapper:🔧 Gripper variation: Compression disabled (mean: 0.2005, max: 0.1163)
INFO:b1k.shared.eval_b1k_wrapper:📊 Step 11700 | Task: 27 | Stage: 6/14 | Predictions: 585
INFO:b1k.shared.eval_b1k_wrapper:🔧 Gripper variation: Compression disabled (mean: 0.2026, max: 0.1462)
INFO:b1k.shared.eval_b1k_wrapper:🔧 Gripper variation: Compression disabled (mean: 0.3685, max: 0.1697)
INFO:b1k.shared.eval_b1k_wrapper:🔧 Gripper variation: Compression disabled (mean: 0.0213, max: 0.3204)
INFO:b1k.shared.eval_b1k_wrapper:🎯 Prediction #590 | Actions: compressed 26→20 | Inpainting: True
INFO:b1k.shared.eval_b1k_wrapper:📊 Step 11800 | Task: 27 | Stage: 6/14 | Predictions: 590
INFO:b1k.shared.eval_b1k_wrapper:🔧 Gripper variation: Compression disabled (mean: 0.1606, max: 1.8396)
INFO:b1k.shared.eval_b1k_wrapper:📊 Step 11900 | Task: 27 | Stage: 6/14 | Predictions: 595
INFO:b1k.shared.eval_b1k_wrapper:🎯 Prediction #600 | Actions: compressed 26→20 | Inpainting: True
INFO:b1k.shared.eval_b1k_wrapper:📊 Step 12000 | Task: 27 | Stage: 6/14 | Predictions: 600
INFO:b1k.shared.eval_b1k_wrapper:🔧 Gripper variation: Compression disabled (mean: 0.2737, max: 0.3009)
INFO:b1k.shared.eval_b1k_wrapper:📊 Step 12100 | Task: 27 | Stage: 6/14 | Predictions: 605
INFO:b1k.shared.eval_b1k_wrapper:🎯 Prediction #610 | Actions: compressed 26→20 | Inpainting: True
INFO:b1k.shared.eval_b1k_wrapper:📊 Step 12200 | Task: 27 | Stage: 6/14 | Predictions: 610
INFO:b1k.shared.eval_b1k_wrapper:📊 Step 12300 | Task: 27 | Stage: 6/14 | Predictions: 615
INFO:b1k.shared.eval_b1k_wrapper:🎯 Prediction #620 | Actions: compressed 26→20 | Inpainting: True
INFO:b1k.shared.eval_b1k_wrapper:📊 Step 12400 | Task: 27 | Stage: 6/14 | Predictions: 620
INFO:b1k.shared.eval_b1k_wrapper:📊 Step 12500 | Task: 27 | Stage: 6/14 | Predictions: 625
INFO:b1k.shared.eval_b1k_wrapper:🎯 Prediction #630 | Actions: compressed 26→20 | Inpainting: True
INFO:b1k.shared.eval_b1k_wrapper:📊 Step 12600 | Task: 27 | Stage: 6/14 | Predictions: 630
INFO:b1k.shared.eval_b1k_wrapper:📊 Step 12700 | Task: 27 | Stage: 6/14 | Predictions: 635
INFO:b1k.shared.eval_b1k_wrapper:🎯 Prediction #640 | Actions: compressed 26→20 | Inpainting: True
INFO:b1k.shared.eval_b1k_wrapper:📊 Step 12800 | Task: 27 | Stage: 6/14 | Predictions: 640
INFO:b1k.shared.eval_b1k_wrapper:📊 Step 12900 | Task: 27 | Stage: 6/14 | Predictions: 645
INFO:b1k.shared.eval_b1k_wrapper:🎯 Prediction #650 | Actions: compressed 26→20 | Inpainting: True
INFO:b1k.shared.eval_b1k_wrapper:📊 Step 13000 | Task: 27 | Stage: 6/14 | Predictions: 650
INFO:b1k.shared.eval_b1k_wrapper:⏭️  Stage skipped: 6 → 7 (task 27, step 13080)
INFO:b1k.shared.eval_b1k_wrapper:📊 Step 13100 | Task: 27 | Stage: 7/14 | Predictions: 655
INFO:b1k.shared.eval_b1k_wrapper:🔧 Gripper variation: Compression disabled (mean: 0.0716, max: 0.2234)
INFO:b1k.shared.eval_b1k_wrapper:⬆️  Stage advanced: 7 → 8 (task 27, step 13140)
INFO:b1k.shared.eval_b1k_wrapper:🎯 Prediction #660 | Actions: compressed 26→20 | Inpainting: True
INFO:b1k.shared.eval_b1k_wrapper:📊 Step 13200 | Task: 27 | Stage: 8/14 | Predictions: 660
INFO:b1k.shared.eval_b1k_wrapper:🔧 Gripper variation: Compression disabled (mean: 0.0092, max: 1.9570)
INFO:b1k.shared.eval_b1k_wrapper:📊 Step 13300 | Task: 27 | Stage: 8/14 | Predictions: 665
INFO:b1k.shared.correction_rules:🔧 GENERAL GRIPPER CORRECTION: Task 27, Stage 8
INFO:b1k.shared.correction_rules:   Right gripper closed (-1.0000) → Opening to 1.0
INFO:b1k.shared.eval_b1k_wrapper:🔧 Correction rule: Actions modified (max diff: 2.0073, task 27, stage 8)
INFO:b1k.shared.eval_b1k_wrapper:🔧 Gripper variation: Compression disabled (mean: 0.3348, max: 0.6272)
INFO:b1k.shared.eval_b1k_wrapper:🎯 Prediction #670 | Actions: compressed 26→20 | Inpainting: True
INFO:b1k.shared.eval_b1k_wrapper:📊 Step 13400 | Task: 27 | Stage: 8/14 | Predictions: 670
INFO:b1k.shared.eval_b1k_wrapper:📊 Step 13500 | Task: 27 | Stage: 8/14 | Predictions: 675
INFO:b1k.shared.eval_b1k_wrapper:🎯 Prediction #680 | Actions: compressed 26→20 | Inpainting: True
INFO:b1k.shared.eval_b1k_wrapper:📊 Step 13600 | Task: 27 | Stage: 8/14 | Predictions: 680
INFO:b1k.shared.eval_b1k_wrapper:📊 Step 13700 | Task: 27 | Stage: 8/14 | Predictions: 685
INFO:b1k.shared.eval_b1k_wrapper:🎯 Prediction #690 | Actions: compressed 26→20 | Inpainting: True
INFO:b1k.shared.eval_b1k_wrapper:📊 Step 13800 | Task: 27 | Stage: 8/14 | Predictions: 690
INFO:b1k.shared.eval_b1k_wrapper:📊 Step 13900 | Task: 27 | Stage: 8/14 | Predictions: 695
INFO:b1k.shared.eval_b1k_wrapper:🎯 Prediction #700 | Actions: compressed 26→20 | Inpainting: True
INFO:b1k.shared.eval_b1k_wrapper:📊 Step 14000 | Task: 27 | Stage: 8/14 | Predictions: 700
INFO:b1k.shared.eval_b1k_wrapper:📊 Step 14100 | Task: 27 | Stage: 8/14 | Predictions: 705
INFO:b1k.shared.eval_b1k_wrapper:🎯 Prediction #710 | Actions: compressed 26→20 | Inpainting: True
INFO:b1k.shared.eval_b1k_wrapper:📊 Step 14200 | Task: 27 | Stage: 8/14 | Predictions: 710
INFO:b1k.shared.eval_b1k_wrapper:📊 Step 14300 | Task: 27 | Stage: 8/14 | Predictions: 715
INFO:b1k.shared.eval_b1k_wrapper:🎯 Prediction #720 | Actions: compressed 26→20 | Inpainting: True
INFO:b1k.shared.eval_b1k_wrapper:📊 Step 14400 | Task: 27 | Stage: 8/14 | Predictions: 720
INFO:b1k.shared.eval_b1k_wrapper:📊 Step 14500 | Task: 27 | Stage: 8/14 | Predictions: 725
INFO:b1k.shared.eval_b1k_wrapper:🎯 Prediction #730 | Actions: compressed 26→20 | Inpainting: True
INFO:b1k.shared.eval_b1k_wrapper:📊 Step 14600 | Task: 27 | Stage: 8/14 | Predictions: 730
INFO:b1k.shared.eval_b1k_wrapper:🔧 Gripper variation: Compression disabled (mean: 0.5935, max: 0.4112)
INFO:b1k.shared.eval_b1k_wrapper:🔧 Gripper variation: Compression disabled (mean: 0.3281, max: 0.5686)
INFO:b1k.shared.eval_b1k_wrapper:📊 Step 14700 | Task: 27 | Stage: 8/14 | Predictions: 735
INFO:b1k.shared.eval_b1k_wrapper:🔧 Gripper variation: Compression disabled (mean: 0.0191, max: 1.9627)
INFO:b1k.shared.eval_b1k_wrapper:🔧 Gripper variation: Compression disabled (mean: 0.0093, max: 1.9898)
INFO:b1k.shared.correction_rules:🔧 GENERAL GRIPPER CORRECTION: Task 27, Stage 8
INFO:b1k.shared.correction_rules:   Right gripper closed (-0.9991) → Opening to 1.0
INFO:b1k.shared.eval_b1k_wrapper:🔧 Correction rule: Actions modified (max diff: 2.0048, task 27, stage 8)
INFO:b1k.shared.eval_b1k_wrapper:🔧 Gripper variation: Compression disabled (mean: 0.2521, max: 0.6476)
INFO:b1k.shared.eval_b1k_wrapper:🎯 Prediction #740 | Actions: uncompressed (20) | Inpainting: True
INFO:b1k.shared.eval_b1k_wrapper:📊 Step 14800 | Task: 27 | Stage: 8/14 | Predictions: 740
INFO:b1k.shared.eval_b1k_wrapper:🔧 Gripper variation: Compression disabled (mean: 0.0134, max: 1.9885)
INFO:b1k.shared.correction_rules:🔧 GENERAL GRIPPER CORRECTION: Task 27, Stage 8
INFO:b1k.shared.correction_rules:   Right gripper closed (-0.9960) → Opening to 1.0
INFO:b1k.shared.eval_b1k_wrapper:🔧 Correction rule: Actions modified (max diff: 2.0372, task 27, stage 8)
INFO:b1k.shared.eval_b1k_wrapper:📊 Step 14900 | Task: 27 | Stage: 8/14 | Predictions: 745
INFO:b1k.shared.eval_b1k_wrapper:🔧 Gripper variation: Compression disabled (mean: 0.3703, max: 2.0028)
INFO:b1k.shared.eval_b1k_wrapper:🎯 Prediction #750 | Actions: compressed 26→20 | Inpainting: True
INFO:b1k.shared.eval_b1k_wrapper:📊 Step 15000 | Task: 27 | Stage: 8/14 | Predictions: 750
INFO:b1k.shared.eval_b1k_wrapper:📊 Step 15100 | Task: 27 | Stage: 8/14 | Predictions: 755
INFO:b1k.shared.eval_b1k_wrapper:🎯 Prediction #760 | Actions: compressed 26→20 | Inpainting: True
INFO:b1k.shared.eval_b1k_wrapper:📊 Step 15200 | Task: 27 | Stage: 8/14 | Predictions: 760
INFO:b1k.shared.eval_b1k_wrapper:📊 Step 15300 | Task: 27 | Stage: 8/14 | Predictions: 765
INFO:b1k.shared.eval_b1k_wrapper:🔧 Gripper variation: Compression disabled (mean: 0.0532, max: 1.1570)
INFO:b1k.shared.eval_b1k_wrapper:🔧 Gripper variation: Compression disabled (mean: 0.0085, max: 2.0032)
INFO:b1k.shared.eval_b1k_wrapper:🔧 Gripper variation: Compression disabled (mean: 0.0087, max: 1.9933)
INFO:b1k.shared.eval_b1k_wrapper:🎯 Prediction #770 | Actions: uncompressed (20) | Inpainting: True
INFO:b1k.shared.eval_b1k_wrapper:📊 Step 15400 | Task: 27 | Stage: 8/14 | Predictions: 770
INFO:b1k.shared.correction_rules:🔧 GENERAL GRIPPER CORRECTION: Task 27, Stage 8
INFO:b1k.shared.correction_rules:   Right gripper closed (-0.9999) → Opening to 1.0
INFO:b1k.shared.eval_b1k_wrapper:🔧 Correction rule: Actions modified (max diff: 2.0068, task 27, stage 8)
INFO:b1k.shared.eval_b1k_wrapper:🔧 Gripper variation: Compression disabled (mean: 0.5793, max: 0.7626)
INFO:b1k.shared.eval_b1k_wrapper:📊 Step 15500 | Task: 27 | Stage: 8/14 | Predictions: 775
INFO:b1k.shared.eval_b1k_wrapper:🎯 Prediction #780 | Actions: compressed 26→20 | Inpainting: True
INFO:b1k.shared.eval_b1k_wrapper:📊 Step 15600 | Task: 27 | Stage: 8/14 | Predictions: 780
INFO:b1k.shared.eval_b1k_wrapper:📊 Step 15700 | Task: 27 | Stage: 8/14 | Predictions: 785
INFO:b1k.shared.eval_b1k_wrapper:🔧 Gripper variation: Compression disabled (mean: 0.0379, max: 1.9900)
INFO:b1k.shared.eval_b1k_wrapper:🔧 Gripper variation: Compression disabled (mean: 0.0152, max: 1.9741)
INFO:b1k.shared.correction_rules:🔧 GENERAL GRIPPER CORRECTION: Task 27, Stage 8
INFO:b1k.shared.correction_rules:   Right gripper closed (-0.9913) → Opening to 1.0
INFO:b1k.shared.eval_b1k_wrapper:🔧 Correction rule: Actions modified (max diff: 2.0121, task 27, stage 8)
INFO:b1k.shared.eval_b1k_wrapper:🎯 Prediction #790 | Actions: compressed 26→20 | Inpainting: True
INFO:b1k.shared.eval_b1k_wrapper:📊 Step 15800 | Task: 27 | Stage: 8/14 | Predictions: 790
INFO:b1k.shared.eval_b1k_wrapper:🔧 Gripper variation: Compression disabled (mean: 0.4879, max: 0.7241)
INFO:b1k.shared.eval_b1k_wrapper:📊 Step 15900 | Task: 27 | Stage: 8/14 | Predictions: 795
INFO:b1k.shared.eval_b1k_wrapper:🎯 Prediction #800 | Actions: compressed 26→20 | Inpainting: True
INFO:b1k.shared.eval_b1k_wrapper:📊 Step 16000 | Task: 27 | Stage: 8/14 | Predictions: 800
INFO:b1k.shared.eval_b1k_wrapper:📊 Step 16100 | Task: 27 | Stage: 8/14 | Predictions: 805
INFO:b1k.shared.eval_b1k_wrapper:🔧 Gripper variation: Compression disabled (mean: 0.0141, max: 1.9781)
INFO:b1k.shared.eval_b1k_wrapper:🎯 Prediction #810 | Actions: compressed 26→20 | Inpainting: True
INFO:b1k.shared.eval_b1k_wrapper:📊 Step 16200 | Task: 27 | Stage: 8/14 | Predictions: 810
INFO:b1k.shared.eval_b1k_wrapper:🔧 Gripper variation: Compression disabled (mean: 0.0307, max: 1.7124)
INFO:b1k.shared.eval_b1k_wrapper:📊 Step 16300 | Task: 27 | Stage: 8/14 | Predictions: 815
INFO:b1k.shared.eval_b1k_wrapper:🎯 Prediction #820 | Actions: compressed 26→20 | Inpainting: True
INFO:b1k.shared.eval_b1k_wrapper:📊 Step 16400 | Task: 27 | Stage: 8/14 | Predictions: 820
INFO:b1k.shared.eval_b1k_wrapper:📊 Step 16500 | Task: 27 | Stage: 8/14 | Predictions: 825
INFO:b1k.shared.eval_b1k_wrapper:🎯 Prediction #830 | Actions: compressed 26→20 | Inpainting: True
INFO:b1k.shared.eval_b1k_wrapper:📊 Step 16600 | Task: 27 | Stage: 8/14 | Predictions: 830
INFO:b1k.shared.eval_b1k_wrapper:📊 Step 16700 | Task: 27 | Stage: 8/14 | Predictions: 835
INFO:b1k.shared.eval_b1k_wrapper:⏭️  Stage skipped: 8 → 9 (task 27, step 16760)
INFO:b1k.shared.eval_b1k_wrapper:🎯 Prediction #840 | Actions: compressed 26→20 | Inpainting: True
INFO:b1k.shared.eval_b1k_wrapper:📊 Step 16800 | Task: 27 | Stage: 9/14 | Predictions: 840
INFO:b1k.shared.eval_b1k_wrapper:📊 Step 16900 | Task: 27 | Stage: 9/14 | Predictions: 845
INFO:b1k.shared.eval_b1k_wrapper:🎯 Prediction #850 | Actions: compressed 26→20 | Inpainting: True
INFO:b1k.shared.eval_b1k_wrapper:📊 Step 17000 | Task: 27 | Stage: 9/14 | Predictions: 850
INFO:b1k.shared.eval_b1k_wrapper:📊 Step 17100 | Task: 27 | Stage: 9/14 | Predictions: 855
INFO:b1k.shared.eval_b1k_wrapper:🎯 Prediction #860 | Actions: compressed 26→20 | Inpainting: True
INFO:b1k.shared.eval_b1k_wrapper:📊 Step 17200 | Task: 27 | Stage: 9/14 | Predictions: 860
INFO:b1k.shared.eval_b1k_wrapper:📊 Step 17300 | Task: 27 | Stage: 9/14 | Predictions: 865
INFO:b1k.shared.eval_b1k_wrapper:🔧 Gripper variation: Compression disabled (mean: 0.2866, max: 0.2586)
INFO:b1k.shared.eval_b1k_wrapper:🎯 Prediction #870 | Actions: compressed 26→20 | Inpainting: True
INFO:b1k.shared.eval_b1k_wrapper:📊 Step 17400 | Task: 27 | Stage: 9/14 | Predictions: 870
INFO:b1k.shared.eval_b1k_wrapper:📊 Step 17500 | Task: 27 | Stage: 9/14 | Predictions: 875
INFO:b1k.shared.eval_b1k_wrapper:🎯 Prediction #880 | Actions: compressed 26→20 | Inpainting: True
INFO:b1k.shared.eval_b1k_wrapper:📊 Step 17600 | Task: 27 | Stage: 9/14 | Predictions: 880
INFO:b1k.shared.eval_b1k_wrapper:📊 Step 17700 | Task: 27 | Stage: 9/14 | Predictions: 885
INFO:b1k.shared.eval_b1k_wrapper:🔧 Gripper variation: Compression disabled (mean: 0.2348, max: 0.3288)
INFO:b1k.shared.eval_b1k_wrapper:🔧 Gripper variation: Compression disabled (mean: 0.3520, max: 0.9235)
INFO:b1k.shared.eval_b1k_wrapper:🔧 Gripper variation: Compression disabled (mean: 0.4445, max: 0.7254)
INFO:b1k.shared.eval_b1k_wrapper:🎯 Prediction #890 | Actions: uncompressed (20) | Inpainting: True
INFO:b1k.shared.eval_b1k_wrapper:📊 Step 17800 | Task: 27 | Stage: 9/14 | Predictions: 890
INFO:b1k.shared.eval_b1k_wrapper:🔧 Gripper variation: Compression disabled (mean: 0.3410, max: 1.0627)
INFO:b1k.shared.eval_b1k_wrapper:🔧 Gripper variation: Compression disabled (mean: 1.1257, max: 0.9154)
INFO:b1k.shared.eval_b1k_wrapper:🔧 Gripper variation: Compression disabled (mean: 0.6976, max: 1.3277)
INFO:b1k.shared.eval_b1k_wrapper:🔧 Gripper variation: Compression disabled (mean: 0.3717, max: 0.9634)
INFO:b1k.shared.eval_b1k_wrapper:🔧 Gripper variation: Compression disabled (mean: 0.5652, max: 1.1223)
INFO:b1k.shared.eval_b1k_wrapper:📊 Step 17900 | Task: 27 | Stage: 9/14 | Predictions: 895
INFO:b1k.shared.eval_b1k_wrapper:🔧 Gripper variation: Compression disabled (mean: 0.5836, max: 1.0302)
INFO:b1k.shared.eval_b1k_wrapper:🔧 Gripper variation: Compression disabled (mean: 0.4418, max: 0.9020)
INFO:b1k.shared.eval_b1k_wrapper:🔧 Gripper variation: Compression disabled (mean: 0.3773, max: 0.9663)
INFO:b1k.shared.eval_b1k_wrapper:🔧 Gripper variation: Compression disabled (mean: 0.4755, max: 0.9685)
INFO:b1k.shared.eval_b1k_wrapper:🔧 Gripper variation: Compression disabled (mean: 0.5338, max: 0.5859)
INFO:b1k.shared.eval_b1k_wrapper:🎯 Prediction #900 | Actions: uncompressed (20) | Inpainting: True
INFO:b1k.shared.eval_b1k_wrapper:📊 Step 18000 | Task: 27 | Stage: 9/14 | Predictions: 900
INFO:b1k.shared.eval_b1k_wrapper:🔧 Gripper variation: Compression disabled (mean: 0.2841, max: 1.2005)
INFO:b1k.shared.eval_b1k_wrapper:🔧 Gripper variation: Compression disabled (mean: 0.5479, max: 1.2427)
INFO:b1k.shared.eval_b1k_wrapper:🔧 Gripper variation: Compression disabled (mean: 0.8116, max: 1.2661)
INFO:b1k.shared.eval_b1k_wrapper:🔧 Gripper variation: Compression disabled (mean: 0.2437, max: 0.5116)
INFO:b1k.shared.eval_b1k_wrapper:🔧 Gripper variation: Compression disabled (mean: 0.3138, max: 1.2910)
INFO:b1k.shared.eval_b1k_wrapper:📊 Step 18100 | Task: 27 | Stage: 9/14 | Predictions: 905
INFO:b1k.shared.eval_b1k_wrapper:🔧 Gripper variation: Compression disabled (mean: 0.9392, max: 1.0973)
INFO:b1k.shared.eval_b1k_wrapper:🔧 Gripper variation: Compression disabled (mean: 0.2721, max: 0.8858)
INFO:b1k.shared.eval_b1k_wrapper:🔧 Gripper variation: Compression disabled (mean: 0.3723, max: 1.1990)
INFO:b1k.shared.eval_b1k_wrapper:🔧 Gripper variation: Compression disabled (mean: 0.4475, max: 0.8820)
INFO:b1k.shared.eval_b1k_wrapper:🔧 Gripper variation: Compression disabled (mean: 0.4485, max: 0.8606)
INFO:b1k.shared.eval_b1k_wrapper:🎯 Prediction #910 | Actions: uncompressed (20) | Inpainting: True
INFO:b1k.shared.eval_b1k_wrapper:📊 Step 18200 | Task: 27 | Stage: 9/14 | Predictions: 910
INFO:b1k.shared.eval_b1k_wrapper:🔧 Gripper variation: Compression disabled (mean: 0.3758, max: 1.1627)
INFO:b1k.shared.eval_b1k_wrapper:🔧 Gripper variation: Compression disabled (mean: 0.4944, max: 1.2109)
INFO:b1k.shared.eval_b1k_wrapper:🔧 Gripper variation: Compression disabled (mean: 0.3459, max: 1.0467)
INFO:b1k.shared.eval_b1k_wrapper:🔧 Gripper variation: Compression disabled (mean: 0.4391, max: 1.2285)
INFO:b1k.shared.eval_b1k_wrapper:🔧 Gripper variation: Compression disabled (mean: 0.3395, max: 0.7669)
INFO:b1k.shared.eval_b1k_wrapper:📊 Step 18300 | Task: 27 | Stage: 9/14 | Predictions: 915
INFO:b1k.shared.eval_b1k_wrapper:🔧 Gripper variation: Compression disabled (mean: 0.2818, max: 0.7433)
INFO:b1k.shared.eval_b1k_wrapper:🔧 Gripper variation: Compression disabled (mean: 0.1732, max: 0.7622)
INFO:b1k.shared.eval_b1k_wrapper:🔧 Gripper variation: Compression disabled (mean: 0.5788, max: 0.7229)
INFO:b1k.shared.eval_b1k_wrapper:🔧 Gripper variation: Compression disabled (mean: 0.6516, max: 0.8955)
INFO:b1k.shared.eval_b1k_wrapper:🔧 Gripper variation: Compression disabled (mean: 0.2845, max: 1.4189)
INFO:b1k.shared.eval_b1k_wrapper:🎯 Prediction #920 | Actions: uncompressed (20) | Inpainting: True
INFO:b1k.shared.eval_b1k_wrapper:📊 Step 18400 | Task: 27 | Stage: 9/14 | Predictions: 920
INFO:b1k.shared.eval_b1k_wrapper:🔧 Gripper variation: Compression disabled (mean: 0.3613, max: 1.0844)
INFO:b1k.shared.eval_b1k_wrapper:🔧 Gripper variation: Compression disabled (mean: 0.2372, max: 1.4040)
INFO:b1k.shared.eval_b1k_wrapper:🔧 Gripper variation: Compression disabled (mean: 0.8386, max: 0.8305)
INFO:b1k.shared.eval_b1k_wrapper:🔧 Gripper variation: Compression disabled (mean: 0.2866, max: 1.2490)
INFO:b1k.shared.eval_b1k_wrapper:🔧 Gripper variation: Compression disabled (mean: 0.3476, max: 0.7187)
INFO:b1k.shared.eval_b1k_wrapper:📊 Step 18500 | Task: 27 | Stage: 9/14 | Predictions: 925
INFO:b1k.shared.eval_b1k_wrapper:🔧 Gripper variation: Compression disabled (mean: 0.3499, max: 0.9040)
INFO:b1k.shared.eval_b1k_wrapper:🔧 Gripper variation: Compression disabled (mean: 0.6908, max: 0.8974)
INFO:b1k.shared.eval_b1k_wrapper:🔧 Gripper variation: Compression disabled (mean: 0.7570, max: 0.8588)
INFO:b1k.shared.eval_b1k_wrapper:🔧 Gripper variation: Compression disabled (mean: 0.4870, max: 0.9396)
INFO:b1k.shared.eval_b1k_wrapper:🔧 Gripper variation: Compression disabled (mean: 0.4109, max: 0.9634)
INFO:b1k.shared.eval_b1k_wrapper:🎯 Prediction #930 | Actions: uncompressed (20) | Inpainting: True
INFO:b1k.shared.eval_b1k_wrapper:📊 Step 18600 | Task: 27 | Stage: 9/14 | Predictions: 930
INFO:b1k.shared.eval_b1k_wrapper:🔧 Gripper variation: Compression disabled (mean: 0.3470, max: 0.7497)
INFO:b1k.shared.eval_b1k_wrapper:🔧 Gripper variation: Compression disabled (mean: 0.6857, max: 1.0053)
INFO:b1k.shared.eval_b1k_wrapper:🔧 Gripper variation: Compression disabled (mean: 0.3732, max: 1.0214)
INFO:b1k.shared.eval_b1k_wrapper:🔧 Gripper variation: Compression disabled (mean: 0.3331, max: 1.1495)
INFO:b1k.shared.eval_b1k_wrapper:🔧 Gripper variation: Compression disabled (mean: 0.6311, max: 0.7929)
INFO:b1k.shared.eval_b1k_wrapper:📊 Step 18700 | Task: 27 | Stage: 9/14 | Predictions: 935
INFO:b1k.shared.eval_b1k_wrapper:🔧 Gripper variation: Compression disabled (mean: 0.3438, max: 1.0900)
INFO:b1k.shared.eval_b1k_wrapper:🔧 Gripper variation: Compression disabled (mean: 0.5013, max: 1.1289)
INFO:b1k.shared.eval_b1k_wrapper:🔧 Gripper variation: Compression disabled (mean: 0.5384, max: 1.1383)
INFO:b1k.shared.eval_b1k_wrapper:🔧 Gripper variation: Compression disabled (mean: 0.3477, max: 0.7935)
INFO:b1k.shared.eval_b1k_wrapper:🔧 Gripper variation: Compression disabled (mean: 0.3955, max: 0.7711)
INFO:b1k.shared.eval_b1k_wrapper:🎯 Prediction #940 | Actions: uncompressed (20) | Inpainting: True
INFO:b1k.shared.eval_b1k_wrapper:📊 Step 18800 | Task: 27 | Stage: 9/14 | Predictions: 940
INFO:b1k.shared.eval_b1k_wrapper:🔧 Gripper variation: Compression disabled (mean: 0.4140, max: 0.7398)
INFO:b1k.shared.eval_b1k_wrapper:🔧 Gripper variation: Compression disabled (mean: 0.4117, max: 1.0251)
INFO:b1k.shared.eval_b1k_wrapper:🔧 Gripper variation: Compression disabled (mean: 0.3236, max: 1.4371)
INFO:b1k.shared.eval_b1k_wrapper:🔧 Gripper variation: Compression disabled (mean: 0.4305, max: 0.9667)
INFO:b1k.shared.eval_b1k_wrapper:🔧 Gripper variation: Compression disabled (mean: 0.2671, max: 1.0733)
INFO:b1k.shared.eval_b1k_wrapper:📊 Step 18900 | Task: 27 | Stage: 9/14 | Predictions: 945
INFO:b1k.shared.eval_b1k_wrapper:🔧 Gripper variation: Compression disabled (mean: 0.2210, max: 0.6002)
INFO:b1k.shared.eval_b1k_wrapper:🔧 Gripper variation: Compression disabled (mean: 0.7946, max: 1.2322)
INFO:b1k.shared.eval_b1k_wrapper:🔧 Gripper variation: Compression disabled (mean: 0.4228, max: 1.0272)
INFO:b1k.shared.eval_b1k_wrapper:🔧 Gripper variation: Compression disabled (mean: 0.2398, max: 0.4970)
INFO:b1k.shared.eval_b1k_wrapper:🔧 Gripper variation: Compression disabled (mean: 0.4582, max: 1.2060)
INFO:b1k.shared.eval_b1k_wrapper:🎯 Prediction #950 | Actions: uncompressed (20) | Inpainting: True
INFO:b1k.shared.eval_b1k_wrapper:📊 Step 19000 | Task: 27 | Stage: 9/14 | Predictions: 950
INFO:b1k.shared.eval_b1k_wrapper:🔧 Gripper variation: Compression disabled (mean: 0.6528, max: 0.9501)
INFO:b1k.shared.eval_b1k_wrapper:🔧 Gripper variation: Compression disabled (mean: 0.1791, max: 0.6839)
INFO:b1k.shared.eval_b1k_wrapper:🔧 Gripper variation: Compression disabled (mean: 0.5109, max: 0.8093)
INFO:b1k.shared.eval_b1k_wrapper:🔧 Gripper variation: Compression disabled (mean: 0.4425, max: 0.8805)
INFO:b1k.shared.eval_b1k_wrapper:🔧 Gripper variation: Compression disabled (mean: 0.3469, max: 0.6526)
INFO:b1k.shared.eval_b1k_wrapper:📊 Step 19100 | Task: 27 | Stage: 9/14 | Predictions: 955
INFO:b1k.shared.eval_b1k_wrapper:🔧 Gripper variation: Compression disabled (mean: 0.2863, max: 0.9218)
INFO:b1k.shared.eval_b1k_wrapper:🔧 Gripper variation: Compression disabled (mean: 0.2962, max: 0.8748)
INFO:b1k.shared.eval_b1k_wrapper:🔧 Gripper variation: Compression disabled (mean: 0.3709, max: 0.9442)
INFO:b1k.shared.eval_b1k_wrapper:🔧 Gripper variation: Compression disabled (mean: 0.9020, max: 0.9715)
INFO:b1k.shared.eval_b1k_wrapper:🔧 Gripper variation: Compression disabled (mean: 0.4224, max: 0.6263)
INFO:b1k.shared.eval_b1k_wrapper:🎯 Prediction #960 | Actions: uncompressed (20) | Inpainting: True
INFO:b1k.shared.eval_b1k_wrapper:📊 Step 19200 | Task: 27 | Stage: 9/14 | Predictions: 960
INFO:b1k.shared.eval_b1k_wrapper:🔧 Gripper variation: Compression disabled (mean: 0.4285, max: 0.9387)
INFO:b1k.shared.eval_b1k_wrapper:🔧 Gripper variation: Compression disabled (mean: 0.3121, max: 0.7867)
INFO:b1k.shared.eval_b1k_wrapper:🔧 Gripper variation: Compression disabled (mean: 0.3987, max: 1.1804)
INFO:b1k.shared.eval_b1k_wrapper:🔧 Gripper variation: Compression disabled (mean: 0.2634, max: 0.7517)
INFO:b1k.shared.eval_b1k_wrapper:🔧 Gripper variation: Compression disabled (mean: 0.3836, max: 0.6770)
INFO:b1k.shared.eval_b1k_wrapper:📊 Step 19300 | Task: 27 | Stage: 9/14 | Predictions: 965
INFO:b1k.shared.eval_b1k_wrapper:🔧 Gripper variation: Compression disabled (mean: 0.4837, max: 0.7236)
INFO:b1k.shared.eval_b1k_wrapper:🔧 Gripper variation: Compression disabled (mean: 0.8485, max: 1.2872)
INFO:b1k.shared.eval_b1k_wrapper:🔧 Gripper variation: Compression disabled (mean: 0.5623, max: 0.5587)
INFO:b1k.shared.eval_b1k_wrapper:🔧 Gripper variation: Compression disabled (mean: 0.2403, max: 0.4503)
INFO:b1k.shared.eval_b1k_wrapper:🔧 Gripper variation: Compression disabled (mean: 0.3506, max: 0.9155)
INFO:b1k.shared.eval_b1k_wrapper:🎯 Prediction #970 | Actions: uncompressed (20) | Inpainting: True
INFO:b1k.shared.eval_b1k_wrapper:📊 Step 19400 | Task: 27 | Stage: 9/14 | Predictions: 970
INFO:b1k.shared.eval_b1k_wrapper:🔧 Gripper variation: Compression disabled (mean: 0.2371, max: 1.0026)
INFO:b1k.shared.eval_b1k_wrapper:🔧 Gripper variation: Compression disabled (mean: 0.7033, max: 1.2030)
INFO:b1k.shared.eval_b1k_wrapper:🔧 Gripper variation: Compression disabled (mean: 0.4615, max: 1.1242)
INFO:b1k.shared.eval_b1k_wrapper:🔧 Gripper variation: Compression disabled (mean: 0.8656, max: 0.9090)
INFO:b1k.shared.eval_b1k_wrapper:🔧 Gripper variation: Compression disabled (mean: 0.7023, max: 1.2195)
INFO:b1k.shared.eval_b1k_wrapper:⏭️  Stage skipped: 9 → 10 (task 27, step 19480)
INFO:b1k.shared.eval_b1k_wrapper:📊 Step 19500 | Task: 27 | Stage: 10/14 | Predictions: 975
INFO:b1k.shared.eval_b1k_wrapper:🔧 Gripper variation: Compression disabled (mean: 0.7116, max: 1.1001)
INFO:b1k.shared.eval_b1k_wrapper:🔧 Gripper variation: Compression disabled (mean: 0.3486, max: 0.5207)
INFO:b1k.shared.eval_b1k_wrapper:🔧 Gripper variation: Compression disabled (mean: 0.2808, max: 0.6634)
INFO:b1k.shared.eval_b1k_wrapper:⬆️  Stage advanced: 10 → 11 (task 27, step 19540)
INFO:b1k.shared.eval_b1k_wrapper:🔧 Gripper variation: Compression disabled (mean: 0.4771, max: 1.0247)
INFO:b1k.shared.eval_b1k_wrapper:🔧 Gripper variation: Compression disabled (mean: 0.4641, max: 1.7609)
INFO:b1k.shared.eval_b1k_wrapper:🎯 Prediction #980 | Actions: uncompressed (20) | Inpainting: True
INFO:b1k.shared.eval_b1k_wrapper:📊 Step 19600 | Task: 27 | Stage: 11/14 | Predictions: 980
INFO:b1k.shared.eval_b1k_wrapper:🔧 Gripper variation: Compression disabled (mean: 0.6571, max: 0.9516)
INFO:b1k.shared.eval_b1k_wrapper:🔧 Gripper variation: Compression disabled (mean: 0.6184, max: 0.7802)
INFO:b1k.shared.eval_b1k_wrapper:🔧 Gripper variation: Compression disabled (mean: 0.5772, max: 1.2865)
INFO:b1k.shared.eval_b1k_wrapper:🔧 Gripper variation: Compression disabled (mean: 0.6934, max: 1.2430)
INFO:b1k.shared.eval_b1k_wrapper:🔧 Gripper variation: Compression disabled (mean: 0.5393, max: 1.3632)
INFO:b1k.shared.eval_b1k_wrapper:📊 Step 19700 | Task: 27 | Stage: 11/14 | Predictions: 985
INFO:b1k.shared.eval_b1k_wrapper:🔧 Gripper variation: Compression disabled (mean: 0.3265, max: 0.7720)
INFO:b1k.shared.eval_b1k_wrapper:🔧 Gripper variation: Compression disabled (mean: 0.2955, max: 0.7673)
INFO:b1k.shared.eval_b1k_wrapper:🔧 Gripper variation: Compression disabled (mean: 0.3070, max: 0.9576)
INFO:b1k.shared.eval_b1k_wrapper:🔧 Gripper variation: Compression disabled (mean: 0.4212, max: 0.8554)
INFO:b1k.shared.eval_b1k_wrapper:🔧 Gripper variation: Compression disabled (mean: 0.5860, max: 0.6930)
INFO:b1k.shared.eval_b1k_wrapper:🎯 Prediction #990 | Actions: uncompressed (20) | Inpainting: True
INFO:b1k.shared.eval_b1k_wrapper:📊 Step 19800 | Task: 27 | Stage: 11/14 | Predictions: 990
INFO:b1k.shared.eval_b1k_wrapper:🔧 Gripper variation: Compression disabled (mean: 0.3112, max: 0.9748)
INFO:b1k.shared.eval_b1k_wrapper:🔧 Gripper variation: Compression disabled (mean: 0.5998, max: 0.7857)
INFO:b1k.shared.eval_b1k_wrapper:🔧 Gripper variation: Compression disabled (mean: 0.6737, max: 0.8142)
INFO:b1k.shared.eval_b1k_wrapper:🔧 Gripper variation: Compression disabled (mean: 0.3802, max: 0.4766)
INFO:b1k.shared.eval_b1k_wrapper:🔧 Gripper variation: Compression disabled (mean: 0.2931, max: 0.8931)
INFO:b1k.shared.eval_b1k_wrapper:📊 Step 19900 | Task: 27 | Stage: 11/14 | Predictions: 995
INFO:b1k.shared.eval_b1k_wrapper:🔧 Gripper variation: Compression disabled (mean: 0.3186, max: 1.0409)
INFO:b1k.shared.eval_b1k_wrapper:🔧 Gripper variation: Compression disabled (mean: 0.5974, max: 0.8975)
INFO:b1k.shared.eval_b1k_wrapper:🔧 Gripper variation: Compression disabled (mean: 0.8872, max: 0.6408)
INFO:b1k.shared.eval_b1k_wrapper:🔧 Gripper variation: Compression disabled (mean: 0.4398, max: 1.1534)
INFO:b1k.shared.eval_b1k_wrapper:🔧 Gripper variation: Compression disabled (mean: 0.2720, max: 0.8092)
INFO:b1k.shared.eval_b1k_wrapper:🎯 Prediction #1000 | Actions: uncompressed (20) | Inpainting: True
INFO:b1k.shared.eval_b1k_wrapper:📊 Step 20000 | Task: 27 | Stage: 11/14 | Predictions: 1000
INFO:b1k.shared.eval_b1k_wrapper:🔧 Gripper variation: Compression disabled (mean: 0.5640, max: 1.2437)
INFO:b1k.shared.eval_b1k_wrapper:🔧 Gripper variation: Compression disabled (mean: 0.4481, max: 1.2204)
INFO:b1k.shared.eval_b1k_wrapper:🔧 Gripper variation: Compression disabled (mean: 0.7299, max: 1.0487)
INFO:b1k.shared.eval_b1k_wrapper:🔧 Gripper variation: Compression disabled (mean: 0.5032, max: 0.9136)
INFO:b1k.shared.eval_b1k_wrapper:🔧 Gripper variation: Compression disabled (mean: 0.3356, max: 0.5462)
INFO:b1k.shared.eval_b1k_wrapper:📊 Step 20100 | Task: 27 | Stage: 11/14 | Predictions: 1005
INFO:b1k.shared.eval_b1k_wrapper:🔧 Gripper variation: Compression disabled (mean: 0.5024, max: 0.6198)
INFO:b1k.shared.eval_b1k_wrapper:🔧 Gripper variation: Compression disabled (mean: 0.2376, max: 1.2797)
INFO:b1k.shared.eval_b1k_wrapper:🔧 Gripper variation: Compression disabled (mean: 0.4530, max: 0.7636)
INFO:b1k.shared.eval_b1k_wrapper:⬆️  Stage advanced: 11 → 12 (task 27, step 20140)
INFO:b1k.shared.eval_b1k_wrapper:🔧 Gripper variation: Compression disabled (mean: 0.8700, max: 0.9781)
INFO:b1k.shared.eval_b1k_wrapper:🔧 Gripper variation: Compression disabled (mean: 0.7524, max: 1.2346)
INFO:b1k.shared.eval_b1k_wrapper:🎯 Prediction #1010 | Actions: uncompressed (20) | Inpainting: True
INFO:b1k.shared.eval_b1k_wrapper:📊 Step 20200 | Task: 27 | Stage: 12/14 | Predictions: 1010
INFO:b1k.shared.eval_b1k_wrapper:🔧 Gripper variation: Compression disabled (mean: 0.2087, max: 0.8028)
INFO:b1k.shared.eval_b1k_wrapper:🔧 Gripper variation: Compression disabled (mean: 0.5684, max: 0.8870)
INFO:b1k.shared.eval_b1k_wrapper:🔧 Gripper variation: Compression disabled (mean: 0.7008, max: 1.2441)
INFO:b1k.shared.eval_b1k_wrapper:⬅️  Stage went back: 12 → 11 (task 27, step 20240)
INFO:b1k.shared.eval_b1k_wrapper:🔧 Gripper variation: Compression disabled (mean: 0.5215, max: 0.9236)
INFO:b1k.shared.eval_b1k_wrapper:🔧 Gripper variation: Compression disabled (mean: 0.7576, max: 0.7659)
INFO:b1k.shared.eval_b1k_wrapper:📊 Step 20300 | Task: 27 | Stage: 11/14 | Predictions: 1015
INFO:b1k.shared.eval_b1k_wrapper:🔧 Gripper variation: Compression disabled (mean: 0.4620, max: 1.0464)
INFO:b1k.shared.eval_b1k_wrapper:🔧 Gripper variation: Compression disabled (mean: 0.3605, max: 0.4810)
INFO:b1k.shared.eval_b1k_wrapper:🔧 Gripper variation: Compression disabled (mean: 0.4774, max: 0.8829)
INFO:b1k.shared.eval_b1k_wrapper:🔧 Gripper variation: Compression disabled (mean: 0.5112, max: 0.9965)
INFO:b1k.shared.eval_b1k_wrapper:⬆️  Stage advanced: 11 → 12 (task 27, step 20360)
INFO:b1k.shared.eval_b1k_wrapper:🔧 Gripper variation: Compression disabled (mean: 0.9171, max: 0.8752)
INFO:b1k.shared.eval_b1k_wrapper:🎯 Prediction #1020 | Actions: uncompressed (20) | Inpainting: True
INFO:b1k.shared.eval_b1k_wrapper:📊 Step 20400 | Task: 27 | Stage: 12/14 | Predictions: 1020
INFO:b1k.shared.eval_b1k_wrapper:🔧 Gripper variation: Compression disabled (mean: 0.9127, max: 1.3407)
INFO:b1k.shared.eval_b1k_wrapper:🔧 Gripper variation: Compression disabled (mean: 0.4250, max: 0.9786)
INFO:b1k.shared.eval_b1k_wrapper:🔧 Gripper variation: Compression disabled (mean: 0.2834, max: 0.6950)
INFO:b1k.shared.eval_b1k_wrapper:🔧 Gripper variation: Compression disabled (mean: 0.1478, max: 1.0130)
INFO:b1k.shared.eval_b1k_wrapper:🔧 Gripper variation: Compression disabled (mean: 0.3920, max: 0.9112)
INFO:b1k.shared.eval_b1k_wrapper:📊 Step 20500 | Task: 27 | Stage: 12/14 | Predictions: 1025
INFO:b1k.shared.eval_b1k_wrapper:🔧 Gripper variation: Compression disabled (mean: 0.1863, max: 0.7790)
INFO:b1k.shared.eval_b1k_wrapper:🔧 Gripper variation: Compression disabled (mean: 0.2768, max: 1.1860)
INFO:b1k.shared.eval_b1k_wrapper:🔧 Gripper variation: Compression disabled (mean: 0.3965, max: 0.8716)
INFO:b1k.shared.eval_b1k_wrapper:🔧 Gripper variation: Compression disabled (mean: 0.0973, max: 1.0537)
INFO:b1k.shared.eval_b1k_wrapper:🔧 Gripper variation: Compression disabled (mean: 1.1571, max: 0.5270)
INFO:b1k.shared.eval_b1k_wrapper:🎯 Prediction #1030 | Actions: uncompressed (20) | Inpainting: True
INFO:b1k.shared.eval_b1k_wrapper:📊 Step 20600 | Task: 27 | Stage: 12/14 | Predictions: 1030
INFO:b1k.shared.eval_b1k_wrapper:🔧 Gripper variation: Compression disabled (mean: 0.2732, max: 0.7641)
INFO:b1k.shared.eval_b1k_wrapper:🔧 Gripper variation: Compression disabled (mean: 0.9095, max: 0.8721)
INFO:b1k.shared.eval_b1k_wrapper:🔧 Gripper variation: Compression disabled (mean: 0.6224, max: 0.7764)
INFO:b1k.shared.eval_b1k_wrapper:🔧 Gripper variation: Compression disabled (mean: 0.4297, max: 0.8534)
INFO:b1k.shared.eval_b1k_wrapper:🔧 Gripper variation: Compression disabled (mean: 0.6163, max: 0.7618)
INFO:b1k.shared.eval_b1k_wrapper:📊 Step 20700 | Task: 27 | Stage: 12/14 | Predictions: 1035
INFO:b1k.shared.eval_b1k_wrapper:🔧 Gripper variation: Compression disabled (mean: 0.7363, max: 1.0903)
INFO:b1k.shared.eval_b1k_wrapper:🔧 Gripper variation: Compression disabled (mean: 0.7231, max: 1.1491)
INFO:b1k.shared.eval_b1k_wrapper:🔧 Gripper variation: Compression disabled (mean: 0.5370, max: 1.0569)
INFO:b1k.shared.eval_b1k_wrapper:🔧 Gripper variation: Compression disabled (mean: 0.7053, max: 1.0946)
INFO:b1k.shared.eval_b1k_wrapper:🔧 Gripper variation: Compression disabled (mean: 0.4919, max: 1.0575)
INFO:b1k.shared.eval_b1k_wrapper:🎯 Prediction #1040 | Actions: uncompressed (20) | Inpainting: True
INFO:b1k.shared.eval_b1k_wrapper:📊 Step 20800 | Task: 27 | Stage: 12/14 | Predictions: 1040
INFO:b1k.shared.eval_b1k_wrapper:🔧 Gripper variation: Compression disabled (mean: 0.3185, max: 0.9229)
INFO:b1k.shared.eval_b1k_wrapper:🔧 Gripper variation: Compression disabled (mean: 0.6534, max: 1.2257)
INFO:b1k.shared.eval_b1k_wrapper:🔧 Gripper variation: Compression disabled (mean: 0.6871, max: 0.9645)
INFO:b1k.shared.eval_b1k_wrapper:🔧 Gripper variation: Compression disabled (mean: 0.4805, max: 1.0220)
INFO:b1k.shared.eval_b1k_wrapper:🔧 Gripper variation: Compression disabled (mean: 0.6443, max: 1.1251)
INFO:b1k.shared.eval_b1k_wrapper:📊 Step 20900 | Task: 27 | Stage: 12/14 | Predictions: 1045
INFO:b1k.shared.eval_b1k_wrapper:🔧 Gripper variation: Compression disabled (mean: 0.3657, max: 0.8074)
INFO:b1k.shared.eval_b1k_wrapper:🔧 Gripper variation: Compression disabled (mean: 0.4666, max: 1.2945)
INFO:b1k.shared.eval_b1k_wrapper:🔧 Gripper variation: Compression disabled (mean: 0.5908, max: 1.4192)
INFO:b1k.shared.eval_b1k_wrapper:🔧 Gripper variation: Compression disabled (mean: 0.3707, max: 0.8099)
INFO:b1k.shared.eval_b1k_wrapper:🔧 Gripper variation: Compression disabled (mean: 0.4634, max: 1.0734)
INFO:b1k.shared.eval_b1k_wrapper:🎯 Prediction #1050 | Actions: uncompressed (20) | Inpainting: True
INFO:b1k.shared.eval_b1k_wrapper:📊 Step 21000 | Task: 27 | Stage: 12/14 | Predictions: 1050
INFO:b1k.shared.eval_b1k_wrapper:🔧 Gripper variation: Compression disabled (mean: 0.3049, max: 1.0954)
INFO:b1k.shared.eval_b1k_wrapper:🔧 Gripper variation: Compression disabled (mean: 0.5883, max: 0.7177)
INFO:b1k.shared.eval_b1k_wrapper:🔧 Gripper variation: Compression disabled (mean: 0.5510, max: 0.8891)
INFO:b1k.shared.eval_b1k_wrapper:🔧 Gripper variation: Compression disabled (mean: 0.5422, max: 1.1786)
INFO:b1k.shared.eval_b1k_wrapper:🔧 Gripper variation: Compression disabled (mean: 0.7142, max: 1.0696)
INFO:b1k.shared.eval_b1k_wrapper:📊 Step 21100 | Task: 27 | Stage: 12/14 | Predictions: 1055
INFO:b1k.shared.eval_b1k_wrapper:🔧 Gripper variation: Compression disabled (mean: 0.3614, max: 0.9109)
INFO:b1k.shared.eval_b1k_wrapper:🔧 Gripper variation: Compression disabled (mean: 0.5290, max: 0.8486)
INFO:b1k.shared.eval_b1k_wrapper:🔧 Gripper variation: Compression disabled (mean: 0.3540, max: 0.6201)
INFO:b1k.shared.eval_b1k_wrapper:🔧 Gripper variation: Compression disabled (mean: 0.5143, max: 0.7055)
INFO:b1k.shared.eval_b1k_wrapper:🔧 Gripper variation: Compression disabled (mean: 0.2916, max: 0.9482)
INFO:b1k.shared.eval_b1k_wrapper:🎯 Prediction #1060 | Actions: uncompressed (20) | Inpainting: True
INFO:b1k.shared.eval_b1k_wrapper:📊 Step 21200 | Task: 27 | Stage: 12/14 | Predictions: 1060
INFO:b1k.shared.eval_b1k_wrapper:🔧 Gripper variation: Compression disabled (mean: 0.8806, max: 0.5221)
INFO:b1k.shared.eval_b1k_wrapper:🔧 Gripper variation: Compression disabled (mean: 1.0806, max: 0.8389)
INFO:b1k.shared.eval_b1k_wrapper:🔧 Gripper variation: Compression disabled (mean: 0.4932, max: 0.9984)
INFO:b1k.shared.eval_b1k_wrapper:🔧 Gripper variation: Compression disabled (mean: 0.6353, max: 0.8008)
INFO:b1k.shared.eval_b1k_wrapper:🔧 Gripper variation: Compression disabled (mean: 0.5293, max: 0.7258)
INFO:b1k.shared.eval_b1k_wrapper:📊 Step 21300 | Task: 27 | Stage: 12/14 | Predictions: 1065
INFO:b1k.shared.eval_b1k_wrapper:🔧 Gripper variation: Compression disabled (mean: 0.6988, max: 1.1848)
INFO:b1k.shared.eval_b1k_wrapper:🔧 Gripper variation: Compression disabled (mean: 0.1559, max: 1.0448)
INFO:b1k.shared.eval_b1k_wrapper:🔧 Gripper variation: Compression disabled (mean: 0.2595, max: 0.9362)
INFO:b1k.shared.eval_b1k_wrapper:🔧 Gripper variation: Compression disabled (mean: 0.2041, max: 1.0239)
INFO:b1k.shared.eval_b1k_wrapper:🔧 Gripper variation: Compression disabled (mean: 0.3002, max: 0.6348)
INFO:b1k.shared.eval_b1k_wrapper:🎯 Prediction #1070 | Actions: uncompressed (20) | Inpainting: True
INFO:b1k.shared.eval_b1k_wrapper:📊 Step 21400 | Task: 27 | Stage: 12/14 | Predictions: 1070
INFO:b1k.shared.eval_b1k_wrapper:🔧 Gripper variation: Compression disabled (mean: 0.3394, max: 0.5478)
INFO:b1k.shared.eval_b1k_wrapper:🔧 Gripper variation: Compression disabled (mean: 0.5200, max: 1.0597)
INFO:b1k.shared.eval_b1k_wrapper:🔧 Gripper variation: Compression disabled (mean: 0.5191, max: 0.7425)
INFO:b1k.shared.eval_b1k_wrapper:🔧 Gripper variation: Compression disabled (mean: 0.3367, max: 0.7010)
INFO:b1k.shared.eval_b1k_wrapper:🔧 Gripper variation: Compression disabled (mean: 0.3257, max: 1.0357)
INFO:b1k.shared.eval_b1k_wrapper:📊 Step 21500 | Task: 27 | Stage: 12/14 | Predictions: 1075
INFO:b1k.shared.eval_b1k_wrapper:🔧 Gripper variation: Compression disabled (mean: 0.3250, max: 1.0336)
INFO:b1k.shared.eval_b1k_wrapper:🔧 Gripper variation: Compression disabled (mean: 0.3407, max: 1.2024)
INFO:b1k.shared.eval_b1k_wrapper:🔧 Gripper variation: Compression disabled (mean: 0.4870, max: 1.1236)
INFO:b1k.shared.eval_b1k_wrapper:🔧 Gripper variation: Compression disabled (mean: 0.4629, max: 0.7841)
INFO:b1k.shared.eval_b1k_wrapper:🔧 Gripper variation: Compression disabled (mean: 0.6557, max: 1.0756)
INFO:b1k.shared.eval_b1k_wrapper:🎯 Prediction #1080 | Actions: uncompressed (20) | Inpainting: True
INFO:b1k.shared.eval_b1k_wrapper:📊 Step 21600 | Task: 27 | Stage: 12/14 | Predictions: 1080
INFO:b1k.shared.eval_b1k_wrapper:🔧 Gripper variation: Compression disabled (mean: 0.4823, max: 0.8703)
INFO:b1k.shared.eval_b1k_wrapper:🔧 Gripper variation: Compression disabled (mean: 0.5746, max: 1.4660)
INFO:b1k.shared.eval_b1k_wrapper:🔧 Gripper variation: Compression disabled (mean: 0.5422, max: 0.9529)
INFO:b1k.shared.eval_b1k_wrapper:🔧 Gripper variation: Compression disabled (mean: 0.3324, max: 1.0623)
INFO:b1k.shared.eval_b1k_wrapper:🔧 Gripper variation: Compression disabled (mean: 0.3769, max: 1.2381)
INFO:b1k.shared.eval_b1k_wrapper:📊 Step 21700 | Task: 27 | Stage: 12/14 | Predictions: 1085
INFO:b1k.shared.eval_b1k_wrapper:🔧 Gripper variation: Compression disabled (mean: 0.5526, max: 0.8875)
INFO:b1k.shared.eval_b1k_wrapper:🔧 Gripper variation: Compression disabled (mean: 0.7924, max: 0.7616)
INFO:b1k.shared.eval_b1k_wrapper:🔧 Gripper variation: Compression disabled (mean: 0.5228, max: 1.2658)
INFO:b1k.shared.eval_b1k_wrapper:🔧 Gripper variation: Compression disabled (mean: 0.3652, max: 1.0491)
INFO:b1k.shared.eval_b1k_wrapper:🔧 Gripper variation: Compression disabled (mean: 0.6038, max: 1.1518)
INFO:b1k.shared.eval_b1k_wrapper:🎯 Prediction #1090 | Actions: uncompressed (20) | Inpainting: True
INFO:b1k.shared.eval_b1k_wrapper:📊 Step 21800 | Task: 27 | Stage: 12/14 | Predictions: 1090
INFO:b1k.shared.eval_b1k_wrapper:🔧 Gripper variation: Compression disabled (mean: 0.7313, max: 1.0818)
INFO:b1k.shared.eval_b1k_wrapper:🔧 Gripper variation: Compression disabled (mean: 0.3576, max: 0.8995)
INFO:b1k.shared.eval_b1k_wrapper:🔧 Gripper variation: Compression disabled (mean: 0.6786, max: 0.5357)
INFO:b1k.shared.eval_b1k_wrapper:🔧 Gripper variation: Compression disabled (mean: 0.7181, max: 0.5556)
INFO:b1k.shared.eval_b1k_wrapper:🔧 Gripper variation: Compression disabled (mean: 0.2561, max: 0.8583)
INFO:b1k.shared.eval_b1k_wrapper:📊 Step 21900 | Task: 27 | Stage: 12/14 | Predictions: 1095
INFO:b1k.shared.eval_b1k_wrapper:🔧 Gripper variation: Compression disabled (mean: 0.2392, max: 0.8099)
INFO:b1k.shared.eval_b1k_wrapper:🔧 Gripper variation: Compression disabled (mean: 0.5960, max: 0.6135)
INFO:b1k.shared.eval_b1k_wrapper:🔧 Gripper variation: Compression disabled (mean: 0.3155, max: 0.9304)
INFO:b1k.shared.eval_b1k_wrapper:🔧 Gripper variation: Compression disabled (mean: 0.3598, max: 1.1102)
INFO:b1k.shared.eval_b1k_wrapper:🔧 Gripper variation: Compression disabled (mean: 0.5653, max: 1.0789)
INFO:b1k.shared.eval_b1k_wrapper:🎯 Prediction #1100 | Actions: uncompressed (20) | Inpainting: True
INFO:b1k.shared.eval_b1k_wrapper:📊 Step 22000 | Task: 27 | Stage: 12/14 | Predictions: 1100
INFO:b1k.shared.eval_b1k_wrapper:🔧 Gripper variation: Compression disabled (mean: 0.7204, max: 1.0090)
INFO:b1k.shared.eval_b1k_wrapper:🔧 Gripper variation: Compression disabled (mean: 0.6062, max: 1.4993)
INFO:b1k.shared.eval_b1k_wrapper:🔧 Gripper variation: Compression disabled (mean: 0.6312, max: 1.0904)
INFO:b1k.shared.eval_b1k_wrapper:🔧 Gripper variation: Compression disabled (mean: 0.5707, max: 1.5085)
INFO:b1k.shared.eval_b1k_wrapper:🔧 Gripper variation: Compression disabled (mean: 0.4976, max: 1.1446)
INFO:b1k.shared.eval_b1k_wrapper:📊 Step 22100 | Task: 27 | Stage: 12/14 | Predictions: 1105
INFO:b1k.shared.eval_b1k_wrapper:🔧 Gripper variation: Compression disabled (mean: 0.3106, max: 1.2883)
INFO:b1k.shared.eval_b1k_wrapper:🔧 Gripper variation: Compression disabled (mean: 0.3201, max: 0.7673)
INFO:b1k.shared.eval_b1k_wrapper:🔧 Gripper variation: Compression disabled (mean: 0.2803, max: 0.6896)
INFO:b1k.shared.eval_b1k_wrapper:🔧 Gripper variation: Compression disabled (mean: 0.6716, max: 0.6964)
INFO:b1k.shared.eval_b1k_wrapper:🔧 Gripper variation: Compression disabled (mean: 0.3976, max: 0.9449)
INFO:b1k.shared.eval_b1k_wrapper:🎯 Prediction #1110 | Actions: uncompressed (20) | Inpainting: True
INFO:b1k.shared.eval_b1k_wrapper:📊 Step 22200 | Task: 27 | Stage: 12/14 | Predictions: 1110
INFO:b1k.shared.eval_b1k_wrapper:🔧 Gripper variation: Compression disabled (mean: 0.5203, max: 0.5259)
INFO:b1k.shared.eval_b1k_wrapper:🔧 Gripper variation: Compression disabled (mean: 0.4318, max: 0.7481)
INFO:b1k.shared.eval_b1k_wrapper:🔧 Gripper variation: Compression disabled (mean: 0.4861, max: 0.7397)
INFO:b1k.shared.eval_b1k_wrapper:🔧 Gripper variation: Compression disabled (mean: 0.5176, max: 1.1668)
INFO:b1k.shared.eval_b1k_wrapper:🔧 Gripper variation: Compression disabled (mean: 0.8915, max: 1.1002)
INFO:b1k.shared.eval_b1k_wrapper:📊 Step 22300 | Task: 27 | Stage: 12/14 | Predictions: 1115
INFO:b1k.shared.eval_b1k_wrapper:🔧 Gripper variation: Compression disabled (mean: 1.0169, max: 1.2674)
INFO:b1k.shared.eval_b1k_wrapper:🎯 Prediction #1120 | Actions: compressed 26→20 | Inpainting: True
INFO:b1k.shared.eval_b1k_wrapper:📊 Step 22400 | Task: 27 | Stage: 12/14 | Predictions: 1120
INFO:b1k.shared.eval_b1k_wrapper:📊 Step 22500 | Task: 27 | Stage: 12/14 | Predictions: 1125
INFO:b1k.shared.eval_b1k_wrapper:🎯 Prediction #1130 | Actions: compressed 26→20 | Inpainting: True
INFO:b1k.shared.eval_b1k_wrapper:📊 Step 22600 | Task: 27 | Stage: 12/14 | Predictions: 1130
INFO:b1k.shared.eval_b1k_wrapper:📊 Step 22700 | Task: 27 | Stage: 12/14 | Predictions: 1135
INFO:b1k.shared.eval_b1k_wrapper:🎯 Prediction #1140 | Actions: compressed 26→20 | Inpainting: True
INFO:b1k.shared.eval_b1k_wrapper:📊 Step 22800 | Task: 27 | Stage: 12/14 | Predictions: 1140
INFO:b1k.shared.eval_b1k_wrapper:📊 Step 22900 | Task: 27 | Stage: 12/14 | Predictions: 1145
INFO:b1k.shared.eval_b1k_wrapper:🎯 Prediction #1150 | Actions: compressed 26→20 | Inpainting: True
INFO:b1k.shared.eval_b1k_wrapper:📊 Step 23000 | Task: 27 | Stage: 12/14 | Predictions: 1150
INFO:b1k.shared.eval_b1k_wrapper:📊 Step 23100 | Task: 27 | Stage: 12/14 | Predictions: 1155
INFO:b1k.shared.eval_b1k_wrapper:🎯 Prediction #1160 | Actions: compressed 26→20 | Inpainting: True
INFO:b1k.shared.eval_b1k_wrapper:📊 Step 23200 | Task: 27 | Stage: 12/14 | Predictions: 1160
INFO:b1k.shared.eval_b1k_wrapper:📊 Step 23300 | Task: 27 | Stage: 12/14 | Predictions: 1165
INFO:b1k.shared.eval_b1k_wrapper:🎯 Prediction #1170 | Actions: compressed 26→20 | Inpainting: True
INFO:b1k.shared.eval_b1k_wrapper:📊 Step 23400 | Task: 27 | Stage: 12/14 | Predictions: 1170
INFO:b1k.shared.eval_b1k_wrapper:📊 Step 23500 | Task: 27 | Stage: 12/14 | Predictions: 1175
INFO:b1k.shared.eval_b1k_wrapper:🎯 Prediction #1180 | Actions: compressed 26→20 | Inpainting: True
INFO:b1k.shared.eval_b1k_wrapper:📊 Step 23600 | Task: 27 | Stage: 12/14 | Predictions: 1180
INFO:b1k.shared.eval_b1k_wrapper:📊 Step 23700 | Task: 27 | Stage: 12/14 | Predictions: 1185
INFO:websockets.server:connection closed
INFO:omnigibson.learning.utils.network_utils:Connection from ('127.0.0.1', 35476) closed
INFO:websockets.server:HTTP response sent (200 OK)
INFO:websockets.server:connection closed
INFO:websockets.server:connection open
INFO:omnigibson.learning.utils.network_utils:Connection from ('127.0.0.1', 56184) opened
INFO:b1k.shared.eval_b1k_wrapper:Policy reset - Task ID: 27, Action horizon: 30
INFO:b1k.shared.eval_b1k_wrapper:📊 Step 100 | Task: 27 | Stage: 0/14 | Predictions: 5
INFO:b1k.shared.eval_b1k_wrapper:🎯 Prediction #10 | Actions: compressed 26→20 | Inpainting: True
INFO:b1k.shared.eval_b1k_wrapper:📊 Step 200 | Task: 27 | Stage: 0/14 | Predictions: 10
INFO:b1k.shared.eval_b1k_wrapper:📊 Step 300 | Task: 27 | Stage: 0/14 | Predictions: 15
INFO:b1k.shared.eval_b1k_wrapper:🎯 Prediction #20 | Actions: compressed 26→20 | Inpainting: True
INFO:b1k.shared.eval_b1k_wrapper:📊 Step 400 | Task: 27 | Stage: 0/14 | Predictions: 20
INFO:b1k.shared.eval_b1k_wrapper:📊 Step 500 | Task: 27 | Stage: 0/14 | Predictions: 25
INFO:b1k.shared.eval_b1k_wrapper:🎯 Prediction #30 | Actions: compressed 26→20 | Inpainting: True
INFO:b1k.shared.eval_b1k_wrapper:📊 Step 600 | Task: 27 | Stage: 0/14 | Predictions: 30
INFO:b1k.shared.eval_b1k_wrapper:📊 Step 700 | Task: 27 | Stage: 0/14 | Predictions: 35
INFO:b1k.shared.eval_b1k_wrapper:🔧 Gripper variation: Compression disabled (mean: 2.0062, max: 0.0108)
INFO:b1k.shared.eval_b1k_wrapper:🔧 Gripper variation: Compression disabled (mean: 2.0495, max: 0.0082)
INFO:b1k.shared.eval_b1k_wrapper:🎯 Prediction #40 | Actions: compressed 26→20 | Inpainting: True
INFO:b1k.shared.eval_b1k_wrapper:📊 Step 800 | Task: 27 | Stage: 0/14 | Predictions: 40
INFO:b1k.shared.eval_b1k_wrapper:📊 Step 900 | Task: 27 | Stage: 0/14 | Predictions: 45
INFO:b1k.shared.eval_b1k_wrapper:🎯 Prediction #50 | Actions: compressed 26→20 | Inpainting: True
INFO:b1k.shared.eval_b1k_wrapper:📊 Step 1000 | Task: 27 | Stage: 0/14 | Predictions: 50
INFO:b1k.shared.eval_b1k_wrapper:📊 Step 1100 | Task: 27 | Stage: 0/14 | Predictions: 55
INFO:b1k.shared.eval_b1k_wrapper:⬆️  Stage advanced: 0 → 1 (task 27, step 1140)
INFO:b1k.shared.eval_b1k_wrapper:🎯 Prediction #60 | Actions: compressed 26→20 | Inpainting: True
INFO:b1k.shared.eval_b1k_wrapper:📊 Step 1200 | Task: 27 | Stage: 1/14 | Predictions: 60
INFO:b1k.shared.eval_b1k_wrapper:📊 Step 1300 | Task: 27 | Stage: 1/14 | Predictions: 65
INFO:b1k.shared.eval_b1k_wrapper:🎯 Prediction #70 | Actions: compressed 26→20 | Inpainting: True
INFO:b1k.shared.eval_b1k_wrapper:📊 Step 1400 | Task: 27 | Stage: 1/14 | Predictions: 70
INFO:b1k.shared.eval_b1k_wrapper:📊 Step 1500 | Task: 27 | Stage: 1/14 | Predictions: 75
INFO:b1k.shared.eval_b1k_wrapper:🔧 Gripper variation: Compression disabled (mean: 0.0192, max: 2.0039)
INFO:b1k.shared.eval_b1k_wrapper:🔧 Gripper variation: Compression disabled (mean: 0.1733, max: 1.9980)
INFO:b1k.shared.eval_b1k_wrapper:🎯 Prediction #80 | Actions: uncompressed (20) | Inpainting: True
INFO:b1k.shared.eval_b1k_wrapper:📊 Step 1600 | Task: 27 | Stage: 1/14 | Predictions: 80
INFO:b1k.shared.correction_rules:🔧 GENERAL GRIPPER CORRECTION: Task 27, Stage 1
INFO:b1k.shared.correction_rules:   Right gripper closed (-1.0000) → Opening to 1.0
INFO:b1k.shared.eval_b1k_wrapper:🔧 Correction rule: Actions modified (max diff: 1.9992, task 27, stage 1)
INFO:b1k.shared.eval_b1k_wrapper:🔧 Gripper variation: Compression disabled (mean: 1.3333, max: 1.6683)
INFO:b1k.shared.correction_rules:🔧 GENERAL GRIPPER CORRECTION: Task 27, Stage 1
INFO:b1k.shared.correction_rules:   Right gripper closed (-0.9938) → Opening to 1.0
INFO:b1k.shared.eval_b1k_wrapper:🔧 Correction rule: Actions modified (max diff: 2.0131, task 27, stage 1)
INFO:b1k.shared.eval_b1k_wrapper:🔧 Gripper variation: Compression disabled (mean: 1.2061, max: 0.2918)
INFO:b1k.shared.eval_b1k_wrapper:📊 Step 1700 | Task: 27 | Stage: 1/14 | Predictions: 85
INFO:b1k.shared.eval_b1k_wrapper:🎯 Prediction #90 | Actions: compressed 26→20 | Inpainting: True
INFO:b1k.shared.eval_b1k_wrapper:📊 Step 1800 | Task: 27 | Stage: 1/14 | Predictions: 90
INFO:b1k.shared.eval_b1k_wrapper:🔧 Gripper variation: Compression disabled (mean: 0.4859, max: 0.1339)
INFO:b1k.shared.eval_b1k_wrapper:🔧 Gripper variation: Compression disabled (mean: 0.9946, max: 0.9571)
INFO:b1k.shared.eval_b1k_wrapper:🔧 Gripper variation: Compression disabled (mean: 1.2652, max: 0.5165)
INFO:b1k.shared.eval_b1k_wrapper:🔧 Gripper variation: Compression disabled (mean: 0.9993, max: 0.7018)
INFO:b1k.shared.eval_b1k_wrapper:📊 Step 1900 | Task: 27 | Stage: 1/14 | Predictions: 95
INFO:b1k.shared.eval_b1k_wrapper:🔧 Gripper variation: Compression disabled (mean: 0.8893, max: 0.6507)
INFO:b1k.shared.eval_b1k_wrapper:🔧 Gripper variation: Compression disabled (mean: 0.8950, max: 2.0972)
INFO:b1k.shared.eval_b1k_wrapper:🔧 Gripper variation: Compression disabled (mean: 1.1484, max: 0.8628)
INFO:b1k.shared.eval_b1k_wrapper:🔧 Gripper variation: Compression disabled (mean: 0.9045, max: 0.6019)
INFO:b1k.shared.eval_b1k_wrapper:🔧 Gripper variation: Compression disabled (mean: 1.2480, max: 0.8376)
INFO:b1k.shared.eval_b1k_wrapper:🎯 Prediction #100 | Actions: uncompressed (20) | Inpainting: True
INFO:b1k.shared.eval_b1k_wrapper:📊 Step 2000 | Task: 27 | Stage: 1/14 | Predictions: 100
INFO:b1k.shared.eval_b1k_wrapper:🔧 Gripper variation: Compression disabled (mean: 0.8182, max: 0.1794)
INFO:b1k.shared.eval_b1k_wrapper:🔧 Gripper variation: Compression disabled (mean: 1.0697, max: 0.4724)
INFO:b1k.shared.eval_b1k_wrapper:🔧 Gripper variation: Compression disabled (mean: 0.7029, max: 0.6767)
INFO:b1k.shared.eval_b1k_wrapper:🔧 Gripper variation: Compression disabled (mean: 0.7460, max: 0.9721)
INFO:b1k.shared.eval_b1k_wrapper:🔧 Gripper variation: Compression disabled (mean: 0.1883, max: 0.3851)
INFO:b1k.shared.eval_b1k_wrapper:📊 Step 2100 | Task: 27 | Stage: 1/14 | Predictions: 105
INFO:b1k.shared.eval_b1k_wrapper:🔧 Gripper variation: Compression disabled (mean: 0.8000, max: 0.4567)
INFO:b1k.shared.eval_b1k_wrapper:🔧 Gripper variation: Compression disabled (mean: 0.2168, max: 0.0809)
INFO:b1k.shared.eval_b1k_wrapper:🔧 Gripper variation: Compression disabled (mean: 0.4198, max: 0.3227)
INFO:b1k.shared.eval_b1k_wrapper:🔧 Gripper variation: Compression disabled (mean: 0.8796, max: 0.3498)
INFO:b1k.shared.eval_b1k_wrapper:🔧 Gripper variation: Compression disabled (mean: 0.9094, max: 0.6373)
INFO:b1k.shared.eval_b1k_wrapper:🎯 Prediction #110 | Actions: uncompressed (20) | Inpainting: True
INFO:b1k.shared.eval_b1k_wrapper:📊 Step 2200 | Task: 27 | Stage: 1/14 | Predictions: 110
INFO:b1k.shared.eval_b1k_wrapper:🔧 Gripper variation: Compression disabled (mean: 1.1705, max: 1.0875)
INFO:b1k.shared.eval_b1k_wrapper:🔧 Gripper variation: Compression disabled (mean: 0.6710, max: 0.4486)
INFO:b1k.shared.eval_b1k_wrapper:🔧 Gripper variation: Compression disabled (mean: 1.2859, max: 0.4139)
INFO:b1k.shared.eval_b1k_wrapper:🔧 Gripper variation: Compression disabled (mean: 0.8843, max: 0.5668)
INFO:b1k.shared.eval_b1k_wrapper:🔧 Gripper variation: Compression disabled (mean: 0.9895, max: 0.6062)
INFO:b1k.shared.eval_b1k_wrapper:📊 Step 2300 | Task: 27 | Stage: 1/14 | Predictions: 115
INFO:b1k.shared.eval_b1k_wrapper:🔧 Gripper variation: Compression disabled (mean: 1.2147, max: 0.6794)
INFO:b1k.shared.eval_b1k_wrapper:🔧 Gripper variation: Compression disabled (mean: 0.5406, max: 1.0944)
INFO:b1k.shared.eval_b1k_wrapper:🔧 Gripper variation: Compression disabled (mean: 0.9316, max: 0.5840)
INFO:b1k.shared.eval_b1k_wrapper:🔧 Gripper variation: Compression disabled (mean: 0.2833, max: 0.7048)
INFO:b1k.shared.eval_b1k_wrapper:🔧 Gripper variation: Compression disabled (mean: 0.6251, max: 0.8726)
INFO:b1k.shared.eval_b1k_wrapper:🎯 Prediction #120 | Actions: uncompressed (20) | Inpainting: True
INFO:b1k.shared.eval_b1k_wrapper:📊 Step 2400 | Task: 27 | Stage: 1/14 | Predictions: 120
INFO:b1k.shared.eval_b1k_wrapper:🔧 Gripper variation: Compression disabled (mean: 0.6294, max: 0.7650)
INFO:b1k.shared.eval_b1k_wrapper:🔧 Gripper variation: Compression disabled (mean: 0.5540, max: 0.3708)
INFO:b1k.shared.eval_b1k_wrapper:🔧 Gripper variation: Compression disabled (mean: 0.2793, max: 0.5658)
INFO:b1k.shared.eval_b1k_wrapper:🔧 Gripper variation: Compression disabled (mean: 0.5868, max: 0.8754)
INFO:b1k.shared.eval_b1k_wrapper:🔧 Gripper variation: Compression disabled (mean: 0.6767, max: 0.6931)
INFO:b1k.shared.eval_b1k_wrapper:📊 Step 2500 | Task: 27 | Stage: 1/14 | Predictions: 125
INFO:b1k.shared.eval_b1k_wrapper:🔧 Gripper variation: Compression disabled (mean: 0.5656, max: 0.4963)
INFO:b1k.shared.eval_b1k_wrapper:🔧 Gripper variation: Compression disabled (mean: 0.7506, max: 1.1296)
INFO:b1k.shared.eval_b1k_wrapper:🔧 Gripper variation: Compression disabled (mean: 0.2777, max: 0.4575)
INFO:b1k.shared.eval_b1k_wrapper:🔧 Gripper variation: Compression disabled (mean: 0.9558, max: 0.7450)
INFO:b1k.shared.eval_b1k_wrapper:🔧 Gripper variation: Compression disabled (mean: 0.7784, max: 0.5643)
INFO:b1k.shared.eval_b1k_wrapper:🎯 Prediction #130 | Actions: uncompressed (20) | Inpainting: True
INFO:b1k.shared.eval_b1k_wrapper:📊 Step 2600 | Task: 27 | Stage: 1/14 | Predictions: 130
INFO:b1k.shared.eval_b1k_wrapper:🔧 Gripper variation: Compression disabled (mean: 0.7656, max: 0.6256)
INFO:b1k.shared.eval_b1k_wrapper:🔧 Gripper variation: Compression disabled (mean: 0.4067, max: 0.7200)
INFO:b1k.shared.eval_b1k_wrapper:🔧 Gripper variation: Compression disabled (mean: 0.4272, max: 0.8130)
INFO:b1k.shared.eval_b1k_wrapper:🔧 Gripper variation: Compression disabled (mean: 0.6626, max: 0.8446)
INFO:b1k.shared.eval_b1k_wrapper:🔧 Gripper variation: Compression disabled (mean: 0.3718, max: 0.4151)
INFO:b1k.shared.eval_b1k_wrapper:📊 Step 2700 | Task: 27 | Stage: 1/14 | Predictions: 135
INFO:b1k.shared.eval_b1k_wrapper:🔧 Gripper variation: Compression disabled (mean: 0.2270, max: 0.6317)
INFO:b1k.shared.eval_b1k_wrapper:🔧 Gripper variation: Compression disabled (mean: 0.5878, max: 1.0582)
INFO:b1k.shared.eval_b1k_wrapper:🔧 Gripper variation: Compression disabled (mean: 0.5249, max: 0.2905)
INFO:b1k.shared.eval_b1k_wrapper:🔧 Gripper variation: Compression disabled (mean: 0.8070, max: 0.4127)
INFO:b1k.shared.eval_b1k_wrapper:🔧 Gripper variation: Compression disabled (mean: 0.7020, max: 0.6424)
INFO:b1k.shared.eval_b1k_wrapper:🎯 Prediction #140 | Actions: uncompressed (20) | Inpainting: True
INFO:b1k.shared.eval_b1k_wrapper:📊 Step 2800 | Task: 27 | Stage: 1/14 | Predictions: 140
INFO:b1k.shared.eval_b1k_wrapper:🔧 Gripper variation: Compression disabled (mean: 0.6038, max: 0.5012)
INFO:b1k.shared.eval_b1k_wrapper:🔧 Gripper variation: Compression disabled (mean: 0.5943, max: 0.8554)
INFO:b1k.shared.eval_b1k_wrapper:🔧 Gripper variation: Compression disabled (mean: 0.3831, max: 0.9589)
INFO:b1k.shared.eval_b1k_wrapper:🔧 Gripper variation: Compression disabled (mean: 0.7149, max: 0.5631)
INFO:b1k.shared.eval_b1k_wrapper:🔧 Gripper variation: Compression disabled (mean: 1.0536, max: 0.5861)
INFO:b1k.shared.eval_b1k_wrapper:📊 Step 2900 | Task: 27 | Stage: 1/14 | Predictions: 145
INFO:b1k.shared.eval_b1k_wrapper:🔧 Gripper variation: Compression disabled (mean: 0.6901, max: 0.3352)
INFO:b1k.shared.eval_b1k_wrapper:🔧 Gripper variation: Compression disabled (mean: 0.3416, max: 0.3017)
INFO:b1k.shared.eval_b1k_wrapper:🔧 Gripper variation: Compression disabled (mean: 0.2182, max: 0.4713)
INFO:b1k.shared.eval_b1k_wrapper:🔧 Gripper variation: Compression disabled (mean: 0.3242, max: 0.6141)
INFO:b1k.shared.eval_b1k_wrapper:🔧 Gripper variation: Compression disabled (mean: 0.2085, max: 0.6581)
INFO:b1k.shared.eval_b1k_wrapper:🎯 Prediction #150 | Actions: uncompressed (20) | Inpainting: True
INFO:b1k.shared.eval_b1k_wrapper:📊 Step 3000 | Task: 27 | Stage: 1/14 | Predictions: 150
INFO:b1k.shared.eval_b1k_wrapper:🔧 Gripper variation: Compression disabled (mean: 0.3297, max: 0.4514)
INFO:b1k.shared.eval_b1k_wrapper:🔧 Gripper variation: Compression disabled (mean: 0.5717, max: 1.0306)
INFO:b1k.shared.eval_b1k_wrapper:🔧 Gripper variation: Compression disabled (mean: 0.6031, max: 0.6057)
INFO:b1k.shared.eval_b1k_wrapper:🔧 Gripper variation: Compression disabled (mean: 0.7340, max: 0.4617)
INFO:b1k.shared.eval_b1k_wrapper:🔧 Gripper variation: Compression disabled (mean: 0.3383, max: 0.5716)
INFO:b1k.shared.eval_b1k_wrapper:📊 Step 3100 | Task: 27 | Stage: 1/14 | Predictions: 155
INFO:b1k.shared.eval_b1k_wrapper:🔧 Gripper variation: Compression disabled (mean: 0.6402, max: 0.3881)
INFO:b1k.shared.eval_b1k_wrapper:🔧 Gripper variation: Compression disabled (mean: 0.2985, max: 0.6397)
INFO:b1k.shared.eval_b1k_wrapper:🔧 Gripper variation: Compression disabled (mean: 0.5623, max: 0.7812)
INFO:b1k.shared.eval_b1k_wrapper:🔧 Gripper variation: Compression disabled (mean: 0.4141, max: 0.9301)
INFO:b1k.shared.eval_b1k_wrapper:🔧 Gripper variation: Compression disabled (mean: 0.7381, max: 0.7349)
INFO:b1k.shared.eval_b1k_wrapper:🎯 Prediction #160 | Actions: uncompressed (20) | Inpainting: True
INFO:b1k.shared.eval_b1k_wrapper:📊 Step 3200 | Task: 27 | Stage: 1/14 | Predictions: 160
INFO:b1k.shared.eval_b1k_wrapper:🔧 Gripper variation: Compression disabled (mean: 0.5859, max: 0.4162)
INFO:b1k.shared.eval_b1k_wrapper:🔧 Gripper variation: Compression disabled (mean: 0.6202, max: 0.7387)
INFO:b1k.shared.eval_b1k_wrapper:🔧 Gripper variation: Compression disabled (mean: 0.5670, max: 0.3247)
INFO:b1k.shared.eval_b1k_wrapper:🔧 Gripper variation: Compression disabled (mean: 0.2108, max: 0.4667)
INFO:b1k.shared.eval_b1k_wrapper:🔧 Gripper variation: Compression disabled (mean: 0.7826, max: 0.7175)
INFO:b1k.shared.eval_b1k_wrapper:📊 Step 3300 | Task: 27 | Stage: 1/14 | Predictions: 165
INFO:b1k.shared.eval_b1k_wrapper:🔧 Gripper variation: Compression disabled (mean: 1.0031, max: 0.6967)
INFO:b1k.shared.eval_b1k_wrapper:🔧 Gripper variation: Compression disabled (mean: 0.1542, max: 0.5563)
INFO:b1k.shared.eval_b1k_wrapper:🔧 Gripper variation: Compression disabled (mean: 0.2381, max: 0.2508)
INFO:b1k.shared.eval_b1k_wrapper:🔧 Gripper variation: Compression disabled (mean: 0.5415, max: 0.7565)
INFO:b1k.shared.eval_b1k_wrapper:🔧 Gripper variation: Compression disabled (mean: 0.6171, max: 0.7666)
INFO:b1k.shared.eval_b1k_wrapper:🎯 Prediction #170 | Actions: uncompressed (20) | Inpainting: True
INFO:b1k.shared.eval_b1k_wrapper:📊 Step 3400 | Task: 27 | Stage: 1/14 | Predictions: 170
INFO:b1k.shared.eval_b1k_wrapper:🔧 Gripper variation: Compression disabled (mean: 0.6941, max: 0.7663)
INFO:b1k.shared.eval_b1k_wrapper:🔧 Gripper variation: Compression disabled (mean: 0.6940, max: 0.6894)
INFO:b1k.shared.eval_b1k_wrapper:🔧 Gripper variation: Compression disabled (mean: 0.5957, max: 0.6202)
INFO:b1k.shared.eval_b1k_wrapper:🔧 Gripper variation: Compression disabled (mean: 0.4426, max: 0.7394)
INFO:b1k.shared.eval_b1k_wrapper:🔧 Gripper variation: Compression disabled (mean: 0.7994, max: 0.3784)
INFO:b1k.shared.eval_b1k_wrapper:📊 Step 3500 | Task: 27 | Stage: 1/14 | Predictions: 175
INFO:b1k.shared.eval_b1k_wrapper:🔧 Gripper variation: Compression disabled (mean: 0.7359, max: 0.4018)
INFO:b1k.shared.eval_b1k_wrapper:🔧 Gripper variation: Compression disabled (mean: 0.7758, max: 0.7642)
INFO:b1k.shared.eval_b1k_wrapper:🔧 Gripper variation: Compression disabled (mean: 0.4062, max: 0.3304)
INFO:b1k.shared.eval_b1k_wrapper:🔧 Gripper variation: Compression disabled (mean: 0.6429, max: 0.5372)
INFO:b1k.shared.eval_b1k_wrapper:🔧 Gripper variation: Compression disabled (mean: 0.7356, max: 0.5630)
INFO:b1k.shared.eval_b1k_wrapper:🎯 Prediction #180 | Actions: uncompressed (20) | Inpainting: True
INFO:b1k.shared.eval_b1k_wrapper:📊 Step 3600 | Task: 27 | Stage: 1/14 | Predictions: 180
INFO:b1k.shared.eval_b1k_wrapper:🔧 Gripper variation: Compression disabled (mean: 0.5665, max: 0.8824)
INFO:b1k.shared.eval_b1k_wrapper:🔧 Gripper variation: Compression disabled (mean: 0.1910, max: 0.6226)
INFO:b1k.shared.eval_b1k_wrapper:🔧 Gripper variation: Compression disabled (mean: 0.1032, max: 0.7300)
INFO:b1k.shared.eval_b1k_wrapper:🔧 Gripper variation: Compression disabled (mean: 0.7157, max: 0.4619)
INFO:b1k.shared.eval_b1k_wrapper:🔧 Gripper variation: Compression disabled (mean: 0.8320, max: 0.5785)
INFO:b1k.shared.eval_b1k_wrapper:📊 Step 3700 | Task: 27 | Stage: 1/14 | Predictions: 185
INFO:b1k.shared.eval_b1k_wrapper:🔧 Gripper variation: Compression disabled (mean: 0.4162, max: 0.6741)
INFO:b1k.shared.eval_b1k_wrapper:🔧 Gripper variation: Compression disabled (mean: 0.3655, max: 0.9850)
INFO:b1k.shared.eval_b1k_wrapper:🔧 Gripper variation: Compression disabled (mean: 0.8171, max: 1.0431)
INFO:b1k.shared.eval_b1k_wrapper:🔧 Gripper variation: Compression disabled (mean: 1.1450, max: 0.6292)
INFO:b1k.shared.eval_b1k_wrapper:🔧 Gripper variation: Compression disabled (mean: 0.9794, max: 0.9111)
INFO:b1k.shared.eval_b1k_wrapper:🎯 Prediction #190 | Actions: uncompressed (20) | Inpainting: True
INFO:b1k.shared.eval_b1k_wrapper:📊 Step 3800 | Task: 27 | Stage: 1/14 | Predictions: 190
INFO:b1k.shared.eval_b1k_wrapper:🔧 Gripper variation: Compression disabled (mean: 0.5638, max: 0.4756)
INFO:b1k.shared.eval_b1k_wrapper:🔧 Gripper variation: Compression disabled (mean: 0.4278, max: 0.5151)
INFO:b1k.shared.eval_b1k_wrapper:🔧 Gripper variation: Compression disabled (mean: 0.9625, max: 0.4542)
INFO:b1k.shared.eval_b1k_wrapper:🔧 Gripper variation: Compression disabled (mean: 0.2813, max: 0.4797)
INFO:b1k.shared.eval_b1k_wrapper:🔧 Gripper variation: Compression disabled (mean: 0.5730, max: 0.7344)
INFO:b1k.shared.eval_b1k_wrapper:📊 Step 3900 | Task: 27 | Stage: 1/14 | Predictions: 195
INFO:b1k.shared.eval_b1k_wrapper:🔧 Gripper variation: Compression disabled (mean: 0.6202, max: 0.7805)
INFO:b1k.shared.eval_b1k_wrapper:🔧 Gripper variation: Compression disabled (mean: 0.5971, max: 0.4606)
INFO:b1k.shared.eval_b1k_wrapper:🔧 Gripper variation: Compression disabled (mean: 0.5102, max: 0.3806)
INFO:b1k.shared.eval_b1k_wrapper:🔧 Gripper variation: Compression disabled (mean: 0.2008, max: 0.4380)
INFO:b1k.shared.eval_b1k_wrapper:🔧 Gripper variation: Compression disabled (mean: 0.2557, max: 0.4652)
INFO:b1k.shared.eval_b1k_wrapper:🎯 Prediction #200 | Actions: uncompressed (20) | Inpainting: True
INFO:b1k.shared.eval_b1k_wrapper:📊 Step 4000 | Task: 27 | Stage: 1/14 | Predictions: 200
INFO:b1k.shared.eval_b1k_wrapper:🔧 Gripper variation: Compression disabled (mean: 0.6615, max: 0.6996)
INFO:b1k.shared.eval_b1k_wrapper:📊 Step 4100 | Task: 27 | Stage: 1/14 | Predictions: 205
INFO:b1k.shared.eval_b1k_wrapper:🎯 Prediction #210 | Actions: compressed 26→20 | Inpainting: True
INFO:b1k.shared.eval_b1k_wrapper:📊 Step 4200 | Task: 27 | Stage: 1/14 | Predictions: 210
INFO:b1k.shared.eval_b1k_wrapper:📊 Step 4300 | Task: 27 | Stage: 1/14 | Predictions: 215
INFO:b1k.shared.eval_b1k_wrapper:🔧 Gripper variation: Compression disabled (mean: 0.3667, max: 1.0959)
INFO:b1k.shared.eval_b1k_wrapper:🔧 Gripper variation: Compression disabled (mean: 0.4746, max: 0.5651)
INFO:b1k.shared.eval_b1k_wrapper:🔧 Gripper variation: Compression disabled (mean: 1.1867, max: 1.0198)
INFO:b1k.shared.eval_b1k_wrapper:🎯 Prediction #220 | Actions: uncompressed (20) | Inpainting: True
INFO:b1k.shared.eval_b1k_wrapper:📊 Step 4400 | Task: 27 | Stage: 1/14 | Predictions: 220
INFO:b1k.shared.eval_b1k_wrapper:📊 Step 4500 | Task: 27 | Stage: 1/14 | Predictions: 225
INFO:b1k.shared.eval_b1k_wrapper:🔧 Gripper variation: Compression disabled (mean: 0.4613, max: 0.1485)
INFO:b1k.shared.eval_b1k_wrapper:🎯 Prediction #230 | Actions: uncompressed (20) | Inpainting: True
INFO:b1k.shared.eval_b1k_wrapper:📊 Step 4600 | Task: 27 | Stage: 1/14 | Predictions: 230
INFO:b1k.shared.eval_b1k_wrapper:🔧 Gripper variation: Compression disabled (mean: 0.4683, max: 0.5310)
INFO:b1k.shared.eval_b1k_wrapper:🔧 Gripper variation: Compression disabled (mean: 0.5018, max: 0.8733)
INFO:b1k.shared.eval_b1k_wrapper:🔧 Gripper variation: Compression disabled (mean: 0.6337, max: 0.8178)
INFO:b1k.shared.eval_b1k_wrapper:🔧 Gripper variation: Compression disabled (mean: 0.7135, max: 0.6275)
INFO:b1k.shared.eval_b1k_wrapper:🔧 Gripper variation: Compression disabled (mean: 0.2049, max: 0.8427)
INFO:b1k.shared.eval_b1k_wrapper:📊 Step 4700 | Task: 27 | Stage: 1/14 | Predictions: 235
INFO:b1k.shared.eval_b1k_wrapper:🔧 Gripper variation: Compression disabled (mean: 0.6394, max: 0.4771)
INFO:b1k.shared.eval_b1k_wrapper:🔧 Gripper variation: Compression disabled (mean: 1.0034, max: 0.5433)
INFO:b1k.shared.eval_b1k_wrapper:🔧 Gripper variation: Compression disabled (mean: 0.8466, max: 0.9735)
INFO:b1k.shared.eval_b1k_wrapper:🔧 Gripper variation: Compression disabled (mean: 0.5993, max: 0.4315)
INFO:b1k.shared.eval_b1k_wrapper:🔧 Gripper variation: Compression disabled (mean: 0.5902, max: 0.7024)
INFO:b1k.shared.eval_b1k_wrapper:🎯 Prediction #240 | Actions: uncompressed (20) | Inpainting: True
INFO:b1k.shared.eval_b1k_wrapper:📊 Step 4800 | Task: 27 | Stage: 1/14 | Predictions: 240
INFO:b1k.shared.eval_b1k_wrapper:🔧 Gripper variation: Compression disabled (mean: 0.3104, max: 0.4981)
INFO:b1k.shared.eval_b1k_wrapper:🔧 Gripper variation: Compression disabled (mean: 0.7699, max: 0.6699)
INFO:b1k.shared.eval_b1k_wrapper:🔧 Gripper variation: Compression disabled (mean: 0.6146, max: 0.7658)
INFO:b1k.shared.eval_b1k_wrapper:🔧 Gripper variation: Compression disabled (mean: 0.1984, max: 0.6838)
INFO:b1k.shared.eval_b1k_wrapper:🔧 Gripper variation: Compression disabled (mean: 1.0332, max: 0.7350)
INFO:b1k.shared.eval_b1k_wrapper:📊 Step 4900 | Task: 27 | Stage: 1/14 | Predictions: 245
INFO:b1k.shared.eval_b1k_wrapper:🔧 Gripper variation: Compression disabled (mean: 1.0433, max: 0.8399)
INFO:b1k.shared.eval_b1k_wrapper:🔧 Gripper variation: Compression disabled (mean: 0.6125, max: 0.5695)
INFO:b1k.shared.eval_b1k_wrapper:🔧 Gripper variation: Compression disabled (mean: 0.6465, max: 0.7650)
INFO:b1k.shared.eval_b1k_wrapper:🔧 Gripper variation: Compression disabled (mean: 0.8076, max: 0.5797)
INFO:b1k.shared.eval_b1k_wrapper:🔧 Gripper variation: Compression disabled (mean: 0.7639, max: 0.8949)
INFO:b1k.shared.eval_b1k_wrapper:🎯 Prediction #250 | Actions: uncompressed (20) | Inpainting: True
INFO:b1k.shared.eval_b1k_wrapper:📊 Step 5000 | Task: 27 | Stage: 1/14 | Predictions: 250
INFO:b1k.shared.eval_b1k_wrapper:🔧 Gripper variation: Compression disabled (mean: 0.5815, max: 0.4995)
INFO:b1k.shared.eval_b1k_wrapper:🔧 Gripper variation: Compression disabled (mean: 1.2747, max: 0.6021)
INFO:b1k.shared.eval_b1k_wrapper:🔧 Gripper variation: Compression disabled (mean: 0.3657, max: 0.1500)
INFO:b1k.shared.eval_b1k_wrapper:🔧 Gripper variation: Compression disabled (mean: 0.7134, max: 1.0850)
INFO:b1k.shared.eval_b1k_wrapper:🔧 Gripper variation: Compression disabled (mean: 0.8834, max: 0.9966)
INFO:b1k.shared.eval_b1k_wrapper:📊 Step 5100 | Task: 27 | Stage: 1/14 | Predictions: 255
INFO:b1k.shared.eval_b1k_wrapper:🔧 Gripper variation: Compression disabled (mean: 0.8227, max: 1.1998)
INFO:b1k.shared.eval_b1k_wrapper:🔧 Gripper variation: Compression disabled (mean: 1.0401, max: 1.0466)
INFO:b1k.shared.eval_b1k_wrapper:🔧 Gripper variation: Compression disabled (mean: 0.3824, max: 0.7192)
INFO:b1k.shared.eval_b1k_wrapper:🔧 Gripper variation: Compression disabled (mean: 0.8166, max: 0.7487)
INFO:b1k.shared.eval_b1k_wrapper:🔧 Gripper variation: Compression disabled (mean: 1.1276, max: 1.3641)
INFO:b1k.shared.eval_b1k_wrapper:🎯 Prediction #260 | Actions: uncompressed (20) | Inpainting: True
INFO:b1k.shared.eval_b1k_wrapper:📊 Step 5200 | Task: 27 | Stage: 1/14 | Predictions: 260
INFO:b1k.shared.eval_b1k_wrapper:🔧 Gripper variation: Compression disabled (mean: 0.8454, max: 1.4029)
INFO:b1k.shared.eval_b1k_wrapper:🔧 Gripper variation: Compression disabled (mean: 0.1703, max: 0.4475)
INFO:b1k.shared.eval_b1k_wrapper:🔧 Gripper variation: Compression disabled (mean: 1.0342, max: 0.5488)
INFO:b1k.shared.eval_b1k_wrapper:🔧 Gripper variation: Compression disabled (mean: 0.3745, max: 0.6314)
INFO:b1k.shared.eval_b1k_wrapper:🔧 Gripper variation: Compression disabled (mean: 0.7421, max: 0.7668)
INFO:b1k.shared.eval_b1k_wrapper:📊 Step 5300 | Task: 27 | Stage: 1/14 | Predictions: 265
INFO:b1k.shared.eval_b1k_wrapper:🔧 Gripper variation: Compression disabled (mean: 1.1996, max: 0.6132)
INFO:b1k.shared.eval_b1k_wrapper:🔧 Gripper variation: Compression disabled (mean: 0.9314, max: 0.9427)
INFO:b1k.shared.eval_b1k_wrapper:🔧 Gripper variation: Compression disabled (mean: 0.8130, max: 0.4950)
INFO:b1k.shared.eval_b1k_wrapper:🔧 Gripper variation: Compression disabled (mean: 1.0170, max: 0.3720)
INFO:b1k.shared.eval_b1k_wrapper:🔧 Gripper variation: Compression disabled (mean: 0.7435, max: 0.8206)
INFO:b1k.shared.eval_b1k_wrapper:🎯 Prediction #270 | Actions: uncompressed (20) | Inpainting: True
INFO:b1k.shared.eval_b1k_wrapper:📊 Step 5400 | Task: 27 | Stage: 1/14 | Predictions: 270
INFO:b1k.shared.eval_b1k_wrapper:🔧 Gripper variation: Compression disabled (mean: 0.5317, max: 0.4246)
INFO:b1k.shared.eval_b1k_wrapper:🔧 Gripper variation: Compression disabled (mean: 0.3761, max: 0.5656)
INFO:b1k.shared.eval_b1k_wrapper:🔧 Gripper variation: Compression disabled (mean: 0.3815, max: 0.7826)
INFO:b1k.shared.eval_b1k_wrapper:🔧 Gripper variation: Compression disabled (mean: 0.5674, max: 0.7153)
INFO:b1k.shared.eval_b1k_wrapper:🔧 Gripper variation: Compression disabled (mean: 0.2658, max: 0.5418)
INFO:b1k.shared.eval_b1k_wrapper:📊 Step 5500 | Task: 27 | Stage: 1/14 | Predictions: 275
INFO:b1k.shared.eval_b1k_wrapper:🔧 Gripper variation: Compression disabled (mean: 0.5100, max: 1.0402)
INFO:b1k.shared.eval_b1k_wrapper:🔧 Gripper variation: Compression disabled (mean: 0.5041, max: 0.5588)
INFO:b1k.shared.eval_b1k_wrapper:🔧 Gripper variation: Compression disabled (mean: 0.4184, max: 0.8103)
INFO:b1k.shared.eval_b1k_wrapper:🔧 Gripper variation: Compression disabled (mean: 0.0828, max: 0.2115)
INFO:b1k.shared.eval_b1k_wrapper:🔧 Gripper variation: Compression disabled (mean: 0.2179, max: 0.6599)
INFO:b1k.shared.eval_b1k_wrapper:🎯 Prediction #280 | Actions: uncompressed (20) | Inpainting: True
INFO:b1k.shared.eval_b1k_wrapper:📊 Step 5600 | Task: 27 | Stage: 1/14 | Predictions: 280
INFO:b1k.shared.eval_b1k_wrapper:🔧 Gripper variation: Compression disabled (mean: 0.2278, max: 0.6747)
INFO:b1k.shared.eval_b1k_wrapper:🔧 Gripper variation: Compression disabled (mean: 0.6201, max: 0.5540)
INFO:b1k.shared.eval_b1k_wrapper:🔧 Gripper variation: Compression disabled (mean: 0.6899, max: 0.5335)
INFO:b1k.shared.eval_b1k_wrapper:🔧 Gripper variation: Compression disabled (mean: 0.4507, max: 0.5419)
INFO:b1k.shared.eval_b1k_wrapper:📊 Step 5700 | Task: 27 | Stage: 1/14 | Predictions: 285
INFO:b1k.shared.eval_b1k_wrapper:🔧 Gripper variation: Compression disabled (mean: 0.6851, max: 0.6606)
INFO:b1k.shared.eval_b1k_wrapper:🎯 Prediction #290 | Actions: uncompressed (20) | Inpainting: True
INFO:b1k.shared.eval_b1k_wrapper:📊 Step 5800 | Task: 27 | Stage: 1/14 | Predictions: 290
INFO:b1k.shared.eval_b1k_wrapper:📊 Step 5900 | Task: 27 | Stage: 1/14 | Predictions: 295
INFO:b1k.shared.eval_b1k_wrapper:🔧 Gripper variation: Compression disabled (mean: 0.0621, max: 0.2107)
INFO:b1k.shared.eval_b1k_wrapper:🎯 Prediction #300 | Actions: uncompressed (20) | Inpainting: True
INFO:b1k.shared.eval_b1k_wrapper:📊 Step 6000 | Task: 27 | Stage: 1/14 | Predictions: 300
INFO:b1k.shared.eval_b1k_wrapper:🔧 Gripper variation: Compression disabled (mean: 0.2670, max: 0.3854)
INFO:b1k.shared.eval_b1k_wrapper:🔧 Gripper variation: Compression disabled (mean: 0.3059, max: 0.5366)
INFO:b1k.shared.eval_b1k_wrapper:🔧 Gripper variation: Compression disabled (mean: 0.3535, max: 0.4305)
INFO:b1k.shared.eval_b1k_wrapper:🔧 Gripper variation: Compression disabled (mean: 0.1351, max: 0.2608)
INFO:b1k.shared.eval_b1k_wrapper:📊 Step 6100 | Task: 27 | Stage: 1/14 | Predictions: 305
INFO:b1k.shared.eval_b1k_wrapper:🔧 Gripper variation: Compression disabled (mean: 0.7683, max: 0.5197)
INFO:b1k.shared.eval_b1k_wrapper:🔧 Gripper variation: Compression disabled (mean: 0.1785, max: 0.4793)
INFO:b1k.shared.eval_b1k_wrapper:🎯 Prediction #310 | Actions: uncompressed (20) | Inpainting: True
INFO:b1k.shared.eval_b1k_wrapper:📊 Step 6200 | Task: 27 | Stage: 1/14 | Predictions: 310
INFO:b1k.shared.eval_b1k_wrapper:🔧 Gripper variation: Compression disabled (mean: 0.6972, max: 0.3694)
INFO:b1k.shared.eval_b1k_wrapper:📊 Step 6300 | Task: 27 | Stage: 1/14 | Predictions: 315
INFO:b1k.shared.eval_b1k_wrapper:🎯 Prediction #320 | Actions: compressed 26→20 | Inpainting: True
INFO:b1k.shared.eval_b1k_wrapper:📊 Step 6400 | Task: 27 | Stage: 1/14 | Predictions: 320
INFO:b1k.shared.eval_b1k_wrapper:📊 Step 6500 | Task: 27 | Stage: 1/14 | Predictions: 325
INFO:b1k.shared.eval_b1k_wrapper:🎯 Prediction #330 | Actions: compressed 26→20 | Inpainting: True
INFO:b1k.shared.eval_b1k_wrapper:📊 Step 6600 | Task: 27 | Stage: 1/14 | Predictions: 330
INFO:b1k.shared.eval_b1k_wrapper:📊 Step 6700 | Task: 27 | Stage: 1/14 | Predictions: 335
INFO:b1k.shared.eval_b1k_wrapper:🎯 Prediction #340 | Actions: compressed 26→20 | Inpainting: True
INFO:b1k.shared.eval_b1k_wrapper:📊 Step 6800 | Task: 27 | Stage: 1/14 | Predictions: 340
INFO:b1k.shared.eval_b1k_wrapper:📊 Step 6900 | Task: 27 | Stage: 1/14 | Predictions: 345
INFO:b1k.shared.eval_b1k_wrapper:🎯 Prediction #350 | Actions: compressed 26→20 | Inpainting: True
INFO:b1k.shared.eval_b1k_wrapper:📊 Step 7000 | Task: 27 | Stage: 1/14 | Predictions: 350
INFO:b1k.shared.eval_b1k_wrapper:📊 Step 7100 | Task: 27 | Stage: 1/14 | Predictions: 355
INFO:b1k.shared.eval_b1k_wrapper:🎯 Prediction #360 | Actions: compressed 26→20 | Inpainting: True
INFO:b1k.shared.eval_b1k_wrapper:📊 Step 7200 | Task: 27 | Stage: 1/14 | Predictions: 360
INFO:b1k.shared.eval_b1k_wrapper:📊 Step 7300 | Task: 27 | Stage: 1/14 | Predictions: 365
INFO:b1k.shared.eval_b1k_wrapper:🎯 Prediction #370 | Actions: compressed 26→20 | Inpainting: True
INFO:b1k.shared.eval_b1k_wrapper:📊 Step 7400 | Task: 27 | Stage: 1/14 | Predictions: 370
INFO:b1k.shared.eval_b1k_wrapper:📊 Step 7500 | Task: 27 | Stage: 1/14 | Predictions: 375
INFO:b1k.shared.eval_b1k_wrapper:🎯 Prediction #380 | Actions: compressed 26→20 | Inpainting: True
INFO:b1k.shared.eval_b1k_wrapper:📊 Step 7600 | Task: 27 | Stage: 1/14 | Predictions: 380
INFO:b1k.shared.eval_b1k_wrapper:📊 Step 7700 | Task: 27 | Stage: 1/14 | Predictions: 385
INFO:b1k.shared.eval_b1k_wrapper:🎯 Prediction #390 | Actions: compressed 26→20 | Inpainting: True
INFO:b1k.shared.eval_b1k_wrapper:📊 Step 7800 | Task: 27 | Stage: 1/14 | Predictions: 390
INFO:b1k.shared.eval_b1k_wrapper:📊 Step 7900 | Task: 27 | Stage: 1/14 | Predictions: 395
INFO:b1k.shared.eval_b1k_wrapper:🎯 Prediction #400 | Actions: compressed 26→20 | Inpainting: True
INFO:b1k.shared.eval_b1k_wrapper:📊 Step 8000 | Task: 27 | Stage: 1/14 | Predictions: 400
INFO:b1k.shared.eval_b1k_wrapper:📊 Step 8100 | Task: 27 | Stage: 1/14 | Predictions: 405
INFO:b1k.shared.eval_b1k_wrapper:🎯 Prediction #410 | Actions: compressed 26→20 | Inpainting: True
INFO:b1k.shared.eval_b1k_wrapper:📊 Step 8200 | Task: 27 | Stage: 1/14 | Predictions: 410
INFO:b1k.shared.eval_b1k_wrapper:🔧 Gripper variation: Compression disabled (mean: 0.2021, max: 0.4681)
INFO:b1k.shared.eval_b1k_wrapper:📊 Step 8300 | Task: 27 | Stage: 1/14 | Predictions: 415
INFO:b1k.shared.eval_b1k_wrapper:🎯 Prediction #420 | Actions: compressed 26→20 | Inpainting: True
INFO:b1k.shared.eval_b1k_wrapper:📊 Step 8400 | Task: 27 | Stage: 1/14 | Predictions: 420
INFO:b1k.shared.eval_b1k_wrapper:📊 Step 8500 | Task: 27 | Stage: 1/14 | Predictions: 425
INFO:b1k.shared.eval_b1k_wrapper:🎯 Prediction #430 | Actions: compressed 26→20 | Inpainting: True
INFO:b1k.shared.eval_b1k_wrapper:📊 Step 8600 | Task: 27 | Stage: 1/14 | Predictions: 430
INFO:b1k.shared.eval_b1k_wrapper:📊 Step 8700 | Task: 27 | Stage: 1/14 | Predictions: 435
INFO:b1k.shared.eval_b1k_wrapper:🎯 Prediction #440 | Actions: compressed 26→20 | Inpainting: True
INFO:b1k.shared.eval_b1k_wrapper:📊 Step 8800 | Task: 27 | Stage: 1/14 | Predictions: 440
INFO:b1k.shared.eval_b1k_wrapper:📊 Step 8900 | Task: 27 | Stage: 1/14 | Predictions: 445
INFO:b1k.shared.eval_b1k_wrapper:🎯 Prediction #450 | Actions: compressed 26→20 | Inpainting: True
INFO:b1k.shared.eval_b1k_wrapper:📊 Step 9000 | Task: 27 | Stage: 1/14 | Predictions: 450
INFO:b1k.shared.eval_b1k_wrapper:📊 Step 9100 | Task: 27 | Stage: 1/14 | Predictions: 455
INFO:b1k.shared.eval_b1k_wrapper:🎯 Prediction #460 | Actions: compressed 26→20 | Inpainting: True
INFO:b1k.shared.eval_b1k_wrapper:📊 Step 9200 | Task: 27 | Stage: 1/14 | Predictions: 460
INFO:b1k.shared.eval_b1k_wrapper:📊 Step 9300 | Task: 27 | Stage: 1/14 | Predictions: 465
INFO:b1k.shared.eval_b1k_wrapper:🔧 Gripper variation: Compression disabled (mean: 0.3633, max: 0.2090)
INFO:b1k.shared.eval_b1k_wrapper:🔧 Gripper variation: Compression disabled (mean: 0.9624, max: 0.1225)
INFO:b1k.shared.eval_b1k_wrapper:🔧 Gripper variation: Compression disabled (mean: 0.8810, max: 0.4407)
INFO:b1k.shared.eval_b1k_wrapper:🔧 Gripper variation: Compression disabled (mean: 0.2917, max: 0.3202)
INFO:b1k.shared.eval_b1k_wrapper:🎯 Prediction #470 | Actions: uncompressed (20) | Inpainting: True
INFO:b1k.shared.eval_b1k_wrapper:📊 Step 9400 | Task: 27 | Stage: 1/14 | Predictions: 470
INFO:b1k.shared.eval_b1k_wrapper:🔧 Gripper variation: Compression disabled (mean: 0.6116, max: 0.4027)
INFO:b1k.shared.eval_b1k_wrapper:🔧 Gripper variation: Compression disabled (mean: 0.3626, max: 0.5842)
INFO:b1k.shared.eval_b1k_wrapper:🔧 Gripper variation: Compression disabled (mean: 0.8478, max: 0.7415)
INFO:b1k.shared.eval_b1k_wrapper:🔧 Gripper variation: Compression disabled (mean: 0.1399, max: 0.7489)
INFO:b1k.shared.eval_b1k_wrapper:🔧 Gripper variation: Compression disabled (mean: 0.8249, max: 0.2731)
INFO:b1k.shared.eval_b1k_wrapper:📊 Step 9500 | Task: 27 | Stage: 1/14 | Predictions: 475
INFO:b1k.shared.eval_b1k_wrapper:🔧 Gripper variation: Compression disabled (mean: 0.5446, max: 0.2681)
INFO:b1k.shared.eval_b1k_wrapper:🔧 Gripper variation: Compression disabled (mean: 0.5671, max: 0.6906)
INFO:b1k.shared.eval_b1k_wrapper:🔧 Gripper variation: Compression disabled (mean: 0.5244, max: 0.5537)
INFO:b1k.shared.eval_b1k_wrapper:🔧 Gripper variation: Compression disabled (mean: 0.5506, max: 0.6022)
INFO:b1k.shared.eval_b1k_wrapper:🔧 Gripper variation: Compression disabled (mean: 0.4751, max: 0.3906)
INFO:b1k.shared.eval_b1k_wrapper:🎯 Prediction #480 | Actions: uncompressed (20) | Inpainting: True
INFO:b1k.shared.eval_b1k_wrapper:📊 Step 9600 | Task: 27 | Stage: 1/14 | Predictions: 480
INFO:b1k.shared.eval_b1k_wrapper:🔧 Gripper variation: Compression disabled (mean: 0.4910, max: 0.2597)
INFO:b1k.shared.eval_b1k_wrapper:🔧 Gripper variation: Compression disabled (mean: 0.5789, max: 0.4442)
INFO:b1k.shared.eval_b1k_wrapper:🔧 Gripper variation: Compression disabled (mean: 0.5348, max: 0.4493)
INFO:b1k.shared.eval_b1k_wrapper:🔧 Gripper variation: Compression disabled (mean: 0.7780, max: 0.9076)
INFO:b1k.shared.eval_b1k_wrapper:🔧 Gripper variation: Compression disabled (mean: 0.9166, max: 0.5613)
INFO:b1k.shared.eval_b1k_wrapper:📊 Step 9700 | Task: 27 | Stage: 1/14 | Predictions: 485
INFO:b1k.shared.eval_b1k_wrapper:🔧 Gripper variation: Compression disabled (mean: 0.3292, max: 0.6545)
INFO:b1k.shared.eval_b1k_wrapper:🔧 Gripper variation: Compression disabled (mean: 0.5235, max: 0.8791)
INFO:b1k.shared.eval_b1k_wrapper:🔧 Gripper variation: Compression disabled (mean: 0.3542, max: 0.3621)
INFO:b1k.shared.eval_b1k_wrapper:🔧 Gripper variation: Compression disabled (mean: 0.3036, max: 0.5553)
INFO:b1k.shared.eval_b1k_wrapper:🔧 Gripper variation: Compression disabled (mean: 1.0241, max: 0.9912)
INFO:b1k.shared.eval_b1k_wrapper:🎯 Prediction #490 | Actions: uncompressed (20) | Inpainting: True
INFO:b1k.shared.eval_b1k_wrapper:📊 Step 9800 | Task: 27 | Stage: 1/14 | Predictions: 490
INFO:b1k.shared.eval_b1k_wrapper:🔧 Gripper variation: Compression disabled (mean: 0.8134, max: 0.7404)
INFO:b1k.shared.eval_b1k_wrapper:🔧 Gripper variation: Compression disabled (mean: 0.6231, max: 1.2077)
INFO:b1k.shared.eval_b1k_wrapper:🔧 Gripper variation: Compression disabled (mean: 1.2584, max: 0.4509)
INFO:b1k.shared.eval_b1k_wrapper:🔧 Gripper variation: Compression disabled (mean: 0.9072, max: 1.1158)
INFO:b1k.shared.eval_b1k_wrapper:🔧 Gripper variation: Compression disabled (mean: 0.4706, max: 0.8192)
INFO:b1k.shared.eval_b1k_wrapper:📊 Step 9900 | Task: 27 | Stage: 1/14 | Predictions: 495
INFO:b1k.shared.eval_b1k_wrapper:🔧 Gripper variation: Compression disabled (mean: 0.9545, max: 1.1161)
INFO:b1k.shared.eval_b1k_wrapper:🔧 Gripper variation: Compression disabled (mean: 0.8048, max: 1.1725)
INFO:b1k.shared.eval_b1k_wrapper:🔧 Gripper variation: Compression disabled (mean: 0.9767, max: 0.6126)
INFO:b1k.shared.eval_b1k_wrapper:🔧 Gripper variation: Compression disabled (mean: 0.6779, max: 0.7550)
INFO:b1k.shared.eval_b1k_wrapper:🔧 Gripper variation: Compression disabled (mean: 0.3783, max: 0.8958)
INFO:b1k.shared.eval_b1k_wrapper:🎯 Prediction #500 | Actions: uncompressed (20) | Inpainting: True
INFO:b1k.shared.eval_b1k_wrapper:📊 Step 10000 | Task: 27 | Stage: 1/14 | Predictions: 500
INFO:b1k.shared.eval_b1k_wrapper:🔧 Gripper variation: Compression disabled (mean: 0.8535, max: 1.1139)
INFO:b1k.shared.eval_b1k_wrapper:🔧 Gripper variation: Compression disabled (mean: 0.4927, max: 0.2934)
INFO:b1k.shared.eval_b1k_wrapper:🔧 Gripper variation: Compression disabled (mean: 0.6278, max: 0.3559)
INFO:b1k.shared.eval_b1k_wrapper:🔧 Gripper variation: Compression disabled (mean: 0.4344, max: 0.7137)
INFO:b1k.shared.eval_b1k_wrapper:🔧 Gripper variation: Compression disabled (mean: 0.4496, max: 0.3959)
INFO:b1k.shared.eval_b1k_wrapper:📊 Step 10100 | Task: 27 | Stage: 1/14 | Predictions: 505
INFO:b1k.shared.eval_b1k_wrapper:🔧 Gripper variation: Compression disabled (mean: 0.5115, max: 0.7794)
INFO:b1k.shared.eval_b1k_wrapper:🔧 Gripper variation: Compression disabled (mean: 0.7565, max: 0.2611)
INFO:b1k.shared.eval_b1k_wrapper:🔧 Gripper variation: Compression disabled (mean: 0.5149, max: 0.8667)
INFO:b1k.shared.eval_b1k_wrapper:🔧 Gripper variation: Compression disabled (mean: 0.3928, max: 0.5961)
INFO:b1k.shared.eval_b1k_wrapper:🔧 Gripper variation: Compression disabled (mean: 0.5385, max: 0.2973)
INFO:b1k.shared.eval_b1k_wrapper:🎯 Prediction #510 | Actions: uncompressed (20) | Inpainting: True
INFO:b1k.shared.eval_b1k_wrapper:📊 Step 10200 | Task: 27 | Stage: 1/14 | Predictions: 510
INFO:b1k.shared.eval_b1k_wrapper:🔧 Gripper variation: Compression disabled (mean: 0.7534, max: 0.4850)
INFO:b1k.shared.eval_b1k_wrapper:🔧 Gripper variation: Compression disabled (mean: 0.1051, max: 0.5404)
INFO:b1k.shared.eval_b1k_wrapper:🔧 Gripper variation: Compression disabled (mean: 0.2663, max: 0.5931)
INFO:b1k.shared.eval_b1k_wrapper:🔧 Gripper variation: Compression disabled (mean: 0.4884, max: 0.7738)
INFO:b1k.shared.eval_b1k_wrapper:🔧 Gripper variation: Compression disabled (mean: 0.7213, max: 1.0672)
INFO:b1k.shared.eval_b1k_wrapper:📊 Step 10300 | Task: 27 | Stage: 1/14 | Predictions: 515
INFO:b1k.shared.eval_b1k_wrapper:🔧 Gripper variation: Compression disabled (mean: 0.4541, max: 0.5756)
INFO:b1k.shared.eval_b1k_wrapper:🔧 Gripper variation: Compression disabled (mean: 0.1433, max: 0.3649)
INFO:b1k.shared.eval_b1k_wrapper:🔧 Gripper variation: Compression disabled (mean: 0.3783, max: 0.7628)
INFO:b1k.shared.eval_b1k_wrapper:🔧 Gripper variation: Compression disabled (mean: 0.6320, max: 0.5134)
INFO:b1k.shared.eval_b1k_wrapper:🔧 Gripper variation: Compression disabled (mean: 0.3990, max: 0.3989)
INFO:b1k.shared.eval_b1k_wrapper:🎯 Prediction #520 | Actions: uncompressed (20) | Inpainting: True
INFO:b1k.shared.eval_b1k_wrapper:📊 Step 10400 | Task: 27 | Stage: 1/14 | Predictions: 520
INFO:b1k.shared.eval_b1k_wrapper:🔧 Gripper variation: Compression disabled (mean: 0.5120, max: 0.8447)
INFO:b1k.shared.eval_b1k_wrapper:🔧 Gripper variation: Compression disabled (mean: 0.7478, max: 0.2584)
INFO:b1k.shared.eval_b1k_wrapper:🔧 Gripper variation: Compression disabled (mean: 0.5825, max: 0.4921)
INFO:b1k.shared.eval_b1k_wrapper:📊 Step 10500 | Task: 27 | Stage: 1/14 | Predictions: 525
INFO:b1k.shared.eval_b1k_wrapper:🎯 Prediction #530 | Actions: compressed 26→20 | Inpainting: True
INFO:b1k.shared.eval_b1k_wrapper:📊 Step 10600 | Task: 27 | Stage: 1/14 | Predictions: 530
INFO:b1k.shared.eval_b1k_wrapper:📊 Step 10700 | Task: 27 | Stage: 1/14 | Predictions: 535
INFO:b1k.shared.eval_b1k_wrapper:🎯 Prediction #540 | Actions: compressed 26→20 | Inpainting: True
INFO:b1k.shared.eval_b1k_wrapper:📊 Step 10800 | Task: 27 | Stage: 1/14 | Predictions: 540
INFO:b1k.shared.eval_b1k_wrapper:📊 Step 10900 | Task: 27 | Stage: 1/14 | Predictions: 545
INFO:b1k.shared.eval_b1k_wrapper:🎯 Prediction #550 | Actions: compressed 26→20 | Inpainting: True
INFO:b1k.shared.eval_b1k_wrapper:📊 Step 11000 | Task: 27 | Stage: 1/14 | Predictions: 550
INFO:b1k.shared.eval_b1k_wrapper:📊 Step 11100 | Task: 27 | Stage: 1/14 | Predictions: 555
INFO:b1k.shared.eval_b1k_wrapper:🎯 Prediction #560 | Actions: compressed 26→20 | Inpainting: True
INFO:b1k.shared.eval_b1k_wrapper:📊 Step 11200 | Task: 27 | Stage: 1/14 | Predictions: 560
INFO:b1k.shared.eval_b1k_wrapper:📊 Step 11300 | Task: 27 | Stage: 1/14 | Predictions: 565
INFO:b1k.shared.eval_b1k_wrapper:🎯 Prediction #570 | Actions: compressed 26→20 | Inpainting: True
INFO:b1k.shared.eval_b1k_wrapper:📊 Step 11400 | Task: 27 | Stage: 1/14 | Predictions: 570
INFO:b1k.shared.eval_b1k_wrapper:🔧 Gripper variation: Compression disabled (mean: 0.4986, max: 0.2554)
INFO:b1k.shared.eval_b1k_wrapper:🔧 Gripper variation: Compression disabled (mean: 0.2132, max: 0.0836)
INFO:b1k.shared.eval_b1k_wrapper:📊 Step 11500 | Task: 27 | Stage: 1/14 | Predictions: 575
INFO:b1k.shared.eval_b1k_wrapper:🎯 Prediction #580 | Actions: compressed 26→20 | Inpainting: True
INFO:b1k.shared.eval_b1k_wrapper:📊 Step 11600 | Task: 27 | Stage: 1/14 | Predictions: 580
INFO:b1k.shared.eval_b1k_wrapper:📊 Step 11700 | Task: 27 | Stage: 1/14 | Predictions: 585
INFO:b1k.shared.eval_b1k_wrapper:🎯 Prediction #590 | Actions: compressed 26→20 | Inpainting: True
INFO:b1k.shared.eval_b1k_wrapper:📊 Step 11800 | Task: 27 | Stage: 1/14 | Predictions: 590
INFO:b1k.shared.eval_b1k_wrapper:📊 Step 11900 | Task: 27 | Stage: 1/14 | Predictions: 595
INFO:b1k.shared.eval_b1k_wrapper:🎯 Prediction #600 | Actions: compressed 26→20 | Inpainting: True
INFO:b1k.shared.eval_b1k_wrapper:📊 Step 12000 | Task: 27 | Stage: 1/14 | Predictions: 600
INFO:b1k.shared.eval_b1k_wrapper:📊 Step 12100 | Task: 27 | Stage: 1/14 | Predictions: 605
INFO:b1k.shared.eval_b1k_wrapper:🔧 Gripper variation: Compression disabled (mean: 0.3040, max: 0.1000)
INFO:b1k.shared.eval_b1k_wrapper:🔧 Gripper variation: Compression disabled (mean: 0.4823, max: 1.2739)
INFO:b1k.shared.eval_b1k_wrapper:🔧 Gripper variation: Compression disabled (mean: 0.7312, max: 0.7706)
INFO:b1k.shared.eval_b1k_wrapper:🎯 Prediction #610 | Actions: compressed 26→20 | Inpainting: True
INFO:b1k.shared.eval_b1k_wrapper:📊 Step 12200 | Task: 27 | Stage: 1/14 | Predictions: 610
INFO:b1k.shared.eval_b1k_wrapper:🔧 Gripper variation: Compression disabled (mean: 0.4268, max: 0.1240)
INFO:b1k.shared.eval_b1k_wrapper:🔧 Gripper variation: Compression disabled (mean: 0.3198, max: 0.1229)
INFO:b1k.shared.eval_b1k_wrapper:📊 Step 12300 | Task: 27 | Stage: 1/14 | Predictions: 615
INFO:b1k.shared.eval_b1k_wrapper:🎯 Prediction #620 | Actions: compressed 26→20 | Inpainting: True
INFO:b1k.shared.eval_b1k_wrapper:📊 Step 12400 | Task: 27 | Stage: 1/14 | Predictions: 620
INFO:b1k.shared.eval_b1k_wrapper:🔧 Gripper variation: Compression disabled (mean: 0.2097, max: 0.1349)
INFO:b1k.shared.eval_b1k_wrapper:🔧 Gripper variation: Compression disabled (mean: 0.3229, max: 0.9131)
INFO:b1k.shared.eval_b1k_wrapper:🔧 Gripper variation: Compression disabled (mean: 0.4540, max: 0.9743)
INFO:b1k.shared.eval_b1k_wrapper:📊 Step 12500 | Task: 27 | Stage: 1/14 | Predictions: 625
INFO:b1k.shared.eval_b1k_wrapper:🔧 Gripper variation: Compression disabled (mean: 0.3322, max: 1.0028)
INFO:b1k.shared.eval_b1k_wrapper:🔧 Gripper variation: Compression disabled (mean: 0.4331, max: 0.6324)
INFO:b1k.shared.eval_b1k_wrapper:🔧 Gripper variation: Compression disabled (mean: 0.3629, max: 0.4576)
INFO:b1k.shared.eval_b1k_wrapper:🎯 Prediction #630 | Actions: compressed 26→20 | Inpainting: True
INFO:b1k.shared.eval_b1k_wrapper:📊 Step 12600 | Task: 27 | Stage: 1/14 | Predictions: 630
INFO:b1k.shared.eval_b1k_wrapper:📊 Step 12700 | Task: 27 | Stage: 1/14 | Predictions: 635
INFO:b1k.shared.eval_b1k_wrapper:🎯 Prediction #640 | Actions: compressed 26→20 | Inpainting: True
INFO:b1k.shared.eval_b1k_wrapper:📊 Step 12800 | Task: 27 | Stage: 1/14 | Predictions: 640
INFO:b1k.shared.eval_b1k_wrapper:📊 Step 12900 | Task: 27 | Stage: 1/14 | Predictions: 645
INFO:b1k.shared.eval_b1k_wrapper:🔧 Gripper variation: Compression disabled (mean: 0.4551, max: 1.4133)
INFO:b1k.shared.eval_b1k_wrapper:🔧 Gripper variation: Compression disabled (mean: 0.3010, max: 0.3927)
INFO:b1k.shared.eval_b1k_wrapper:🔧 Gripper variation: Compression disabled (mean: 0.2582, max: 0.1115)
INFO:b1k.shared.eval_b1k_wrapper:🎯 Prediction #650 | Actions: uncompressed (20) | Inpainting: True
INFO:b1k.shared.eval_b1k_wrapper:📊 Step 13000 | Task: 27 | Stage: 1/14 | Predictions: 650
INFO:b1k.shared.eval_b1k_wrapper:🔧 Gripper variation: Compression disabled (mean: 0.5548, max: 1.0648)
INFO:b1k.shared.eval_b1k_wrapper:🔧 Gripper variation: Compression disabled (mean: 0.4876, max: 0.4305)
INFO:b1k.shared.eval_b1k_wrapper:📊 Step 13100 | Task: 27 | Stage: 1/14 | Predictions: 655
INFO:b1k.shared.eval_b1k_wrapper:🎯 Prediction #660 | Actions: compressed 26→20 | Inpainting: True
INFO:b1k.shared.eval_b1k_wrapper:📊 Step 13200 | Task: 27 | Stage: 1/14 | Predictions: 660
INFO:b1k.shared.eval_b1k_wrapper:📊 Step 13300 | Task: 27 | Stage: 1/14 | Predictions: 665
INFO:b1k.shared.eval_b1k_wrapper:🎯 Prediction #670 | Actions: compressed 26→20 | Inpainting: True
INFO:b1k.shared.eval_b1k_wrapper:📊 Step 13400 | Task: 27 | Stage: 1/14 | Predictions: 670
INFO:b1k.shared.eval_b1k_wrapper:🔧 Gripper variation: Compression disabled (mean: 0.1670, max: 0.3999)
INFO:b1k.shared.eval_b1k_wrapper:📊 Step 13500 | Task: 27 | Stage: 1/14 | Predictions: 675
INFO:b1k.shared.eval_b1k_wrapper:🎯 Prediction #680 | Actions: compressed 26→20 | Inpainting: True
INFO:b1k.shared.eval_b1k_wrapper:📊 Step 13600 | Task: 27 | Stage: 1/14 | Predictions: 680
INFO:b1k.shared.eval_b1k_wrapper:📊 Step 13700 | Task: 27 | Stage: 1/14 | Predictions: 685
INFO:b1k.shared.eval_b1k_wrapper:🔧 Gripper variation: Compression disabled (mean: 0.2095, max: 0.0559)
INFO:b1k.shared.eval_b1k_wrapper:🎯 Prediction #690 | Actions: compressed 26→20 | Inpainting: True
INFO:b1k.shared.eval_b1k_wrapper:📊 Step 13800 | Task: 27 | Stage: 1/14 | Predictions: 690
INFO:b1k.shared.eval_b1k_wrapper:📊 Step 13900 | Task: 27 | Stage: 1/14 | Predictions: 695
INFO:b1k.shared.eval_b1k_wrapper:🔧 Gripper variation: Compression disabled (mean: 0.4120, max: 0.0812)
INFO:b1k.shared.eval_b1k_wrapper:🎯 Prediction #700 | Actions: compressed 26→20 | Inpainting: True
INFO:b1k.shared.eval_b1k_wrapper:📊 Step 14000 | Task: 27 | Stage: 1/14 | Predictions: 700
INFO:b1k.shared.eval_b1k_wrapper:🔧 Gripper variation: Compression disabled (mean: 2.0137, max: 0.0124)
INFO:b1k.shared.eval_b1k_wrapper:📊 Step 14100 | Task: 27 | Stage: 1/14 | Predictions: 705
INFO:b1k.shared.eval_b1k_wrapper:🎯 Prediction #710 | Actions: compressed 26→20 | Inpainting: True
INFO:b1k.shared.eval_b1k_wrapper:📊 Step 14200 | Task: 27 | Stage: 1/14 | Predictions: 710
INFO:b1k.shared.eval_b1k_wrapper:🔧 Gripper variation: Compression disabled (mean: 0.0856, max: 0.2586)
INFO:b1k.shared.eval_b1k_wrapper:📊 Step 14300 | Task: 27 | Stage: 1/14 | Predictions: 715
INFO:b1k.shared.eval_b1k_wrapper:🎯 Prediction #720 | Actions: compressed 26→20 | Inpainting: True
INFO:b1k.shared.eval_b1k_wrapper:📊 Step 14400 | Task: 27 | Stage: 1/14 | Predictions: 720
INFO:b1k.shared.eval_b1k_wrapper:📊 Step 14500 | Task: 27 | Stage: 1/14 | Predictions: 725
INFO:b1k.shared.eval_b1k_wrapper:🎯 Prediction #730 | Actions: compressed 26→20 | Inpainting: True
INFO:b1k.shared.eval_b1k_wrapper:📊 Step 14600 | Task: 27 | Stage: 1/14 | Predictions: 730
INFO:b1k.shared.eval_b1k_wrapper:🔧 Gripper variation: Compression disabled (mean: 0.3143, max: 0.5016)
INFO:b1k.shared.eval_b1k_wrapper:🔧 Gripper variation: Compression disabled (mean: 0.2543, max: 0.3006)
INFO:b1k.shared.eval_b1k_wrapper:📊 Step 14700 | Task: 27 | Stage: 1/14 | Predictions: 735
INFO:b1k.shared.eval_b1k_wrapper:🎯 Prediction #740 | Actions: compressed 26→20 | Inpainting: True
INFO:b1k.shared.eval_b1k_wrapper:📊 Step 14800 | Task: 27 | Stage: 1/14 | Predictions: 740
INFO:b1k.shared.eval_b1k_wrapper:📊 Step 14900 | Task: 27 | Stage: 1/14 | Predictions: 745
INFO:b1k.shared.eval_b1k_wrapper:🎯 Prediction #750 | Actions: compressed 26→20 | Inpainting: True
INFO:b1k.shared.eval_b1k_wrapper:📊 Step 15000 | Task: 27 | Stage: 1/14 | Predictions: 750
INFO:b1k.shared.eval_b1k_wrapper:📊 Step 15100 | Task: 27 | Stage: 1/14 | Predictions: 755
INFO:b1k.shared.eval_b1k_wrapper:🎯 Prediction #760 | Actions: compressed 26→20 | Inpainting: True
INFO:b1k.shared.eval_b1k_wrapper:📊 Step 15200 | Task: 27 | Stage: 1/14 | Predictions: 760
INFO:b1k.shared.eval_b1k_wrapper:📊 Step 15300 | Task: 27 | Stage: 1/14 | Predictions: 765
INFO:b1k.shared.eval_b1k_wrapper:🎯 Prediction #770 | Actions: compressed 26→20 | Inpainting: True
INFO:b1k.shared.eval_b1k_wrapper:📊 Step 15400 | Task: 27 | Stage: 1/14 | Predictions: 770
INFO:b1k.shared.eval_b1k_wrapper:📊 Step 15500 | Task: 27 | Stage: 1/14 | Predictions: 775
INFO:b1k.shared.eval_b1k_wrapper:🎯 Prediction #780 | Actions: compressed 26→20 | Inpainting: True
INFO:b1k.shared.eval_b1k_wrapper:📊 Step 15600 | Task: 27 | Stage: 1/14 | Predictions: 780
INFO:b1k.shared.eval_b1k_wrapper:📊 Step 15700 | Task: 27 | Stage: 1/14 | Predictions: 785
INFO:b1k.shared.eval_b1k_wrapper:🔧 Gripper variation: Compression disabled (mean: 0.1026, max: 0.2549)
INFO:b1k.shared.eval_b1k_wrapper:🔧 Gripper variation: Compression disabled (mean: 0.2892, max: 0.2875)
INFO:b1k.shared.eval_b1k_wrapper:🎯 Prediction #790 | Actions: uncompressed (20) | Inpainting: True
INFO:b1k.shared.eval_b1k_wrapper:📊 Step 15800 | Task: 27 | Stage: 1/14 | Predictions: 790
INFO:b1k.shared.eval_b1k_wrapper:📊 Step 15900 | Task: 27 | Stage: 1/14 | Predictions: 795
INFO:b1k.shared.eval_b1k_wrapper:🎯 Prediction #800 | Actions: compressed 26→20 | Inpainting: True
INFO:b1k.shared.eval_b1k_wrapper:📊 Step 16000 | Task: 27 | Stage: 1/14 | Predictions: 800
INFO:b1k.shared.eval_b1k_wrapper:📊 Step 16100 | Task: 27 | Stage: 1/14 | Predictions: 805
INFO:b1k.shared.eval_b1k_wrapper:🎯 Prediction #810 | Actions: compressed 26→20 | Inpainting: True
INFO:b1k.shared.eval_b1k_wrapper:📊 Step 16200 | Task: 27 | Stage: 1/14 | Predictions: 810
INFO:b1k.shared.eval_b1k_wrapper:🔧 Gripper variation: Compression disabled (mean: 0.1210, max: 0.2822)
INFO:b1k.shared.eval_b1k_wrapper:🔧 Gripper variation: Compression disabled (mean: 0.5380, max: 0.5366)
INFO:b1k.shared.eval_b1k_wrapper:🔧 Gripper variation: Compression disabled (mean: 0.2417, max: 0.0699)
INFO:b1k.shared.eval_b1k_wrapper:📊 Step 16300 | Task: 27 | Stage: 1/14 | Predictions: 815
INFO:b1k.shared.eval_b1k_wrapper:🎯 Prediction #820 | Actions: compressed 26→20 | Inpainting: True
INFO:b1k.shared.eval_b1k_wrapper:📊 Step 16400 | Task: 27 | Stage: 1/14 | Predictions: 820
INFO:b1k.shared.eval_b1k_wrapper:📊 Step 16500 | Task: 27 | Stage: 1/14 | Predictions: 825
INFO:b1k.shared.eval_b1k_wrapper:🔧 Gripper variation: Compression disabled (mean: 0.2236, max: 0.3596)
INFO:b1k.shared.eval_b1k_wrapper:🔧 Gripper variation: Compression disabled (mean: 0.8371, max: 0.5686)
INFO:b1k.shared.eval_b1k_wrapper:🔧 Gripper variation: Compression disabled (mean: 0.5021, max: 0.2449)
INFO:b1k.shared.eval_b1k_wrapper:🔧 Gripper variation: Compression disabled (mean: 0.6505, max: 0.4062)
INFO:b1k.shared.eval_b1k_wrapper:🎯 Prediction #830 | Actions: uncompressed (20) | Inpainting: True
INFO:b1k.shared.eval_b1k_wrapper:📊 Step 16600 | Task: 27 | Stage: 1/14 | Predictions: 830
INFO:b1k.shared.eval_b1k_wrapper:🔧 Gripper variation: Compression disabled (mean: 1.1264, max: 0.1845)
INFO:b1k.shared.eval_b1k_wrapper:🔧 Gripper variation: Compression disabled (mean: 0.5322, max: 0.0905)
INFO:b1k.shared.eval_b1k_wrapper:🔧 Gripper variation: Compression disabled (mean: 0.3920, max: 0.2570)
INFO:b1k.shared.eval_b1k_wrapper:🔧 Gripper variation: Compression disabled (mean: 0.8348, max: 0.0818)
INFO:b1k.shared.eval_b1k_wrapper:📊 Step 16700 | Task: 27 | Stage: 1/14 | Predictions: 835
INFO:b1k.shared.eval_b1k_wrapper:🎯 Prediction #840 | Actions: compressed 26→20 | Inpainting: True
INFO:b1k.shared.eval_b1k_wrapper:📊 Step 16800 | Task: 27 | Stage: 1/14 | Predictions: 840
INFO:b1k.shared.eval_b1k_wrapper:📊 Step 16900 | Task: 27 | Stage: 1/14 | Predictions: 845
INFO:b1k.shared.eval_b1k_wrapper:🔧 Gripper variation: Compression disabled (mean: 0.4121, max: 0.7472)
INFO:b1k.shared.eval_b1k_wrapper:🔧 Gripper variation: Compression disabled (mean: 0.6308, max: 0.0965)
INFO:b1k.shared.eval_b1k_wrapper:🎯 Prediction #850 | Actions: compressed 26→20 | Inpainting: True
INFO:b1k.shared.eval_b1k_wrapper:📊 Step 17000 | Task: 27 | Stage: 1/14 | Predictions: 850
INFO:b1k.shared.eval_b1k_wrapper:📊 Step 17100 | Task: 27 | Stage: 1/14 | Predictions: 855
INFO:b1k.shared.eval_b1k_wrapper:🔧 Gripper variation: Compression disabled (mean: 0.0756, max: 0.3507)
INFO:b1k.shared.eval_b1k_wrapper:🎯 Prediction #860 | Actions: compressed 26→20 | Inpainting: True
INFO:b1k.shared.eval_b1k_wrapper:📊 Step 17200 | Task: 27 | Stage: 1/14 | Predictions: 860
INFO:b1k.shared.eval_b1k_wrapper:🔧 Gripper variation: Compression disabled (mean: 0.9856, max: 1.2851)
INFO:b1k.shared.eval_b1k_wrapper:🔧 Gripper variation: Compression disabled (mean: 0.7196, max: 1.2989)
INFO:b1k.shared.eval_b1k_wrapper:📊 Step 17300 | Task: 27 | Stage: 1/14 | Predictions: 865
INFO:b1k.shared.eval_b1k_wrapper:🔧 Gripper variation: Compression disabled (mean: 0.3883, max: 0.3435)
INFO:b1k.shared.eval_b1k_wrapper:🔧 Gripper variation: Compression disabled (mean: 0.2249, max: 0.7866)
INFO:b1k.shared.eval_b1k_wrapper:🔧 Gripper variation: Compression disabled (mean: 0.2292, max: 0.1696)
INFO:b1k.shared.eval_b1k_wrapper:🔧 Gripper variation: Compression disabled (mean: 0.2078, max: 0.0181)
INFO:b1k.shared.eval_b1k_wrapper:🎯 Prediction #870 | Actions: uncompressed (20) | Inpainting: True
INFO:b1k.shared.eval_b1k_wrapper:📊 Step 17400 | Task: 27 | Stage: 1/14 | Predictions: 870
INFO:b1k.shared.eval_b1k_wrapper:📊 Step 17500 | Task: 27 | Stage: 1/14 | Predictions: 875
INFO:b1k.shared.eval_b1k_wrapper:🔧 Gripper variation: Compression disabled (mean: 0.7228, max: 1.4805)
INFO:b1k.shared.eval_b1k_wrapper:🔧 Gripper variation: Compression disabled (mean: 0.2964, max: 0.1226)
INFO:b1k.shared.eval_b1k_wrapper:🎯 Prediction #880 | Actions: compressed 26→20 | Inpainting: True
INFO:b1k.shared.eval_b1k_wrapper:📊 Step 17600 | Task: 27 | Stage: 1/14 | Predictions: 880
INFO:b1k.shared.eval_b1k_wrapper:📊 Step 17700 | Task: 27 | Stage: 1/14 | Predictions: 885
INFO:b1k.shared.eval_b1k_wrapper:🎯 Prediction #890 | Actions: compressed 26→20 | Inpainting: True
INFO:b1k.shared.eval_b1k_wrapper:📊 Step 17800 | Task: 27 | Stage: 1/14 | Predictions: 890
INFO:b1k.shared.eval_b1k_wrapper:📊 Step 17900 | Task: 27 | Stage: 1/14 | Predictions: 895
INFO:b1k.shared.eval_b1k_wrapper:🔧 Gripper variation: Compression disabled (mean: 0.2203, max: 0.0881)
INFO:b1k.shared.eval_b1k_wrapper:🔧 Gripper variation: Compression disabled (mean: 0.6618, max: 0.9932)
INFO:b1k.shared.eval_b1k_wrapper:🎯 Prediction #900 | Actions: uncompressed (20) | Inpainting: True
INFO:b1k.shared.eval_b1k_wrapper:📊 Step 18000 | Task: 27 | Stage: 1/14 | Predictions: 900
INFO:b1k.shared.eval_b1k_wrapper:🔧 Gripper variation: Compression disabled (mean: 0.2919, max: 0.1106)
INFO:b1k.shared.eval_b1k_wrapper:🔧 Gripper variation: Compression disabled (mean: 0.4719, max: 1.0287)
INFO:b1k.shared.eval_b1k_wrapper:📊 Step 18100 | Task: 27 | Stage: 1/14 | Predictions: 905
INFO:b1k.shared.eval_b1k_wrapper:🎯 Prediction #910 | Actions: compressed 26→20 | Inpainting: True
INFO:b1k.shared.eval_b1k_wrapper:📊 Step 18200 | Task: 27 | Stage: 1/14 | Predictions: 910
INFO:b1k.shared.eval_b1k_wrapper:📊 Step 18300 | Task: 27 | Stage: 1/14 | Predictions: 915
INFO:b1k.shared.eval_b1k_wrapper:🎯 Prediction #920 | Actions: compressed 26→20 | Inpainting: True
INFO:b1k.shared.eval_b1k_wrapper:📊 Step 18400 | Task: 27 | Stage: 1/14 | Predictions: 920
INFO:b1k.shared.eval_b1k_wrapper:🔧 Gripper variation: Compression disabled (mean: 0.3564, max: 0.2748)
INFO:b1k.shared.eval_b1k_wrapper:📊 Step 18500 | Task: 27 | Stage: 1/14 | Predictions: 925
INFO:b1k.shared.eval_b1k_wrapper:🔧 Gripper variation: Compression disabled (mean: 0.2379, max: 0.1294)
INFO:b1k.shared.eval_b1k_wrapper:🔧 Gripper variation: Compression disabled (mean: 0.1864, max: 0.3085)
INFO:b1k.shared.eval_b1k_wrapper:🎯 Prediction #930 | Actions: uncompressed (20) | Inpainting: True
INFO:b1k.shared.eval_b1k_wrapper:📊 Step 18600 | Task: 27 | Stage: 1/14 | Predictions: 930
INFO:b1k.shared.eval_b1k_wrapper:📊 Step 18700 | Task: 27 | Stage: 1/14 | Predictions: 935
INFO:b1k.shared.eval_b1k_wrapper:🎯 Prediction #940 | Actions: compressed 26→20 | Inpainting: True
INFO:b1k.shared.eval_b1k_wrapper:📊 Step 18800 | Task: 27 | Stage: 1/14 | Predictions: 940
INFO:b1k.shared.eval_b1k_wrapper:📊 Step 18900 | Task: 27 | Stage: 1/14 | Predictions: 945
INFO:b1k.shared.eval_b1k_wrapper:🎯 Prediction #950 | Actions: compressed 26→20 | Inpainting: True
INFO:b1k.shared.eval_b1k_wrapper:📊 Step 19000 | Task: 27 | Stage: 1/14 | Predictions: 950
INFO:b1k.shared.eval_b1k_wrapper:📊 Step 19100 | Task: 27 | Stage: 1/14 | Predictions: 955
INFO:b1k.shared.eval_b1k_wrapper:🔧 Gripper variation: Compression disabled (mean: 0.2469, max: 0.1055)
INFO:b1k.shared.eval_b1k_wrapper:🎯 Prediction #960 | Actions: compressed 26→20 | Inpainting: True
INFO:b1k.shared.eval_b1k_wrapper:📊 Step 19200 | Task: 27 | Stage: 1/14 | Predictions: 960
INFO:b1k.shared.eval_b1k_wrapper:📊 Step 19300 | Task: 27 | Stage: 1/14 | Predictions: 965
INFO:b1k.shared.eval_b1k_wrapper:🎯 Prediction #970 | Actions: compressed 26→20 | Inpainting: True
INFO:b1k.shared.eval_b1k_wrapper:📊 Step 19400 | Task: 27 | Stage: 1/14 | Predictions: 970
INFO:b1k.shared.eval_b1k_wrapper:📊 Step 19500 | Task: 27 | Stage: 1/14 | Predictions: 975
INFO:b1k.shared.eval_b1k_wrapper:🔧 Gripper variation: Compression disabled (mean: 0.2109, max: 0.1160)
INFO:b1k.shared.eval_b1k_wrapper:🎯 Prediction #980 | Actions: compressed 26→20 | Inpainting: True
INFO:b1k.shared.eval_b1k_wrapper:⏭️  Stage skipped: 1 → 2 (task 27, step 19580)
INFO:b1k.shared.eval_b1k_wrapper:📊 Step 19600 | Task: 27 | Stage: 2/14 | Predictions: 980
INFO:b1k.shared.eval_b1k_wrapper:⬆️  Stage advanced: 2 → 3 (task 27, step 19680)
INFO:b1k.shared.eval_b1k_wrapper:📊 Step 19700 | Task: 27 | Stage: 3/14 | Predictions: 985
INFO:b1k.shared.eval_b1k_wrapper:🎯 Prediction #990 | Actions: compressed 26→20 | Inpainting: True
INFO:b1k.shared.eval_b1k_wrapper:📊 Step 19800 | Task: 27 | Stage: 3/14 | Predictions: 990
INFO:b1k.shared.eval_b1k_wrapper:📊 Step 19900 | Task: 27 | Stage: 3/14 | Predictions: 995
INFO:b1k.shared.eval_b1k_wrapper:🎯 Prediction #1000 | Actions: compressed 26→20 | Inpainting: True
INFO:b1k.shared.eval_b1k_wrapper:📊 Step 20000 | Task: 27 | Stage: 3/14 | Predictions: 1000
INFO:b1k.shared.eval_b1k_wrapper:📊 Step 20100 | Task: 27 | Stage: 3/14 | Predictions: 1005
INFO:b1k.shared.eval_b1k_wrapper:🎯 Prediction #1010 | Actions: compressed 26→20 | Inpainting: True
INFO:b1k.shared.eval_b1k_wrapper:📊 Step 20200 | Task: 27 | Stage: 3/14 | Predictions: 1010
INFO:b1k.shared.eval_b1k_wrapper:📊 Step 20300 | Task: 27 | Stage: 3/14 | Predictions: 1015
INFO:b1k.shared.eval_b1k_wrapper:🔧 Gripper variation: Compression disabled (mean: 0.1500, max: 0.2771)
INFO:b1k.shared.eval_b1k_wrapper:🎯 Prediction #1020 | Actions: uncompressed (20) | Inpainting: True
INFO:b1k.shared.eval_b1k_wrapper:📊 Step 20400 | Task: 27 | Stage: 3/14 | Predictions: 1020
INFO:b1k.shared.eval_b1k_wrapper:🔧 Gripper variation: Compression disabled (mean: 0.4485, max: 0.1990)
INFO:b1k.shared.eval_b1k_wrapper:🔧 Gripper variation: Compression disabled (mean: 0.2168, max: 0.3623)
INFO:b1k.shared.eval_b1k_wrapper:🔧 Gripper variation: Compression disabled (mean: 0.2902, max: 0.0448)
INFO:b1k.shared.eval_b1k_wrapper:🔧 Gripper variation: Compression disabled (mean: 0.1805, max: 0.2774)
INFO:b1k.shared.eval_b1k_wrapper:📊 Step 20500 | Task: 27 | Stage: 3/14 | Predictions: 1025
INFO:b1k.shared.eval_b1k_wrapper:🔧 Gripper variation: Compression disabled (mean: 0.2602, max: 0.2639)
INFO:b1k.shared.eval_b1k_wrapper:🎯 Prediction #1030 | Actions: compressed 26→20 | Inpainting: True
INFO:b1k.shared.eval_b1k_wrapper:📊 Step 20600 | Task: 27 | Stage: 3/14 | Predictions: 1030
INFO:b1k.shared.eval_b1k_wrapper:📊 Step 20700 | Task: 27 | Stage: 3/14 | Predictions: 1035
INFO:b1k.shared.eval_b1k_wrapper:🎯 Prediction #1040 | Actions: compressed 26→20 | Inpainting: True
INFO:b1k.shared.eval_b1k_wrapper:📊 Step 20800 | Task: 27 | Stage: 3/14 | Predictions: 1040
INFO:b1k.shared.eval_b1k_wrapper:📊 Step 20900 | Task: 27 | Stage: 3/14 | Predictions: 1045
INFO:b1k.shared.eval_b1k_wrapper:🔧 Gripper variation: Compression disabled (mean: 0.3895, max: 0.0969)
INFO:b1k.shared.eval_b1k_wrapper:🔧 Gripper variation: Compression disabled (mean: 1.7148, max: 0.1597)
INFO:b1k.shared.eval_b1k_wrapper:🎯 Prediction #1050 | Actions: uncompressed (20) | Inpainting: True
INFO:b1k.shared.eval_b1k_wrapper:📊 Step 21000 | Task: 27 | Stage: 3/14 | Predictions: 1050
INFO:b1k.shared.eval_b1k_wrapper:🔧 Gripper variation: Compression disabled (mean: 0.3172, max: 0.1832)
INFO:b1k.shared.eval_b1k_wrapper:🔧 Gripper variation: Compression disabled (mean: 0.4980, max: 0.7879)
INFO:b1k.shared.eval_b1k_wrapper:📊 Step 21100 | Task: 27 | Stage: 3/14 | Predictions: 1055
INFO:b1k.shared.eval_b1k_wrapper:🎯 Prediction #1060 | Actions: compressed 26→20 | Inpainting: True
INFO:b1k.shared.eval_b1k_wrapper:📊 Step 21200 | Task: 27 | Stage: 3/14 | Predictions: 1060
INFO:b1k.shared.eval_b1k_wrapper:🔧 Gripper variation: Compression disabled (mean: 0.3245, max: 0.1062)
INFO:b1k.shared.eval_b1k_wrapper:🔧 Gripper variation: Compression disabled (mean: 0.2743, max: 0.2292)
INFO:b1k.shared.eval_b1k_wrapper:📊 Step 21300 | Task: 27 | Stage: 3/14 | Predictions: 1065
INFO:b1k.shared.eval_b1k_wrapper:🔧 Gripper variation: Compression disabled (mean: 0.1028, max: 0.2488)
INFO:b1k.shared.eval_b1k_wrapper:🔧 Gripper variation: Compression disabled (mean: 0.0525, max: 0.3499)
INFO:b1k.shared.eval_b1k_wrapper:🎯 Prediction #1070 | Actions: uncompressed (20) | Inpainting: True
INFO:b1k.shared.eval_b1k_wrapper:📊 Step 21400 | Task: 27 | Stage: 3/14 | Predictions: 1070
INFO:b1k.shared.eval_b1k_wrapper:🔧 Gripper variation: Compression disabled (mean: 0.3457, max: 0.1427)
INFO:b1k.shared.eval_b1k_wrapper:🔧 Gripper variation: Compression disabled (mean: 0.1326, max: 0.2254)
INFO:b1k.shared.eval_b1k_wrapper:📊 Step 21500 | Task: 27 | Stage: 3/14 | Predictions: 1075
INFO:b1k.shared.eval_b1k_wrapper:🔧 Gripper variation: Compression disabled (mean: 0.2469, max: 0.2248)
INFO:b1k.shared.eval_b1k_wrapper:🔧 Gripper variation: Compression disabled (mean: 0.0506, max: 0.2728)
INFO:b1k.shared.eval_b1k_wrapper:🔧 Gripper variation: Compression disabled (mean: 0.2039, max: 0.2387)
INFO:b1k.shared.eval_b1k_wrapper:🎯 Prediction #1080 | Actions: uncompressed (20) | Inpainting: True
INFO:b1k.shared.eval_b1k_wrapper:📊 Step 21600 | Task: 27 | Stage: 3/14 | Predictions: 1080
INFO:b1k.shared.eval_b1k_wrapper:🔧 Gripper variation: Compression disabled (mean: 0.2135, max: 0.2365)
INFO:b1k.shared.eval_b1k_wrapper:📊 Step 21700 | Task: 27 | Stage: 3/14 | Predictions: 1085
INFO:b1k.shared.eval_b1k_wrapper:🔧 Gripper variation: Compression disabled (mean: 0.1916, max: 0.2270)
INFO:b1k.shared.eval_b1k_wrapper:🔧 Gripper variation: Compression disabled (mean: 0.5872, max: 0.5260)
INFO:b1k.shared.eval_b1k_wrapper:🔧 Gripper variation: Compression disabled (mean: 0.2255, max: 0.3529)
INFO:b1k.shared.eval_b1k_wrapper:🔧 Gripper variation: Compression disabled (mean: 0.2397, max: 0.2738)
INFO:b1k.shared.eval_b1k_wrapper:🎯 Prediction #1090 | Actions: uncompressed (20) | Inpainting: True
INFO:b1k.shared.eval_b1k_wrapper:📊 Step 21800 | Task: 27 | Stage: 3/14 | Predictions: 1090
INFO:b1k.shared.eval_b1k_wrapper:🔧 Gripper variation: Compression disabled (mean: 0.2830, max: 0.1509)
INFO:b1k.shared.eval_b1k_wrapper:🔧 Gripper variation: Compression disabled (mean: 0.3372, max: 0.2509)
INFO:b1k.shared.eval_b1k_wrapper:🔧 Gripper variation: Compression disabled (mean: 0.0216, max: 0.2521)
INFO:b1k.shared.eval_b1k_wrapper:⬅️  Stage went back: 3 → 2 (task 27, step 21860)
INFO:b1k.shared.eval_b1k_wrapper:🔧 Gripper variation: Compression disabled (mean: 0.2155, max: 0.2195)
INFO:b1k.shared.eval_b1k_wrapper:📊 Step 21900 | Task: 27 | Stage: 2/14 | Predictions: 1095
INFO:b1k.shared.eval_b1k_wrapper:🔧 Gripper variation: Compression disabled (mean: 0.2890, max: 0.4345)
INFO:b1k.shared.eval_b1k_wrapper:🔧 Gripper variation: Compression disabled (mean: 0.1420, max: 0.4993)
INFO:b1k.shared.eval_b1k_wrapper:⬆️  Stage advanced: 2 → 3 (task 27, step 21940)
INFO:b1k.shared.eval_b1k_wrapper:🔧 Gripper variation: Compression disabled (mean: 0.0949, max: 0.3094)
INFO:b1k.shared.eval_b1k_wrapper:🎯 Prediction #1100 | Actions: compressed 26→20 | Inpainting: True
INFO:b1k.shared.eval_b1k_wrapper:📊 Step 22000 | Task: 27 | Stage: 3/14 | Predictions: 1100
INFO:b1k.shared.eval_b1k_wrapper:🔧 Gripper variation: Compression disabled (mean: 0.1608, max: 0.2552)
INFO:b1k.shared.eval_b1k_wrapper:🔧 Gripper variation: Compression disabled (mean: 0.1677, max: 0.3224)
INFO:b1k.shared.eval_b1k_wrapper:📊 Step 22100 | Task: 27 | Stage: 3/14 | Predictions: 1105
INFO:b1k.shared.eval_b1k_wrapper:🔧 Gripper variation: Compression disabled (mean: 0.3221, max: 0.3603)
INFO:b1k.shared.eval_b1k_wrapper:🔧 Gripper variation: Compression disabled (mean: 0.3494, max: 0.1518)
INFO:b1k.shared.eval_b1k_wrapper:🔧 Gripper variation: Compression disabled (mean: 0.3883, max: 0.2350)
INFO:b1k.shared.eval_b1k_wrapper:🔧 Gripper variation: Compression disabled (mean: 0.0345, max: 0.2101)
INFO:b1k.shared.eval_b1k_wrapper:🔧 Gripper variation: Compression disabled (mean: 0.3878, max: 0.2920)
INFO:b1k.shared.eval_b1k_wrapper:🎯 Prediction #1110 | Actions: uncompressed (20) | Inpainting: True
INFO:b1k.shared.eval_b1k_wrapper:📊 Step 22200 | Task: 27 | Stage: 3/14 | Predictions: 1110
INFO:b1k.shared.eval_b1k_wrapper:🔧 Gripper variation: Compression disabled (mean: 0.1429, max: 0.2174)
INFO:b1k.shared.eval_b1k_wrapper:🔧 Gripper variation: Compression disabled (mean: 0.1434, max: 0.3063)
INFO:b1k.shared.eval_b1k_wrapper:📊 Step 22300 | Task: 27 | Stage: 3/14 | Predictions: 1115
INFO:b1k.shared.eval_b1k_wrapper:🔧 Gripper variation: Compression disabled (mean: 0.0792, max: 0.2704)
INFO:b1k.shared.eval_b1k_wrapper:🔧 Gripper variation: Compression disabled (mean: 0.0707, max: 0.2489)
INFO:b1k.shared.eval_b1k_wrapper:🔧 Gripper variation: Compression disabled (mean: 0.1452, max: 0.3102)
INFO:b1k.shared.eval_b1k_wrapper:🔧 Gripper variation: Compression disabled (mean: 0.0942, max: 0.2535)
INFO:b1k.shared.eval_b1k_wrapper:🎯 Prediction #1120 | Actions: uncompressed (20) | Inpainting: True
INFO:b1k.shared.eval_b1k_wrapper:📊 Step 22400 | Task: 27 | Stage: 3/14 | Predictions: 1120
INFO:b1k.shared.eval_b1k_wrapper:🔧 Gripper variation: Compression disabled (mean: 0.3719, max: 0.2641)
INFO:b1k.shared.eval_b1k_wrapper:🔧 Gripper variation: Compression disabled (mean: 0.1522, max: 0.5536)
INFO:b1k.shared.eval_b1k_wrapper:🔧 Gripper variation: Compression disabled (mean: 0.0268, max: 0.2200)
INFO:b1k.shared.eval_b1k_wrapper:📊 Step 22500 | Task: 27 | Stage: 3/14 | Predictions: 1125
INFO:b1k.shared.eval_b1k_wrapper:🔧 Gripper variation: Compression disabled (mean: 0.0651, max: 0.4256)
INFO:b1k.shared.eval_b1k_wrapper:🔧 Gripper variation: Compression disabled (mean: 0.2240, max: 0.3000)
INFO:b1k.shared.eval_b1k_wrapper:🔧 Gripper variation: Compression disabled (mean: 0.0206, max: 0.3460)
INFO:b1k.shared.eval_b1k_wrapper:🔧 Gripper variation: Compression disabled (mean: 0.2074, max: 0.2944)
INFO:b1k.shared.eval_b1k_wrapper:🎯 Prediction #1130 | Actions: uncompressed (20) | Inpainting: True
INFO:b1k.shared.eval_b1k_wrapper:📊 Step 22600 | Task: 27 | Stage: 3/14 | Predictions: 1130
INFO:b1k.shared.eval_b1k_wrapper:🔧 Gripper variation: Compression disabled (mean: 0.0844, max: 0.2731)
INFO:b1k.shared.eval_b1k_wrapper:🔧 Gripper variation: Compression disabled (mean: 0.0410, max: 0.3320)
INFO:b1k.shared.eval_b1k_wrapper:🔧 Gripper variation: Compression disabled (mean: 0.0325, max: 0.2776)
INFO:b1k.shared.eval_b1k_wrapper:🔧 Gripper variation: Compression disabled (mean: 0.0642, max: 0.3182)
INFO:b1k.shared.eval_b1k_wrapper:🔧 Gripper variation: Compression disabled (mean: 0.0285, max: 0.4188)
INFO:b1k.shared.eval_b1k_wrapper:📊 Step 22700 | Task: 27 | Stage: 3/14 | Predictions: 1135
INFO:b1k.shared.eval_b1k_wrapper:🔧 Gripper variation: Compression disabled (mean: 0.0976, max: 0.3396)
INFO:b1k.shared.eval_b1k_wrapper:🔧 Gripper variation: Compression disabled (mean: 0.1189, max: 0.5543)
INFO:b1k.shared.eval_b1k_wrapper:🔧 Gripper variation: Compression disabled (mean: 0.0505, max: 0.3418)
INFO:b1k.shared.eval_b1k_wrapper:🔧 Gripper variation: Compression disabled (mean: 0.0213, max: 0.3545)
INFO:b1k.shared.eval_b1k_wrapper:🎯 Prediction #1140 | Actions: uncompressed (20) | Inpainting: True
INFO:b1k.shared.eval_b1k_wrapper:📊 Step 22800 | Task: 27 | Stage: 3/14 | Predictions: 1140
INFO:b1k.shared.eval_b1k_wrapper:🔧 Gripper variation: Compression disabled (mean: 0.5656, max: 0.3706)
INFO:b1k.shared.eval_b1k_wrapper:🔧 Gripper variation: Compression disabled (mean: 0.6045, max: 0.1013)
INFO:b1k.shared.eval_b1k_wrapper:🔧 Gripper variation: Compression disabled (mean: 0.5968, max: 0.3052)
INFO:b1k.shared.eval_b1k_wrapper:🔧 Gripper variation: Compression disabled (mean: 0.7867, max: 0.2768)
INFO:b1k.shared.eval_b1k_wrapper:⬅️  Stage went back: 3 → 2 (task 27, step 22860)
INFO:b1k.shared.eval_b1k_wrapper:🔧 Gripper variation: Compression disabled (mean: 0.2454, max: 0.1853)
INFO:b1k.shared.eval_b1k_wrapper:📊 Step 22900 | Task: 27 | Stage: 2/14 | Predictions: 1145
INFO:b1k.shared.eval_b1k_wrapper:🔧 Gripper variation: Compression disabled (mean: 0.1574, max: 0.4294)
INFO:b1k.shared.eval_b1k_wrapper:🔧 Gripper variation: Compression disabled (mean: 0.1792, max: 0.4138)
INFO:b1k.shared.eval_b1k_wrapper:🎯 Prediction #1150 | Actions: compressed 26→20 | Inpainting: True
INFO:b1k.shared.eval_b1k_wrapper:⬆️  Stage advanced: 2 → 3 (task 27, step 22980)
INFO:b1k.shared.eval_b1k_wrapper:📊 Step 23000 | Task: 27 | Stage: 3/14 | Predictions: 1150
INFO:b1k.shared.eval_b1k_wrapper:🔧 Gripper variation: Compression disabled (mean: 0.1163, max: 0.3838)
INFO:b1k.shared.eval_b1k_wrapper:🔧 Gripper variation: Compression disabled (mean: 0.2758, max: 0.4119)
INFO:b1k.shared.eval_b1k_wrapper:🔧 Gripper variation: Compression disabled (mean: 0.0469, max: 0.2941)
INFO:b1k.shared.eval_b1k_wrapper:🔧 Gripper variation: Compression disabled (mean: 0.0803, max: 0.3223)
INFO:b1k.shared.eval_b1k_wrapper:🔧 Gripper variation: Compression disabled (mean: 0.3124, max: 0.2403)
INFO:b1k.shared.eval_b1k_wrapper:📊 Step 23100 | Task: 27 | Stage: 3/14 | Predictions: 1155
INFO:b1k.shared.eval_b1k_wrapper:🔧 Gripper variation: Compression disabled (mean: 0.0630, max: 0.5753)
INFO:b1k.shared.eval_b1k_wrapper:🔧 Gripper variation: Compression disabled (mean: 0.5857, max: 0.4115)
INFO:b1k.shared.eval_b1k_wrapper:⬆️  Stage advanced: 3 → 4 (task 27, step 23120)
INFO:b1k.shared.eval_b1k_wrapper:🔧 Gripper variation: Compression disabled (mean: 0.0831, max: 0.4481)
INFO:b1k.shared.eval_b1k_wrapper:🔧 Gripper variation: Compression disabled (mean: 0.2908, max: 0.3330)
INFO:b1k.shared.eval_b1k_wrapper:🔧 Gripper variation: Compression disabled (mean: 0.6276, max: 0.2190)
INFO:b1k.shared.eval_b1k_wrapper:🎯 Prediction #1160 | Actions: uncompressed (20) | Inpainting: True
INFO:b1k.shared.eval_b1k_wrapper:📊 Step 23200 | Task: 27 | Stage: 4/14 | Predictions: 1160
INFO:b1k.shared.eval_b1k_wrapper:🔧 Gripper variation: Compression disabled (mean: 0.5777, max: 0.3464)
INFO:b1k.shared.eval_b1k_wrapper:⬅️  Stage went back: 4 → 3 (task 27, step 23200)
INFO:b1k.shared.eval_b1k_wrapper:🔧 Gripper variation: Compression disabled (mean: 0.1340, max: 0.2030)
INFO:b1k.shared.eval_b1k_wrapper:🔧 Gripper variation: Compression disabled (mean: 0.1781, max: 0.6015)
INFO:b1k.shared.eval_b1k_wrapper:🔧 Gripper variation: Compression disabled (mean: 0.0325, max: 0.5522)
INFO:b1k.shared.eval_b1k_wrapper:🔧 Gripper variation: Compression disabled (mean: 0.3508, max: 0.3106)
INFO:b1k.shared.eval_b1k_wrapper:📊 Step 23300 | Task: 27 | Stage: 3/14 | Predictions: 1165
INFO:b1k.shared.eval_b1k_wrapper:🔧 Gripper variation: Compression disabled (mean: 0.2903, max: 0.2180)
INFO:b1k.shared.eval_b1k_wrapper:🔧 Gripper variation: Compression disabled (mean: 0.2904, max: 0.4593)
INFO:b1k.shared.eval_b1k_wrapper:🔧 Gripper variation: Compression disabled (mean: 0.2586, max: 0.1338)
INFO:b1k.shared.eval_b1k_wrapper:🔧 Gripper variation: Compression disabled (mean: 0.7655, max: 0.3201)
INFO:b1k.shared.eval_b1k_wrapper:🔧 Gripper variation: Compression disabled (mean: 0.0770, max: 0.4128)
INFO:b1k.shared.eval_b1k_wrapper:🎯 Prediction #1170 | Actions: uncompressed (20) | Inpainting: True
INFO:b1k.shared.eval_b1k_wrapper:📊 Step 23400 | Task: 27 | Stage: 3/14 | Predictions: 1170
INFO:b1k.shared.eval_b1k_wrapper:🔧 Gripper variation: Compression disabled (mean: 0.0308, max: 0.3950)
INFO:b1k.shared.eval_b1k_wrapper:🔧 Gripper variation: Compression disabled (mean: 0.1438, max: 0.2786)
INFO:b1k.shared.eval_b1k_wrapper:🔧 Gripper variation: Compression disabled (mean: 0.0977, max: 0.2950)
INFO:b1k.shared.eval_b1k_wrapper:🔧 Gripper variation: Compression disabled (mean: 0.0246, max: 0.3520)
INFO:b1k.shared.eval_b1k_wrapper:🔧 Gripper variation: Compression disabled (mean: 0.0229, max: 0.6708)
INFO:b1k.shared.eval_b1k_wrapper:📊 Step 23500 | Task: 27 | Stage: 3/14 | Predictions: 1175
INFO:b1k.shared.eval_b1k_wrapper:🔧 Gripper variation: Compression disabled (mean: 0.1629, max: 0.5203)
INFO:b1k.shared.eval_b1k_wrapper:🔧 Gripper variation: Compression disabled (mean: 0.1205, max: 0.4454)
INFO:b1k.shared.eval_b1k_wrapper:🎯 Prediction #1180 | Actions: uncompressed (20) | Inpainting: True
INFO:b1k.shared.eval_b1k_wrapper:📊 Step 23600 | Task: 27 | Stage: 3/14 | Predictions: 1180
INFO:b1k.shared.eval_b1k_wrapper:🔧 Gripper variation: Compression disabled (mean: 0.3043, max: 0.1221)
INFO:b1k.shared.eval_b1k_wrapper:🔧 Gripper variation: Compression disabled (mean: 0.0245, max: 0.3379)
INFO:b1k.shared.eval_b1k_wrapper:🔧 Gripper variation: Compression disabled (mean: 0.3304, max: 0.5489)
INFO:b1k.shared.eval_b1k_wrapper:🔧 Gripper variation: Compression disabled (mean: 0.2252, max: 0.2145)
INFO:b1k.shared.eval_b1k_wrapper:🔧 Gripper variation: Compression disabled (mean: 0.2877, max: 0.5702)
INFO:b1k.shared.eval_b1k_wrapper:📊 Step 23700 | Task: 27 | Stage: 3/14 | Predictions: 1185
INFO:b1k.shared.eval_b1k_wrapper:🔧 Gripper variation: Compression disabled (mean: 0.0325, max: 0.3934)
INFO:websockets.server:connection closed
INFO:omnigibson.learning.utils.network_utils:Connection from ('127.0.0.1', 56184) closed
INFO:websockets.server:HTTP response sent (200 OK)
INFO:websockets.server:connection closed
INFO:websockets.server:connection open
INFO:omnigibson.learning.utils.network_utils:Connection from ('127.0.0.1', 35524) opened
INFO:b1k.shared.eval_b1k_wrapper:Policy reset - Task ID: 27, Action horizon: 30
INFO:b1k.shared.eval_b1k_wrapper:📊 Step 100 | Task: 27 | Stage: 0/14 | Predictions: 5
INFO:b1k.shared.eval_b1k_wrapper:🎯 Prediction #10 | Actions: compressed 26→20 | Inpainting: True
INFO:b1k.shared.eval_b1k_wrapper:📊 Step 200 | Task: 27 | Stage: 0/14 | Predictions: 10
INFO:b1k.shared.eval_b1k_wrapper:📊 Step 300 | Task: 27 | Stage: 0/14 | Predictions: 15
INFO:b1k.shared.eval_b1k_wrapper:🎯 Prediction #20 | Actions: compressed 26→20 | Inpainting: True
INFO:b1k.shared.eval_b1k_wrapper:📊 Step 400 | Task: 27 | Stage: 0/14 | Predictions: 20
INFO:b1k.shared.eval_b1k_wrapper:📊 Step 500 | Task: 27 | Stage: 0/14 | Predictions: 25
INFO:b1k.shared.eval_b1k_wrapper:🔧 Gripper variation: Compression disabled (mean: 0.0187, max: 1.8831)
INFO:b1k.shared.correction_rules:🔧 GENERAL GRIPPER CORRECTION: Task 27, Stage 0
INFO:b1k.shared.correction_rules:   Right gripper closed (-0.9941) → Opening to 1.0
INFO:b1k.shared.eval_b1k_wrapper:🔧 Correction rule: Actions modified (max diff: 2.0026, task 27, stage 0)
INFO:b1k.shared.eval_b1k_wrapper:🎯 Prediction #30 | Actions: compressed 26→20 | Inpainting: True
INFO:b1k.shared.eval_b1k_wrapper:📊 Step 600 | Task: 27 | Stage: 0/14 | Predictions: 30
INFO:b1k.shared.eval_b1k_wrapper:🔧 Gripper variation: Compression disabled (mean: 0.7238, max: 0.9770)
INFO:b1k.shared.eval_b1k_wrapper:🔧 Gripper variation: Compression disabled (mean: 0.0121, max: 1.2505)
INFO:b1k.shared.correction_rules:🔧 GENERAL GRIPPER CORRECTION: Task 27, Stage 0
INFO:b1k.shared.correction_rules:   Right gripper closed (-0.9926) → Opening to 1.0
INFO:b1k.shared.eval_b1k_wrapper:🔧 Correction rule: Actions modified (max diff: 1.9977, task 27, stage 0)
INFO:b1k.shared.eval_b1k_wrapper:⬆️  Stage advanced: 0 → 1 (task 27, step 640)
INFO:b1k.shared.eval_b1k_wrapper:🔧 Gripper variation: Compression disabled (mean: 0.3031, max: 0.5636)
INFO:b1k.shared.eval_b1k_wrapper:🔧 Gripper variation: Compression disabled (mean: 0.0098, max: 1.8655)
INFO:b1k.shared.eval_b1k_wrapper:📊 Step 700 | Task: 27 | Stage: 1/14 | Predictions: 35
INFO:b1k.shared.correction_rules:🔧 GENERAL GRIPPER CORRECTION: Task 27, Stage 1
INFO:b1k.shared.correction_rules:   Right gripper closed (-0.9904) → Opening to 1.0
INFO:b1k.shared.eval_b1k_wrapper:🔧 Correction rule: Actions modified (max diff: 2.0005, task 27, stage 1)
INFO:b1k.shared.eval_b1k_wrapper:🔧 Gripper variation: Compression disabled (mean: 0.3321, max: 2.1446)
INFO:b1k.shared.eval_b1k_wrapper:🔧 Gripper variation: Compression disabled (mean: 0.0095, max: 1.9318)
INFO:b1k.shared.correction_rules:🔧 GENERAL GRIPPER CORRECTION: Task 27, Stage 1
INFO:b1k.shared.correction_rules:   Right gripper closed (-0.9904) → Opening to 1.0
INFO:b1k.shared.eval_b1k_wrapper:🔧 Correction rule: Actions modified (max diff: 2.0029, task 27, stage 1)
INFO:b1k.shared.eval_b1k_wrapper:🔧 Gripper variation: Compression disabled (mean: 0.2691, max: 0.6116)
INFO:b1k.shared.eval_b1k_wrapper:🎯 Prediction #40 | Actions: uncompressed (20) | Inpainting: True
INFO:b1k.shared.eval_b1k_wrapper:📊 Step 800 | Task: 27 | Stage: 1/14 | Predictions: 40
INFO:b1k.shared.eval_b1k_wrapper:📊 Step 900 | Task: 27 | Stage: 1/14 | Predictions: 45
INFO:b1k.shared.eval_b1k_wrapper:🎯 Prediction #50 | Actions: compressed 26→20 | Inpainting: True
INFO:b1k.shared.eval_b1k_wrapper:📊 Step 1000 | Task: 27 | Stage: 1/14 | Predictions: 50
INFO:b1k.shared.eval_b1k_wrapper:🔧 Gripper variation: Compression disabled (mean: 0.0083, max: 1.9987)
INFO:b1k.shared.eval_b1k_wrapper:🔧 Gripper variation: Compression disabled (mean: 0.0353, max: 1.9860)
INFO:b1k.shared.eval_b1k_wrapper:📊 Step 1100 | Task: 27 | Stage: 1/14 | Predictions: 55
INFO:b1k.shared.eval_b1k_wrapper:🎯 Prediction #60 | Actions: compressed 26→20 | Inpainting: True
INFO:b1k.shared.eval_b1k_wrapper:📊 Step 1200 | Task: 27 | Stage: 1/14 | Predictions: 60
INFO:b1k.shared.eval_b1k_wrapper:📊 Step 1300 | Task: 27 | Stage: 1/14 | Predictions: 65
INFO:b1k.shared.eval_b1k_wrapper:🔧 Gripper variation: Compression disabled (mean: 0.0061, max: 2.0058)
INFO:b1k.shared.eval_b1k_wrapper:🔧 Gripper variation: Compression disabled (mean: 0.0057, max: 2.0064)
INFO:b1k.shared.eval_b1k_wrapper:🎯 Prediction #70 | Actions: compressed 26→20 | Inpainting: True
INFO:b1k.shared.eval_b1k_wrapper:📊 Step 1400 | Task: 27 | Stage: 1/14 | Predictions: 70
INFO:b1k.shared.eval_b1k_wrapper:📊 Step 1500 | Task: 27 | Stage: 1/14 | Predictions: 75
INFO:b1k.shared.eval_b1k_wrapper:🎯 Prediction #80 | Actions: compressed 26→20 | Inpainting: True
INFO:b1k.shared.eval_b1k_wrapper:📊 Step 1600 | Task: 27 | Stage: 1/14 | Predictions: 80
INFO:b1k.shared.eval_b1k_wrapper:📊 Step 1700 | Task: 27 | Stage: 1/14 | Predictions: 85
INFO:b1k.shared.eval_b1k_wrapper:🔧 Gripper variation: Compression disabled (mean: 0.0079, max: 1.9909)
INFO:b1k.shared.eval_b1k_wrapper:⬆️  Stage advanced: 1 → 2 (task 27, step 1740)
INFO:b1k.shared.eval_b1k_wrapper:🎯 Prediction #90 | Actions: compressed 26→20 | Inpainting: True
INFO:b1k.shared.eval_b1k_wrapper:📊 Step 1800 | Task: 27 | Stage: 2/14 | Predictions: 90
INFO:b1k.shared.eval_b1k_wrapper:📊 Step 1900 | Task: 27 | Stage: 2/14 | Predictions: 95
INFO:b1k.shared.eval_b1k_wrapper:⬆️  Stage advanced: 2 → 3 (task 27, step 1900)
INFO:b1k.shared.eval_b1k_wrapper:🎯 Prediction #100 | Actions: compressed 26→20 | Inpainting: True
INFO:b1k.shared.eval_b1k_wrapper:📊 Step 2000 | Task: 27 | Stage: 3/14 | Predictions: 100
INFO:b1k.shared.eval_b1k_wrapper:📊 Step 2100 | Task: 27 | Stage: 3/14 | Predictions: 105
INFO:b1k.shared.eval_b1k_wrapper:⬅️  Stage went back: 3 → 2 (task 27, step 2160)
INFO:b1k.shared.eval_b1k_wrapper:🎯 Prediction #110 | Actions: compressed 26→20 | Inpainting: True
INFO:b1k.shared.eval_b1k_wrapper:📊 Step 2200 | Task: 27 | Stage: 2/14 | Predictions: 110
INFO:b1k.shared.eval_b1k_wrapper:📊 Step 2300 | Task: 27 | Stage: 2/14 | Predictions: 115
INFO:b1k.shared.eval_b1k_wrapper:⬅️  Stage went back: 2 → 1 (task 27, step 2300)
INFO:b1k.shared.eval_b1k_wrapper:⬆️  Stage advanced: 1 → 2 (task 27, step 2360)
INFO:b1k.shared.eval_b1k_wrapper:🎯 Prediction #120 | Actions: compressed 26→20 | Inpainting: True
INFO:b1k.shared.eval_b1k_wrapper:📊 Step 2400 | Task: 27 | Stage: 2/14 | Predictions: 120
INFO:b1k.shared.eval_b1k_wrapper:📊 Step 2500 | Task: 27 | Stage: 2/14 | Predictions: 125
INFO:b1k.shared.eval_b1k_wrapper:🎯 Prediction #130 | Actions: compressed 26→20 | Inpainting: True
INFO:b1k.shared.eval_b1k_wrapper:📊 Step 2600 | Task: 27 | Stage: 2/14 | Predictions: 130
INFO:b1k.shared.eval_b1k_wrapper:📊 Step 2700 | Task: 27 | Stage: 2/14 | Predictions: 135
INFO:b1k.shared.eval_b1k_wrapper:🎯 Prediction #140 | Actions: compressed 26→20 | Inpainting: True
INFO:b1k.shared.eval_b1k_wrapper:📊 Step 2800 | Task: 27 | Stage: 2/14 | Predictions: 140
INFO:b1k.shared.eval_b1k_wrapper:⬆️  Stage advanced: 2 → 3 (task 27, step 2880)
INFO:b1k.shared.eval_b1k_wrapper:📊 Step 2900 | Task: 27 | Stage: 3/14 | Predictions: 145
INFO:b1k.shared.eval_b1k_wrapper:🎯 Prediction #150 | Actions: compressed 26→20 | Inpainting: True
INFO:b1k.shared.eval_b1k_wrapper:📊 Step 3000 | Task: 27 | Stage: 3/14 | Predictions: 150
INFO:b1k.shared.eval_b1k_wrapper:🔧 Gripper variation: Compression disabled (mean: 0.0091, max: 0.6274)
INFO:b1k.shared.eval_b1k_wrapper:📊 Step 3100 | Task: 27 | Stage: 3/14 | Predictions: 155
INFO:b1k.shared.eval_b1k_wrapper:🔧 Gripper variation: Compression disabled (mean: 0.0088, max: 2.0019)
INFO:b1k.shared.correction_rules:🔧 GENERAL GRIPPER CORRECTION: Task 27, Stage 3
INFO:b1k.shared.correction_rules:   Right gripper closed (-1.0000) → Opening to 1.0
INFO:b1k.shared.eval_b1k_wrapper:🔧 Correction rule: Actions modified (max diff: 2.0051, task 27, stage 3)
INFO:b1k.shared.eval_b1k_wrapper:🔧 Gripper variation: Compression disabled (mean: 0.0038, max: 2.0097)
INFO:b1k.shared.eval_b1k_wrapper:🔧 Gripper variation: Compression disabled (mean: 0.0050, max: 1.9926)
INFO:b1k.shared.eval_b1k_wrapper:🎯 Prediction #160 | Actions: compressed 26→20 | Inpainting: True
INFO:b1k.shared.eval_b1k_wrapper:📊 Step 3200 | Task: 27 | Stage: 3/14 | Predictions: 160
INFO:b1k.shared.correction_rules:🔧 GENERAL GRIPPER CORRECTION: Task 27, Stage 3
INFO:b1k.shared.correction_rules:   Right gripper closed (-0.9992) → Opening to 1.0
INFO:b1k.shared.eval_b1k_wrapper:🔧 Correction rule: Actions modified (max diff: 2.0039, task 27, stage 3)
INFO:b1k.shared.eval_b1k_wrapper:🔧 Gripper variation: Compression disabled (mean: 0.0073, max: 2.0125)
INFO:b1k.shared.eval_b1k_wrapper:📊 Step 3300 | Task: 27 | Stage: 3/14 | Predictions: 165
INFO:b1k.shared.eval_b1k_wrapper:🎯 Prediction #170 | Actions: compressed 26→20 | Inpainting: True
INFO:b1k.shared.eval_b1k_wrapper:📊 Step 3400 | Task: 27 | Stage: 3/14 | Predictions: 170
INFO:b1k.shared.eval_b1k_wrapper:📊 Step 3500 | Task: 27 | Stage: 3/14 | Predictions: 175
INFO:b1k.shared.eval_b1k_wrapper:🎯 Prediction #180 | Actions: compressed 26→20 | Inpainting: True
INFO:b1k.shared.eval_b1k_wrapper:📊 Step 3600 | Task: 27 | Stage: 3/14 | Predictions: 180
INFO:b1k.shared.eval_b1k_wrapper:📊 Step 3700 | Task: 27 | Stage: 3/14 | Predictions: 185
INFO:b1k.shared.eval_b1k_wrapper:🎯 Prediction #190 | Actions: compressed 26→20 | Inpainting: True
INFO:b1k.shared.eval_b1k_wrapper:📊 Step 3800 | Task: 27 | Stage: 3/14 | Predictions: 190
INFO:b1k.shared.eval_b1k_wrapper:📊 Step 3900 | Task: 27 | Stage: 3/14 | Predictions: 195
INFO:b1k.shared.eval_b1k_wrapper:🎯 Prediction #200 | Actions: compressed 26→20 | Inpainting: True
INFO:b1k.shared.eval_b1k_wrapper:📊 Step 4000 | Task: 27 | Stage: 3/14 | Predictions: 200
INFO:b1k.shared.eval_b1k_wrapper:📊 Step 4100 | Task: 27 | Stage: 3/14 | Predictions: 205
INFO:b1k.shared.eval_b1k_wrapper:🎯 Prediction #210 | Actions: compressed 26→20 | Inpainting: True
INFO:b1k.shared.eval_b1k_wrapper:📊 Step 4200 | Task: 27 | Stage: 3/14 | Predictions: 210
INFO:b1k.shared.eval_b1k_wrapper:📊 Step 4300 | Task: 27 | Stage: 3/14 | Predictions: 215
INFO:b1k.shared.eval_b1k_wrapper:🎯 Prediction #220 | Actions: compressed 26→20 | Inpainting: True
INFO:b1k.shared.eval_b1k_wrapper:📊 Step 4400 | Task: 27 | Stage: 3/14 | Predictions: 220
INFO:b1k.shared.eval_b1k_wrapper:📊 Step 4500 | Task: 27 | Stage: 3/14 | Predictions: 225
INFO:b1k.shared.eval_b1k_wrapper:🎯 Prediction #230 | Actions: compressed 26→20 | Inpainting: True
INFO:b1k.shared.eval_b1k_wrapper:📊 Step 4600 | Task: 27 | Stage: 3/14 | Predictions: 230
INFO:b1k.shared.eval_b1k_wrapper:📊 Step 4700 | Task: 27 | Stage: 3/14 | Predictions: 235
INFO:b1k.shared.eval_b1k_wrapper:🎯 Prediction #240 | Actions: compressed 26→20 | Inpainting: True
INFO:b1k.shared.eval_b1k_wrapper:📊 Step 4800 | Task: 27 | Stage: 3/14 | Predictions: 240
INFO:b1k.shared.eval_b1k_wrapper:🔧 Gripper variation: Compression disabled (mean: 2.0114, max: 0.0095)
INFO:b1k.shared.correction_rules:🔧 GENERAL GRIPPER CORRECTION: Task 27, Stage 3
INFO:b1k.shared.correction_rules:   Left gripper closed (-0.9990) → Opening to 1.0
INFO:b1k.shared.eval_b1k_wrapper:🔧 Correction rule: Actions modified (max diff: 2.0030, task 27, stage 3)
INFO:b1k.shared.eval_b1k_wrapper:🔧 Gripper variation: Compression disabled (mean: 1.9890, max: 0.0506)
INFO:b1k.shared.correction_rules:🔧 GENERAL GRIPPER CORRECTION: Task 27, Stage 3
INFO:b1k.shared.correction_rules:   Left gripper closed (-0.9973) → Opening to 1.0
INFO:b1k.shared.eval_b1k_wrapper:🔧 Correction rule: Actions modified (max diff: 2.0031, task 27, stage 3)
INFO:b1k.shared.eval_b1k_wrapper:📊 Step 4900 | Task: 27 | Stage: 3/14 | Predictions: 245
INFO:b1k.shared.eval_b1k_wrapper:🔧 Gripper variation: Compression disabled (mean: 2.0133, max: 0.0101)
INFO:b1k.shared.correction_rules:🔧 GENERAL GRIPPER CORRECTION: Task 27, Stage 3
INFO:b1k.shared.correction_rules:   Left gripper closed (-0.9999) → Opening to 1.0
INFO:b1k.shared.eval_b1k_wrapper:🔧 Correction rule: Actions modified (max diff: 2.0032, task 27, stage 3)
INFO:b1k.shared.eval_b1k_wrapper:🔧 Gripper variation: Compression disabled (mean: 0.2325, max: 0.5677)
INFO:b1k.shared.eval_b1k_wrapper:🎯 Prediction #250 | Actions: uncompressed (20) | Inpainting: True
INFO:b1k.shared.eval_b1k_wrapper:📊 Step 5000 | Task: 27 | Stage: 3/14 | Predictions: 250
INFO:b1k.shared.eval_b1k_wrapper:🔧 Gripper variation: Compression disabled (mean: 0.2020, max: 0.1003)
INFO:b1k.shared.eval_b1k_wrapper:📊 Step 5100 | Task: 27 | Stage: 3/14 | Predictions: 255
INFO:b1k.shared.eval_b1k_wrapper:🎯 Prediction #260 | Actions: compressed 26→20 | Inpainting: True
INFO:b1k.shared.eval_b1k_wrapper:📊 Step 5200 | Task: 27 | Stage: 3/14 | Predictions: 260
INFO:b1k.shared.eval_b1k_wrapper:📊 Step 5300 | Task: 27 | Stage: 3/14 | Predictions: 265
INFO:b1k.shared.eval_b1k_wrapper:🔧 Gripper variation: Compression disabled (mean: 0.0531, max: 0.2125)
INFO:b1k.shared.eval_b1k_wrapper:🎯 Prediction #270 | Actions: compressed 26→20 | Inpainting: True
INFO:b1k.shared.eval_b1k_wrapper:📊 Step 5400 | Task: 27 | Stage: 3/14 | Predictions: 270
INFO:b1k.shared.eval_b1k_wrapper:📊 Step 5500 | Task: 27 | Stage: 3/14 | Predictions: 275
INFO:b1k.shared.eval_b1k_wrapper:⬆️  Stage advanced: 3 → 4 (task 27, step 5560)
INFO:b1k.shared.eval_b1k_wrapper:🎯 Prediction #280 | Actions: compressed 26→20 | Inpainting: True
INFO:b1k.shared.eval_b1k_wrapper:📊 Step 5600 | Task: 27 | Stage: 4/14 | Predictions: 280
INFO:b1k.shared.eval_b1k_wrapper:🔧 Gripper variation: Compression disabled (mean: 0.4065, max: 0.1552)
INFO:b1k.shared.eval_b1k_wrapper:🔧 Gripper variation: Compression disabled (mean: 0.0889, max: 0.2724)
INFO:b1k.shared.eval_b1k_wrapper:📊 Step 5700 | Task: 27 | Stage: 4/14 | Predictions: 285
INFO:b1k.shared.eval_b1k_wrapper:🎯 Prediction #290 | Actions: compressed 26→20 | Inpainting: True
INFO:b1k.shared.eval_b1k_wrapper:📊 Step 5800 | Task: 27 | Stage: 4/14 | Predictions: 290
INFO:b1k.shared.eval_b1k_wrapper:⬅️  Stage went back: 4 → 3 (task 27, step 5840)
INFO:b1k.shared.eval_b1k_wrapper:📊 Step 5900 | Task: 27 | Stage: 3/14 | Predictions: 295
INFO:b1k.shared.eval_b1k_wrapper:🎯 Prediction #300 | Actions: compressed 26→20 | Inpainting: True
INFO:b1k.shared.eval_b1k_wrapper:📊 Step 6000 | Task: 27 | Stage: 3/14 | Predictions: 300
INFO:b1k.shared.eval_b1k_wrapper:📊 Step 6100 | Task: 27 | Stage: 3/14 | Predictions: 305
INFO:b1k.shared.eval_b1k_wrapper:🔧 Gripper variation: Compression disabled (mean: 0.3847, max: 0.1001)
INFO:b1k.shared.eval_b1k_wrapper:🎯 Prediction #310 | Actions: compressed 26→20 | Inpainting: True
INFO:b1k.shared.eval_b1k_wrapper:📊 Step 6200 | Task: 27 | Stage: 3/14 | Predictions: 310
INFO:b1k.shared.eval_b1k_wrapper:📊 Step 6300 | Task: 27 | Stage: 3/14 | Predictions: 315
INFO:b1k.shared.eval_b1k_wrapper:🎯 Prediction #320 | Actions: compressed 26→20 | Inpainting: True
INFO:b1k.shared.eval_b1k_wrapper:📊 Step 6400 | Task: 27 | Stage: 3/14 | Predictions: 320
INFO:b1k.shared.eval_b1k_wrapper:⬆️  Stage advanced: 3 → 4 (task 27, step 6480)
INFO:b1k.shared.eval_b1k_wrapper:📊 Step 6500 | Task: 27 | Stage: 4/14 | Predictions: 325
INFO:b1k.shared.eval_b1k_wrapper:🎯 Prediction #330 | Actions: compressed 26→20 | Inpainting: True
INFO:b1k.shared.eval_b1k_wrapper:📊 Step 6600 | Task: 27 | Stage: 4/14 | Predictions: 330
INFO:b1k.shared.eval_b1k_wrapper:⬆️  Stage advanced: 4 → 5 (task 27, step 6620)
INFO:b1k.shared.eval_b1k_wrapper:📊 Step 6700 | Task: 27 | Stage: 5/14 | Predictions: 335
INFO:b1k.shared.eval_b1k_wrapper:🎯 Prediction #340 | Actions: compressed 26→20 | Inpainting: True
INFO:b1k.shared.eval_b1k_wrapper:📊 Step 6800 | Task: 27 | Stage: 5/14 | Predictions: 340
INFO:b1k.shared.eval_b1k_wrapper:📊 Step 6900 | Task: 27 | Stage: 5/14 | Predictions: 345
INFO:b1k.shared.eval_b1k_wrapper:🎯 Prediction #350 | Actions: compressed 26→20 | Inpainting: True
INFO:b1k.shared.eval_b1k_wrapper:📊 Step 7000 | Task: 27 | Stage: 5/14 | Predictions: 350
INFO:b1k.shared.eval_b1k_wrapper:⬅️  Stage went back: 5 → 4 (task 27, step 7000)
INFO:b1k.shared.eval_b1k_wrapper:📊 Step 7100 | Task: 27 | Stage: 4/14 | Predictions: 355
INFO:b1k.shared.eval_b1k_wrapper:🎯 Prediction #360 | Actions: compressed 26→20 | Inpainting: True
INFO:b1k.shared.eval_b1k_wrapper:📊 Step 7200 | Task: 27 | Stage: 4/14 | Predictions: 360
INFO:b1k.shared.eval_b1k_wrapper:🔧 Gripper variation: Compression disabled (mean: 2.0313, max: 0.0170)
INFO:b1k.shared.eval_b1k_wrapper:🔧 Gripper variation: Compression disabled (mean: 2.0081, max: 0.0054)
INFO:b1k.shared.correction_rules:🔧 GENERAL GRIPPER CORRECTION: Task 27, Stage 4
INFO:b1k.shared.correction_rules:   Left gripper closed (-1.0000) → Opening to 1.0
INFO:b1k.shared.eval_b1k_wrapper:🔧 Correction rule: Actions modified (max diff: 2.0045, task 27, stage 4)
INFO:b1k.shared.eval_b1k_wrapper:📊 Step 7300 | Task: 27 | Stage: 4/14 | Predictions: 365
INFO:b1k.shared.eval_b1k_wrapper:🔧 Gripper variation: Compression disabled (mean: 2.0246, max: 0.0079)
INFO:b1k.shared.correction_rules:🔧 GENERAL GRIPPER CORRECTION: Task 27, Stage 4
INFO:b1k.shared.correction_rules:   Left gripper closed (-0.9928) → Opening to 1.0
INFO:b1k.shared.eval_b1k_wrapper:🔧 Correction rule: Actions modified (max diff: 2.0043, task 27, stage 4)
INFO:b1k.shared.eval_b1k_wrapper:🔧 Gripper variation: Compression disabled (mean: 2.0020, max: 0.0273)
INFO:b1k.shared.correction_rules:🔧 GENERAL GRIPPER CORRECTION: Task 27, Stage 4
INFO:b1k.shared.correction_rules:   Left gripper closed (-0.9931) → Opening to 1.0
INFO:b1k.shared.eval_b1k_wrapper:🔧 Correction rule: Actions modified (max diff: 2.0039, task 27, stage 4)
INFO:b1k.shared.eval_b1k_wrapper:🎯 Prediction #370 | Actions: compressed 26→20 | Inpainting: True
INFO:b1k.shared.eval_b1k_wrapper:📊 Step 7400 | Task: 27 | Stage: 4/14 | Predictions: 370
INFO:b1k.shared.correction_rules:🔧 GENERAL GRIPPER CORRECTION: Task 27, Stage 4
INFO:b1k.shared.correction_rules:   Left gripper closed (-1.0000) → Opening to 1.0
INFO:b1k.shared.eval_b1k_wrapper:🔧 Correction rule: Actions modified (max diff: 2.0005, task 27, stage 4)
INFO:b1k.shared.eval_b1k_wrapper:📊 Step 7500 | Task: 27 | Stage: 4/14 | Predictions: 375
INFO:b1k.shared.eval_b1k_wrapper:🎯 Prediction #380 | Actions: compressed 26→20 | Inpainting: True
INFO:b1k.shared.eval_b1k_wrapper:📊 Step 7600 | Task: 27 | Stage: 4/14 | Predictions: 380
INFO:b1k.shared.eval_b1k_wrapper:📊 Step 7700 | Task: 27 | Stage: 4/14 | Predictions: 385
INFO:b1k.shared.eval_b1k_wrapper:🔧 Gripper variation: Compression disabled (mean: 2.0531, max: 0.0141)
INFO:b1k.shared.eval_b1k_wrapper:🎯 Prediction #390 | Actions: uncompressed (20) | Inpainting: True
INFO:b1k.shared.eval_b1k_wrapper:📊 Step 7800 | Task: 27 | Stage: 4/14 | Predictions: 390
INFO:b1k.shared.correction_rules:🔧 GENERAL GRIPPER CORRECTION: Task 27, Stage 4
INFO:b1k.shared.correction_rules:   Left gripper closed (-0.9982) → Opening to 1.0
INFO:b1k.shared.eval_b1k_wrapper:🔧 Correction rule: Actions modified (max diff: 2.0050, task 27, stage 4)
INFO:b1k.shared.eval_b1k_wrapper:🔧 Gripper variation: Compression disabled (mean: 2.0088, max: 0.0316)
INFO:b1k.shared.eval_b1k_wrapper:🔧 Gripper variation: Compression disabled (mean: 1.9494, max: 0.0157)
INFO:b1k.shared.correction_rules:🔧 GENERAL GRIPPER CORRECTION: Task 27, Stage 4
INFO:b1k.shared.correction_rules:   Left gripper closed (-1.0000) → Opening to 1.0
INFO:b1k.shared.eval_b1k_wrapper:🔧 Correction rule: Actions modified (max diff: 2.0035, task 27, stage 4)
INFO:b1k.shared.eval_b1k_wrapper:🔧 Gripper variation: Compression disabled (mean: 1.9899, max: 0.0488)
INFO:b1k.shared.eval_b1k_wrapper:📊 Step 7900 | Task: 27 | Stage: 4/14 | Predictions: 395
INFO:b1k.shared.correction_rules:🔧 GENERAL GRIPPER CORRECTION: Task 27, Stage 4
INFO:b1k.shared.correction_rules:   Left gripper closed (-0.9892) → Opening to 1.0
INFO:b1k.shared.eval_b1k_wrapper:🔧 Correction rule: Actions modified (max diff: 2.0046, task 27, stage 4)
INFO:b1k.shared.eval_b1k_wrapper:🔧 Gripper variation: Compression disabled (mean: 2.0097, max: 0.0212)
INFO:b1k.shared.eval_b1k_wrapper:🔧 Gripper variation: Compression disabled (mean: 2.0172, max: 0.0137)
INFO:b1k.shared.correction_rules:🔧 GENERAL GRIPPER CORRECTION: Task 27, Stage 4
INFO:b1k.shared.correction_rules:   Left gripper closed (-1.0000) → Opening to 1.0
INFO:b1k.shared.eval_b1k_wrapper:🔧 Correction rule: Actions modified (max diff: 2.0036, task 27, stage 4)
INFO:b1k.shared.eval_b1k_wrapper:🎯 Prediction #400 | Actions: compressed 26→20 | Inpainting: True
INFO:b1k.shared.eval_b1k_wrapper:📊 Step 8000 | Task: 27 | Stage: 4/14 | Predictions: 400
INFO:b1k.shared.eval_b1k_wrapper:🔧 Gripper variation: Compression disabled (mean: 2.0119, max: 0.0194)
INFO:b1k.shared.correction_rules:🔧 GENERAL GRIPPER CORRECTION: Task 27, Stage 4
INFO:b1k.shared.correction_rules:   Left gripper closed (-0.9915) → Opening to 1.0
INFO:b1k.shared.eval_b1k_wrapper:🔧 Correction rule: Actions modified (max diff: 2.0003, task 27, stage 4)
INFO:b1k.shared.eval_b1k_wrapper:🔧 Gripper variation: Compression disabled (mean: 0.6110, max: 0.7045)
INFO:b1k.shared.eval_b1k_wrapper:📊 Step 8100 | Task: 27 | Stage: 4/14 | Predictions: 405
INFO:b1k.shared.eval_b1k_wrapper:🔧 Gripper variation: Compression disabled (mean: 2.0024, max: 0.0151)
INFO:b1k.shared.correction_rules:🔧 GENERAL GRIPPER CORRECTION: Task 27, Stage 4
INFO:b1k.shared.correction_rules:   Left gripper closed (-0.9948) → Opening to 1.0
INFO:b1k.shared.eval_b1k_wrapper:🔧 Correction rule: Actions modified (max diff: 2.0085, task 27, stage 4)
INFO:b1k.shared.eval_b1k_wrapper:🔧 Gripper variation: Compression disabled (mean: 1.9904, max: 0.0138)
INFO:b1k.shared.correction_rules:🔧 GENERAL GRIPPER CORRECTION: Task 27, Stage 4
INFO:b1k.shared.correction_rules:   Left gripper closed (-0.9945) → Opening to 1.0
INFO:b1k.shared.eval_b1k_wrapper:🔧 Correction rule: Actions modified (max diff: 2.0107, task 27, stage 4)
INFO:b1k.shared.eval_b1k_wrapper:🎯 Prediction #410 | Actions: compressed 26→20 | Inpainting: True
INFO:b1k.shared.eval_b1k_wrapper:📊 Step 8200 | Task: 27 | Stage: 4/14 | Predictions: 410
INFO:b1k.shared.eval_b1k_wrapper:🔧 Gripper variation: Compression disabled (mean: 2.0109, max: 0.0099)
INFO:b1k.shared.correction_rules:🔧 GENERAL GRIPPER CORRECTION: Task 27, Stage 4
INFO:b1k.shared.correction_rules:   Left gripper closed (-0.9917) → Opening to 1.0
INFO:b1k.shared.eval_b1k_wrapper:🔧 Correction rule: Actions modified (max diff: 2.0030, task 27, stage 4)
INFO:b1k.shared.eval_b1k_wrapper:🔧 Gripper variation: Compression disabled (mean: 2.0074, max: 0.0252)
INFO:b1k.shared.correction_rules:🔧 GENERAL GRIPPER CORRECTION: Task 27, Stage 4
INFO:b1k.shared.correction_rules:   Left gripper closed (-1.0000) → Opening to 1.0
INFO:b1k.shared.eval_b1k_wrapper:🔧 Correction rule: Actions modified (max diff: 2.0069, task 27, stage 4)
INFO:b1k.shared.eval_b1k_wrapper:🔧 Gripper variation: Compression disabled (mean: 1.9797, max: 0.0255)
INFO:b1k.shared.eval_b1k_wrapper:📊 Step 8300 | Task: 27 | Stage: 4/14 | Predictions: 415
INFO:b1k.shared.correction_rules:🔧 GENERAL GRIPPER CORRECTION: Task 27, Stage 4
INFO:b1k.shared.correction_rules:   Left gripper closed (-0.9837) → Opening to 1.0
INFO:b1k.shared.eval_b1k_wrapper:🔧 Correction rule: Actions modified (max diff: 2.0022, task 27, stage 4)
INFO:b1k.shared.eval_b1k_wrapper:🔧 Gripper variation: Compression disabled (mean: 1.9912, max: 0.0060)
INFO:b1k.shared.correction_rules:🔧 GENERAL GRIPPER CORRECTION: Task 27, Stage 4
INFO:b1k.shared.correction_rules:   Left gripper closed (-0.9891) → Opening to 1.0
INFO:b1k.shared.eval_b1k_wrapper:🔧 Correction rule: Actions modified (max diff: 2.0013, task 27, stage 4)
INFO:b1k.shared.eval_b1k_wrapper:🔧 Gripper variation: Compression disabled (mean: 1.9929, max: 0.0248)
INFO:b1k.shared.correction_rules:🔧 GENERAL GRIPPER CORRECTION: Task 27, Stage 4
INFO:b1k.shared.correction_rules:   Left gripper closed (-0.9959) → Opening to 1.0
INFO:b1k.shared.eval_b1k_wrapper:🔧 Correction rule: Actions modified (max diff: 2.0055, task 27, stage 4)
INFO:b1k.shared.eval_b1k_wrapper:🎯 Prediction #420 | Actions: compressed 26→20 | Inpainting: True
INFO:b1k.shared.eval_b1k_wrapper:📊 Step 8400 | Task: 27 | Stage: 4/14 | Predictions: 420
INFO:b1k.shared.eval_b1k_wrapper:🔧 Gripper variation: Compression disabled (mean: 2.0044, max: 0.1574)
INFO:b1k.shared.correction_rules:🔧 GENERAL GRIPPER CORRECTION: Task 27, Stage 4
INFO:b1k.shared.correction_rules:   Left gripper closed (-0.9916) → Opening to 1.0
INFO:b1k.shared.eval_b1k_wrapper:🔧 Correction rule: Actions modified (max diff: 2.0002, task 27, stage 4)
INFO:b1k.shared.eval_b1k_wrapper:🔧 Gripper variation: Compression disabled (mean: 2.0071, max: 0.0256)
INFO:b1k.shared.correction_rules:🔧 GENERAL GRIPPER CORRECTION: Task 27, Stage 4
INFO:b1k.shared.correction_rules:   Left gripper closed (-0.9955) → Opening to 1.0
INFO:b1k.shared.eval_b1k_wrapper:🔧 Correction rule: Actions modified (max diff: 2.0050, task 27, stage 4)
INFO:b1k.shared.eval_b1k_wrapper:🔧 Gripper variation: Compression disabled (mean: 1.9990, max: 0.0172)
INFO:b1k.shared.eval_b1k_wrapper:📊 Step 8500 | Task: 27 | Stage: 4/14 | Predictions: 425
INFO:b1k.shared.correction_rules:🔧 GENERAL GRIPPER CORRECTION: Task 27, Stage 4
INFO:b1k.shared.correction_rules:   Left gripper closed (-0.9969) → Opening to 1.0
INFO:b1k.shared.eval_b1k_wrapper:🔧 Correction rule: Actions modified (max diff: 2.0026, task 27, stage 4)
INFO:b1k.shared.eval_b1k_wrapper:🔧 Gripper variation: Compression disabled (mean: 2.0001, max: 0.0091)
INFO:b1k.shared.correction_rules:🔧 GENERAL GRIPPER CORRECTION: Task 27, Stage 4
INFO:b1k.shared.correction_rules:   Left gripper closed (-0.9939) → Opening to 1.0
INFO:b1k.shared.eval_b1k_wrapper:🔧 Correction rule: Actions modified (max diff: 2.0077, task 27, stage 4)
INFO:b1k.shared.eval_b1k_wrapper:🔧 Gripper variation: Compression disabled (mean: 1.9976, max: 0.4221)
INFO:b1k.shared.eval_b1k_wrapper:🎯 Prediction #430 | Actions: uncompressed (20) | Inpainting: True
INFO:b1k.shared.eval_b1k_wrapper:📊 Step 8600 | Task: 27 | Stage: 4/14 | Predictions: 430
INFO:b1k.shared.eval_b1k_wrapper:🔧 Gripper variation: Compression disabled (mean: 2.0403, max: 0.0103)
INFO:b1k.shared.correction_rules:🔧 GENERAL GRIPPER CORRECTION: Task 27, Stage 4
INFO:b1k.shared.correction_rules:   Left gripper closed (-1.0000) → Opening to 1.0
INFO:b1k.shared.eval_b1k_wrapper:🔧 Correction rule: Actions modified (max diff: 2.0033, task 27, stage 4)
INFO:b1k.shared.eval_b1k_wrapper:🔧 Gripper variation: Compression disabled (mean: 1.9914, max: 0.0215)
INFO:b1k.shared.correction_rules:🔧 GENERAL GRIPPER CORRECTION: Task 27, Stage 4
INFO:b1k.shared.correction_rules:   Left gripper closed (-0.9949) → Opening to 1.0
INFO:b1k.shared.eval_b1k_wrapper:🔧 Correction rule: Actions modified (max diff: 1.9997, task 27, stage 4)
INFO:b1k.shared.eval_b1k_wrapper:🔧 Gripper variation: Compression disabled (mean: 2.0067, max: 0.0223)
INFO:b1k.shared.eval_b1k_wrapper:📊 Step 8700 | Task: 27 | Stage: 4/14 | Predictions: 435
INFO:b1k.shared.correction_rules:🔧 GENERAL GRIPPER CORRECTION: Task 27, Stage 4
INFO:b1k.shared.correction_rules:   Left gripper closed (-1.0000) → Opening to 1.0
INFO:b1k.shared.eval_b1k_wrapper:🔧 Correction rule: Actions modified (max diff: 2.0027, task 27, stage 4)
INFO:b1k.shared.eval_b1k_wrapper:🔧 Gripper variation: Compression disabled (mean: 1.6314, max: 0.0103)
INFO:b1k.shared.correction_rules:🔧 GENERAL GRIPPER CORRECTION: Task 27, Stage 4
INFO:b1k.shared.correction_rules:   Left gripper closed (-0.9996) → Opening to 1.0
INFO:b1k.shared.eval_b1k_wrapper:🔧 Correction rule: Actions modified (max diff: 1.9992, task 27, stage 4)
INFO:b1k.shared.eval_b1k_wrapper:🎯 Prediction #440 | Actions: compressed 26→20 | Inpainting: True
INFO:b1k.shared.eval_b1k_wrapper:📊 Step 8800 | Task: 27 | Stage: 4/14 | Predictions: 440
INFO:b1k.shared.eval_b1k_wrapper:🔧 Gripper variation: Compression disabled (mean: 1.5109, max: 0.7638)
INFO:b1k.shared.correction_rules:🔧 GENERAL GRIPPER CORRECTION: Task 27, Stage 4
INFO:b1k.shared.correction_rules:   Left gripper closed (-0.9993) → Opening to 1.0
INFO:b1k.shared.eval_b1k_wrapper:🔧 Correction rule: Actions modified (max diff: 2.0118, task 27, stage 4)
INFO:b1k.shared.eval_b1k_wrapper:🔧 Gripper variation: Compression disabled (mean: 0.6747, max: 1.2412)
INFO:b1k.shared.eval_b1k_wrapper:📊 Step 8900 | Task: 27 | Stage: 4/14 | Predictions: 445
INFO:b1k.shared.eval_b1k_wrapper:🔧 Gripper variation: Compression disabled (mean: 2.0237, max: 0.0143)
INFO:b1k.shared.correction_rules:🔧 GENERAL GRIPPER CORRECTION: Task 27, Stage 4
INFO:b1k.shared.correction_rules:   Left gripper closed (-1.0000) → Opening to 1.0
INFO:b1k.shared.eval_b1k_wrapper:🔧 Correction rule: Actions modified (max diff: 2.0011, task 27, stage 4)
INFO:b1k.shared.eval_b1k_wrapper:🔧 Gripper variation: Compression disabled (mean: 2.0296, max: 0.0094)
INFO:b1k.shared.eval_b1k_wrapper:🎯 Prediction #450 | Actions: uncompressed (20) | Inpainting: True
INFO:b1k.shared.eval_b1k_wrapper:📊 Step 9000 | Task: 27 | Stage: 4/14 | Predictions: 450
INFO:b1k.shared.eval_b1k_wrapper:🔧 Gripper variation: Compression disabled (mean: 1.9510, max: 0.0082)
INFO:b1k.shared.correction_rules:🔧 GENERAL GRIPPER CORRECTION: Task 27, Stage 4
INFO:b1k.shared.correction_rules:   Left gripper closed (-0.9952) → Opening to 1.0
INFO:b1k.shared.eval_b1k_wrapper:🔧 Correction rule: Actions modified (max diff: 1.9975, task 27, stage 4)
INFO:b1k.shared.eval_b1k_wrapper:🔧 Gripper variation: Compression disabled (mean: 1.9984, max: 0.0100)
INFO:b1k.shared.correction_rules:🔧 GENERAL GRIPPER CORRECTION: Task 27, Stage 4
INFO:b1k.shared.correction_rules:   Left gripper closed (-0.9953) → Opening to 1.0
INFO:b1k.shared.eval_b1k_wrapper:🔧 Correction rule: Actions modified (max diff: 2.0085, task 27, stage 4)
INFO:b1k.shared.eval_b1k_wrapper:🔧 Gripper variation: Compression disabled (mean: 1.9995, max: 0.0267)
INFO:b1k.shared.eval_b1k_wrapper:📊 Step 9100 | Task: 27 | Stage: 4/14 | Predictions: 455
INFO:b1k.shared.correction_rules:🔧 GENERAL GRIPPER CORRECTION: Task 27, Stage 4
INFO:b1k.shared.correction_rules:   Left gripper closed (-0.9882) → Opening to 1.0
INFO:b1k.shared.eval_b1k_wrapper:🔧 Correction rule: Actions modified (max diff: 2.0138, task 27, stage 4)
INFO:b1k.shared.eval_b1k_wrapper:🔧 Gripper variation: Compression disabled (mean: 1.9672, max: 1.1158)
INFO:b1k.shared.correction_rules:🔧 GENERAL GRIPPER CORRECTION: Task 27, Stage 4
INFO:b1k.shared.correction_rules:   Left gripper closed (-0.9965) → Opening to 1.0
INFO:b1k.shared.eval_b1k_wrapper:🔧 Correction rule: Actions modified (max diff: 2.0032, task 27, stage 4)
INFO:b1k.shared.eval_b1k_wrapper:🔧 Gripper variation: Compression disabled (mean: 1.9860, max: 0.1404)
INFO:b1k.shared.eval_b1k_wrapper:🎯 Prediction #460 | Actions: uncompressed (20) | Inpainting: True
INFO:b1k.shared.eval_b1k_wrapper:📊 Step 9200 | Task: 27 | Stage: 4/14 | Predictions: 460
INFO:b1k.shared.correction_rules:🔧 GENERAL GRIPPER CORRECTION: Task 27, Stage 4
INFO:b1k.shared.correction_rules:   Left gripper closed (-1.0000) → Opening to 1.0
INFO:b1k.shared.eval_b1k_wrapper:🔧 Correction rule: Actions modified (max diff: 2.0013, task 27, stage 4)
INFO:b1k.shared.eval_b1k_wrapper:🔧 Gripper variation: Compression disabled (mean: 2.0003, max: 0.0101)
INFO:b1k.shared.eval_b1k_wrapper:📊 Step 9300 | Task: 27 | Stage: 4/14 | Predictions: 465
INFO:b1k.shared.eval_b1k_wrapper:🎯 Prediction #470 | Actions: compressed 26→20 | Inpainting: True
INFO:b1k.shared.eval_b1k_wrapper:📊 Step 9400 | Task: 27 | Stage: 4/14 | Predictions: 470
INFO:b1k.shared.eval_b1k_wrapper:⬅️  Stage went back: 4 → 3 (task 27, step 9480)
INFO:b1k.shared.eval_b1k_wrapper:📊 Step 9500 | Task: 27 | Stage: 3/14 | Predictions: 475
INFO:b1k.shared.eval_b1k_wrapper:🎯 Prediction #480 | Actions: compressed 26→20 | Inpainting: True
INFO:b1k.shared.eval_b1k_wrapper:⬆️  Stage advanced: 3 → 4 (task 27, step 9580)
INFO:b1k.shared.eval_b1k_wrapper:📊 Step 9600 | Task: 27 | Stage: 4/14 | Predictions: 480
INFO:b1k.shared.eval_b1k_wrapper:📊 Step 9700 | Task: 27 | Stage: 4/14 | Predictions: 485
INFO:b1k.shared.eval_b1k_wrapper:🎯 Prediction #490 | Actions: compressed 26→20 | Inpainting: True
INFO:b1k.shared.eval_b1k_wrapper:📊 Step 9800 | Task: 27 | Stage: 4/14 | Predictions: 490
INFO:b1k.shared.eval_b1k_wrapper:📊 Step 9900 | Task: 27 | Stage: 4/14 | Predictions: 495
INFO:b1k.shared.eval_b1k_wrapper:🎯 Prediction #500 | Actions: compressed 26→20 | Inpainting: True
INFO:b1k.shared.eval_b1k_wrapper:📊 Step 10000 | Task: 27 | Stage: 4/14 | Predictions: 500
INFO:b1k.shared.eval_b1k_wrapper:⬆️  Stage advanced: 4 → 5 (task 27, step 10060)
INFO:b1k.shared.eval_b1k_wrapper:🔧 Gripper variation: Compression disabled (mean: 0.3718, max: 0.0312)
INFO:b1k.shared.eval_b1k_wrapper:📊 Step 10100 | Task: 27 | Stage: 5/14 | Predictions: 505
INFO:b1k.shared.eval_b1k_wrapper:🎯 Prediction #510 | Actions: compressed 26→20 | Inpainting: True
INFO:b1k.shared.eval_b1k_wrapper:📊 Step 10200 | Task: 27 | Stage: 5/14 | Predictions: 510
INFO:b1k.shared.eval_b1k_wrapper:🔧 Gripper variation: Compression disabled (mean: 0.0885, max: 1.9937)
INFO:b1k.shared.eval_b1k_wrapper:📊 Step 10300 | Task: 27 | Stage: 5/14 | Predictions: 515
INFO:b1k.shared.eval_b1k_wrapper:🔧 Gripper variation: Compression disabled (mean: 0.1178, max: 1.9993)
INFO:b1k.shared.eval_b1k_wrapper:🎯 Prediction #520 | Actions: compressed 26→20 | Inpainting: True
INFO:b1k.shared.eval_b1k_wrapper:📊 Step 10400 | Task: 27 | Stage: 5/14 | Predictions: 520
INFO:b1k.shared.eval_b1k_wrapper:📊 Step 10500 | Task: 27 | Stage: 5/14 | Predictions: 525
INFO:b1k.shared.eval_b1k_wrapper:🎯 Prediction #530 | Actions: compressed 26→20 | Inpainting: True
INFO:b1k.shared.eval_b1k_wrapper:📊 Step 10600 | Task: 27 | Stage: 5/14 | Predictions: 530
INFO:b1k.shared.eval_b1k_wrapper:🔧 Gripper variation: Compression disabled (mean: 2.0063, max: 0.0215)
INFO:b1k.shared.eval_b1k_wrapper:📊 Step 10700 | Task: 27 | Stage: 5/14 | Predictions: 535
INFO:b1k.shared.eval_b1k_wrapper:⬆️  Stage advanced: 5 → 6 (task 27, step 10700)
INFO:b1k.shared.eval_b1k_wrapper:🎯 Prediction #540 | Actions: compressed 26→20 | Inpainting: True
INFO:b1k.shared.eval_b1k_wrapper:📊 Step 10800 | Task: 27 | Stage: 6/14 | Predictions: 540
INFO:b1k.shared.eval_b1k_wrapper:📊 Step 10900 | Task: 27 | Stage: 6/14 | Predictions: 545
INFO:b1k.shared.eval_b1k_wrapper:⬅️  Stage went back: 6 → 5 (task 27, step 10900)
INFO:b1k.shared.eval_b1k_wrapper:🎯 Prediction #550 | Actions: compressed 26→20 | Inpainting: True
INFO:b1k.shared.eval_b1k_wrapper:📊 Step 11000 | Task: 27 | Stage: 5/14 | Predictions: 550
INFO:b1k.shared.eval_b1k_wrapper:⏭️  Stage skipped: 5 → 6 (task 27, step 11020)
INFO:b1k.shared.eval_b1k_wrapper:⬆️  Stage advanced: 6 → 7 (task 27, step 11080)
INFO:b1k.shared.eval_b1k_wrapper:📊 Step 11100 | Task: 27 | Stage: 7/14 | Predictions: 555
INFO:b1k.shared.eval_b1k_wrapper:🎯 Prediction #560 | Actions: compressed 26→20 | Inpainting: True
INFO:b1k.shared.eval_b1k_wrapper:📊 Step 11200 | Task: 27 | Stage: 7/14 | Predictions: 560
INFO:b1k.shared.eval_b1k_wrapper:📊 Step 11300 | Task: 27 | Stage: 7/14 | Predictions: 565
INFO:b1k.shared.eval_b1k_wrapper:🎯 Prediction #570 | Actions: compressed 26→20 | Inpainting: True
INFO:b1k.shared.eval_b1k_wrapper:📊 Step 11400 | Task: 27 | Stage: 7/14 | Predictions: 570
INFO:b1k.shared.eval_b1k_wrapper:⬅️  Stage went back: 7 → 6 (task 27, step 11480)
INFO:b1k.shared.eval_b1k_wrapper:📊 Step 11500 | Task: 27 | Stage: 6/14 | Predictions: 575
INFO:b1k.shared.eval_b1k_wrapper:🎯 Prediction #580 | Actions: compressed 26→20 | Inpainting: True
INFO:b1k.shared.eval_b1k_wrapper:📊 Step 11600 | Task: 27 | Stage: 6/14 | Predictions: 580
INFO:b1k.shared.eval_b1k_wrapper:📊 Step 11700 | Task: 27 | Stage: 6/14 | Predictions: 585
INFO:b1k.shared.eval_b1k_wrapper:🔧 Gripper variation: Compression disabled (mean: 0.2559, max: 0.9644)
INFO:b1k.shared.eval_b1k_wrapper:🔧 Gripper variation: Compression disabled (mean: 0.8273, max: 1.2843)
INFO:b1k.shared.eval_b1k_wrapper:🎯 Prediction #590 | Actions: uncompressed (20) | Inpainting: True
INFO:b1k.shared.eval_b1k_wrapper:📊 Step 11800 | Task: 27 | Stage: 6/14 | Predictions: 590
INFO:b1k.shared.eval_b1k_wrapper:🔧 Gripper variation: Compression disabled (mean: 0.4224, max: 0.7021)
INFO:b1k.shared.eval_b1k_wrapper:🔧 Gripper variation: Compression disabled (mean: 0.6310, max: 0.8506)
INFO:b1k.shared.eval_b1k_wrapper:🔧 Gripper variation: Compression disabled (mean: 0.4238, max: 0.7019)
INFO:b1k.shared.eval_b1k_wrapper:🔧 Gripper variation: Compression disabled (mean: 0.4567, max: 0.6061)
INFO:b1k.shared.eval_b1k_wrapper:🔧 Gripper variation: Compression disabled (mean: 0.8269, max: 0.6423)
INFO:b1k.shared.eval_b1k_wrapper:📊 Step 11900 | Task: 27 | Stage: 6/14 | Predictions: 595
INFO:b1k.shared.eval_b1k_wrapper:🔧 Gripper variation: Compression disabled (mean: 0.3108, max: 0.7198)
INFO:b1k.shared.eval_b1k_wrapper:🔧 Gripper variation: Compression disabled (mean: 0.4664, max: 0.6653)
INFO:b1k.shared.eval_b1k_wrapper:🔧 Gripper variation: Compression disabled (mean: 0.2414, max: 0.7325)
INFO:b1k.shared.eval_b1k_wrapper:🔧 Gripper variation: Compression disabled (mean: 0.8081, max: 0.7898)
INFO:b1k.shared.eval_b1k_wrapper:🔧 Gripper variation: Compression disabled (mean: 0.5691, max: 0.5623)
INFO:b1k.shared.eval_b1k_wrapper:🎯 Prediction #600 | Actions: uncompressed (20) | Inpainting: True
INFO:b1k.shared.eval_b1k_wrapper:📊 Step 12000 | Task: 27 | Stage: 6/14 | Predictions: 600
INFO:b1k.shared.eval_b1k_wrapper:🔧 Gripper variation: Compression disabled (mean: 0.6807, max: 0.6946)
INFO:b1k.shared.eval_b1k_wrapper:🔧 Gripper variation: Compression disabled (mean: 0.1831, max: 0.7611)
INFO:b1k.shared.eval_b1k_wrapper:🔧 Gripper variation: Compression disabled (mean: 0.4753, max: 0.9253)
INFO:b1k.shared.eval_b1k_wrapper:🔧 Gripper variation: Compression disabled (mean: 0.4051, max: 0.8173)
INFO:b1k.shared.eval_b1k_wrapper:🔧 Gripper variation: Compression disabled (mean: 0.7857, max: 0.3726)
INFO:b1k.shared.eval_b1k_wrapper:📊 Step 12100 | Task: 27 | Stage: 6/14 | Predictions: 605
INFO:b1k.shared.eval_b1k_wrapper:🔧 Gripper variation: Compression disabled (mean: 0.6529, max: 0.6858)
INFO:b1k.shared.eval_b1k_wrapper:🔧 Gripper variation: Compression disabled (mean: 0.3148, max: 0.7373)
INFO:b1k.shared.eval_b1k_wrapper:🔧 Gripper variation: Compression disabled (mean: 0.6531, max: 0.6643)
INFO:b1k.shared.eval_b1k_wrapper:🔧 Gripper variation: Compression disabled (mean: 0.3186, max: 0.8859)
INFO:b1k.shared.eval_b1k_wrapper:🔧 Gripper variation: Compression disabled (mean: 0.4062, max: 0.7003)
INFO:b1k.shared.eval_b1k_wrapper:🎯 Prediction #610 | Actions: uncompressed (20) | Inpainting: True
INFO:b1k.shared.eval_b1k_wrapper:📊 Step 12200 | Task: 27 | Stage: 6/14 | Predictions: 610
INFO:b1k.shared.eval_b1k_wrapper:🔧 Gripper variation: Compression disabled (mean: 0.5269, max: 0.7646)
INFO:b1k.shared.eval_b1k_wrapper:🔧 Gripper variation: Compression disabled (mean: 0.6353, max: 0.6690)
INFO:b1k.shared.eval_b1k_wrapper:🔧 Gripper variation: Compression disabled (mean: 0.2928, max: 0.5207)
INFO:b1k.shared.eval_b1k_wrapper:🔧 Gripper variation: Compression disabled (mean: 0.2447, max: 0.7691)
INFO:b1k.shared.eval_b1k_wrapper:🔧 Gripper variation: Compression disabled (mean: 0.1665, max: 0.8061)
INFO:b1k.shared.eval_b1k_wrapper:📊 Step 12300 | Task: 27 | Stage: 6/14 | Predictions: 615
INFO:b1k.shared.eval_b1k_wrapper:🔧 Gripper variation: Compression disabled (mean: 0.5584, max: 0.6329)
INFO:b1k.shared.eval_b1k_wrapper:🔧 Gripper variation: Compression disabled (mean: 0.4957, max: 0.6581)
INFO:b1k.shared.eval_b1k_wrapper:🔧 Gripper variation: Compression disabled (mean: 0.4028, max: 0.3964)
INFO:b1k.shared.eval_b1k_wrapper:🔧 Gripper variation: Compression disabled (mean: 0.4421, max: 0.9735)
INFO:b1k.shared.eval_b1k_wrapper:🔧 Gripper variation: Compression disabled (mean: 0.6027, max: 0.4649)
INFO:b1k.shared.eval_b1k_wrapper:🎯 Prediction #620 | Actions: uncompressed (20) | Inpainting: True
INFO:b1k.shared.eval_b1k_wrapper:📊 Step 12400 | Task: 27 | Stage: 6/14 | Predictions: 620
INFO:b1k.shared.eval_b1k_wrapper:🔧 Gripper variation: Compression disabled (mean: 0.3119, max: 0.6583)
INFO:b1k.shared.eval_b1k_wrapper:🔧 Gripper variation: Compression disabled (mean: 0.5628, max: 0.7227)
INFO:b1k.shared.eval_b1k_wrapper:🔧 Gripper variation: Compression disabled (mean: 0.2493, max: 0.3519)
INFO:b1k.shared.eval_b1k_wrapper:🔧 Gripper variation: Compression disabled (mean: 0.2298, max: 0.4771)
INFO:b1k.shared.eval_b1k_wrapper:🔧 Gripper variation: Compression disabled (mean: 0.3098, max: 0.3629)
INFO:b1k.shared.eval_b1k_wrapper:📊 Step 12500 | Task: 27 | Stage: 6/14 | Predictions: 625
INFO:b1k.shared.eval_b1k_wrapper:🔧 Gripper variation: Compression disabled (mean: 0.2052, max: 0.7893)
INFO:b1k.shared.eval_b1k_wrapper:🔧 Gripper variation: Compression disabled (mean: 0.1850, max: 0.6136)
INFO:b1k.shared.eval_b1k_wrapper:🔧 Gripper variation: Compression disabled (mean: 0.6230, max: 0.5258)
INFO:b1k.shared.eval_b1k_wrapper:🔧 Gripper variation: Compression disabled (mean: 0.5994, max: 0.3399)
INFO:b1k.shared.eval_b1k_wrapper:🔧 Gripper variation: Compression disabled (mean: 0.3348, max: 0.5432)
INFO:b1k.shared.eval_b1k_wrapper:🎯 Prediction #630 | Actions: uncompressed (20) | Inpainting: True
INFO:b1k.shared.eval_b1k_wrapper:📊 Step 12600 | Task: 27 | Stage: 6/14 | Predictions: 630
INFO:b1k.shared.eval_b1k_wrapper:🔧 Gripper variation: Compression disabled (mean: 0.1193, max: 0.6778)
INFO:b1k.shared.eval_b1k_wrapper:🔧 Gripper variation: Compression disabled (mean: 0.5482, max: 0.5865)
INFO:b1k.shared.eval_b1k_wrapper:🔧 Gripper variation: Compression disabled (mean: 0.6692, max: 0.5290)
INFO:b1k.shared.eval_b1k_wrapper:🔧 Gripper variation: Compression disabled (mean: 0.5582, max: 0.6475)
INFO:b1k.shared.eval_b1k_wrapper:🔧 Gripper variation: Compression disabled (mean: 0.8061, max: 0.5478)
INFO:b1k.shared.eval_b1k_wrapper:📊 Step 12700 | Task: 27 | Stage: 6/14 | Predictions: 635
INFO:b1k.shared.eval_b1k_wrapper:🔧 Gripper variation: Compression disabled (mean: 0.8152, max: 0.5365)
INFO:b1k.shared.eval_b1k_wrapper:🔧 Gripper variation: Compression disabled (mean: 0.4723, max: 0.3758)
INFO:b1k.shared.eval_b1k_wrapper:🔧 Gripper variation: Compression disabled (mean: 0.1969, max: 0.6804)
INFO:b1k.shared.eval_b1k_wrapper:🔧 Gripper variation: Compression disabled (mean: 0.3826, max: 0.6532)
INFO:b1k.shared.eval_b1k_wrapper:🔧 Gripper variation: Compression disabled (mean: 0.2364, max: 0.6855)
INFO:b1k.shared.eval_b1k_wrapper:🎯 Prediction #640 | Actions: uncompressed (20) | Inpainting: True
INFO:b1k.shared.eval_b1k_wrapper:📊 Step 12800 | Task: 27 | Stage: 6/14 | Predictions: 640
INFO:b1k.shared.eval_b1k_wrapper:🔧 Gripper variation: Compression disabled (mean: 0.4540, max: 0.6761)
INFO:b1k.shared.eval_b1k_wrapper:🔧 Gripper variation: Compression disabled (mean: 0.4580, max: 0.4449)
INFO:b1k.shared.eval_b1k_wrapper:🔧 Gripper variation: Compression disabled (mean: 0.4373, max: 0.6302)
INFO:b1k.shared.eval_b1k_wrapper:🔧 Gripper variation: Compression disabled (mean: 0.2902, max: 0.6731)
INFO:b1k.shared.eval_b1k_wrapper:🔧 Gripper variation: Compression disabled (mean: 0.5426, max: 0.2880)
INFO:b1k.shared.eval_b1k_wrapper:📊 Step 12900 | Task: 27 | Stage: 6/14 | Predictions: 645
INFO:b1k.shared.eval_b1k_wrapper:🔧 Gripper variation: Compression disabled (mean: 0.2985, max: 0.8712)
INFO:b1k.shared.eval_b1k_wrapper:🔧 Gripper variation: Compression disabled (mean: 0.5099, max: 0.8539)
INFO:b1k.shared.eval_b1k_wrapper:🔧 Gripper variation: Compression disabled (mean: 0.3080, max: 0.6707)
INFO:b1k.shared.eval_b1k_wrapper:🔧 Gripper variation: Compression disabled (mean: 0.2967, max: 0.6016)
INFO:b1k.shared.eval_b1k_wrapper:🔧 Gripper variation: Compression disabled (mean: 0.1575, max: 0.5162)
INFO:b1k.shared.eval_b1k_wrapper:🎯 Prediction #650 | Actions: uncompressed (20) | Inpainting: True
INFO:b1k.shared.eval_b1k_wrapper:📊 Step 13000 | Task: 27 | Stage: 6/14 | Predictions: 650
INFO:b1k.shared.eval_b1k_wrapper:🔧 Gripper variation: Compression disabled (mean: 0.2161, max: 0.4886)
INFO:b1k.shared.eval_b1k_wrapper:🔧 Gripper variation: Compression disabled (mean: 0.2895, max: 0.2200)
INFO:b1k.shared.eval_b1k_wrapper:🔧 Gripper variation: Compression disabled (mean: 0.4608, max: 0.6109)
INFO:b1k.shared.eval_b1k_wrapper:🔧 Gripper variation: Compression disabled (mean: 0.3709, max: 0.4284)
INFO:b1k.shared.eval_b1k_wrapper:🔧 Gripper variation: Compression disabled (mean: 0.5658, max: 0.3284)
INFO:b1k.shared.eval_b1k_wrapper:📊 Step 13100 | Task: 27 | Stage: 6/14 | Predictions: 655
INFO:b1k.shared.eval_b1k_wrapper:🔧 Gripper variation: Compression disabled (mean: 0.4037, max: 0.9526)
INFO:b1k.shared.eval_b1k_wrapper:🔧 Gripper variation: Compression disabled (mean: 0.3367, max: 0.9431)
INFO:b1k.shared.eval_b1k_wrapper:🔧 Gripper variation: Compression disabled (mean: 0.4596, max: 0.4506)
INFO:b1k.shared.eval_b1k_wrapper:🔧 Gripper variation: Compression disabled (mean: 0.5180, max: 0.4236)
INFO:b1k.shared.eval_b1k_wrapper:🔧 Gripper variation: Compression disabled (mean: 0.7474, max: 1.0340)
INFO:b1k.shared.eval_b1k_wrapper:🎯 Prediction #660 | Actions: uncompressed (20) | Inpainting: True
INFO:b1k.shared.eval_b1k_wrapper:📊 Step 13200 | Task: 27 | Stage: 6/14 | Predictions: 660
INFO:b1k.shared.eval_b1k_wrapper:🔧 Gripper variation: Compression disabled (mean: 0.4755, max: 0.7022)
INFO:b1k.shared.eval_b1k_wrapper:🔧 Gripper variation: Compression disabled (mean: 0.4184, max: 0.5797)
INFO:b1k.shared.eval_b1k_wrapper:🔧 Gripper variation: Compression disabled (mean: 0.6770, max: 0.6653)
INFO:b1k.shared.eval_b1k_wrapper:🔧 Gripper variation: Compression disabled (mean: 0.3646, max: 0.8358)
INFO:b1k.shared.eval_b1k_wrapper:🔧 Gripper variation: Compression disabled (mean: 0.3798, max: 1.0412)
INFO:b1k.shared.eval_b1k_wrapper:📊 Step 13300 | Task: 27 | Stage: 6/14 | Predictions: 665
INFO:b1k.shared.eval_b1k_wrapper:🔧 Gripper variation: Compression disabled (mean: 0.3107, max: 0.5185)
INFO:b1k.shared.eval_b1k_wrapper:🔧 Gripper variation: Compression disabled (mean: 0.3058, max: 0.5853)
INFO:b1k.shared.eval_b1k_wrapper:🔧 Gripper variation: Compression disabled (mean: 1.2148, max: 0.4314)
INFO:b1k.shared.eval_b1k_wrapper:🔧 Gripper variation: Compression disabled (mean: 0.1435, max: 0.6252)
INFO:b1k.shared.eval_b1k_wrapper:🔧 Gripper variation: Compression disabled (mean: 0.3154, max: 0.5664)
INFO:b1k.shared.eval_b1k_wrapper:🎯 Prediction #670 | Actions: uncompressed (20) | Inpainting: True
INFO:b1k.shared.eval_b1k_wrapper:📊 Step 13400 | Task: 27 | Stage: 6/14 | Predictions: 670
INFO:b1k.shared.eval_b1k_wrapper:🔧 Gripper variation: Compression disabled (mean: 0.3926, max: 0.4553)
INFO:b1k.shared.eval_b1k_wrapper:🔧 Gripper variation: Compression disabled (mean: 0.3183, max: 0.4416)
INFO:b1k.shared.eval_b1k_wrapper:🔧 Gripper variation: Compression disabled (mean: 0.6293, max: 0.5932)
INFO:b1k.shared.eval_b1k_wrapper:🔧 Gripper variation: Compression disabled (mean: 0.2134, max: 0.9545)
INFO:b1k.shared.eval_b1k_wrapper:🔧 Gripper variation: Compression disabled (mean: 0.4708, max: 0.3548)
INFO:b1k.shared.eval_b1k_wrapper:📊 Step 13500 | Task: 27 | Stage: 6/14 | Predictions: 675
INFO:b1k.shared.eval_b1k_wrapper:🔧 Gripper variation: Compression disabled (mean: 0.3843, max: 0.5898)
INFO:b1k.shared.eval_b1k_wrapper:🔧 Gripper variation: Compression disabled (mean: 0.2246, max: 0.5750)
INFO:b1k.shared.eval_b1k_wrapper:🔧 Gripper variation: Compression disabled (mean: 0.4141, max: 0.9363)
INFO:b1k.shared.eval_b1k_wrapper:🔧 Gripper variation: Compression disabled (mean: 0.6433, max: 0.3663)
INFO:b1k.shared.eval_b1k_wrapper:🔧 Gripper variation: Compression disabled (mean: 0.1959, max: 0.5764)
INFO:b1k.shared.eval_b1k_wrapper:🎯 Prediction #680 | Actions: uncompressed (20) | Inpainting: True
INFO:b1k.shared.eval_b1k_wrapper:📊 Step 13600 | Task: 27 | Stage: 6/14 | Predictions: 680
INFO:b1k.shared.eval_b1k_wrapper:🔧 Gripper variation: Compression disabled (mean: 0.3303, max: 1.0524)
INFO:b1k.shared.eval_b1k_wrapper:🔧 Gripper variation: Compression disabled (mean: 0.2891, max: 0.3784)
INFO:b1k.shared.eval_b1k_wrapper:🔧 Gripper variation: Compression disabled (mean: 0.2007, max: 0.5276)
INFO:b1k.shared.eval_b1k_wrapper:🔧 Gripper variation: Compression disabled (mean: 0.4910, max: 0.8613)
INFO:b1k.shared.eval_b1k_wrapper:🔧 Gripper variation: Compression disabled (mean: 0.3790, max: 0.6971)
INFO:b1k.shared.eval_b1k_wrapper:📊 Step 13700 | Task: 27 | Stage: 6/14 | Predictions: 685
INFO:b1k.shared.eval_b1k_wrapper:🔧 Gripper variation: Compression disabled (mean: 0.2988, max: 0.7850)
INFO:b1k.shared.eval_b1k_wrapper:🔧 Gripper variation: Compression disabled (mean: 0.3107, max: 0.9629)
INFO:b1k.shared.eval_b1k_wrapper:🔧 Gripper variation: Compression disabled (mean: 0.3104, max: 0.5287)
INFO:b1k.shared.eval_b1k_wrapper:🔧 Gripper variation: Compression disabled (mean: 0.4821, max: 0.5103)
INFO:b1k.shared.eval_b1k_wrapper:🔧 Gripper variation: Compression disabled (mean: 0.5337, max: 0.4386)
INFO:b1k.shared.eval_b1k_wrapper:🎯 Prediction #690 | Actions: uncompressed (20) | Inpainting: True
INFO:b1k.shared.eval_b1k_wrapper:📊 Step 13800 | Task: 27 | Stage: 6/14 | Predictions: 690
INFO:b1k.shared.eval_b1k_wrapper:🔧 Gripper variation: Compression disabled (mean: 0.3515, max: 0.4460)
INFO:b1k.shared.eval_b1k_wrapper:🔧 Gripper variation: Compression disabled (mean: 0.4879, max: 0.5259)
INFO:b1k.shared.eval_b1k_wrapper:🔧 Gripper variation: Compression disabled (mean: 0.4615, max: 0.4319)
INFO:b1k.shared.eval_b1k_wrapper:🔧 Gripper variation: Compression disabled (mean: 0.3790, max: 0.7429)
INFO:b1k.shared.eval_b1k_wrapper:🔧 Gripper variation: Compression disabled (mean: 0.4467, max: 0.5094)
INFO:b1k.shared.eval_b1k_wrapper:📊 Step 13900 | Task: 27 | Stage: 6/14 | Predictions: 695
INFO:b1k.shared.eval_b1k_wrapper:🔧 Gripper variation: Compression disabled (mean: 0.1432, max: 0.7850)
INFO:b1k.shared.eval_b1k_wrapper:🔧 Gripper variation: Compression disabled (mean: 0.3828, max: 0.9161)
INFO:b1k.shared.eval_b1k_wrapper:🔧 Gripper variation: Compression disabled (mean: 0.9308, max: 0.8672)
INFO:b1k.shared.eval_b1k_wrapper:🔧 Gripper variation: Compression disabled (mean: 0.4889, max: 0.8324)
INFO:b1k.shared.eval_b1k_wrapper:🔧 Gripper variation: Compression disabled (mean: 0.4534, max: 0.8545)
INFO:b1k.shared.eval_b1k_wrapper:🎯 Prediction #700 | Actions: uncompressed (20) | Inpainting: True
INFO:b1k.shared.eval_b1k_wrapper:📊 Step 14000 | Task: 27 | Stage: 6/14 | Predictions: 700
INFO:b1k.shared.eval_b1k_wrapper:🔧 Gripper variation: Compression disabled (mean: 0.2681, max: 0.4599)
INFO:b1k.shared.eval_b1k_wrapper:🔧 Gripper variation: Compression disabled (mean: 0.3695, max: 0.6272)
INFO:b1k.shared.eval_b1k_wrapper:🔧 Gripper variation: Compression disabled (mean: 0.7376, max: 0.4741)
INFO:b1k.shared.eval_b1k_wrapper:🔧 Gripper variation: Compression disabled (mean: 0.2701, max: 0.9367)
INFO:b1k.shared.eval_b1k_wrapper:🔧 Gripper variation: Compression disabled (mean: 0.5049, max: 0.4240)
INFO:b1k.shared.eval_b1k_wrapper:📊 Step 14100 | Task: 27 | Stage: 6/14 | Predictions: 705
INFO:b1k.shared.eval_b1k_wrapper:🔧 Gripper variation: Compression disabled (mean: 0.8378, max: 0.4491)
INFO:b1k.shared.eval_b1k_wrapper:🔧 Gripper variation: Compression disabled (mean: 0.8820, max: 0.8723)
INFO:b1k.shared.eval_b1k_wrapper:🔧 Gripper variation: Compression disabled (mean: 0.3392, max: 0.3678)
INFO:b1k.shared.eval_b1k_wrapper:🔧 Gripper variation: Compression disabled (mean: 0.2296, max: 0.4460)
INFO:b1k.shared.eval_b1k_wrapper:🔧 Gripper variation: Compression disabled (mean: 0.4491, max: 0.6667)
INFO:b1k.shared.eval_b1k_wrapper:🎯 Prediction #710 | Actions: uncompressed (20) | Inpainting: True
INFO:b1k.shared.eval_b1k_wrapper:📊 Step 14200 | Task: 27 | Stage: 6/14 | Predictions: 710
INFO:b1k.shared.eval_b1k_wrapper:🔧 Gripper variation: Compression disabled (mean: 0.2255, max: 0.8642)
INFO:b1k.shared.eval_b1k_wrapper:🔧 Gripper variation: Compression disabled (mean: 0.4387, max: 0.5400)
INFO:b1k.shared.eval_b1k_wrapper:🔧 Gripper variation: Compression disabled (mean: 0.2122, max: 0.6348)
INFO:b1k.shared.eval_b1k_wrapper:🔧 Gripper variation: Compression disabled (mean: 0.2834, max: 0.9181)
INFO:b1k.shared.eval_b1k_wrapper:🔧 Gripper variation: Compression disabled (mean: 0.4156, max: 0.4261)
INFO:b1k.shared.eval_b1k_wrapper:📊 Step 14300 | Task: 27 | Stage: 6/14 | Predictions: 715
INFO:b1k.shared.eval_b1k_wrapper:🔧 Gripper variation: Compression disabled (mean: 0.4434, max: 0.4369)
INFO:b1k.shared.eval_b1k_wrapper:🔧 Gripper variation: Compression disabled (mean: 0.7012, max: 0.2982)
INFO:b1k.shared.eval_b1k_wrapper:🔧 Gripper variation: Compression disabled (mean: 0.3217, max: 0.3093)
INFO:b1k.shared.eval_b1k_wrapper:🔧 Gripper variation: Compression disabled (mean: 0.4116, max: 0.4465)
INFO:b1k.shared.eval_b1k_wrapper:🔧 Gripper variation: Compression disabled (mean: 0.2181, max: 0.6517)
INFO:b1k.shared.eval_b1k_wrapper:🎯 Prediction #720 | Actions: uncompressed (20) | Inpainting: True
INFO:b1k.shared.eval_b1k_wrapper:📊 Step 14400 | Task: 27 | Stage: 6/14 | Predictions: 720
INFO:b1k.shared.eval_b1k_wrapper:🔧 Gripper variation: Compression disabled (mean: 0.6044, max: 0.8887)
INFO:b1k.shared.eval_b1k_wrapper:🔧 Gripper variation: Compression disabled (mean: 0.2483, max: 1.0284)
INFO:b1k.shared.eval_b1k_wrapper:🔧 Gripper variation: Compression disabled (mean: 0.5820, max: 0.5599)
INFO:b1k.shared.eval_b1k_wrapper:🔧 Gripper variation: Compression disabled (mean: 0.1731, max: 0.7387)
INFO:b1k.shared.eval_b1k_wrapper:🔧 Gripper variation: Compression disabled (mean: 0.1970, max: 0.7006)
INFO:b1k.shared.eval_b1k_wrapper:📊 Step 14500 | Task: 27 | Stage: 6/14 | Predictions: 725
INFO:b1k.shared.eval_b1k_wrapper:🔧 Gripper variation: Compression disabled (mean: 0.3865, max: 0.6536)
INFO:b1k.shared.eval_b1k_wrapper:🔧 Gripper variation: Compression disabled (mean: 0.1190, max: 0.6249)
INFO:b1k.shared.eval_b1k_wrapper:🔧 Gripper variation: Compression disabled (mean: 0.3874, max: 0.7230)
INFO:b1k.shared.eval_b1k_wrapper:🔧 Gripper variation: Compression disabled (mean: 0.5591, max: 0.7245)
INFO:b1k.shared.eval_b1k_wrapper:🔧 Gripper variation: Compression disabled (mean: 0.5699, max: 0.7374)
INFO:b1k.shared.eval_b1k_wrapper:🎯 Prediction #730 | Actions: uncompressed (20) | Inpainting: True
INFO:b1k.shared.eval_b1k_wrapper:📊 Step 14600 | Task: 27 | Stage: 6/14 | Predictions: 730
INFO:b1k.shared.eval_b1k_wrapper:🔧 Gripper variation: Compression disabled (mean: 0.6158, max: 0.5017)
INFO:b1k.shared.eval_b1k_wrapper:🔧 Gripper variation: Compression disabled (mean: 0.2389, max: 0.5339)
INFO:b1k.shared.eval_b1k_wrapper:🔧 Gripper variation: Compression disabled (mean: 0.5444, max: 0.7070)
INFO:b1k.shared.eval_b1k_wrapper:🔧 Gripper variation: Compression disabled (mean: 0.5827, max: 0.8685)
INFO:b1k.shared.eval_b1k_wrapper:🔧 Gripper variation: Compression disabled (mean: 0.3325, max: 0.2378)
INFO:b1k.shared.eval_b1k_wrapper:📊 Step 14700 | Task: 27 | Stage: 6/14 | Predictions: 735
INFO:b1k.shared.eval_b1k_wrapper:🔧 Gripper variation: Compression disabled (mean: 0.6940, max: 0.4865)
INFO:b1k.shared.eval_b1k_wrapper:🔧 Gripper variation: Compression disabled (mean: 0.4400, max: 0.8127)
INFO:b1k.shared.eval_b1k_wrapper:🔧 Gripper variation: Compression disabled (mean: 0.2337, max: 0.6192)
INFO:b1k.shared.eval_b1k_wrapper:🔧 Gripper variation: Compression disabled (mean: 0.7518, max: 0.4956)
INFO:b1k.shared.eval_b1k_wrapper:🔧 Gripper variation: Compression disabled (mean: 0.4275, max: 0.4408)
INFO:b1k.shared.eval_b1k_wrapper:🎯 Prediction #740 | Actions: uncompressed (20) | Inpainting: True
INFO:b1k.shared.eval_b1k_wrapper:📊 Step 14800 | Task: 27 | Stage: 6/14 | Predictions: 740
INFO:b1k.shared.eval_b1k_wrapper:🔧 Gripper variation: Compression disabled (mean: 0.3692, max: 0.7953)
INFO:b1k.shared.eval_b1k_wrapper:🔧 Gripper variation: Compression disabled (mean: 0.4318, max: 0.5276)
INFO:b1k.shared.eval_b1k_wrapper:🔧 Gripper variation: Compression disabled (mean: 0.6631, max: 0.5021)
INFO:b1k.shared.eval_b1k_wrapper:🔧 Gripper variation: Compression disabled (mean: 0.4100, max: 1.0264)
INFO:b1k.shared.eval_b1k_wrapper:🔧 Gripper variation: Compression disabled (mean: 0.4389, max: 0.5080)
INFO:b1k.shared.eval_b1k_wrapper:📊 Step 14900 | Task: 27 | Stage: 6/14 | Predictions: 745
INFO:b1k.shared.eval_b1k_wrapper:🔧 Gripper variation: Compression disabled (mean: 0.2447, max: 0.8349)
INFO:b1k.shared.eval_b1k_wrapper:🔧 Gripper variation: Compression disabled (mean: 0.4484, max: 0.5799)
INFO:b1k.shared.eval_b1k_wrapper:🔧 Gripper variation: Compression disabled (mean: 0.3319, max: 0.5355)
INFO:b1k.shared.eval_b1k_wrapper:🔧 Gripper variation: Compression disabled (mean: 0.1546, max: 0.3986)
INFO:b1k.shared.eval_b1k_wrapper:🔧 Gripper variation: Compression disabled (mean: 0.5366, max: 0.6656)
INFO:b1k.shared.eval_b1k_wrapper:🎯 Prediction #750 | Actions: uncompressed (20) | Inpainting: True
INFO:b1k.shared.eval_b1k_wrapper:📊 Step 15000 | Task: 27 | Stage: 6/14 | Predictions: 750
INFO:b1k.shared.eval_b1k_wrapper:🔧 Gripper variation: Compression disabled (mean: 0.2898, max: 0.9759)
INFO:b1k.shared.eval_b1k_wrapper:🔧 Gripper variation: Compression disabled (mean: 0.1176, max: 0.4634)
INFO:b1k.shared.eval_b1k_wrapper:🔧 Gripper variation: Compression disabled (mean: 1.1212, max: 0.5400)
INFO:b1k.shared.eval_b1k_wrapper:🔧 Gripper variation: Compression disabled (mean: 0.2599, max: 0.3813)
INFO:b1k.shared.eval_b1k_wrapper:🔧 Gripper variation: Compression disabled (mean: 0.3591, max: 0.5088)
INFO:b1k.shared.eval_b1k_wrapper:📊 Step 15100 | Task: 27 | Stage: 6/14 | Predictions: 755
INFO:b1k.shared.eval_b1k_wrapper:🔧 Gripper variation: Compression disabled (mean: 0.4098, max: 0.7353)
INFO:b1k.shared.eval_b1k_wrapper:🔧 Gripper variation: Compression disabled (mean: 0.3947, max: 0.8252)
INFO:b1k.shared.eval_b1k_wrapper:🔧 Gripper variation: Compression disabled (mean: 0.6306, max: 1.0321)
INFO:b1k.shared.eval_b1k_wrapper:🔧 Gripper variation: Compression disabled (mean: 0.2117, max: 0.6691)
INFO:b1k.shared.eval_b1k_wrapper:🔧 Gripper variation: Compression disabled (mean: 0.5858, max: 0.5297)
INFO:b1k.shared.eval_b1k_wrapper:🎯 Prediction #760 | Actions: uncompressed (20) | Inpainting: True
INFO:b1k.shared.eval_b1k_wrapper:📊 Step 15200 | Task: 27 | Stage: 6/14 | Predictions: 760
INFO:b1k.shared.eval_b1k_wrapper:🔧 Gripper variation: Compression disabled (mean: 0.3817, max: 0.8843)
INFO:b1k.shared.eval_b1k_wrapper:🔧 Gripper variation: Compression disabled (mean: 0.6505, max: 0.6185)
INFO:b1k.shared.eval_b1k_wrapper:🔧 Gripper variation: Compression disabled (mean: 0.3545, max: 0.8177)
INFO:b1k.shared.eval_b1k_wrapper:🔧 Gripper variation: Compression disabled (mean: 0.4831, max: 0.7490)
INFO:b1k.shared.eval_b1k_wrapper:🔧 Gripper variation: Compression disabled (mean: 0.2354, max: 0.5821)
INFO:b1k.shared.eval_b1k_wrapper:📊 Step 15300 | Task: 27 | Stage: 6/14 | Predictions: 765
INFO:b1k.shared.eval_b1k_wrapper:🔧 Gripper variation: Compression disabled (mean: 0.6895, max: 0.6216)
INFO:b1k.shared.eval_b1k_wrapper:🔧 Gripper variation: Compression disabled (mean: 0.6948, max: 0.6435)
INFO:b1k.shared.eval_b1k_wrapper:🔧 Gripper variation: Compression disabled (mean: 0.2730, max: 0.3103)
INFO:b1k.shared.eval_b1k_wrapper:🔧 Gripper variation: Compression disabled (mean: 0.1717, max: 0.7135)
INFO:b1k.shared.eval_b1k_wrapper:🔧 Gripper variation: Compression disabled (mean: 0.4503, max: 1.0002)
INFO:b1k.shared.eval_b1k_wrapper:🎯 Prediction #770 | Actions: uncompressed (20) | Inpainting: True
INFO:b1k.shared.eval_b1k_wrapper:📊 Step 15400 | Task: 27 | Stage: 6/14 | Predictions: 770
INFO:b1k.shared.eval_b1k_wrapper:🔧 Gripper variation: Compression disabled (mean: 0.6583, max: 0.6489)
INFO:b1k.shared.eval_b1k_wrapper:🔧 Gripper variation: Compression disabled (mean: 0.7686, max: 0.2173)
INFO:b1k.shared.eval_b1k_wrapper:🔧 Gripper variation: Compression disabled (mean: 0.4568, max: 0.6877)
INFO:b1k.shared.eval_b1k_wrapper:🔧 Gripper variation: Compression disabled (mean: 0.6489, max: 0.4327)
INFO:b1k.shared.eval_b1k_wrapper:🔧 Gripper variation: Compression disabled (mean: 0.3638, max: 0.6264)
INFO:b1k.shared.eval_b1k_wrapper:📊 Step 15500 | Task: 27 | Stage: 6/14 | Predictions: 775
INFO:b1k.shared.eval_b1k_wrapper:🔧 Gripper variation: Compression disabled (mean: 0.5037, max: 0.9421)
INFO:b1k.shared.eval_b1k_wrapper:🔧 Gripper variation: Compression disabled (mean: 0.4602, max: 0.5811)
INFO:b1k.shared.eval_b1k_wrapper:🔧 Gripper variation: Compression disabled (mean: 0.4766, max: 0.8402)
INFO:b1k.shared.eval_b1k_wrapper:🔧 Gripper variation: Compression disabled (mean: 0.6381, max: 0.4571)
INFO:b1k.shared.eval_b1k_wrapper:🔧 Gripper variation: Compression disabled (mean: 0.5802, max: 0.5356)
INFO:b1k.shared.eval_b1k_wrapper:🎯 Prediction #780 | Actions: uncompressed (20) | Inpainting: True
INFO:b1k.shared.eval_b1k_wrapper:📊 Step 15600 | Task: 27 | Stage: 6/14 | Predictions: 780
INFO:b1k.shared.eval_b1k_wrapper:🔧 Gripper variation: Compression disabled (mean: 0.7569, max: 0.2673)
INFO:b1k.shared.eval_b1k_wrapper:🔧 Gripper variation: Compression disabled (mean: 0.3277, max: 0.5917)
INFO:b1k.shared.eval_b1k_wrapper:🔧 Gripper variation: Compression disabled (mean: 0.5562, max: 0.6234)
INFO:b1k.shared.eval_b1k_wrapper:🔧 Gripper variation: Compression disabled (mean: 0.2978, max: 0.6530)
INFO:b1k.shared.eval_b1k_wrapper:🔧 Gripper variation: Compression disabled (mean: 0.3805, max: 0.4619)
INFO:b1k.shared.eval_b1k_wrapper:📊 Step 15700 | Task: 27 | Stage: 6/14 | Predictions: 785
INFO:b1k.shared.eval_b1k_wrapper:🔧 Gripper variation: Compression disabled (mean: 0.5537, max: 0.7409)
INFO:b1k.shared.eval_b1k_wrapper:🔧 Gripper variation: Compression disabled (mean: 0.7756, max: 0.5116)
INFO:b1k.shared.eval_b1k_wrapper:🔧 Gripper variation: Compression disabled (mean: 0.5346, max: 0.6831)
INFO:b1k.shared.eval_b1k_wrapper:🔧 Gripper variation: Compression disabled (mean: 0.4421, max: 0.3940)
INFO:b1k.shared.eval_b1k_wrapper:🔧 Gripper variation: Compression disabled (mean: 0.4522, max: 0.3074)
INFO:b1k.shared.eval_b1k_wrapper:🎯 Prediction #790 | Actions: uncompressed (20) | Inpainting: True
INFO:b1k.shared.eval_b1k_wrapper:📊 Step 15800 | Task: 27 | Stage: 6/14 | Predictions: 790
INFO:b1k.shared.eval_b1k_wrapper:🔧 Gripper variation: Compression disabled (mean: 0.2522, max: 0.5688)
INFO:b1k.shared.eval_b1k_wrapper:🔧 Gripper variation: Compression disabled (mean: 0.6016, max: 0.6981)
INFO:b1k.shared.eval_b1k_wrapper:🔧 Gripper variation: Compression disabled (mean: 0.5318, max: 0.8098)
INFO:b1k.shared.eval_b1k_wrapper:🔧 Gripper variation: Compression disabled (mean: 0.5714, max: 0.5368)
INFO:b1k.shared.eval_b1k_wrapper:🔧 Gripper variation: Compression disabled (mean: 0.1900, max: 0.6045)
INFO:b1k.shared.eval_b1k_wrapper:📊 Step 15900 | Task: 27 | Stage: 6/14 | Predictions: 795
INFO:b1k.shared.eval_b1k_wrapper:🔧 Gripper variation: Compression disabled (mean: 0.3501, max: 1.4008)
INFO:b1k.shared.eval_b1k_wrapper:🔧 Gripper variation: Compression disabled (mean: 0.3252, max: 0.8025)
INFO:b1k.shared.eval_b1k_wrapper:🔧 Gripper variation: Compression disabled (mean: 0.2815, max: 0.7357)
INFO:b1k.shared.eval_b1k_wrapper:🔧 Gripper variation: Compression disabled (mean: 0.6182, max: 0.5294)
INFO:b1k.shared.eval_b1k_wrapper:🔧 Gripper variation: Compression disabled (mean: 0.5228, max: 0.6331)
INFO:b1k.shared.eval_b1k_wrapper:🎯 Prediction #800 | Actions: uncompressed (20) | Inpainting: True
INFO:b1k.shared.eval_b1k_wrapper:📊 Step 16000 | Task: 27 | Stage: 6/14 | Predictions: 800
INFO:b1k.shared.eval_b1k_wrapper:🔧 Gripper variation: Compression disabled (mean: 0.2349, max: 0.4065)
INFO:b1k.shared.eval_b1k_wrapper:🔧 Gripper variation: Compression disabled (mean: 0.4302, max: 0.8082)
INFO:b1k.shared.eval_b1k_wrapper:🔧 Gripper variation: Compression disabled (mean: 0.3719, max: 0.6241)
INFO:b1k.shared.eval_b1k_wrapper:🔧 Gripper variation: Compression disabled (mean: 0.5597, max: 0.5429)
INFO:b1k.shared.eval_b1k_wrapper:🔧 Gripper variation: Compression disabled (mean: 0.4957, max: 0.5454)
INFO:b1k.shared.eval_b1k_wrapper:📊 Step 16100 | Task: 27 | Stage: 6/14 | Predictions: 805
INFO:b1k.shared.eval_b1k_wrapper:🔧 Gripper variation: Compression disabled (mean: 0.9948, max: 0.3710)
INFO:b1k.shared.eval_b1k_wrapper:🔧 Gripper variation: Compression disabled (mean: 0.3834, max: 0.7110)
INFO:b1k.shared.eval_b1k_wrapper:🔧 Gripper variation: Compression disabled (mean: 0.5482, max: 0.5091)
INFO:b1k.shared.eval_b1k_wrapper:🔧 Gripper variation: Compression disabled (mean: 0.3363, max: 1.1778)
INFO:b1k.shared.eval_b1k_wrapper:🔧 Gripper variation: Compression disabled (mean: 0.7052, max: 0.3581)
INFO:b1k.shared.eval_b1k_wrapper:🎯 Prediction #810 | Actions: uncompressed (20) | Inpainting: True
INFO:b1k.shared.eval_b1k_wrapper:📊 Step 16200 | Task: 27 | Stage: 6/14 | Predictions: 810
INFO:b1k.shared.eval_b1k_wrapper:🔧 Gripper variation: Compression disabled (mean: 0.6901, max: 0.5750)
INFO:b1k.shared.eval_b1k_wrapper:🔧 Gripper variation: Compression disabled (mean: 0.6130, max: 0.7266)
INFO:b1k.shared.eval_b1k_wrapper:🔧 Gripper variation: Compression disabled (mean: 0.2792, max: 0.5985)
INFO:b1k.shared.eval_b1k_wrapper:🔧 Gripper variation: Compression disabled (mean: 0.6524, max: 0.4367)
INFO:b1k.shared.eval_b1k_wrapper:🔧 Gripper variation: Compression disabled (mean: 0.2154, max: 0.4216)
INFO:b1k.shared.eval_b1k_wrapper:📊 Step 16300 | Task: 27 | Stage: 6/14 | Predictions: 815
INFO:b1k.shared.eval_b1k_wrapper:🔧 Gripper variation: Compression disabled (mean: 0.6294, max: 0.5708)
INFO:b1k.shared.eval_b1k_wrapper:🔧 Gripper variation: Compression disabled (mean: 0.2711, max: 0.7936)
INFO:b1k.shared.eval_b1k_wrapper:🔧 Gripper variation: Compression disabled (mean: 0.1787, max: 0.5558)
INFO:b1k.shared.eval_b1k_wrapper:🔧 Gripper variation: Compression disabled (mean: 0.3702, max: 0.3873)
INFO:b1k.shared.eval_b1k_wrapper:🔧 Gripper variation: Compression disabled (mean: 0.5147, max: 0.4956)
INFO:b1k.shared.eval_b1k_wrapper:🎯 Prediction #820 | Actions: uncompressed (20) | Inpainting: True
INFO:b1k.shared.eval_b1k_wrapper:📊 Step 16400 | Task: 27 | Stage: 6/14 | Predictions: 820
INFO:b1k.shared.eval_b1k_wrapper:🔧 Gripper variation: Compression disabled (mean: 0.4413, max: 0.7809)
INFO:b1k.shared.eval_b1k_wrapper:🔧 Gripper variation: Compression disabled (mean: 0.6471, max: 0.5347)
INFO:b1k.shared.eval_b1k_wrapper:🔧 Gripper variation: Compression disabled (mean: 0.3073, max: 0.7412)
INFO:b1k.shared.eval_b1k_wrapper:🔧 Gripper variation: Compression disabled (mean: 0.4820, max: 0.6784)
INFO:b1k.shared.eval_b1k_wrapper:🔧 Gripper variation: Compression disabled (mean: 0.3077, max: 0.6249)
INFO:b1k.shared.eval_b1k_wrapper:📊 Step 16500 | Task: 27 | Stage: 6/14 | Predictions: 825
INFO:b1k.shared.eval_b1k_wrapper:🔧 Gripper variation: Compression disabled (mean: 0.5015, max: 0.9076)
INFO:b1k.shared.eval_b1k_wrapper:🔧 Gripper variation: Compression disabled (mean: 0.7212, max: 0.5628)
INFO:b1k.shared.eval_b1k_wrapper:🔧 Gripper variation: Compression disabled (mean: 0.3146, max: 0.8085)
INFO:b1k.shared.eval_b1k_wrapper:🔧 Gripper variation: Compression disabled (mean: 0.5078, max: 0.6650)
INFO:b1k.shared.eval_b1k_wrapper:🔧 Gripper variation: Compression disabled (mean: 0.3440, max: 0.6341)
INFO:b1k.shared.eval_b1k_wrapper:🎯 Prediction #830 | Actions: uncompressed (20) | Inpainting: True
INFO:b1k.shared.eval_b1k_wrapper:📊 Step 16600 | Task: 27 | Stage: 6/14 | Predictions: 830
INFO:b1k.shared.eval_b1k_wrapper:🔧 Gripper variation: Compression disabled (mean: 0.5908, max: 0.5810)
INFO:b1k.shared.eval_b1k_wrapper:🔧 Gripper variation: Compression disabled (mean: 0.4180, max: 0.8896)
INFO:b1k.shared.eval_b1k_wrapper:🔧 Gripper variation: Compression disabled (mean: 0.6226, max: 0.6199)
INFO:b1k.shared.eval_b1k_wrapper:🔧 Gripper variation: Compression disabled (mean: 0.5405, max: 0.6465)
INFO:b1k.shared.eval_b1k_wrapper:🔧 Gripper variation: Compression disabled (mean: 0.3817, max: 0.3553)
INFO:b1k.shared.eval_b1k_wrapper:📊 Step 16700 | Task: 27 | Stage: 6/14 | Predictions: 835
INFO:b1k.shared.eval_b1k_wrapper:🔧 Gripper variation: Compression disabled (mean: 0.2865, max: 0.7899)
INFO:b1k.shared.eval_b1k_wrapper:🔧 Gripper variation: Compression disabled (mean: 0.4093, max: 0.5886)
INFO:b1k.shared.eval_b1k_wrapper:🔧 Gripper variation: Compression disabled (mean: 0.3817, max: 0.4534)
INFO:b1k.shared.eval_b1k_wrapper:🔧 Gripper variation: Compression disabled (mean: 0.3321, max: 0.6106)
INFO:b1k.shared.eval_b1k_wrapper:🔧 Gripper variation: Compression disabled (mean: 0.2974, max: 0.5137)
INFO:b1k.shared.eval_b1k_wrapper:🎯 Prediction #840 | Actions: uncompressed (20) | Inpainting: True
INFO:b1k.shared.eval_b1k_wrapper:📊 Step 16800 | Task: 27 | Stage: 6/14 | Predictions: 840
INFO:b1k.shared.eval_b1k_wrapper:🔧 Gripper variation: Compression disabled (mean: 0.2808, max: 0.5119)
INFO:b1k.shared.eval_b1k_wrapper:🔧 Gripper variation: Compression disabled (mean: 0.2278, max: 0.6897)
INFO:b1k.shared.eval_b1k_wrapper:🔧 Gripper variation: Compression disabled (mean: 0.3825, max: 0.8081)
INFO:b1k.shared.eval_b1k_wrapper:🔧 Gripper variation: Compression disabled (mean: 0.4972, max: 0.4249)
INFO:b1k.shared.eval_b1k_wrapper:🔧 Gripper variation: Compression disabled (mean: 0.2635, max: 0.5117)
INFO:b1k.shared.eval_b1k_wrapper:📊 Step 16900 | Task: 27 | Stage: 6/14 | Predictions: 845
INFO:b1k.shared.eval_b1k_wrapper:🔧 Gripper variation: Compression disabled (mean: 0.2431, max: 0.8726)
INFO:b1k.shared.eval_b1k_wrapper:🔧 Gripper variation: Compression disabled (mean: 0.2956, max: 0.5564)
INFO:b1k.shared.eval_b1k_wrapper:🔧 Gripper variation: Compression disabled (mean: 0.3961, max: 0.5979)
INFO:b1k.shared.eval_b1k_wrapper:🔧 Gripper variation: Compression disabled (mean: 0.3932, max: 0.4802)
INFO:b1k.shared.eval_b1k_wrapper:🔧 Gripper variation: Compression disabled (mean: 0.3110, max: 0.5377)
INFO:b1k.shared.eval_b1k_wrapper:🎯 Prediction #850 | Actions: uncompressed (20) | Inpainting: True
INFO:b1k.shared.eval_b1k_wrapper:📊 Step 17000 | Task: 27 | Stage: 6/14 | Predictions: 850
INFO:b1k.shared.eval_b1k_wrapper:🔧 Gripper variation: Compression disabled (mean: 0.1277, max: 0.4975)
INFO:b1k.shared.eval_b1k_wrapper:🔧 Gripper variation: Compression disabled (mean: 0.4188, max: 0.7789)
INFO:b1k.shared.eval_b1k_wrapper:🔧 Gripper variation: Compression disabled (mean: 0.2536, max: 0.6447)
INFO:b1k.shared.eval_b1k_wrapper:🔧 Gripper variation: Compression disabled (mean: 0.2467, max: 0.6528)
INFO:b1k.shared.eval_b1k_wrapper:🔧 Gripper variation: Compression disabled (mean: 0.4297, max: 0.9993)
INFO:b1k.shared.eval_b1k_wrapper:📊 Step 17100 | Task: 27 | Stage: 6/14 | Predictions: 855
INFO:b1k.shared.eval_b1k_wrapper:🔧 Gripper variation: Compression disabled (mean: 0.1231, max: 0.9589)
INFO:b1k.shared.eval_b1k_wrapper:🔧 Gripper variation: Compression disabled (mean: 0.2905, max: 0.4987)
INFO:b1k.shared.eval_b1k_wrapper:🔧 Gripper variation: Compression disabled (mean: 0.5205, max: 0.5600)
INFO:b1k.shared.eval_b1k_wrapper:🔧 Gripper variation: Compression disabled (mean: 0.3824, max: 0.6369)
INFO:b1k.shared.eval_b1k_wrapper:🔧 Gripper variation: Compression disabled (mean: 1.0926, max: 0.7145)
INFO:b1k.shared.eval_b1k_wrapper:🎯 Prediction #860 | Actions: uncompressed (20) | Inpainting: True
INFO:b1k.shared.eval_b1k_wrapper:📊 Step 17200 | Task: 27 | Stage: 6/14 | Predictions: 860
INFO:b1k.shared.eval_b1k_wrapper:🔧 Gripper variation: Compression disabled (mean: 0.5244, max: 0.4032)
INFO:b1k.shared.eval_b1k_wrapper:🔧 Gripper variation: Compression disabled (mean: 0.9043, max: 0.8058)
INFO:b1k.shared.eval_b1k_wrapper:⬅️  Stage went back: 6 → 5 (task 27, step 17220)
INFO:b1k.shared.eval_b1k_wrapper:🔧 Gripper variation: Compression disabled (mean: 0.7860, max: 0.5345)
INFO:b1k.shared.eval_b1k_wrapper:🔧 Gripper variation: Compression disabled (mean: 0.3374, max: 0.6925)
INFO:b1k.shared.eval_b1k_wrapper:🔧 Gripper variation: Compression disabled (mean: 0.4097, max: 0.5352)
INFO:b1k.shared.eval_b1k_wrapper:📊 Step 17300 | Task: 27 | Stage: 5/14 | Predictions: 865
INFO:b1k.shared.eval_b1k_wrapper:🔧 Gripper variation: Compression disabled (mean: 0.4878, max: 0.4434)
INFO:b1k.shared.eval_b1k_wrapper:🔧 Gripper variation: Compression disabled (mean: 0.3697, max: 0.6121)
INFO:b1k.shared.eval_b1k_wrapper:🔧 Gripper variation: Compression disabled (mean: 0.6532, max: 0.6811)
INFO:b1k.shared.eval_b1k_wrapper:🔧 Gripper variation: Compression disabled (mean: 0.3871, max: 0.8716)
INFO:b1k.shared.eval_b1k_wrapper:🔧 Gripper variation: Compression disabled (mean: 0.4593, max: 0.3698)
INFO:b1k.shared.eval_b1k_wrapper:🎯 Prediction #870 | Actions: uncompressed (20) | Inpainting: True
INFO:b1k.shared.eval_b1k_wrapper:📊 Step 17400 | Task: 27 | Stage: 5/14 | Predictions: 870
INFO:b1k.shared.eval_b1k_wrapper:🔧 Gripper variation: Compression disabled (mean: 0.5247, max: 0.8049)
INFO:b1k.shared.eval_b1k_wrapper:🔧 Gripper variation: Compression disabled (mean: 0.1728, max: 0.4409)
INFO:b1k.shared.eval_b1k_wrapper:🔧 Gripper variation: Compression disabled (mean: 0.5355, max: 0.4226)
INFO:b1k.shared.eval_b1k_wrapper:🔧 Gripper variation: Compression disabled (mean: 0.3859, max: 0.5051)
INFO:b1k.shared.eval_b1k_wrapper:🔧 Gripper variation: Compression disabled (mean: 0.5096, max: 0.5282)
INFO:b1k.shared.eval_b1k_wrapper:📊 Step 17500 | Task: 27 | Stage: 5/14 | Predictions: 875
INFO:b1k.shared.eval_b1k_wrapper:🔧 Gripper variation: Compression disabled (mean: 0.4649, max: 0.6642)
INFO:b1k.shared.eval_b1k_wrapper:🔧 Gripper variation: Compression disabled (mean: 0.5685, max: 0.9960)
INFO:b1k.shared.eval_b1k_wrapper:🔧 Gripper variation: Compression disabled (mean: 0.6412, max: 0.5703)
INFO:b1k.shared.eval_b1k_wrapper:🔧 Gripper variation: Compression disabled (mean: 0.4956, max: 0.4498)
INFO:b1k.shared.eval_b1k_wrapper:🔧 Gripper variation: Compression disabled (mean: 0.3770, max: 0.5724)
INFO:b1k.shared.eval_b1k_wrapper:🎯 Prediction #880 | Actions: uncompressed (20) | Inpainting: True
INFO:b1k.shared.eval_b1k_wrapper:📊 Step 17600 | Task: 27 | Stage: 5/14 | Predictions: 880
INFO:b1k.shared.eval_b1k_wrapper:🔧 Gripper variation: Compression disabled (mean: 0.2281, max: 0.9538)
INFO:b1k.shared.eval_b1k_wrapper:🔧 Gripper variation: Compression disabled (mean: 0.5429, max: 0.5721)
INFO:b1k.shared.eval_b1k_wrapper:🔧 Gripper variation: Compression disabled (mean: 0.4660, max: 0.6294)
INFO:b1k.shared.eval_b1k_wrapper:🔧 Gripper variation: Compression disabled (mean: 0.2839, max: 0.6355)
INFO:b1k.shared.eval_b1k_wrapper:🔧 Gripper variation: Compression disabled (mean: 0.7127, max: 0.4216)
INFO:b1k.shared.eval_b1k_wrapper:📊 Step 17700 | Task: 27 | Stage: 5/14 | Predictions: 885
INFO:b1k.shared.eval_b1k_wrapper:🔧 Gripper variation: Compression disabled (mean: 0.3430, max: 0.1848)
INFO:b1k.shared.eval_b1k_wrapper:🔧 Gripper variation: Compression disabled (mean: 0.4429, max: 0.5420)
INFO:b1k.shared.eval_b1k_wrapper:🔧 Gripper variation: Compression disabled (mean: 0.4676, max: 0.5330)
INFO:b1k.shared.eval_b1k_wrapper:🔧 Gripper variation: Compression disabled (mean: 0.4195, max: 0.5029)
INFO:b1k.shared.eval_b1k_wrapper:🔧 Gripper variation: Compression disabled (mean: 0.5703, max: 0.5750)
INFO:b1k.shared.eval_b1k_wrapper:🎯 Prediction #890 | Actions: uncompressed (20) | Inpainting: True
INFO:b1k.shared.eval_b1k_wrapper:📊 Step 17800 | Task: 27 | Stage: 5/14 | Predictions: 890
INFO:b1k.shared.eval_b1k_wrapper:🔧 Gripper variation: Compression disabled (mean: 0.6672, max: 0.6347)
INFO:b1k.shared.eval_b1k_wrapper:🔧 Gripper variation: Compression disabled (mean: 0.7130, max: 1.1286)
INFO:b1k.shared.eval_b1k_wrapper:🔧 Gripper variation: Compression disabled (mean: 1.0557, max: 0.4809)
INFO:b1k.shared.eval_b1k_wrapper:🔧 Gripper variation: Compression disabled (mean: 0.5428, max: 0.7176)
INFO:b1k.shared.eval_b1k_wrapper:🔧 Gripper variation: Compression disabled (mean: 0.7554, max: 0.3805)
INFO:b1k.shared.eval_b1k_wrapper:📊 Step 17900 | Task: 27 | Stage: 5/14 | Predictions: 895
INFO:b1k.shared.eval_b1k_wrapper:🔧 Gripper variation: Compression disabled (mean: 0.3243, max: 0.5623)
INFO:b1k.shared.eval_b1k_wrapper:🔧 Gripper variation: Compression disabled (mean: 0.4316, max: 0.5326)
INFO:b1k.shared.eval_b1k_wrapper:🔧 Gripper variation: Compression disabled (mean: 0.1610, max: 0.6174)
INFO:b1k.shared.eval_b1k_wrapper:🔧 Gripper variation: Compression disabled (mean: 0.3365, max: 0.3075)
INFO:b1k.shared.eval_b1k_wrapper:🔧 Gripper variation: Compression disabled (mean: 0.3175, max: 0.5709)
INFO:b1k.shared.eval_b1k_wrapper:🎯 Prediction #900 | Actions: uncompressed (20) | Inpainting: True
INFO:b1k.shared.eval_b1k_wrapper:📊 Step 18000 | Task: 27 | Stage: 5/14 | Predictions: 900
INFO:b1k.shared.eval_b1k_wrapper:🔧 Gripper variation: Compression disabled (mean: 0.8946, max: 0.4793)
INFO:b1k.shared.eval_b1k_wrapper:🔧 Gripper variation: Compression disabled (mean: 0.1676, max: 0.4976)
INFO:b1k.shared.eval_b1k_wrapper:🔧 Gripper variation: Compression disabled (mean: 0.5200, max: 0.5414)
INFO:b1k.shared.eval_b1k_wrapper:🔧 Gripper variation: Compression disabled (mean: 0.6929, max: 0.7015)
INFO:b1k.shared.eval_b1k_wrapper:🔧 Gripper variation: Compression disabled (mean: 0.1434, max: 0.8197)
INFO:b1k.shared.eval_b1k_wrapper:📊 Step 18100 | Task: 27 | Stage: 5/14 | Predictions: 905
INFO:b1k.shared.eval_b1k_wrapper:🔧 Gripper variation: Compression disabled (mean: 0.2906, max: 0.2484)
INFO:b1k.shared.eval_b1k_wrapper:🔧 Gripper variation: Compression disabled (mean: 0.4491, max: 0.7118)
INFO:b1k.shared.eval_b1k_wrapper:🔧 Gripper variation: Compression disabled (mean: 0.2264, max: 1.0003)
INFO:b1k.shared.eval_b1k_wrapper:🔧 Gripper variation: Compression disabled (mean: 0.5519, max: 0.6724)
INFO:b1k.shared.eval_b1k_wrapper:🔧 Gripper variation: Compression disabled (mean: 0.2975, max: 0.7760)
INFO:b1k.shared.eval_b1k_wrapper:🎯 Prediction #910 | Actions: uncompressed (20) | Inpainting: True
INFO:b1k.shared.eval_b1k_wrapper:📊 Step 18200 | Task: 27 | Stage: 5/14 | Predictions: 910
INFO:b1k.shared.eval_b1k_wrapper:🔧 Gripper variation: Compression disabled (mean: 0.6122, max: 0.2916)
INFO:b1k.shared.eval_b1k_wrapper:🔧 Gripper variation: Compression disabled (mean: 0.9533, max: 0.4650)
INFO:b1k.shared.eval_b1k_wrapper:🔧 Gripper variation: Compression disabled (mean: 0.7905, max: 0.7808)
INFO:b1k.shared.eval_b1k_wrapper:🔧 Gripper variation: Compression disabled (mean: 0.4936, max: 0.4162)
INFO:b1k.shared.eval_b1k_wrapper:🔧 Gripper variation: Compression disabled (mean: 0.2757, max: 0.5605)
INFO:b1k.shared.eval_b1k_wrapper:📊 Step 18300 | Task: 27 | Stage: 5/14 | Predictions: 915
INFO:b1k.shared.eval_b1k_wrapper:🔧 Gripper variation: Compression disabled (mean: 0.6931, max: 0.4547)
INFO:b1k.shared.eval_b1k_wrapper:🔧 Gripper variation: Compression disabled (mean: 0.4598, max: 0.5073)
INFO:b1k.shared.eval_b1k_wrapper:🔧 Gripper variation: Compression disabled (mean: 0.2748, max: 0.9345)
INFO:b1k.shared.eval_b1k_wrapper:🔧 Gripper variation: Compression disabled (mean: 0.8526, max: 0.4409)
INFO:b1k.shared.eval_b1k_wrapper:🔧 Gripper variation: Compression disabled (mean: 0.6891, max: 0.6910)
INFO:b1k.shared.eval_b1k_wrapper:🎯 Prediction #920 | Actions: uncompressed (20) | Inpainting: True
INFO:b1k.shared.eval_b1k_wrapper:📊 Step 18400 | Task: 27 | Stage: 5/14 | Predictions: 920
INFO:b1k.shared.eval_b1k_wrapper:🔧 Gripper variation: Compression disabled (mean: 1.0331, max: 0.6667)
INFO:b1k.shared.eval_b1k_wrapper:🔧 Gripper variation: Compression disabled (mean: 0.2475, max: 0.7128)
INFO:b1k.shared.eval_b1k_wrapper:🔧 Gripper variation: Compression disabled (mean: 0.7597, max: 0.4505)
INFO:b1k.shared.eval_b1k_wrapper:🔧 Gripper variation: Compression disabled (mean: 0.3818, max: 0.5977)
INFO:b1k.shared.eval_b1k_wrapper:🔧 Gripper variation: Compression disabled (mean: 0.4036, max: 0.2815)
INFO:b1k.shared.eval_b1k_wrapper:📊 Step 18500 | Task: 27 | Stage: 5/14 | Predictions: 925
INFO:b1k.shared.eval_b1k_wrapper:🔧 Gripper variation: Compression disabled (mean: 0.4133, max: 1.3377)
INFO:b1k.shared.eval_b1k_wrapper:🔧 Gripper variation: Compression disabled (mean: 0.6446, max: 1.0285)
INFO:b1k.shared.eval_b1k_wrapper:🔧 Gripper variation: Compression disabled (mean: 0.3872, max: 0.4575)
INFO:b1k.shared.eval_b1k_wrapper:🔧 Gripper variation: Compression disabled (mean: 0.3769, max: 0.6831)
INFO:b1k.shared.eval_b1k_wrapper:🔧 Gripper variation: Compression disabled (mean: 0.2576, max: 0.7051)
INFO:b1k.shared.eval_b1k_wrapper:🎯 Prediction #930 | Actions: uncompressed (20) | Inpainting: True
INFO:b1k.shared.eval_b1k_wrapper:📊 Step 18600 | Task: 27 | Stage: 5/14 | Predictions: 930
INFO:b1k.shared.eval_b1k_wrapper:🔧 Gripper variation: Compression disabled (mean: 0.3959, max: 0.4754)
INFO:b1k.shared.eval_b1k_wrapper:🔧 Gripper variation: Compression disabled (mean: 0.7367, max: 0.5716)
INFO:b1k.shared.eval_b1k_wrapper:🔧 Gripper variation: Compression disabled (mean: 0.2360, max: 1.0952)
INFO:b1k.shared.eval_b1k_wrapper:🔧 Gripper variation: Compression disabled (mean: 0.5695, max: 0.8687)
INFO:b1k.shared.eval_b1k_wrapper:🔧 Gripper variation: Compression disabled (mean: 0.8897, max: 0.4462)
INFO:b1k.shared.eval_b1k_wrapper:📊 Step 18700 | Task: 27 | Stage: 5/14 | Predictions: 935
INFO:b1k.shared.eval_b1k_wrapper:🔧 Gripper variation: Compression disabled (mean: 0.5012, max: 0.7199)
INFO:b1k.shared.eval_b1k_wrapper:🔧 Gripper variation: Compression disabled (mean: 0.4094, max: 0.5084)
INFO:b1k.shared.eval_b1k_wrapper:🔧 Gripper variation: Compression disabled (mean: 0.6024, max: 0.3351)
INFO:b1k.shared.eval_b1k_wrapper:🔧 Gripper variation: Compression disabled (mean: 0.6496, max: 0.5616)
INFO:b1k.shared.eval_b1k_wrapper:🔧 Gripper variation: Compression disabled (mean: 0.6507, max: 0.7544)
INFO:b1k.shared.eval_b1k_wrapper:🎯 Prediction #940 | Actions: uncompressed (20) | Inpainting: True
INFO:b1k.shared.eval_b1k_wrapper:📊 Step 18800 | Task: 27 | Stage: 5/14 | Predictions: 940
INFO:b1k.shared.eval_b1k_wrapper:🔧 Gripper variation: Compression disabled (mean: 0.2737, max: 0.6304)
INFO:b1k.shared.eval_b1k_wrapper:🔧 Gripper variation: Compression disabled (mean: 0.8337, max: 0.7539)
INFO:b1k.shared.eval_b1k_wrapper:🔧 Gripper variation: Compression disabled (mean: 0.6624, max: 0.5404)
INFO:b1k.shared.eval_b1k_wrapper:🔧 Gripper variation: Compression disabled (mean: 0.3290, max: 0.7062)
INFO:b1k.shared.eval_b1k_wrapper:⏭️  Stage skipped: 5 → 6 (task 27, step 18860)
INFO:b1k.shared.eval_b1k_wrapper:🔧 Gripper variation: Compression disabled (mean: 0.4205, max: 0.5666)
INFO:b1k.shared.eval_b1k_wrapper:📊 Step 18900 | Task: 27 | Stage: 6/14 | Predictions: 945
INFO:b1k.shared.eval_b1k_wrapper:🔧 Gripper variation: Compression disabled (mean: 0.3984, max: 0.5500)
INFO:b1k.shared.eval_b1k_wrapper:🔧 Gripper variation: Compression disabled (mean: 0.4514, max: 0.5718)
INFO:b1k.shared.eval_b1k_wrapper:🔧 Gripper variation: Compression disabled (mean: 0.7146, max: 1.0034)
INFO:b1k.shared.eval_b1k_wrapper:🔧 Gripper variation: Compression disabled (mean: 0.1672, max: 0.6411)
INFO:b1k.shared.eval_b1k_wrapper:🔧 Gripper variation: Compression disabled (mean: 0.4552, max: 1.1077)
INFO:b1k.shared.eval_b1k_wrapper:🎯 Prediction #950 | Actions: uncompressed (20) | Inpainting: True
INFO:b1k.shared.eval_b1k_wrapper:📊 Step 19000 | Task: 27 | Stage: 6/14 | Predictions: 950
INFO:b1k.shared.eval_b1k_wrapper:🔧 Gripper variation: Compression disabled (mean: 0.3117, max: 0.6570)
INFO:b1k.shared.eval_b1k_wrapper:🔧 Gripper variation: Compression disabled (mean: 0.3888, max: 0.4153)
INFO:b1k.shared.eval_b1k_wrapper:🔧 Gripper variation: Compression disabled (mean: 0.7350, max: 1.0632)
INFO:b1k.shared.eval_b1k_wrapper:🔧 Gripper variation: Compression disabled (mean: 0.4384, max: 0.9066)
INFO:b1k.shared.eval_b1k_wrapper:🔧 Gripper variation: Compression disabled (mean: 0.6389, max: 0.7670)
INFO:b1k.shared.eval_b1k_wrapper:📊 Step 19100 | Task: 27 | Stage: 6/14 | Predictions: 955
INFO:b1k.shared.eval_b1k_wrapper:🔧 Gripper variation: Compression disabled (mean: 0.4271, max: 0.4689)
INFO:b1k.shared.eval_b1k_wrapper:🔧 Gripper variation: Compression disabled (mean: 0.7759, max: 0.5643)
INFO:b1k.shared.eval_b1k_wrapper:🔧 Gripper variation: Compression disabled (mean: 1.1020, max: 0.7379)
INFO:b1k.shared.eval_b1k_wrapper:🔧 Gripper variation: Compression disabled (mean: 0.4088, max: 0.5814)
INFO:b1k.shared.eval_b1k_wrapper:🔧 Gripper variation: Compression disabled (mean: 0.8338, max: 0.3808)
INFO:b1k.shared.eval_b1k_wrapper:🎯 Prediction #960 | Actions: uncompressed (20) | Inpainting: True
INFO:b1k.shared.eval_b1k_wrapper:📊 Step 19200 | Task: 27 | Stage: 6/14 | Predictions: 960
INFO:b1k.shared.eval_b1k_wrapper:🔧 Gripper variation: Compression disabled (mean: 0.0713, max: 0.4140)
INFO:b1k.shared.eval_b1k_wrapper:🔧 Gripper variation: Compression disabled (mean: 0.3217, max: 0.6339)
INFO:b1k.shared.eval_b1k_wrapper:⬆️  Stage advanced: 6 → 7 (task 27, step 19220)
INFO:b1k.shared.eval_b1k_wrapper:🔧 Gripper variation: Compression disabled (mean: 0.6293, max: 0.3631)
INFO:b1k.shared.eval_b1k_wrapper:🔧 Gripper variation: Compression disabled (mean: 0.7129, max: 0.5915)
INFO:b1k.shared.eval_b1k_wrapper:🔧 Gripper variation: Compression disabled (mean: 0.3313, max: 0.7295)
INFO:b1k.shared.eval_b1k_wrapper:📊 Step 19300 | Task: 27 | Stage: 7/14 | Predictions: 965
INFO:b1k.shared.eval_b1k_wrapper:🔧 Gripper variation: Compression disabled (mean: 1.3337, max: 0.6264)
INFO:b1k.shared.eval_b1k_wrapper:⬆️  Stage advanced: 7 → 8 (task 27, step 19300)
INFO:b1k.shared.eval_b1k_wrapper:🔧 Gripper variation: Compression disabled (mean: 0.7693, max: 0.8682)
INFO:b1k.shared.eval_b1k_wrapper:🔧 Gripper variation: Compression disabled (mean: 0.9721, max: 0.3161)
INFO:b1k.shared.eval_b1k_wrapper:🔧 Gripper variation: Compression disabled (mean: 0.6020, max: 0.7135)
INFO:b1k.shared.eval_b1k_wrapper:⬆️  Stage advanced: 8 → 9 (task 27, step 19360)
INFO:b1k.shared.eval_b1k_wrapper:🎯 Prediction #970 | Actions: compressed 26→20 | Inpainting: True
INFO:b1k.shared.eval_b1k_wrapper:📊 Step 19400 | Task: 27 | Stage: 9/14 | Predictions: 970
INFO:b1k.shared.eval_b1k_wrapper:📊 Step 19500 | Task: 27 | Stage: 9/14 | Predictions: 975
INFO:b1k.shared.eval_b1k_wrapper:🎯 Prediction #980 | Actions: compressed 26→20 | Inpainting: True
INFO:b1k.shared.eval_b1k_wrapper:📊 Step 19600 | Task: 27 | Stage: 9/14 | Predictions: 980
INFO:b1k.shared.eval_b1k_wrapper:📊 Step 19700 | Task: 27 | Stage: 9/14 | Predictions: 985
INFO:b1k.shared.eval_b1k_wrapper:🎯 Prediction #990 | Actions: compressed 26→20 | Inpainting: True
INFO:b1k.shared.eval_b1k_wrapper:📊 Step 19800 | Task: 27 | Stage: 9/14 | Predictions: 990
INFO:b1k.shared.eval_b1k_wrapper:📊 Step 19900 | Task: 27 | Stage: 9/14 | Predictions: 995
INFO:b1k.shared.eval_b1k_wrapper:🎯 Prediction #1000 | Actions: compressed 26→20 | Inpainting: True
INFO:b1k.shared.eval_b1k_wrapper:📊 Step 20000 | Task: 27 | Stage: 9/14 | Predictions: 1000
INFO:b1k.shared.eval_b1k_wrapper:📊 Step 20100 | Task: 27 | Stage: 9/14 | Predictions: 1005
INFO:b1k.shared.eval_b1k_wrapper:🎯 Prediction #1010 | Actions: compressed 26→20 | Inpainting: True
INFO:b1k.shared.eval_b1k_wrapper:📊 Step 20200 | Task: 27 | Stage: 9/14 | Predictions: 1010
INFO:b1k.shared.eval_b1k_wrapper:📊 Step 20300 | Task: 27 | Stage: 9/14 | Predictions: 1015
INFO:b1k.shared.eval_b1k_wrapper:🎯 Prediction #1020 | Actions: compressed 26→20 | Inpainting: True
INFO:b1k.shared.eval_b1k_wrapper:📊 Step 20400 | Task: 27 | Stage: 9/14 | Predictions: 1020
INFO:b1k.shared.eval_b1k_wrapper:📊 Step 20500 | Task: 27 | Stage: 9/14 | Predictions: 1025
INFO:b1k.shared.eval_b1k_wrapper:🎯 Prediction #1030 | Actions: compressed 26→20 | Inpainting: True
INFO:b1k.shared.eval_b1k_wrapper:📊 Step 20600 | Task: 27 | Stage: 9/14 | Predictions: 1030
INFO:b1k.shared.eval_b1k_wrapper:📊 Step 20700 | Task: 27 | Stage: 9/14 | Predictions: 1035
INFO:b1k.shared.eval_b1k_wrapper:🎯 Prediction #1040 | Actions: compressed 26→20 | Inpainting: True
INFO:b1k.shared.eval_b1k_wrapper:📊 Step 20800 | Task: 27 | Stage: 9/14 | Predictions: 1040
INFO:b1k.shared.eval_b1k_wrapper:🔧 Gripper variation: Compression disabled (mean: 0.2885, max: 0.3294)
INFO:b1k.shared.eval_b1k_wrapper:📊 Step 20900 | Task: 27 | Stage: 9/14 | Predictions: 1045
INFO:b1k.shared.eval_b1k_wrapper:🔧 Gripper variation: Compression disabled (mean: 0.7843, max: 0.3975)
INFO:b1k.shared.eval_b1k_wrapper:🔧 Gripper variation: Compression disabled (mean: 0.6371, max: 0.3939)
INFO:b1k.shared.eval_b1k_wrapper:🔧 Gripper variation: Compression disabled (mean: 0.3804, max: 0.8074)
INFO:b1k.shared.eval_b1k_wrapper:🔧 Gripper variation: Compression disabled (mean: 0.2639, max: 0.4932)
INFO:b1k.shared.eval_b1k_wrapper:🔧 Gripper variation: Compression disabled (mean: 1.1360, max: 0.5125)
INFO:b1k.shared.eval_b1k_wrapper:🎯 Prediction #1050 | Actions: uncompressed (20) | Inpainting: True
INFO:b1k.shared.eval_b1k_wrapper:📊 Step 21000 | Task: 27 | Stage: 9/14 | Predictions: 1050
INFO:b1k.shared.eval_b1k_wrapper:🔧 Gripper variation: Compression disabled (mean: 0.5166, max: 0.2948)
INFO:b1k.shared.eval_b1k_wrapper:🔧 Gripper variation: Compression disabled (mean: 0.5558, max: 0.5252)
INFO:b1k.shared.eval_b1k_wrapper:🔧 Gripper variation: Compression disabled (mean: 0.6463, max: 0.7434)
INFO:b1k.shared.eval_b1k_wrapper:🔧 Gripper variation: Compression disabled (mean: 0.4701, max: 0.8901)
INFO:b1k.shared.eval_b1k_wrapper:🔧 Gripper variation: Compression disabled (mean: 0.3720, max: 0.5832)
INFO:b1k.shared.eval_b1k_wrapper:📊 Step 21100 | Task: 27 | Stage: 9/14 | Predictions: 1055
INFO:b1k.shared.eval_b1k_wrapper:🔧 Gripper variation: Compression disabled (mean: 0.5856, max: 0.6145)
INFO:b1k.shared.eval_b1k_wrapper:🔧 Gripper variation: Compression disabled (mean: 0.4764, max: 0.6200)
INFO:b1k.shared.eval_b1k_wrapper:🔧 Gripper variation: Compression disabled (mean: 0.3273, max: 0.3595)
INFO:b1k.shared.eval_b1k_wrapper:🔧 Gripper variation: Compression disabled (mean: 0.4944, max: 0.5612)
INFO:b1k.shared.eval_b1k_wrapper:🔧 Gripper variation: Compression disabled (mean: 0.4485, max: 0.3755)
INFO:b1k.shared.eval_b1k_wrapper:🎯 Prediction #1060 | Actions: uncompressed (20) | Inpainting: True
INFO:b1k.shared.eval_b1k_wrapper:📊 Step 21200 | Task: 27 | Stage: 9/14 | Predictions: 1060
INFO:b1k.shared.eval_b1k_wrapper:🔧 Gripper variation: Compression disabled (mean: 0.8235, max: 0.7315)
INFO:b1k.shared.eval_b1k_wrapper:🔧 Gripper variation: Compression disabled (mean: 0.5519, max: 0.6611)
INFO:b1k.shared.eval_b1k_wrapper:🔧 Gripper variation: Compression disabled (mean: 0.2223, max: 0.5643)
INFO:b1k.shared.eval_b1k_wrapper:🔧 Gripper variation: Compression disabled (mean: 0.3360, max: 0.5988)
INFO:b1k.shared.eval_b1k_wrapper:🔧 Gripper variation: Compression disabled (mean: 0.3523, max: 0.3693)
INFO:b1k.shared.eval_b1k_wrapper:📊 Step 21300 | Task: 27 | Stage: 9/14 | Predictions: 1065
INFO:b1k.shared.eval_b1k_wrapper:🔧 Gripper variation: Compression disabled (mean: 0.3765, max: 0.8472)
INFO:b1k.shared.eval_b1k_wrapper:🔧 Gripper variation: Compression disabled (mean: 0.2953, max: 0.5677)
INFO:b1k.shared.eval_b1k_wrapper:🔧 Gripper variation: Compression disabled (mean: 0.3582, max: 0.5860)
INFO:b1k.shared.eval_b1k_wrapper:🔧 Gripper variation: Compression disabled (mean: 0.4633, max: 0.8405)
INFO:b1k.shared.eval_b1k_wrapper:🔧 Gripper variation: Compression disabled (mean: 0.5303, max: 0.7129)
INFO:b1k.shared.eval_b1k_wrapper:🎯 Prediction #1070 | Actions: uncompressed (20) | Inpainting: True
INFO:b1k.shared.eval_b1k_wrapper:📊 Step 21400 | Task: 27 | Stage: 9/14 | Predictions: 1070
INFO:b1k.shared.eval_b1k_wrapper:🔧 Gripper variation: Compression disabled (mean: 0.5053, max: 0.5928)
INFO:b1k.shared.eval_b1k_wrapper:🔧 Gripper variation: Compression disabled (mean: 0.4118, max: 0.5424)
INFO:b1k.shared.eval_b1k_wrapper:🔧 Gripper variation: Compression disabled (mean: 0.6929, max: 0.4116)
INFO:b1k.shared.eval_b1k_wrapper:🔧 Gripper variation: Compression disabled (mean: 0.7185, max: 0.7240)
INFO:b1k.shared.eval_b1k_wrapper:🔧 Gripper variation: Compression disabled (mean: 0.5301, max: 0.7000)
INFO:b1k.shared.eval_b1k_wrapper:📊 Step 21500 | Task: 27 | Stage: 9/14 | Predictions: 1075
INFO:b1k.shared.eval_b1k_wrapper:🔧 Gripper variation: Compression disabled (mean: 0.2994, max: 0.7090)
INFO:b1k.shared.eval_b1k_wrapper:🔧 Gripper variation: Compression disabled (mean: 1.1083, max: 0.5599)
INFO:b1k.shared.eval_b1k_wrapper:🔧 Gripper variation: Compression disabled (mean: 0.5744, max: 0.4676)
INFO:b1k.shared.eval_b1k_wrapper:🔧 Gripper variation: Compression disabled (mean: 0.5062, max: 0.6591)
INFO:b1k.shared.eval_b1k_wrapper:🔧 Gripper variation: Compression disabled (mean: 0.5467, max: 0.8975)
INFO:b1k.shared.eval_b1k_wrapper:🎯 Prediction #1080 | Actions: uncompressed (20) | Inpainting: True
INFO:b1k.shared.eval_b1k_wrapper:📊 Step 21600 | Task: 27 | Stage: 9/14 | Predictions: 1080
INFO:b1k.shared.eval_b1k_wrapper:🔧 Gripper variation: Compression disabled (mean: 0.6949, max: 0.6129)
INFO:b1k.shared.eval_b1k_wrapper:🔧 Gripper variation: Compression disabled (mean: 0.3167, max: 0.6489)
INFO:b1k.shared.eval_b1k_wrapper:🔧 Gripper variation: Compression disabled (mean: 0.8789, max: 0.6573)
INFO:b1k.shared.eval_b1k_wrapper:🔧 Gripper variation: Compression disabled (mean: 0.2738, max: 0.5757)
INFO:b1k.shared.eval_b1k_wrapper:🔧 Gripper variation: Compression disabled (mean: 0.1855, max: 0.5943)
INFO:b1k.shared.eval_b1k_wrapper:📊 Step 21700 | Task: 27 | Stage: 9/14 | Predictions: 1085
INFO:b1k.shared.eval_b1k_wrapper:🔧 Gripper variation: Compression disabled (mean: 0.7953, max: 0.4675)
INFO:b1k.shared.eval_b1k_wrapper:🔧 Gripper variation: Compression disabled (mean: 0.4795, max: 0.5218)
INFO:b1k.shared.eval_b1k_wrapper:🔧 Gripper variation: Compression disabled (mean: 0.3689, max: 0.5132)
INFO:b1k.shared.eval_b1k_wrapper:🔧 Gripper variation: Compression disabled (mean: 0.5069, max: 0.8199)
INFO:b1k.shared.eval_b1k_wrapper:🔧 Gripper variation: Compression disabled (mean: 0.2547, max: 0.3973)
INFO:b1k.shared.eval_b1k_wrapper:🎯 Prediction #1090 | Actions: uncompressed (20) | Inpainting: True
INFO:b1k.shared.eval_b1k_wrapper:📊 Step 21800 | Task: 27 | Stage: 9/14 | Predictions: 1090
INFO:b1k.shared.eval_b1k_wrapper:🔧 Gripper variation: Compression disabled (mean: 0.5239, max: 0.7361)
INFO:b1k.shared.eval_b1k_wrapper:🔧 Gripper variation: Compression disabled (mean: 0.6810, max: 0.6746)
INFO:b1k.shared.eval_b1k_wrapper:🔧 Gripper variation: Compression disabled (mean: 0.1605, max: 0.9033)
INFO:b1k.shared.eval_b1k_wrapper:🔧 Gripper variation: Compression disabled (mean: 0.3528, max: 0.4116)
INFO:b1k.shared.eval_b1k_wrapper:🔧 Gripper variation: Compression disabled (mean: 0.3887, max: 0.8530)
INFO:b1k.shared.eval_b1k_wrapper:📊 Step 21900 | Task: 27 | Stage: 9/14 | Predictions: 1095
INFO:b1k.shared.eval_b1k_wrapper:🔧 Gripper variation: Compression disabled (mean: 0.5072, max: 0.9290)
INFO:b1k.shared.eval_b1k_wrapper:🔧 Gripper variation: Compression disabled (mean: 0.8084, max: 0.5403)
INFO:b1k.shared.eval_b1k_wrapper:🔧 Gripper variation: Compression disabled (mean: 0.6919, max: 0.7302)
INFO:b1k.shared.eval_b1k_wrapper:🔧 Gripper variation: Compression disabled (mean: 0.5771, max: 0.7124)
INFO:b1k.shared.eval_b1k_wrapper:🔧 Gripper variation: Compression disabled (mean: 0.3222, max: 0.7769)
INFO:b1k.shared.eval_b1k_wrapper:🎯 Prediction #1100 | Actions: uncompressed (20) | Inpainting: True
INFO:b1k.shared.eval_b1k_wrapper:📊 Step 22000 | Task: 27 | Stage: 9/14 | Predictions: 1100
INFO:b1k.shared.eval_b1k_wrapper:🔧 Gripper variation: Compression disabled (mean: 0.3257, max: 0.4955)
INFO:b1k.shared.eval_b1k_wrapper:🔧 Gripper variation: Compression disabled (mean: 0.5849, max: 0.6504)
INFO:b1k.shared.eval_b1k_wrapper:🔧 Gripper variation: Compression disabled (mean: 0.5017, max: 0.7290)
INFO:b1k.shared.eval_b1k_wrapper:🔧 Gripper variation: Compression disabled (mean: 0.6659, max: 0.9736)
INFO:b1k.shared.eval_b1k_wrapper:🔧 Gripper variation: Compression disabled (mean: 0.6114, max: 0.5802)
INFO:b1k.shared.eval_b1k_wrapper:📊 Step 22100 | Task: 27 | Stage: 9/14 | Predictions: 1105
INFO:b1k.shared.eval_b1k_wrapper:🔧 Gripper variation: Compression disabled (mean: 0.7182, max: 0.7505)
INFO:b1k.shared.eval_b1k_wrapper:🔧 Gripper variation: Compression disabled (mean: 0.7262, max: 0.6376)
INFO:b1k.shared.eval_b1k_wrapper:🔧 Gripper variation: Compression disabled (mean: 0.7207, max: 0.6690)
INFO:b1k.shared.eval_b1k_wrapper:🎯 Prediction #1110 | Actions: compressed 26→20 | Inpainting: True
INFO:b1k.shared.eval_b1k_wrapper:📊 Step 22200 | Task: 27 | Stage: 9/14 | Predictions: 1110
INFO:b1k.shared.eval_b1k_wrapper:📊 Step 22300 | Task: 27 | Stage: 9/14 | Predictions: 1115
INFO:b1k.shared.eval_b1k_wrapper:🎯 Prediction #1120 | Actions: compressed 26→20 | Inpainting: True
INFO:b1k.shared.eval_b1k_wrapper:📊 Step 22400 | Task: 27 | Stage: 9/14 | Predictions: 1120
INFO:b1k.shared.eval_b1k_wrapper:📊 Step 22500 | Task: 27 | Stage: 9/14 | Predictions: 1125
INFO:b1k.shared.eval_b1k_wrapper:🎯 Prediction #1130 | Actions: compressed 26→20 | Inpainting: True
INFO:b1k.shared.eval_b1k_wrapper:📊 Step 22600 | Task: 27 | Stage: 9/14 | Predictions: 1130
INFO:b1k.shared.eval_b1k_wrapper:📊 Step 22700 | Task: 27 | Stage: 9/14 | Predictions: 1135
INFO:b1k.shared.eval_b1k_wrapper:🎯 Prediction #1140 | Actions: compressed 26→20 | Inpainting: True
INFO:b1k.shared.eval_b1k_wrapper:📊 Step 22800 | Task: 27 | Stage: 9/14 | Predictions: 1140
INFO:b1k.shared.eval_b1k_wrapper:📊 Step 22900 | Task: 27 | Stage: 9/14 | Predictions: 1145
INFO:b1k.shared.eval_b1k_wrapper:🎯 Prediction #1150 | Actions: compressed 26→20 | Inpainting: True
INFO:b1k.shared.eval_b1k_wrapper:📊 Step 23000 | Task: 27 | Stage: 9/14 | Predictions: 1150
INFO:b1k.shared.eval_b1k_wrapper:📊 Step 23100 | Task: 27 | Stage: 9/14 | Predictions: 1155
INFO:b1k.shared.eval_b1k_wrapper:🎯 Prediction #1160 | Actions: compressed 26→20 | Inpainting: True
INFO:b1k.shared.eval_b1k_wrapper:📊 Step 23200 | Task: 27 | Stage: 9/14 | Predictions: 1160
INFO:b1k.shared.eval_b1k_wrapper:📊 Step 23300 | Task: 27 | Stage: 9/14 | Predictions: 1165
INFO:b1k.shared.eval_b1k_wrapper:🔧 Gripper variation: Compression disabled (mean: 0.4776, max: 0.7716)
INFO:b1k.shared.eval_b1k_wrapper:🔧 Gripper variation: Compression disabled (mean: 0.2869, max: 0.4124)
INFO:b1k.shared.eval_b1k_wrapper:🔧 Gripper variation: Compression disabled (mean: 0.3082, max: 0.2438)
INFO:b1k.shared.eval_b1k_wrapper:🔧 Gripper variation: Compression disabled (mean: 0.5850, max: 0.5368)
INFO:b1k.shared.eval_b1k_wrapper:🎯 Prediction #1170 | Actions: compressed 26→20 | Inpainting: True
INFO:b1k.shared.eval_b1k_wrapper:📊 Step 23400 | Task: 27 | Stage: 9/14 | Predictions: 1170
INFO:b1k.shared.eval_b1k_wrapper:📊 Step 23500 | Task: 27 | Stage: 9/14 | Predictions: 1175
INFO:b1k.shared.eval_b1k_wrapper:🎯 Prediction #1180 | Actions: compressed 26→20 | Inpainting: True
INFO:b1k.shared.eval_b1k_wrapper:📊 Step 23600 | Task: 27 | Stage: 9/14 | Predictions: 1180
INFO:b1k.shared.eval_b1k_wrapper:🔧 Gripper variation: Compression disabled (mean: 0.3768, max: 0.2756)
INFO:b1k.shared.eval_b1k_wrapper:🔧 Gripper variation: Compression disabled (mean: 0.2737, max: 0.2815)
INFO:b1k.shared.eval_b1k_wrapper:🔧 Gripper variation: Compression disabled (mean: 0.2204, max: 0.3759)
INFO:b1k.shared.eval_b1k_wrapper:📊 Step 23700 | Task: 27 | Stage: 9/14 | Predictions: 1185
INFO:websockets.server:connection closed
INFO:omnigibson.learning.utils.network_utils:Connection from ('127.0.0.1', 35524) closed
INFO:websockets.server:HTTP response sent (200 OK)
INFO:websockets.server:connection closed
INFO:websockets.server:connection open
INFO:omnigibson.learning.utils.network_utils:Connection from ('127.0.0.1', 43264) opened
INFO:b1k.shared.eval_b1k_wrapper:Policy reset - Task ID: 27, Action horizon: 30
INFO:b1k.shared.eval_b1k_wrapper:📊 Step 100 | Task: 27 | Stage: 0/14 | Predictions: 5
INFO:b1k.shared.eval_b1k_wrapper:🎯 Prediction #10 | Actions: compressed 26→20 | Inpainting: True
INFO:b1k.shared.eval_b1k_wrapper:📊 Step 200 | Task: 27 | Stage: 0/14 | Predictions: 10
INFO:b1k.shared.eval_b1k_wrapper:📊 Step 300 | Task: 27 | Stage: 0/14 | Predictions: 15
INFO:b1k.shared.eval_b1k_wrapper:🎯 Prediction #20 | Actions: compressed 26→20 | Inpainting: True
INFO:b1k.shared.eval_b1k_wrapper:📊 Step 400 | Task: 27 | Stage: 0/14 | Predictions: 20
INFO:b1k.shared.eval_b1k_wrapper:📊 Step 500 | Task: 27 | Stage: 0/14 | Predictions: 25
INFO:b1k.shared.eval_b1k_wrapper:🎯 Prediction #30 | Actions: compressed 26→20 | Inpainting: True
INFO:b1k.shared.eval_b1k_wrapper:📊 Step 600 | Task: 27 | Stage: 0/14 | Predictions: 30
INFO:b1k.shared.eval_b1k_wrapper:📊 Step 700 | Task: 27 | Stage: 0/14 | Predictions: 35
INFO:b1k.shared.eval_b1k_wrapper:🎯 Prediction #40 | Actions: compressed 26→20 | Inpainting: True
INFO:b1k.shared.eval_b1k_wrapper:⬆️  Stage advanced: 0 → 1 (task 27, step 780)
INFO:b1k.shared.eval_b1k_wrapper:📊 Step 800 | Task: 27 | Stage: 1/14 | Predictions: 40
INFO:b1k.shared.eval_b1k_wrapper:📊 Step 900 | Task: 27 | Stage: 1/14 | Predictions: 45
INFO:b1k.shared.eval_b1k_wrapper:🎯 Prediction #50 | Actions: compressed 26→20 | Inpainting: True
INFO:b1k.shared.eval_b1k_wrapper:📊 Step 1000 | Task: 27 | Stage: 1/14 | Predictions: 50
INFO:b1k.shared.eval_b1k_wrapper:📊 Step 1100 | Task: 27 | Stage: 1/14 | Predictions: 55
INFO:b1k.shared.eval_b1k_wrapper:🔧 Gripper variation: Compression disabled (mean: 0.0029, max: 2.0124)
INFO:b1k.shared.eval_b1k_wrapper:🎯 Prediction #60 | Actions: compressed 26→20 | Inpainting: True
INFO:b1k.shared.eval_b1k_wrapper:📊 Step 1200 | Task: 27 | Stage: 1/14 | Predictions: 60
INFO:b1k.shared.correction_rules:🔧 GENERAL GRIPPER CORRECTION: Task 27, Stage 1
INFO:b1k.shared.correction_rules:   Right gripper closed (-0.9975) → Opening to 1.0
INFO:b1k.shared.eval_b1k_wrapper:🔧 Correction rule: Actions modified (max diff: 2.0054, task 27, stage 1)
INFO:b1k.shared.eval_b1k_wrapper:🔧 Gripper variation: Compression disabled (mean: 0.6097, max: 0.6231)
INFO:b1k.shared.eval_b1k_wrapper:🔧 Gripper variation: Compression disabled (mean: 0.0064, max: 2.0063)
INFO:b1k.shared.eval_b1k_wrapper:📊 Step 1300 | Task: 27 | Stage: 1/14 | Predictions: 65
INFO:b1k.shared.correction_rules:🔧 GENERAL GRIPPER CORRECTION: Task 27, Stage 1
INFO:b1k.shared.correction_rules:   Right gripper closed (-1.0000) → Opening to 1.0
INFO:b1k.shared.eval_b1k_wrapper:🔧 Correction rule: Actions modified (max diff: 2.0040, task 27, stage 1)
INFO:b1k.shared.eval_b1k_wrapper:🔧 Gripper variation: Compression disabled (mean: 0.0054, max: 2.0069)
INFO:b1k.shared.correction_rules:🔧 GENERAL GRIPPER CORRECTION: Task 27, Stage 1
INFO:b1k.shared.correction_rules:   Right gripper closed (-0.9817) → Opening to 1.0
INFO:b1k.shared.eval_b1k_wrapper:🔧 Correction rule: Actions modified (max diff: 2.0065, task 27, stage 1)
INFO:b1k.shared.eval_b1k_wrapper:🔧 Gripper variation: Compression disabled (mean: 0.6109, max: 1.7038)
INFO:b1k.shared.eval_b1k_wrapper:⬆️  Stage advanced: 1 → 2 (task 27, step 1360)
INFO:b1k.shared.eval_b1k_wrapper:🎯 Prediction #70 | Actions: compressed 26→20 | Inpainting: True
INFO:b1k.shared.eval_b1k_wrapper:📊 Step 1400 | Task: 27 | Stage: 2/14 | Predictions: 70
INFO:b1k.shared.correction_rules:🔧 GENERAL GRIPPER CORRECTION: Task 27, Stage 2
INFO:b1k.shared.correction_rules:   Right gripper closed (-0.9961) → Opening to 1.0
INFO:b1k.shared.eval_b1k_wrapper:🔧 Correction rule: Actions modified (max diff: 2.0028, task 27, stage 2)
INFO:b1k.shared.eval_b1k_wrapper:🔧 Gripper variation: Compression disabled (mean: 0.4690, max: 1.9128)
INFO:b1k.shared.eval_b1k_wrapper:⬅️  Stage went back: 2 → 1 (task 27, step 1420)
INFO:b1k.shared.correction_rules:🔧 GENERAL GRIPPER CORRECTION: Task 27, Stage 1
INFO:b1k.shared.correction_rules:   Right gripper closed (-0.9999) → Opening to 1.0
INFO:b1k.shared.eval_b1k_wrapper:🔧 Correction rule: Actions modified (max diff: 2.0038, task 27, stage 1)
INFO:b1k.shared.eval_b1k_wrapper:📊 Step 1500 | Task: 27 | Stage: 1/14 | Predictions: 75
INFO:b1k.shared.eval_b1k_wrapper:🔧 Gripper variation: Compression disabled (mean: 0.0056, max: 2.0040)
INFO:b1k.shared.correction_rules:🔧 GENERAL GRIPPER CORRECTION: Task 27, Stage 1
INFO:b1k.shared.correction_rules:   Right gripper closed (-1.0000) → Opening to 1.0
INFO:b1k.shared.eval_b1k_wrapper:🔧 Correction rule: Actions modified (max diff: 2.0050, task 27, stage 1)
INFO:b1k.shared.eval_b1k_wrapper:🎯 Prediction #80 | Actions: compressed 26→20 | Inpainting: True
INFO:b1k.shared.eval_b1k_wrapper:📊 Step 1600 | Task: 27 | Stage: 1/14 | Predictions: 80
INFO:b1k.shared.eval_b1k_wrapper:🔧 Gripper variation: Compression disabled (mean: 0.0107, max: 2.0016)
INFO:b1k.shared.eval_b1k_wrapper:📊 Step 1700 | Task: 27 | Stage: 1/14 | Predictions: 85
INFO:b1k.shared.eval_b1k_wrapper:🎯 Prediction #90 | Actions: compressed 26→20 | Inpainting: True
INFO:b1k.shared.eval_b1k_wrapper:📊 Step 1800 | Task: 27 | Stage: 1/14 | Predictions: 90
INFO:b1k.shared.eval_b1k_wrapper:📊 Step 1900 | Task: 27 | Stage: 1/14 | Predictions: 95
INFO:b1k.shared.eval_b1k_wrapper:🔧 Gripper variation: Compression disabled (mean: 0.0102, max: 1.9987)
INFO:b1k.shared.eval_b1k_wrapper:🔧 Gripper variation: Compression disabled (mean: 0.0068, max: 1.9876)
INFO:b1k.shared.eval_b1k_wrapper:🎯 Prediction #100 | Actions: uncompressed (20) | Inpainting: True
INFO:b1k.shared.eval_b1k_wrapper:📊 Step 2000 | Task: 27 | Stage: 1/14 | Predictions: 100
INFO:b1k.shared.eval_b1k_wrapper:⬆️  Stage advanced: 1 → 2 (task 27, step 2020)
INFO:b1k.shared.eval_b1k_wrapper:📊 Step 2100 | Task: 27 | Stage: 2/14 | Predictions: 105
INFO:b1k.shared.eval_b1k_wrapper:🎯 Prediction #110 | Actions: compressed 26→20 | Inpainting: True
INFO:b1k.shared.eval_b1k_wrapper:📊 Step 2200 | Task: 27 | Stage: 2/14 | Predictions: 110
INFO:b1k.shared.eval_b1k_wrapper:📊 Step 2300 | Task: 27 | Stage: 2/14 | Predictions: 115
INFO:b1k.shared.eval_b1k_wrapper:🎯 Prediction #120 | Actions: compressed 26→20 | Inpainting: True
INFO:b1k.shared.eval_b1k_wrapper:📊 Step 2400 | Task: 27 | Stage: 2/14 | Predictions: 120
INFO:b1k.shared.eval_b1k_wrapper:📊 Step 2500 | Task: 27 | Stage: 2/14 | Predictions: 125
INFO:b1k.shared.eval_b1k_wrapper:🎯 Prediction #130 | Actions: compressed 26→20 | Inpainting: True
INFO:b1k.shared.eval_b1k_wrapper:📊 Step 2600 | Task: 27 | Stage: 2/14 | Predictions: 130
INFO:b1k.shared.eval_b1k_wrapper:📊 Step 2700 | Task: 27 | Stage: 2/14 | Predictions: 135
INFO:b1k.shared.eval_b1k_wrapper:⬆️  Stage advanced: 2 → 3 (task 27, step 2760)
INFO:b1k.shared.eval_b1k_wrapper:🎯 Prediction #140 | Actions: compressed 26→20 | Inpainting: True
INFO:b1k.shared.eval_b1k_wrapper:📊 Step 2800 | Task: 27 | Stage: 3/14 | Predictions: 140
INFO:b1k.shared.eval_b1k_wrapper:🔧 Gripper variation: Compression disabled (mean: 0.1265, max: 0.6931)
INFO:b1k.shared.eval_b1k_wrapper:🔧 Gripper variation: Compression disabled (mean: 0.2460, max: 0.2759)
INFO:b1k.shared.eval_b1k_wrapper:📊 Step 2900 | Task: 27 | Stage: 3/14 | Predictions: 145
INFO:b1k.shared.eval_b1k_wrapper:⬅️  Stage went back: 3 → 2 (task 27, step 2940)
INFO:b1k.shared.eval_b1k_wrapper:🎯 Prediction #150 | Actions: compressed 26→20 | Inpainting: True
INFO:b1k.shared.eval_b1k_wrapper:📊 Step 3000 | Task: 27 | Stage: 2/14 | Predictions: 150
INFO:b1k.shared.eval_b1k_wrapper:📊 Step 3100 | Task: 27 | Stage: 2/14 | Predictions: 155
INFO:b1k.shared.eval_b1k_wrapper:⏭️  Stage skipped: 2 → 3 (task 27, step 3100)
INFO:b1k.shared.eval_b1k_wrapper:⬅️  Stage went back: 3 → 2 (task 27, step 3160)
INFO:b1k.shared.eval_b1k_wrapper:🎯 Prediction #160 | Actions: compressed 26→20 | Inpainting: True
INFO:b1k.shared.eval_b1k_wrapper:📊 Step 3200 | Task: 27 | Stage: 2/14 | Predictions: 160
INFO:b1k.shared.eval_b1k_wrapper:📊 Step 3300 | Task: 27 | Stage: 2/14 | Predictions: 165
INFO:b1k.shared.eval_b1k_wrapper:🎯 Prediction #170 | Actions: compressed 26→20 | Inpainting: True
INFO:b1k.shared.eval_b1k_wrapper:📊 Step 3400 | Task: 27 | Stage: 2/14 | Predictions: 170
INFO:b1k.shared.eval_b1k_wrapper:⬆️  Stage advanced: 2 → 3 (task 27, step 3440)
INFO:b1k.shared.eval_b1k_wrapper:📊 Step 3500 | Task: 27 | Stage: 3/14 | Predictions: 175
INFO:b1k.shared.eval_b1k_wrapper:🎯 Prediction #180 | Actions: compressed 26→20 | Inpainting: True
INFO:b1k.shared.eval_b1k_wrapper:📊 Step 3600 | Task: 27 | Stage: 3/14 | Predictions: 180
INFO:b1k.shared.eval_b1k_wrapper:📊 Step 3700 | Task: 27 | Stage: 3/14 | Predictions: 185
INFO:b1k.shared.eval_b1k_wrapper:🎯 Prediction #190 | Actions: compressed 26→20 | Inpainting: True
INFO:b1k.shared.eval_b1k_wrapper:📊 Step 3800 | Task: 27 | Stage: 3/14 | Predictions: 190
INFO:b1k.shared.eval_b1k_wrapper:📊 Step 3900 | Task: 27 | Stage: 3/14 | Predictions: 195
INFO:b1k.shared.eval_b1k_wrapper:🎯 Prediction #200 | Actions: compressed 26→20 | Inpainting: True
INFO:b1k.shared.eval_b1k_wrapper:📊 Step 4000 | Task: 27 | Stage: 3/14 | Predictions: 200
INFO:b1k.shared.eval_b1k_wrapper:⬅️  Stage went back: 3 → 2 (task 27, step 4060)
INFO:b1k.shared.eval_b1k_wrapper:📊 Step 4100 | Task: 27 | Stage: 2/14 | Predictions: 205
INFO:b1k.shared.eval_b1k_wrapper:🎯 Prediction #210 | Actions: compressed 26→20 | Inpainting: True
INFO:b1k.shared.eval_b1k_wrapper:📊 Step 4200 | Task: 27 | Stage: 2/14 | Predictions: 210
INFO:b1k.shared.eval_b1k_wrapper:📊 Step 4300 | Task: 27 | Stage: 2/14 | Predictions: 215
INFO:b1k.shared.eval_b1k_wrapper:🎯 Prediction #220 | Actions: compressed 26→20 | Inpainting: True
INFO:b1k.shared.eval_b1k_wrapper:📊 Step 4400 | Task: 27 | Stage: 2/14 | Predictions: 220
INFO:b1k.shared.eval_b1k_wrapper:📊 Step 4500 | Task: 27 | Stage: 2/14 | Predictions: 225
INFO:b1k.shared.eval_b1k_wrapper:🎯 Prediction #230 | Actions: compressed 26→20 | Inpainting: True
INFO:b1k.shared.eval_b1k_wrapper:⬆️  Stage advanced: 2 → 3 (task 27, step 4580)
INFO:b1k.shared.eval_b1k_wrapper:📊 Step 4600 | Task: 27 | Stage: 3/14 | Predictions: 230
INFO:b1k.shared.eval_b1k_wrapper:📊 Step 4700 | Task: 27 | Stage: 3/14 | Predictions: 235
INFO:b1k.shared.eval_b1k_wrapper:🎯 Prediction #240 | Actions: compressed 26→20 | Inpainting: True
INFO:b1k.shared.eval_b1k_wrapper:📊 Step 4800 | Task: 27 | Stage: 3/14 | Predictions: 240
INFO:b1k.shared.eval_b1k_wrapper:📊 Step 4900 | Task: 27 | Stage: 3/14 | Predictions: 245
INFO:b1k.shared.eval_b1k_wrapper:🔧 Gripper variation: Compression disabled (mean: 2.0056, max: 0.0038)
INFO:b1k.shared.eval_b1k_wrapper:🎯 Prediction #250 | Actions: compressed 26→20 | Inpainting: True
INFO:b1k.shared.eval_b1k_wrapper:📊 Step 5000 | Task: 27 | Stage: 3/14 | Predictions: 250
INFO:b1k.shared.eval_b1k_wrapper:🔧 Gripper variation: Compression disabled (mean: 2.0182, max: 0.0063)
INFO:b1k.shared.eval_b1k_wrapper:📊 Step 5100 | Task: 27 | Stage: 3/14 | Predictions: 255
INFO:b1k.shared.eval_b1k_wrapper:🔧 Gripper variation: Compression disabled (mean: 2.0302, max: 0.0119)
INFO:b1k.shared.eval_b1k_wrapper:🔧 Gripper variation: Compression disabled (mean: 2.0084, max: 0.0108)
INFO:b1k.shared.eval_b1k_wrapper:🎯 Prediction #260 | Actions: uncompressed (20) | Inpainting: True
INFO:b1k.shared.eval_b1k_wrapper:📊 Step 5200 | Task: 27 | Stage: 3/14 | Predictions: 260
INFO:b1k.shared.eval_b1k_wrapper:🔧 Gripper variation: Compression disabled (mean: 2.0141, max: 0.0074)
INFO:b1k.shared.eval_b1k_wrapper:📊 Step 5300 | Task: 27 | Stage: 3/14 | Predictions: 265
INFO:b1k.shared.eval_b1k_wrapper:🎯 Prediction #270 | Actions: compressed 26→20 | Inpainting: True
INFO:b1k.shared.eval_b1k_wrapper:📊 Step 5400 | Task: 27 | Stage: 3/14 | Predictions: 270
INFO:b1k.shared.eval_b1k_wrapper:📊 Step 5500 | Task: 27 | Stage: 3/14 | Predictions: 275
INFO:b1k.shared.eval_b1k_wrapper:🎯 Prediction #280 | Actions: compressed 26→20 | Inpainting: True
INFO:b1k.shared.eval_b1k_wrapper:📊 Step 5600 | Task: 27 | Stage: 3/14 | Predictions: 280
INFO:b1k.shared.eval_b1k_wrapper:🔧 Gripper variation: Compression disabled (mean: 0.0105, max: 2.0178)
INFO:b1k.shared.eval_b1k_wrapper:🔧 Gripper variation: Compression disabled (mean: 0.0178, max: 2.0226)
INFO:b1k.shared.eval_b1k_wrapper:🔧 Gripper variation: Compression disabled (mean: 0.0559, max: 2.0348)
INFO:b1k.shared.eval_b1k_wrapper:📊 Step 5700 | Task: 27 | Stage: 3/14 | Predictions: 285
INFO:b1k.shared.eval_b1k_wrapper:⬆️  Stage advanced: 3 → 4 (task 27, step 5720)
INFO:b1k.shared.eval_b1k_wrapper:🎯 Prediction #290 | Actions: compressed 26→20 | Inpainting: True
INFO:b1k.shared.eval_b1k_wrapper:📊 Step 5800 | Task: 27 | Stage: 4/14 | Predictions: 290
INFO:b1k.shared.eval_b1k_wrapper:🔧 Gripper variation: Compression disabled (mean: 0.1337, max: 0.2528)
INFO:b1k.shared.eval_b1k_wrapper:📊 Step 5900 | Task: 27 | Stage: 4/14 | Predictions: 295
INFO:b1k.shared.eval_b1k_wrapper:🔧 Gripper variation: Compression disabled (mean: 0.1417, max: 0.4612)
INFO:b1k.shared.eval_b1k_wrapper:🔧 Gripper variation: Compression disabled (mean: 0.4582, max: 0.3325)
INFO:b1k.shared.eval_b1k_wrapper:⬆️  Stage advanced: 4 → 5 (task 27, step 5940)
INFO:b1k.shared.eval_b1k_wrapper:🔧 Gripper variation: Compression disabled (mean: 0.5105, max: 1.3911)
INFO:b1k.shared.eval_b1k_wrapper:🎯 Prediction #300 | Actions: compressed 26→20 | Inpainting: True
INFO:b1k.shared.eval_b1k_wrapper:📊 Step 6000 | Task: 27 | Stage: 5/14 | Predictions: 300
INFO:b1k.shared.eval_b1k_wrapper:🔧 Gripper variation: Compression disabled (mean: 0.1336, max: 0.2239)
INFO:b1k.shared.eval_b1k_wrapper:🔧 Gripper variation: Compression disabled (mean: 0.0653, max: 0.2998)
INFO:b1k.shared.eval_b1k_wrapper:📊 Step 6100 | Task: 27 | Stage: 5/14 | Predictions: 305
INFO:b1k.shared.eval_b1k_wrapper:🎯 Prediction #310 | Actions: compressed 26→20 | Inpainting: True
INFO:b1k.shared.eval_b1k_wrapper:📊 Step 6200 | Task: 27 | Stage: 5/14 | Predictions: 310
INFO:b1k.shared.eval_b1k_wrapper:⬅️  Stage went back: 5 → 4 (task 27, step 6260)
INFO:b1k.shared.eval_b1k_wrapper:📊 Step 6300 | Task: 27 | Stage: 4/14 | Predictions: 315
INFO:b1k.shared.eval_b1k_wrapper:⬆️  Stage advanced: 4 → 5 (task 27, step 6360)
INFO:b1k.shared.eval_b1k_wrapper:🎯 Prediction #320 | Actions: compressed 26→20 | Inpainting: True
INFO:b1k.shared.eval_b1k_wrapper:📊 Step 6400 | Task: 27 | Stage: 5/14 | Predictions: 320
INFO:b1k.shared.eval_b1k_wrapper:📊 Step 6500 | Task: 27 | Stage: 5/14 | Predictions: 325
INFO:b1k.shared.eval_b1k_wrapper:🎯 Prediction #330 | Actions: compressed 26→20 | Inpainting: True
INFO:b1k.shared.eval_b1k_wrapper:📊 Step 6600 | Task: 27 | Stage: 5/14 | Predictions: 330
INFO:b1k.shared.eval_b1k_wrapper:📊 Step 6700 | Task: 27 | Stage: 5/14 | Predictions: 335
INFO:b1k.shared.eval_b1k_wrapper:🎯 Prediction #340 | Actions: compressed 26→20 | Inpainting: True
INFO:b1k.shared.eval_b1k_wrapper:📊 Step 6800 | Task: 27 | Stage: 5/14 | Predictions: 340
INFO:b1k.shared.eval_b1k_wrapper:⬅️  Stage went back: 5 → 4 (task 27, step 6860)
INFO:b1k.shared.eval_b1k_wrapper:📊 Step 6900 | Task: 27 | Stage: 4/14 | Predictions: 345
INFO:b1k.shared.eval_b1k_wrapper:🎯 Prediction #350 | Actions: compressed 26→20 | Inpainting: True
INFO:b1k.shared.eval_b1k_wrapper:📊 Step 7000 | Task: 27 | Stage: 4/14 | Predictions: 350
INFO:b1k.shared.eval_b1k_wrapper:⬆️  Stage advanced: 4 → 5 (task 27, step 7060)
INFO:b1k.shared.eval_b1k_wrapper:📊 Step 7100 | Task: 27 | Stage: 5/14 | Predictions: 355
INFO:b1k.shared.eval_b1k_wrapper:🎯 Prediction #360 | Actions: compressed 26→20 | Inpainting: True
INFO:b1k.shared.eval_b1k_wrapper:📊 Step 7200 | Task: 27 | Stage: 5/14 | Predictions: 360
INFO:b1k.shared.eval_b1k_wrapper:📊 Step 7300 | Task: 27 | Stage: 5/14 | Predictions: 365
INFO:b1k.shared.eval_b1k_wrapper:🎯 Prediction #370 | Actions: compressed 26→20 | Inpainting: True
INFO:b1k.shared.eval_b1k_wrapper:📊 Step 7400 | Task: 27 | Stage: 5/14 | Predictions: 370
INFO:b1k.shared.eval_b1k_wrapper:📊 Step 7500 | Task: 27 | Stage: 5/14 | Predictions: 375
INFO:b1k.shared.eval_b1k_wrapper:🎯 Prediction #380 | Actions: compressed 26→20 | Inpainting: True
INFO:b1k.shared.eval_b1k_wrapper:📊 Step 7600 | Task: 27 | Stage: 5/14 | Predictions: 380
INFO:b1k.shared.eval_b1k_wrapper:📊 Step 7700 | Task: 27 | Stage: 5/14 | Predictions: 385
INFO:b1k.shared.eval_b1k_wrapper:⬅️  Stage went back: 5 → 4 (task 27, step 7740)
INFO:b1k.shared.eval_b1k_wrapper:🎯 Prediction #390 | Actions: compressed 26→20 | Inpainting: True
INFO:b1k.shared.eval_b1k_wrapper:📊 Step 7800 | Task: 27 | Stage: 4/14 | Predictions: 390
INFO:b1k.shared.eval_b1k_wrapper:🔧 Gripper variation: Compression disabled (mean: 0.2352, max: 0.2415)
INFO:b1k.shared.eval_b1k_wrapper:⬆️  Stage advanced: 4 → 5 (task 27, step 7860)
INFO:b1k.shared.eval_b1k_wrapper:📊 Step 7900 | Task: 27 | Stage: 5/14 | Predictions: 395
INFO:b1k.shared.eval_b1k_wrapper:🎯 Prediction #400 | Actions: compressed 26→20 | Inpainting: True
INFO:b1k.shared.eval_b1k_wrapper:📊 Step 8000 | Task: 27 | Stage: 5/14 | Predictions: 400
INFO:b1k.shared.eval_b1k_wrapper:📊 Step 8100 | Task: 27 | Stage: 5/14 | Predictions: 405
INFO:b1k.shared.eval_b1k_wrapper:⬅️  Stage went back: 5 → 4 (task 27, step 8120)
INFO:b1k.shared.eval_b1k_wrapper:🎯 Prediction #410 | Actions: compressed 26→20 | Inpainting: True
INFO:b1k.shared.eval_b1k_wrapper:⬆️  Stage advanced: 4 → 5 (task 27, step 8180)
INFO:b1k.shared.eval_b1k_wrapper:📊 Step 8200 | Task: 27 | Stage: 5/14 | Predictions: 410
INFO:b1k.shared.eval_b1k_wrapper:🔧 Gripper variation: Compression disabled (mean: 0.2775, max: 0.2549)
INFO:b1k.shared.eval_b1k_wrapper:📊 Step 8300 | Task: 27 | Stage: 5/14 | Predictions: 415
INFO:b1k.shared.eval_b1k_wrapper:🎯 Prediction #420 | Actions: compressed 26→20 | Inpainting: True
INFO:b1k.shared.eval_b1k_wrapper:📊 Step 8400 | Task: 27 | Stage: 5/14 | Predictions: 420
INFO:b1k.shared.eval_b1k_wrapper:📊 Step 8500 | Task: 27 | Stage: 5/14 | Predictions: 425
INFO:b1k.shared.eval_b1k_wrapper:🎯 Prediction #430 | Actions: compressed 26→20 | Inpainting: True
INFO:b1k.shared.eval_b1k_wrapper:📊 Step 8600 | Task: 27 | Stage: 5/14 | Predictions: 430
INFO:b1k.shared.eval_b1k_wrapper:📊 Step 8700 | Task: 27 | Stage: 5/14 | Predictions: 435
INFO:b1k.shared.eval_b1k_wrapper:🎯 Prediction #440 | Actions: compressed 26→20 | Inpainting: True
INFO:b1k.shared.eval_b1k_wrapper:📊 Step 8800 | Task: 27 | Stage: 5/14 | Predictions: 440
INFO:b1k.shared.eval_b1k_wrapper:📊 Step 8900 | Task: 27 | Stage: 5/14 | Predictions: 445
INFO:b1k.shared.eval_b1k_wrapper:🎯 Prediction #450 | Actions: compressed 26→20 | Inpainting: True
INFO:b1k.shared.eval_b1k_wrapper:📊 Step 9000 | Task: 27 | Stage: 5/14 | Predictions: 450
INFO:b1k.shared.eval_b1k_wrapper:📊 Step 9100 | Task: 27 | Stage: 5/14 | Predictions: 455
INFO:b1k.shared.eval_b1k_wrapper:🎯 Prediction #460 | Actions: compressed 26→20 | Inpainting: True
INFO:b1k.shared.eval_b1k_wrapper:📊 Step 9200 | Task: 27 | Stage: 5/14 | Predictions: 460
INFO:b1k.shared.eval_b1k_wrapper:📊 Step 9300 | Task: 27 | Stage: 5/14 | Predictions: 465
INFO:b1k.shared.eval_b1k_wrapper:🎯 Prediction #470 | Actions: compressed 26→20 | Inpainting: True
INFO:b1k.shared.eval_b1k_wrapper:📊 Step 9400 | Task: 27 | Stage: 5/14 | Predictions: 470
INFO:b1k.shared.eval_b1k_wrapper:📊 Step 9500 | Task: 27 | Stage: 5/14 | Predictions: 475
INFO:b1k.shared.eval_b1k_wrapper:🎯 Prediction #480 | Actions: compressed 26→20 | Inpainting: True
INFO:b1k.shared.eval_b1k_wrapper:📊 Step 9600 | Task: 27 | Stage: 5/14 | Predictions: 480
INFO:b1k.shared.eval_b1k_wrapper:📊 Step 9700 | Task: 27 | Stage: 5/14 | Predictions: 485
INFO:b1k.shared.eval_b1k_wrapper:⬆️  Stage advanced: 5 → 6 (task 27, step 9720)
INFO:b1k.shared.eval_b1k_wrapper:🎯 Prediction #490 | Actions: compressed 26→20 | Inpainting: True
INFO:b1k.shared.eval_b1k_wrapper:📊 Step 9800 | Task: 27 | Stage: 6/14 | Predictions: 490
INFO:b1k.shared.eval_b1k_wrapper:⬅️  Stage went back: 6 → 5 (task 27, step 9840)
INFO:b1k.shared.eval_b1k_wrapper:📊 Step 9900 | Task: 27 | Stage: 5/14 | Predictions: 495
INFO:b1k.shared.eval_b1k_wrapper:🎯 Prediction #500 | Actions: compressed 26→20 | Inpainting: True
INFO:b1k.shared.eval_b1k_wrapper:📊 Step 10000 | Task: 27 | Stage: 5/14 | Predictions: 500
INFO:b1k.shared.eval_b1k_wrapper:📊 Step 10100 | Task: 27 | Stage: 5/14 | Predictions: 505
INFO:b1k.shared.eval_b1k_wrapper:⬆️  Stage advanced: 5 → 6 (task 27, step 10140)
INFO:b1k.shared.eval_b1k_wrapper:🎯 Prediction #510 | Actions: compressed 26→20 | Inpainting: True
INFO:b1k.shared.eval_b1k_wrapper:📊 Step 10200 | Task: 27 | Stage: 6/14 | Predictions: 510
INFO:b1k.shared.eval_b1k_wrapper:📊 Step 10300 | Task: 27 | Stage: 6/14 | Predictions: 515
INFO:b1k.shared.eval_b1k_wrapper:🎯 Prediction #520 | Actions: compressed 26→20 | Inpainting: True
INFO:b1k.shared.eval_b1k_wrapper:📊 Step 10400 | Task: 27 | Stage: 6/14 | Predictions: 520
INFO:b1k.shared.eval_b1k_wrapper:📊 Step 10500 | Task: 27 | Stage: 6/14 | Predictions: 525
INFO:b1k.shared.eval_b1k_wrapper:🔧 Gripper variation: Compression disabled (mean: 0.1155, max: 0.4618)
INFO:b1k.shared.eval_b1k_wrapper:🎯 Prediction #530 | Actions: compressed 26→20 | Inpainting: True
INFO:b1k.shared.eval_b1k_wrapper:📊 Step 10600 | Task: 27 | Stage: 6/14 | Predictions: 530
INFO:b1k.shared.eval_b1k_wrapper:📊 Step 10700 | Task: 27 | Stage: 6/14 | Predictions: 535
INFO:b1k.shared.eval_b1k_wrapper:🎯 Prediction #540 | Actions: compressed 26→20 | Inpainting: True
INFO:b1k.shared.eval_b1k_wrapper:📊 Step 10800 | Task: 27 | Stage: 6/14 | Predictions: 540
INFO:b1k.shared.eval_b1k_wrapper:📊 Step 10900 | Task: 27 | Stage: 6/14 | Predictions: 545
INFO:b1k.shared.eval_b1k_wrapper:🎯 Prediction #550 | Actions: compressed 26→20 | Inpainting: True
INFO:b1k.shared.eval_b1k_wrapper:📊 Step 11000 | Task: 27 | Stage: 6/14 | Predictions: 550
INFO:b1k.shared.eval_b1k_wrapper:📊 Step 11100 | Task: 27 | Stage: 6/14 | Predictions: 555
INFO:b1k.shared.eval_b1k_wrapper:🎯 Prediction #560 | Actions: compressed 26→20 | Inpainting: True
INFO:b1k.shared.eval_b1k_wrapper:📊 Step 11200 | Task: 27 | Stage: 6/14 | Predictions: 560
INFO:b1k.shared.eval_b1k_wrapper:⬅️  Stage went back: 6 → 5 (task 27, step 11240)
INFO:b1k.shared.eval_b1k_wrapper:📊 Step 11300 | Task: 27 | Stage: 5/14 | Predictions: 565
INFO:b1k.shared.eval_b1k_wrapper:🎯 Prediction #570 | Actions: compressed 26→20 | Inpainting: True
INFO:b1k.shared.eval_b1k_wrapper:⬅️  Stage went back: 5 → 4 (task 27, step 11380)
INFO:b1k.shared.eval_b1k_wrapper:📊 Step 11400 | Task: 27 | Stage: 4/14 | Predictions: 570
INFO:b1k.shared.eval_b1k_wrapper:📊 Step 11500 | Task: 27 | Stage: 4/14 | Predictions: 575
INFO:b1k.shared.eval_b1k_wrapper:⏭️  Stage skipped: 4 → 5 (task 27, step 11540)
INFO:b1k.shared.eval_b1k_wrapper:🎯 Prediction #580 | Actions: compressed 26→20 | Inpainting: True
INFO:b1k.shared.eval_b1k_wrapper:📊 Step 11600 | Task: 27 | Stage: 5/14 | Predictions: 580
INFO:b1k.shared.eval_b1k_wrapper:🔧 Gripper variation: Compression disabled (mean: 0.2645, max: 0.2749)
INFO:b1k.shared.eval_b1k_wrapper:⬆️  Stage advanced: 5 → 6 (task 27, step 11600)
INFO:b1k.shared.eval_b1k_wrapper:🔧 Gripper variation: Compression disabled (mean: 0.1915, max: 0.3495)
INFO:b1k.shared.eval_b1k_wrapper:🔧 Gripper variation: Compression disabled (mean: 0.5041, max: 0.5166)
INFO:b1k.shared.eval_b1k_wrapper:🔧 Gripper variation: Compression disabled (mean: 0.6248, max: 0.3141)
INFO:b1k.shared.eval_b1k_wrapper:📊 Step 11700 | Task: 27 | Stage: 6/14 | Predictions: 585
INFO:b1k.shared.eval_b1k_wrapper:🔧 Gripper variation: Compression disabled (mean: 0.8514, max: 0.4459)
INFO:b1k.shared.eval_b1k_wrapper:🎯 Prediction #590 | Actions: compressed 26→20 | Inpainting: True
INFO:b1k.shared.eval_b1k_wrapper:📊 Step 11800 | Task: 27 | Stage: 6/14 | Predictions: 590
INFO:b1k.shared.eval_b1k_wrapper:🔧 Gripper variation: Compression disabled (mean: 0.3359, max: 0.0945)
INFO:b1k.shared.eval_b1k_wrapper:⬅️  Stage went back: 6 → 5 (task 27, step 11880)
INFO:b1k.shared.eval_b1k_wrapper:📊 Step 11900 | Task: 27 | Stage: 5/14 | Predictions: 595
INFO:b1k.shared.eval_b1k_wrapper:🔧 Gripper variation: Compression disabled (mean: 0.1849, max: 0.2050)
INFO:b1k.shared.eval_b1k_wrapper:🔧 Gripper variation: Compression disabled (mean: 0.1301, max: 0.2236)
INFO:b1k.shared.eval_b1k_wrapper:🎯 Prediction #600 | Actions: compressed 26→20 | Inpainting: True
INFO:b1k.shared.eval_b1k_wrapper:📊 Step 12000 | Task: 27 | Stage: 5/14 | Predictions: 600
INFO:b1k.shared.eval_b1k_wrapper:📊 Step 12100 | Task: 27 | Stage: 5/14 | Predictions: 605
INFO:b1k.shared.eval_b1k_wrapper:⬆️  Stage advanced: 5 → 6 (task 27, step 12120)
INFO:b1k.shared.eval_b1k_wrapper:🎯 Prediction #610 | Actions: compressed 26→20 | Inpainting: True
INFO:b1k.shared.eval_b1k_wrapper:📊 Step 12200 | Task: 27 | Stage: 6/14 | Predictions: 610
INFO:b1k.shared.eval_b1k_wrapper:🔧 Gripper variation: Compression disabled (mean: 1.8187, max: 0.0851)
INFO:b1k.shared.eval_b1k_wrapper:📊 Step 12300 | Task: 27 | Stage: 6/14 | Predictions: 615
INFO:b1k.shared.eval_b1k_wrapper:🔧 Gripper variation: Compression disabled (mean: 0.0205, max: 2.1033)
INFO:b1k.shared.eval_b1k_wrapper:🔧 Gripper variation: Compression disabled (mean: 0.0087, max: 2.0015)
INFO:b1k.shared.eval_b1k_wrapper:🎯 Prediction #620 | Actions: compressed 26→20 | Inpainting: True
INFO:b1k.shared.eval_b1k_wrapper:📊 Step 12400 | Task: 27 | Stage: 6/14 | Predictions: 620
INFO:b1k.shared.eval_b1k_wrapper:📊 Step 12500 | Task: 27 | Stage: 6/14 | Predictions: 625
INFO:b1k.shared.eval_b1k_wrapper:🎯 Prediction #630 | Actions: compressed 26→20 | Inpainting: True
INFO:b1k.shared.eval_b1k_wrapper:📊 Step 12600 | Task: 27 | Stage: 6/14 | Predictions: 630
INFO:b1k.shared.eval_b1k_wrapper:📊 Step 12700 | Task: 27 | Stage: 6/14 | Predictions: 635
INFO:b1k.shared.eval_b1k_wrapper:🎯 Prediction #640 | Actions: compressed 26→20 | Inpainting: True
INFO:b1k.shared.eval_b1k_wrapper:📊 Step 12800 | Task: 27 | Stage: 6/14 | Predictions: 640
INFO:b1k.shared.eval_b1k_wrapper:📊 Step 12900 | Task: 27 | Stage: 6/14 | Predictions: 645
INFO:b1k.shared.eval_b1k_wrapper:🎯 Prediction #650 | Actions: compressed 26→20 | Inpainting: True
INFO:b1k.shared.eval_b1k_wrapper:📊 Step 13000 | Task: 27 | Stage: 6/14 | Predictions: 650
INFO:b1k.shared.eval_b1k_wrapper:📊 Step 13100 | Task: 27 | Stage: 6/14 | Predictions: 655
INFO:b1k.shared.eval_b1k_wrapper:🔧 Gripper variation: Compression disabled (mean: 0.0117, max: 2.0101)
INFO:b1k.shared.correction_rules:🔧 GENERAL GRIPPER CORRECTION: Task 27, Stage 6
INFO:b1k.shared.correction_rules:   Right gripper closed (-0.9987) → Opening to 1.0
INFO:b1k.shared.eval_b1k_wrapper:🔧 Correction rule: Actions modified (max diff: 2.0013, task 27, stage 6)
INFO:b1k.shared.eval_b1k_wrapper:🔧 Gripper variation: Compression disabled (mean: 0.0740, max: 0.3655)
INFO:b1k.shared.eval_b1k_wrapper:🎯 Prediction #660 | Actions: compressed 26→20 | Inpainting: True
INFO:b1k.shared.eval_b1k_wrapper:📊 Step 13200 | Task: 27 | Stage: 6/14 | Predictions: 660
INFO:b1k.shared.eval_b1k_wrapper:🔧 Gripper variation: Compression disabled (mean: 0.0048, max: 2.0101)
INFO:b1k.shared.eval_b1k_wrapper:🔧 Gripper variation: Compression disabled (mean: 0.0054, max: 2.0219)
INFO:b1k.shared.eval_b1k_wrapper:📊 Step 13300 | Task: 27 | Stage: 6/14 | Predictions: 665
INFO:b1k.shared.eval_b1k_wrapper:🔧 Gripper variation: Compression disabled (mean: 0.0051, max: 2.0128)
INFO:b1k.shared.correction_rules:🔧 GENERAL GRIPPER CORRECTION: Task 27, Stage 6
INFO:b1k.shared.correction_rules:   Right gripper closed (-0.9987) → Opening to 1.0
INFO:b1k.shared.eval_b1k_wrapper:🔧 Correction rule: Actions modified (max diff: 2.0126, task 27, stage 6)
INFO:b1k.shared.eval_b1k_wrapper:🎯 Prediction #670 | Actions: compressed 26→20 | Inpainting: True
INFO:b1k.shared.eval_b1k_wrapper:📊 Step 13400 | Task: 27 | Stage: 6/14 | Predictions: 670
INFO:b1k.shared.eval_b1k_wrapper:🔧 Gripper variation: Compression disabled (mean: 0.7163, max: 1.2414)
INFO:b1k.shared.eval_b1k_wrapper:🔧 Gripper variation: Compression disabled (mean: 2.0127, max: 0.0115)
INFO:b1k.shared.eval_b1k_wrapper:📊 Step 13500 | Task: 27 | Stage: 6/14 | Predictions: 675
INFO:b1k.shared.eval_b1k_wrapper:🎯 Prediction #680 | Actions: compressed 26→20 | Inpainting: True
INFO:b1k.shared.eval_b1k_wrapper:📊 Step 13600 | Task: 27 | Stage: 6/14 | Predictions: 680
INFO:b1k.shared.eval_b1k_wrapper:⬆️  Stage advanced: 6 → 7 (task 27, step 13600)
INFO:b1k.shared.eval_b1k_wrapper:🔧 Gripper variation: Compression disabled (mean: 0.5464, max: 0.3593)
INFO:b1k.shared.eval_b1k_wrapper:🔧 Gripper variation: Compression disabled (mean: 0.2643, max: 0.2025)
INFO:b1k.shared.eval_b1k_wrapper:📊 Step 13700 | Task: 27 | Stage: 7/14 | Predictions: 685
INFO:b1k.shared.eval_b1k_wrapper:🎯 Prediction #690 | Actions: compressed 26→20 | Inpainting: True
INFO:b1k.shared.eval_b1k_wrapper:📊 Step 13800 | Task: 27 | Stage: 7/14 | Predictions: 690
INFO:b1k.shared.eval_b1k_wrapper:🔧 Gripper variation: Compression disabled (mean: 0.0489, max: 0.6832)
INFO:b1k.shared.eval_b1k_wrapper:🔧 Gripper variation: Compression disabled (mean: 0.3823, max: 0.5482)
INFO:b1k.shared.eval_b1k_wrapper:🔧 Gripper variation: Compression disabled (mean: 0.1902, max: 0.2255)
INFO:b1k.shared.eval_b1k_wrapper:📊 Step 13900 | Task: 27 | Stage: 7/14 | Predictions: 695
INFO:b1k.shared.eval_b1k_wrapper:🔧 Gripper variation: Compression disabled (mean: 0.2877, max: 0.0942)
INFO:b1k.shared.eval_b1k_wrapper:🔧 Gripper variation: Compression disabled (mean: 0.2413, max: 0.2730)
INFO:b1k.shared.eval_b1k_wrapper:🔧 Gripper variation: Compression disabled (mean: 0.6485, max: 0.2919)
INFO:b1k.shared.eval_b1k_wrapper:🔧 Gripper variation: Compression disabled (mean: 0.6282, max: 0.2600)
INFO:b1k.shared.eval_b1k_wrapper:🎯 Prediction #700 | Actions: uncompressed (20) | Inpainting: True
INFO:b1k.shared.eval_b1k_wrapper:📊 Step 14000 | Task: 27 | Stage: 7/14 | Predictions: 700
INFO:b1k.shared.eval_b1k_wrapper:🔧 Gripper variation: Compression disabled (mean: 0.5121, max: 0.1579)
INFO:b1k.shared.eval_b1k_wrapper:🔧 Gripper variation: Compression disabled (mean: 0.3949, max: 0.5426)
INFO:b1k.shared.eval_b1k_wrapper:🔧 Gripper variation: Compression disabled (mean: 0.2552, max: 0.6271)
INFO:b1k.shared.eval_b1k_wrapper:🔧 Gripper variation: Compression disabled (mean: 0.3775, max: 0.2878)
INFO:b1k.shared.eval_b1k_wrapper:🔧 Gripper variation: Compression disabled (mean: 0.4083, max: 0.2591)
INFO:b1k.shared.eval_b1k_wrapper:📊 Step 14100 | Task: 27 | Stage: 7/14 | Predictions: 705
INFO:b1k.shared.eval_b1k_wrapper:🔧 Gripper variation: Compression disabled (mean: 0.5912, max: 0.5632)
INFO:b1k.shared.eval_b1k_wrapper:🔧 Gripper variation: Compression disabled (mean: 0.7017, max: 0.4882)
INFO:b1k.shared.eval_b1k_wrapper:🔧 Gripper variation: Compression disabled (mean: 0.4566, max: 0.4552)
INFO:b1k.shared.eval_b1k_wrapper:🔧 Gripper variation: Compression disabled (mean: 0.1272, max: 0.2589)
INFO:b1k.shared.eval_b1k_wrapper:🔧 Gripper variation: Compression disabled (mean: 0.6116, max: 0.6909)
INFO:b1k.shared.eval_b1k_wrapper:🎯 Prediction #710 | Actions: uncompressed (20) | Inpainting: True
INFO:b1k.shared.eval_b1k_wrapper:📊 Step 14200 | Task: 27 | Stage: 7/14 | Predictions: 710
INFO:b1k.shared.eval_b1k_wrapper:🔧 Gripper variation: Compression disabled (mean: 0.3472, max: 0.3643)
INFO:b1k.shared.eval_b1k_wrapper:🔧 Gripper variation: Compression disabled (mean: 0.3683, max: 0.2446)
INFO:b1k.shared.eval_b1k_wrapper:🔧 Gripper variation: Compression disabled (mean: 0.0836, max: 0.2532)
INFO:b1k.shared.eval_b1k_wrapper:📊 Step 14300 | Task: 27 | Stage: 7/14 | Predictions: 715
INFO:b1k.shared.eval_b1k_wrapper:🔧 Gripper variation: Compression disabled (mean: 0.3912, max: 0.1047)
INFO:b1k.shared.eval_b1k_wrapper:🔧 Gripper variation: Compression disabled (mean: 0.0432, max: 0.2107)
INFO:b1k.shared.eval_b1k_wrapper:🎯 Prediction #720 | Actions: compressed 26→20 | Inpainting: True
INFO:b1k.shared.eval_b1k_wrapper:📊 Step 14400 | Task: 27 | Stage: 7/14 | Predictions: 720
INFO:b1k.shared.eval_b1k_wrapper:🔧 Gripper variation: Compression disabled (mean: 0.3319, max: 0.6184)
INFO:b1k.shared.eval_b1k_wrapper:🔧 Gripper variation: Compression disabled (mean: 0.7559, max: 1.4067)
INFO:b1k.shared.eval_b1k_wrapper:🔧 Gripper variation: Compression disabled (mean: 0.3682, max: 0.2940)
INFO:b1k.shared.eval_b1k_wrapper:🔧 Gripper variation: Compression disabled (mean: 0.6266, max: 0.6456)
INFO:b1k.shared.eval_b1k_wrapper:🔧 Gripper variation: Compression disabled (mean: 0.7690, max: 0.7854)
INFO:b1k.shared.eval_b1k_wrapper:📊 Step 14500 | Task: 27 | Stage: 7/14 | Predictions: 725
INFO:b1k.shared.eval_b1k_wrapper:🔧 Gripper variation: Compression disabled (mean: 0.3766, max: 0.0813)
INFO:b1k.shared.eval_b1k_wrapper:🔧 Gripper variation: Compression disabled (mean: 0.6627, max: 0.2521)
INFO:b1k.shared.eval_b1k_wrapper:🔧 Gripper variation: Compression disabled (mean: 0.3849, max: 0.4774)
INFO:b1k.shared.eval_b1k_wrapper:🔧 Gripper variation: Compression disabled (mean: 0.6166, max: 0.3264)
INFO:b1k.shared.eval_b1k_wrapper:🔧 Gripper variation: Compression disabled (mean: 0.2133, max: 0.1596)
INFO:b1k.shared.eval_b1k_wrapper:🎯 Prediction #730 | Actions: uncompressed (20) | Inpainting: True
INFO:b1k.shared.eval_b1k_wrapper:📊 Step 14600 | Task: 27 | Stage: 7/14 | Predictions: 730
INFO:b1k.shared.eval_b1k_wrapper:🔧 Gripper variation: Compression disabled (mean: 0.2750, max: 0.0888)
INFO:b1k.shared.eval_b1k_wrapper:🔧 Gripper variation: Compression disabled (mean: 0.3806, max: 0.1857)
INFO:b1k.shared.eval_b1k_wrapper:🔧 Gripper variation: Compression disabled (mean: 1.9859, max: 0.2632)
INFO:b1k.shared.eval_b1k_wrapper:🔧 Gripper variation: Compression disabled (mean: 0.2090, max: 0.1818)
INFO:b1k.shared.eval_b1k_wrapper:🔧 Gripper variation: Compression disabled (mean: 0.4485, max: 0.1573)
INFO:b1k.shared.eval_b1k_wrapper:📊 Step 14700 | Task: 27 | Stage: 7/14 | Predictions: 735
INFO:b1k.shared.eval_b1k_wrapper:🔧 Gripper variation: Compression disabled (mean: 0.1518, max: 0.2572)
INFO:b1k.shared.eval_b1k_wrapper:🔧 Gripper variation: Compression disabled (mean: 0.5707, max: 0.2128)
INFO:b1k.shared.eval_b1k_wrapper:🔧 Gripper variation: Compression disabled (mean: 0.2242, max: 0.2842)
INFO:b1k.shared.eval_b1k_wrapper:🎯 Prediction #740 | Actions: uncompressed (20) | Inpainting: True
INFO:b1k.shared.eval_b1k_wrapper:📊 Step 14800 | Task: 27 | Stage: 7/14 | Predictions: 740
INFO:b1k.shared.eval_b1k_wrapper:🔧 Gripper variation: Compression disabled (mean: 0.0298, max: 0.2009)
INFO:b1k.shared.eval_b1k_wrapper:🔧 Gripper variation: Compression disabled (mean: 0.1980, max: 0.3932)
INFO:b1k.shared.eval_b1k_wrapper:📊 Step 14900 | Task: 27 | Stage: 7/14 | Predictions: 745
INFO:b1k.shared.eval_b1k_wrapper:🔧 Gripper variation: Compression disabled (mean: 0.2310, max: 0.3719)
INFO:b1k.shared.eval_b1k_wrapper:🔧 Gripper variation: Compression disabled (mean: 0.3566, max: 0.3274)
INFO:b1k.shared.eval_b1k_wrapper:🔧 Gripper variation: Compression disabled (mean: 0.1885, max: 0.3073)
INFO:b1k.shared.eval_b1k_wrapper:🎯 Prediction #750 | Actions: uncompressed (20) | Inpainting: True
INFO:b1k.shared.eval_b1k_wrapper:📊 Step 15000 | Task: 27 | Stage: 7/14 | Predictions: 750
INFO:b1k.shared.eval_b1k_wrapper:🔧 Gripper variation: Compression disabled (mean: 2.0639, max: 0.0571)
INFO:b1k.shared.correction_rules:🔧 GENERAL GRIPPER CORRECTION: Task 27, Stage 7
INFO:b1k.shared.correction_rules:   Left gripper closed (-0.9824) → Opening to 1.0
INFO:b1k.shared.eval_b1k_wrapper:🔧 Correction rule: Actions modified (max diff: 2.0066, task 27, stage 7)
INFO:b1k.shared.eval_b1k_wrapper:🔧 Gripper variation: Compression disabled (mean: 0.6064, max: 0.9377)
INFO:b1k.shared.eval_b1k_wrapper:📊 Step 15100 | Task: 27 | Stage: 7/14 | Predictions: 755
INFO:b1k.shared.eval_b1k_wrapper:🎯 Prediction #760 | Actions: compressed 26→20 | Inpainting: True
INFO:b1k.shared.eval_b1k_wrapper:📊 Step 15200 | Task: 27 | Stage: 7/14 | Predictions: 760
INFO:b1k.shared.eval_b1k_wrapper:📊 Step 15300 | Task: 27 | Stage: 7/14 | Predictions: 765
INFO:b1k.shared.eval_b1k_wrapper:🎯 Prediction #770 | Actions: compressed 26→20 | Inpainting: True
INFO:b1k.shared.eval_b1k_wrapper:📊 Step 15400 | Task: 27 | Stage: 7/14 | Predictions: 770
INFO:b1k.shared.eval_b1k_wrapper:🔧 Gripper variation: Compression disabled (mean: 0.0145, max: 1.9803)
INFO:b1k.shared.eval_b1k_wrapper:🔧 Gripper variation: Compression disabled (mean: 0.0080, max: 2.0040)
INFO:b1k.shared.eval_b1k_wrapper:📊 Step 15500 | Task: 27 | Stage: 7/14 | Predictions: 775
INFO:b1k.shared.eval_b1k_wrapper:🔧 Gripper variation: Compression disabled (mean: 0.0200, max: 2.0081)
INFO:b1k.shared.eval_b1k_wrapper:🎯 Prediction #780 | Actions: compressed 26→20 | Inpainting: True
INFO:b1k.shared.eval_b1k_wrapper:📊 Step 15600 | Task: 27 | Stage: 7/14 | Predictions: 780
INFO:b1k.shared.eval_b1k_wrapper:📊 Step 15700 | Task: 27 | Stage: 7/14 | Predictions: 785
INFO:b1k.shared.eval_b1k_wrapper:🎯 Prediction #790 | Actions: compressed 26→20 | Inpainting: True
INFO:b1k.shared.eval_b1k_wrapper:📊 Step 15800 | Task: 27 | Stage: 7/14 | Predictions: 790
INFO:b1k.shared.eval_b1k_wrapper:📊 Step 15900 | Task: 27 | Stage: 7/14 | Predictions: 795
INFO:b1k.shared.eval_b1k_wrapper:🎯 Prediction #800 | Actions: compressed 26→20 | Inpainting: True
INFO:b1k.shared.eval_b1k_wrapper:📊 Step 16000 | Task: 27 | Stage: 7/14 | Predictions: 800
INFO:b1k.shared.eval_b1k_wrapper:📊 Step 16100 | Task: 27 | Stage: 7/14 | Predictions: 805
INFO:b1k.shared.eval_b1k_wrapper:🎯 Prediction #810 | Actions: compressed 26→20 | Inpainting: True
INFO:b1k.shared.eval_b1k_wrapper:📊 Step 16200 | Task: 27 | Stage: 7/14 | Predictions: 810
INFO:b1k.shared.eval_b1k_wrapper:📊 Step 16300 | Task: 27 | Stage: 7/14 | Predictions: 815
INFO:b1k.shared.eval_b1k_wrapper:🎯 Prediction #820 | Actions: compressed 26→20 | Inpainting: True
INFO:b1k.shared.eval_b1k_wrapper:📊 Step 16400 | Task: 27 | Stage: 7/14 | Predictions: 820
INFO:b1k.shared.eval_b1k_wrapper:📊 Step 16500 | Task: 27 | Stage: 7/14 | Predictions: 825
INFO:b1k.shared.eval_b1k_wrapper:🎯 Prediction #830 | Actions: compressed 26→20 | Inpainting: True
INFO:b1k.shared.eval_b1k_wrapper:📊 Step 16600 | Task: 27 | Stage: 7/14 | Predictions: 830
INFO:b1k.shared.eval_b1k_wrapper:📊 Step 16700 | Task: 27 | Stage: 7/14 | Predictions: 835
INFO:b1k.shared.eval_b1k_wrapper:🎯 Prediction #840 | Actions: compressed 26→20 | Inpainting: True
INFO:b1k.shared.eval_b1k_wrapper:📊 Step 16800 | Task: 27 | Stage: 7/14 | Predictions: 840
INFO:b1k.shared.eval_b1k_wrapper:📊 Step 16900 | Task: 27 | Stage: 7/14 | Predictions: 845
INFO:b1k.shared.eval_b1k_wrapper:🎯 Prediction #850 | Actions: compressed 26→20 | Inpainting: True
INFO:b1k.shared.eval_b1k_wrapper:📊 Step 17000 | Task: 27 | Stage: 7/14 | Predictions: 850
INFO:b1k.shared.eval_b1k_wrapper:📊 Step 17100 | Task: 27 | Stage: 7/14 | Predictions: 855
INFO:b1k.shared.eval_b1k_wrapper:🎯 Prediction #860 | Actions: compressed 26→20 | Inpainting: True
INFO:b1k.shared.eval_b1k_wrapper:📊 Step 17200 | Task: 27 | Stage: 7/14 | Predictions: 860
INFO:b1k.shared.eval_b1k_wrapper:📊 Step 17300 | Task: 27 | Stage: 7/14 | Predictions: 865
INFO:b1k.shared.eval_b1k_wrapper:🎯 Prediction #870 | Actions: compressed 26→20 | Inpainting: True
INFO:b1k.shared.eval_b1k_wrapper:📊 Step 17400 | Task: 27 | Stage: 7/14 | Predictions: 870
INFO:b1k.shared.eval_b1k_wrapper:📊 Step 17500 | Task: 27 | Stage: 7/14 | Predictions: 875
INFO:b1k.shared.eval_b1k_wrapper:🎯 Prediction #880 | Actions: compressed 26→20 | Inpainting: True
INFO:b1k.shared.eval_b1k_wrapper:📊 Step 17600 | Task: 27 | Stage: 7/14 | Predictions: 880
INFO:b1k.shared.eval_b1k_wrapper:📊 Step 17700 | Task: 27 | Stage: 7/14 | Predictions: 885
INFO:b1k.shared.eval_b1k_wrapper:🔧 Gripper variation: Compression disabled (mean: 0.0418, max: 0.4083)
INFO:b1k.shared.eval_b1k_wrapper:🔧 Gripper variation: Compression disabled (mean: 0.5994, max: 0.4689)
INFO:b1k.shared.eval_b1k_wrapper:🔧 Gripper variation: Compression disabled (mean: 0.9572, max: 0.8336)
INFO:b1k.shared.eval_b1k_wrapper:🎯 Prediction #890 | Actions: uncompressed (20) | Inpainting: True
INFO:b1k.shared.eval_b1k_wrapper:📊 Step 17800 | Task: 27 | Stage: 7/14 | Predictions: 890
INFO:b1k.shared.eval_b1k_wrapper:🔧 Gripper variation: Compression disabled (mean: 0.2728, max: 1.0818)
INFO:b1k.shared.eval_b1k_wrapper:🔧 Gripper variation: Compression disabled (mean: 0.4595, max: 0.7175)
INFO:b1k.shared.eval_b1k_wrapper:🔧 Gripper variation: Compression disabled (mean: 0.9499, max: 0.8982)
INFO:b1k.shared.eval_b1k_wrapper:🔧 Gripper variation: Compression disabled (mean: 0.8090, max: 0.6509)
INFO:b1k.shared.eval_b1k_wrapper:🔧 Gripper variation: Compression disabled (mean: 0.7451, max: 0.3176)
INFO:b1k.shared.eval_b1k_wrapper:📊 Step 17900 | Task: 27 | Stage: 7/14 | Predictions: 895
INFO:b1k.shared.eval_b1k_wrapper:🔧 Gripper variation: Compression disabled (mean: 0.9482, max: 0.6302)
INFO:b1k.shared.eval_b1k_wrapper:🔧 Gripper variation: Compression disabled (mean: 1.1393, max: 0.5044)
INFO:b1k.shared.eval_b1k_wrapper:🔧 Gripper variation: Compression disabled (mean: 0.6510, max: 0.5488)
INFO:b1k.shared.eval_b1k_wrapper:🔧 Gripper variation: Compression disabled (mean: 0.2529, max: 0.3209)
INFO:b1k.shared.eval_b1k_wrapper:🔧 Gripper variation: Compression disabled (mean: 1.2093, max: 0.5858)
INFO:b1k.shared.eval_b1k_wrapper:🎯 Prediction #900 | Actions: uncompressed (20) | Inpainting: True
INFO:b1k.shared.eval_b1k_wrapper:📊 Step 18000 | Task: 27 | Stage: 7/14 | Predictions: 900
INFO:b1k.shared.eval_b1k_wrapper:🔧 Gripper variation: Compression disabled (mean: 0.3888, max: 0.5883)
INFO:b1k.shared.eval_b1k_wrapper:🔧 Gripper variation: Compression disabled (mean: 0.6304, max: 0.4167)
INFO:b1k.shared.eval_b1k_wrapper:🔧 Gripper variation: Compression disabled (mean: 1.0306, max: 0.3117)
INFO:b1k.shared.eval_b1k_wrapper:🔧 Gripper variation: Compression disabled (mean: 0.8332, max: 0.8681)
INFO:b1k.shared.eval_b1k_wrapper:🔧 Gripper variation: Compression disabled (mean: 1.2989, max: 0.5501)
INFO:b1k.shared.eval_b1k_wrapper:📊 Step 18100 | Task: 27 | Stage: 7/14 | Predictions: 905
INFO:b1k.shared.eval_b1k_wrapper:🔧 Gripper variation: Compression disabled (mean: 1.1125, max: 0.4247)
INFO:b1k.shared.eval_b1k_wrapper:🔧 Gripper variation: Compression disabled (mean: 1.1304, max: 0.4614)
INFO:b1k.shared.eval_b1k_wrapper:🔧 Gripper variation: Compression disabled (mean: 0.2226, max: 0.6276)
INFO:b1k.shared.eval_b1k_wrapper:🔧 Gripper variation: Compression disabled (mean: 0.7635, max: 0.3547)
INFO:b1k.shared.eval_b1k_wrapper:🔧 Gripper variation: Compression disabled (mean: 0.3639, max: 0.8135)
INFO:b1k.shared.eval_b1k_wrapper:🎯 Prediction #910 | Actions: uncompressed (20) | Inpainting: True
INFO:b1k.shared.eval_b1k_wrapper:📊 Step 18200 | Task: 27 | Stage: 7/14 | Predictions: 910
INFO:b1k.shared.eval_b1k_wrapper:🔧 Gripper variation: Compression disabled (mean: 0.9474, max: 0.4322)
INFO:b1k.shared.eval_b1k_wrapper:🔧 Gripper variation: Compression disabled (mean: 0.4160, max: 0.1435)
INFO:b1k.shared.eval_b1k_wrapper:🔧 Gripper variation: Compression disabled (mean: 0.7704, max: 0.4319)
INFO:b1k.shared.eval_b1k_wrapper:🔧 Gripper variation: Compression disabled (mean: 0.4446, max: 0.5513)
INFO:b1k.shared.eval_b1k_wrapper:🔧 Gripper variation: Compression disabled (mean: 0.9800, max: 0.6552)
INFO:b1k.shared.eval_b1k_wrapper:📊 Step 18300 | Task: 27 | Stage: 7/14 | Predictions: 915
INFO:b1k.shared.eval_b1k_wrapper:🔧 Gripper variation: Compression disabled (mean: 0.5608, max: 0.3482)
INFO:b1k.shared.eval_b1k_wrapper:🔧 Gripper variation: Compression disabled (mean: 0.8622, max: 0.5676)
INFO:b1k.shared.eval_b1k_wrapper:🔧 Gripper variation: Compression disabled (mean: 2.0369, max: 0.6331)
INFO:b1k.shared.eval_b1k_wrapper:🔧 Gripper variation: Compression disabled (mean: 1.6124, max: 0.5334)
INFO:b1k.shared.eval_b1k_wrapper:🔧 Gripper variation: Compression disabled (mean: 0.7136, max: 0.4706)
INFO:b1k.shared.eval_b1k_wrapper:🎯 Prediction #920 | Actions: uncompressed (20) | Inpainting: True
INFO:b1k.shared.eval_b1k_wrapper:📊 Step 18400 | Task: 27 | Stage: 7/14 | Predictions: 920
INFO:b1k.shared.eval_b1k_wrapper:🔧 Gripper variation: Compression disabled (mean: 0.9923, max: 0.6501)
INFO:b1k.shared.eval_b1k_wrapper:🔧 Gripper variation: Compression disabled (mean: 0.8660, max: 0.4459)
INFO:b1k.shared.eval_b1k_wrapper:🔧 Gripper variation: Compression disabled (mean: 0.2761, max: 0.7772)
INFO:b1k.shared.eval_b1k_wrapper:🔧 Gripper variation: Compression disabled (mean: 0.6334, max: 0.7521)
INFO:b1k.shared.eval_b1k_wrapper:🔧 Gripper variation: Compression disabled (mean: 0.4645, max: 0.3217)
INFO:b1k.shared.eval_b1k_wrapper:📊 Step 18500 | Task: 27 | Stage: 7/14 | Predictions: 925
INFO:b1k.shared.eval_b1k_wrapper:🔧 Gripper variation: Compression disabled (mean: 1.1693, max: 0.4848)
INFO:b1k.shared.eval_b1k_wrapper:🔧 Gripper variation: Compression disabled (mean: 0.2126, max: 0.5747)
INFO:b1k.shared.eval_b1k_wrapper:🔧 Gripper variation: Compression disabled (mean: 0.6737, max: 0.6485)
INFO:b1k.shared.eval_b1k_wrapper:🔧 Gripper variation: Compression disabled (mean: 0.2111, max: 0.4344)
INFO:b1k.shared.eval_b1k_wrapper:🔧 Gripper variation: Compression disabled (mean: 0.6604, max: 0.7412)
INFO:b1k.shared.eval_b1k_wrapper:🎯 Prediction #930 | Actions: uncompressed (20) | Inpainting: True
INFO:b1k.shared.eval_b1k_wrapper:📊 Step 18600 | Task: 27 | Stage: 7/14 | Predictions: 930
INFO:b1k.shared.eval_b1k_wrapper:🔧 Gripper variation: Compression disabled (mean: 0.5384, max: 0.4966)
INFO:b1k.shared.eval_b1k_wrapper:🔧 Gripper variation: Compression disabled (mean: 0.5983, max: 0.5457)
INFO:b1k.shared.eval_b1k_wrapper:🔧 Gripper variation: Compression disabled (mean: 0.6209, max: 1.1873)
INFO:b1k.shared.eval_b1k_wrapper:🔧 Gripper variation: Compression disabled (mean: 0.5591, max: 0.4138)
INFO:b1k.shared.eval_b1k_wrapper:🔧 Gripper variation: Compression disabled (mean: 0.7940, max: 0.8665)
INFO:b1k.shared.eval_b1k_wrapper:📊 Step 18700 | Task: 27 | Stage: 7/14 | Predictions: 935
INFO:b1k.shared.eval_b1k_wrapper:🔧 Gripper variation: Compression disabled (mean: 0.4248, max: 0.6518)
INFO:b1k.shared.eval_b1k_wrapper:🔧 Gripper variation: Compression disabled (mean: 0.7702, max: 0.6656)
INFO:b1k.shared.eval_b1k_wrapper:🔧 Gripper variation: Compression disabled (mean: 0.5331, max: 0.6759)
INFO:b1k.shared.eval_b1k_wrapper:🔧 Gripper variation: Compression disabled (mean: 1.0271, max: 0.9120)
INFO:b1k.shared.eval_b1k_wrapper:🔧 Gripper variation: Compression disabled (mean: 0.6804, max: 0.4619)
INFO:b1k.shared.eval_b1k_wrapper:🎯 Prediction #940 | Actions: uncompressed (20) | Inpainting: True
INFO:b1k.shared.eval_b1k_wrapper:📊 Step 18800 | Task: 27 | Stage: 7/14 | Predictions: 940
INFO:b1k.shared.eval_b1k_wrapper:🔧 Gripper variation: Compression disabled (mean: 0.9048, max: 1.0464)
INFO:b1k.shared.eval_b1k_wrapper:🔧 Gripper variation: Compression disabled (mean: 0.3014, max: 0.6526)
INFO:b1k.shared.eval_b1k_wrapper:🔧 Gripper variation: Compression disabled (mean: 0.9028, max: 0.6296)
INFO:b1k.shared.eval_b1k_wrapper:🔧 Gripper variation: Compression disabled (mean: 0.8361, max: 0.6053)
INFO:b1k.shared.eval_b1k_wrapper:🔧 Gripper variation: Compression disabled (mean: 0.3348, max: 0.2193)
INFO:b1k.shared.eval_b1k_wrapper:📊 Step 18900 | Task: 27 | Stage: 7/14 | Predictions: 945
INFO:b1k.shared.eval_b1k_wrapper:🔧 Gripper variation: Compression disabled (mean: 0.8382, max: 0.8122)
INFO:b1k.shared.eval_b1k_wrapper:🔧 Gripper variation: Compression disabled (mean: 0.9441, max: 0.4679)
INFO:b1k.shared.eval_b1k_wrapper:🔧 Gripper variation: Compression disabled (mean: 0.6187, max: 0.5592)
INFO:b1k.shared.eval_b1k_wrapper:🔧 Gripper variation: Compression disabled (mean: 0.4100, max: 1.0387)
INFO:b1k.shared.eval_b1k_wrapper:🔧 Gripper variation: Compression disabled (mean: 0.3418, max: 0.5922)
INFO:b1k.shared.eval_b1k_wrapper:🎯 Prediction #950 | Actions: uncompressed (20) | Inpainting: True
INFO:b1k.shared.eval_b1k_wrapper:📊 Step 19000 | Task: 27 | Stage: 7/14 | Predictions: 950
INFO:b1k.shared.eval_b1k_wrapper:🔧 Gripper variation: Compression disabled (mean: 0.6376, max: 0.6594)
INFO:b1k.shared.eval_b1k_wrapper:🔧 Gripper variation: Compression disabled (mean: 0.2333, max: 0.3402)
INFO:b1k.shared.eval_b1k_wrapper:🔧 Gripper variation: Compression disabled (mean: 0.6754, max: 0.3621)
INFO:b1k.shared.eval_b1k_wrapper:🔧 Gripper variation: Compression disabled (mean: 0.1419, max: 0.4299)
INFO:b1k.shared.eval_b1k_wrapper:🔧 Gripper variation: Compression disabled (mean: 0.3121, max: 0.3894)
INFO:b1k.shared.eval_b1k_wrapper:📊 Step 19100 | Task: 27 | Stage: 7/14 | Predictions: 955
INFO:b1k.shared.eval_b1k_wrapper:🔧 Gripper variation: Compression disabled (mean: 0.4224, max: 0.3926)
INFO:b1k.shared.eval_b1k_wrapper:🔧 Gripper variation: Compression disabled (mean: 0.2512, max: 0.7782)
INFO:b1k.shared.eval_b1k_wrapper:🔧 Gripper variation: Compression disabled (mean: 0.2047, max: 0.2623)
INFO:b1k.shared.eval_b1k_wrapper:🔧 Gripper variation: Compression disabled (mean: 0.3235, max: 0.5689)
INFO:b1k.shared.eval_b1k_wrapper:🔧 Gripper variation: Compression disabled (mean: 0.3302, max: 0.6859)
INFO:b1k.shared.eval_b1k_wrapper:🎯 Prediction #960 | Actions: uncompressed (20) | Inpainting: True
INFO:b1k.shared.eval_b1k_wrapper:📊 Step 19200 | Task: 27 | Stage: 7/14 | Predictions: 960
INFO:b1k.shared.eval_b1k_wrapper:🔧 Gripper variation: Compression disabled (mean: 0.4823, max: 0.8484)
INFO:b1k.shared.eval_b1k_wrapper:🔧 Gripper variation: Compression disabled (mean: 0.3945, max: 0.1473)
INFO:b1k.shared.eval_b1k_wrapper:🔧 Gripper variation: Compression disabled (mean: 0.4921, max: 0.9862)
INFO:b1k.shared.eval_b1k_wrapper:🔧 Gripper variation: Compression disabled (mean: 0.3957, max: 0.4680)
INFO:b1k.shared.eval_b1k_wrapper:🔧 Gripper variation: Compression disabled (mean: 0.5278, max: 0.7764)
INFO:b1k.shared.eval_b1k_wrapper:📊 Step 19300 | Task: 27 | Stage: 7/14 | Predictions: 965
INFO:b1k.shared.eval_b1k_wrapper:🔧 Gripper variation: Compression disabled (mean: 0.4586, max: 1.1872)
INFO:b1k.shared.eval_b1k_wrapper:🔧 Gripper variation: Compression disabled (mean: 0.7245, max: 0.6615)
INFO:b1k.shared.eval_b1k_wrapper:🔧 Gripper variation: Compression disabled (mean: 0.2531, max: 0.5294)
INFO:b1k.shared.eval_b1k_wrapper:🔧 Gripper variation: Compression disabled (mean: 1.0606, max: 1.0807)
INFO:b1k.shared.eval_b1k_wrapper:🔧 Gripper variation: Compression disabled (mean: 0.8850, max: 0.5786)
INFO:b1k.shared.eval_b1k_wrapper:🎯 Prediction #970 | Actions: uncompressed (20) | Inpainting: True
INFO:b1k.shared.eval_b1k_wrapper:📊 Step 19400 | Task: 27 | Stage: 7/14 | Predictions: 970
INFO:b1k.shared.eval_b1k_wrapper:🔧 Gripper variation: Compression disabled (mean: 1.3045, max: 0.6804)
INFO:b1k.shared.eval_b1k_wrapper:🔧 Gripper variation: Compression disabled (mean: 0.5283, max: 0.6783)
INFO:b1k.shared.eval_b1k_wrapper:🔧 Gripper variation: Compression disabled (mean: 0.7561, max: 1.0272)
INFO:b1k.shared.eval_b1k_wrapper:🔧 Gripper variation: Compression disabled (mean: 0.4632, max: 0.9753)
INFO:b1k.shared.eval_b1k_wrapper:🔧 Gripper variation: Compression disabled (mean: 0.8862, max: 1.0520)
INFO:b1k.shared.eval_b1k_wrapper:📊 Step 19500 | Task: 27 | Stage: 7/14 | Predictions: 975
INFO:b1k.shared.eval_b1k_wrapper:🔧 Gripper variation: Compression disabled (mean: 0.7876, max: 0.9021)
INFO:b1k.shared.eval_b1k_wrapper:🔧 Gripper variation: Compression disabled (mean: 0.9118, max: 0.3478)
INFO:b1k.shared.eval_b1k_wrapper:🔧 Gripper variation: Compression disabled (mean: 0.6333, max: 0.3541)
INFO:b1k.shared.eval_b1k_wrapper:🔧 Gripper variation: Compression disabled (mean: 0.9095, max: 0.6820)
INFO:b1k.shared.eval_b1k_wrapper:🔧 Gripper variation: Compression disabled (mean: 0.9343, max: 0.4627)
INFO:b1k.shared.eval_b1k_wrapper:🎯 Prediction #980 | Actions: uncompressed (20) | Inpainting: True
INFO:b1k.shared.eval_b1k_wrapper:📊 Step 19600 | Task: 27 | Stage: 7/14 | Predictions: 980
INFO:b1k.shared.eval_b1k_wrapper:🔧 Gripper variation: Compression disabled (mean: 0.9852, max: 0.9797)
INFO:b1k.shared.eval_b1k_wrapper:🔧 Gripper variation: Compression disabled (mean: 0.4422, max: 0.6520)
INFO:b1k.shared.eval_b1k_wrapper:🔧 Gripper variation: Compression disabled (mean: 0.5598, max: 1.0282)
INFO:b1k.shared.eval_b1k_wrapper:🔧 Gripper variation: Compression disabled (mean: 0.7675, max: 1.0376)
INFO:b1k.shared.eval_b1k_wrapper:🔧 Gripper variation: Compression disabled (mean: 0.7375, max: 0.1666)
INFO:b1k.shared.eval_b1k_wrapper:📊 Step 19700 | Task: 27 | Stage: 7/14 | Predictions: 985
INFO:b1k.shared.eval_b1k_wrapper:🔧 Gripper variation: Compression disabled (mean: 0.6500, max: 0.5749)
INFO:b1k.shared.eval_b1k_wrapper:🔧 Gripper variation: Compression disabled (mean: 0.6116, max: 0.8644)
INFO:b1k.shared.eval_b1k_wrapper:🔧 Gripper variation: Compression disabled (mean: 0.1025, max: 0.5268)
INFO:b1k.shared.eval_b1k_wrapper:🔧 Gripper variation: Compression disabled (mean: 0.5788, max: 1.0247)
INFO:b1k.shared.eval_b1k_wrapper:🔧 Gripper variation: Compression disabled (mean: 0.2143, max: 0.7205)
INFO:b1k.shared.eval_b1k_wrapper:🎯 Prediction #990 | Actions: uncompressed (20) | Inpainting: True
INFO:b1k.shared.eval_b1k_wrapper:📊 Step 19800 | Task: 27 | Stage: 7/14 | Predictions: 990
INFO:b1k.shared.eval_b1k_wrapper:🔧 Gripper variation: Compression disabled (mean: 0.5884, max: 1.3580)
INFO:b1k.shared.eval_b1k_wrapper:🔧 Gripper variation: Compression disabled (mean: 0.3517, max: 0.3669)
INFO:b1k.shared.eval_b1k_wrapper:🔧 Gripper variation: Compression disabled (mean: 0.5951, max: 0.1835)
INFO:b1k.shared.eval_b1k_wrapper:🔧 Gripper variation: Compression disabled (mean: 0.2179, max: 0.3869)
INFO:b1k.shared.eval_b1k_wrapper:🔧 Gripper variation: Compression disabled (mean: 0.3756, max: 1.0756)
INFO:b1k.shared.eval_b1k_wrapper:📊 Step 19900 | Task: 27 | Stage: 7/14 | Predictions: 995
INFO:b1k.shared.eval_b1k_wrapper:🔧 Gripper variation: Compression disabled (mean: 1.0257, max: 1.0360)
INFO:b1k.shared.eval_b1k_wrapper:🔧 Gripper variation: Compression disabled (mean: 0.2721, max: 0.7116)
INFO:b1k.shared.eval_b1k_wrapper:🔧 Gripper variation: Compression disabled (mean: 0.5823, max: 0.7999)
INFO:b1k.shared.eval_b1k_wrapper:🔧 Gripper variation: Compression disabled (mean: 0.3222, max: 0.6425)
INFO:b1k.shared.eval_b1k_wrapper:🔧 Gripper variation: Compression disabled (mean: 0.6436, max: 0.5669)
INFO:b1k.shared.eval_b1k_wrapper:🎯 Prediction #1000 | Actions: uncompressed (20) | Inpainting: True
INFO:b1k.shared.eval_b1k_wrapper:📊 Step 20000 | Task: 27 | Stage: 7/14 | Predictions: 1000
INFO:b1k.shared.eval_b1k_wrapper:🔧 Gripper variation: Compression disabled (mean: 0.3691, max: 0.4224)
INFO:b1k.shared.eval_b1k_wrapper:🔧 Gripper variation: Compression disabled (mean: 0.5620, max: 1.0679)
INFO:b1k.shared.eval_b1k_wrapper:🔧 Gripper variation: Compression disabled (mean: 0.3047, max: 0.3194)
INFO:b1k.shared.eval_b1k_wrapper:🔧 Gripper variation: Compression disabled (mean: 0.1151, max: 0.9742)
INFO:b1k.shared.eval_b1k_wrapper:🔧 Gripper variation: Compression disabled (mean: 0.5096, max: 0.7665)
INFO:b1k.shared.eval_b1k_wrapper:📊 Step 20100 | Task: 27 | Stage: 7/14 | Predictions: 1005
INFO:b1k.shared.eval_b1k_wrapper:🔧 Gripper variation: Compression disabled (mean: 0.3419, max: 0.7055)
INFO:b1k.shared.eval_b1k_wrapper:🔧 Gripper variation: Compression disabled (mean: 0.2787, max: 0.5482)
INFO:b1k.shared.eval_b1k_wrapper:🔧 Gripper variation: Compression disabled (mean: 0.8597, max: 0.6854)
INFO:b1k.shared.eval_b1k_wrapper:🔧 Gripper variation: Compression disabled (mean: 0.3103, max: 0.9100)
INFO:b1k.shared.eval_b1k_wrapper:🔧 Gripper variation: Compression disabled (mean: 0.1868, max: 1.4437)
INFO:b1k.shared.eval_b1k_wrapper:🎯 Prediction #1010 | Actions: uncompressed (20) | Inpainting: True
INFO:b1k.shared.eval_b1k_wrapper:📊 Step 20200 | Task: 27 | Stage: 7/14 | Predictions: 1010
INFO:b1k.shared.eval_b1k_wrapper:🔧 Gripper variation: Compression disabled (mean: 0.6191, max: 0.2518)
INFO:b1k.shared.eval_b1k_wrapper:🔧 Gripper variation: Compression disabled (mean: 0.1888, max: 0.9492)
INFO:b1k.shared.eval_b1k_wrapper:🔧 Gripper variation: Compression disabled (mean: 0.4213, max: 0.4608)
INFO:b1k.shared.eval_b1k_wrapper:🔧 Gripper variation: Compression disabled (mean: 0.4908, max: 0.6176)
INFO:b1k.shared.eval_b1k_wrapper:🔧 Gripper variation: Compression disabled (mean: 0.5227, max: 0.6321)
INFO:b1k.shared.eval_b1k_wrapper:📊 Step 20300 | Task: 27 | Stage: 7/14 | Predictions: 1015
INFO:b1k.shared.eval_b1k_wrapper:🔧 Gripper variation: Compression disabled (mean: 0.1837, max: 0.8591)
INFO:b1k.shared.eval_b1k_wrapper:🔧 Gripper variation: Compression disabled (mean: 0.7747, max: 0.6865)
INFO:b1k.shared.eval_b1k_wrapper:🔧 Gripper variation: Compression disabled (mean: 0.4251, max: 0.6167)
INFO:b1k.shared.eval_b1k_wrapper:🔧 Gripper variation: Compression disabled (mean: 0.7120, max: 0.8515)
INFO:b1k.shared.eval_b1k_wrapper:🔧 Gripper variation: Compression disabled (mean: 0.3960, max: 0.4131)
INFO:b1k.shared.eval_b1k_wrapper:🎯 Prediction #1020 | Actions: uncompressed (20) | Inpainting: True
INFO:b1k.shared.eval_b1k_wrapper:📊 Step 20400 | Task: 27 | Stage: 7/14 | Predictions: 1020
INFO:b1k.shared.eval_b1k_wrapper:🔧 Gripper variation: Compression disabled (mean: 0.8957, max: 0.6747)
INFO:b1k.shared.eval_b1k_wrapper:🔧 Gripper variation: Compression disabled (mean: 0.1659, max: 0.9880)
INFO:b1k.shared.eval_b1k_wrapper:🔧 Gripper variation: Compression disabled (mean: 0.3421, max: 0.7693)
INFO:b1k.shared.eval_b1k_wrapper:🔧 Gripper variation: Compression disabled (mean: 0.5317, max: 0.5942)
INFO:b1k.shared.eval_b1k_wrapper:🔧 Gripper variation: Compression disabled (mean: 0.3407, max: 0.5841)
INFO:b1k.shared.eval_b1k_wrapper:📊 Step 20500 | Task: 27 | Stage: 7/14 | Predictions: 1025
INFO:b1k.shared.eval_b1k_wrapper:🔧 Gripper variation: Compression disabled (mean: 0.5034, max: 0.9520)
INFO:b1k.shared.eval_b1k_wrapper:🔧 Gripper variation: Compression disabled (mean: 0.4970, max: 0.6169)
INFO:b1k.shared.eval_b1k_wrapper:🔧 Gripper variation: Compression disabled (mean: 0.4128, max: 0.7540)
INFO:b1k.shared.eval_b1k_wrapper:🔧 Gripper variation: Compression disabled (mean: 0.5458, max: 0.7096)
INFO:b1k.shared.eval_b1k_wrapper:🔧 Gripper variation: Compression disabled (mean: 0.5416, max: 0.8941)
INFO:b1k.shared.eval_b1k_wrapper:🎯 Prediction #1030 | Actions: uncompressed (20) | Inpainting: True
INFO:b1k.shared.eval_b1k_wrapper:📊 Step 20600 | Task: 27 | Stage: 7/14 | Predictions: 1030
INFO:b1k.shared.eval_b1k_wrapper:🔧 Gripper variation: Compression disabled (mean: 0.2561, max: 0.6521)
INFO:b1k.shared.eval_b1k_wrapper:🔧 Gripper variation: Compression disabled (mean: 0.6644, max: 0.6300)
INFO:b1k.shared.eval_b1k_wrapper:🔧 Gripper variation: Compression disabled (mean: 0.5107, max: 0.8344)
INFO:b1k.shared.eval_b1k_wrapper:🔧 Gripper variation: Compression disabled (mean: 0.7970, max: 0.4776)
INFO:b1k.shared.eval_b1k_wrapper:🔧 Gripper variation: Compression disabled (mean: 0.3837, max: 0.5607)
INFO:b1k.shared.eval_b1k_wrapper:📊 Step 20700 | Task: 27 | Stage: 7/14 | Predictions: 1035
INFO:b1k.shared.eval_b1k_wrapper:🔧 Gripper variation: Compression disabled (mean: 0.3499, max: 0.7409)
INFO:b1k.shared.eval_b1k_wrapper:🔧 Gripper variation: Compression disabled (mean: 0.3340, max: 0.8977)
INFO:b1k.shared.eval_b1k_wrapper:🔧 Gripper variation: Compression disabled (mean: 0.1716, max: 0.7090)
INFO:b1k.shared.eval_b1k_wrapper:🔧 Gripper variation: Compression disabled (mean: 0.5948, max: 1.1965)
INFO:b1k.shared.eval_b1k_wrapper:🔧 Gripper variation: Compression disabled (mean: 0.3576, max: 0.4193)
INFO:b1k.shared.eval_b1k_wrapper:🎯 Prediction #1040 | Actions: uncompressed (20) | Inpainting: True
INFO:b1k.shared.eval_b1k_wrapper:📊 Step 20800 | Task: 27 | Stage: 7/14 | Predictions: 1040
INFO:b1k.shared.eval_b1k_wrapper:🔧 Gripper variation: Compression disabled (mean: 0.4001, max: 0.5790)
INFO:b1k.shared.eval_b1k_wrapper:🔧 Gripper variation: Compression disabled (mean: 0.3263, max: 0.6057)
INFO:b1k.shared.eval_b1k_wrapper:🔧 Gripper variation: Compression disabled (mean: 0.5027, max: 0.6131)
INFO:b1k.shared.eval_b1k_wrapper:🔧 Gripper variation: Compression disabled (mean: 0.2884, max: 0.1611)
INFO:b1k.shared.eval_b1k_wrapper:🔧 Gripper variation: Compression disabled (mean: 0.2301, max: 0.7830)
INFO:b1k.shared.eval_b1k_wrapper:📊 Step 20900 | Task: 27 | Stage: 7/14 | Predictions: 1045
INFO:b1k.shared.eval_b1k_wrapper:🔧 Gripper variation: Compression disabled (mean: 0.8394, max: 0.2883)
INFO:b1k.shared.eval_b1k_wrapper:🔧 Gripper variation: Compression disabled (mean: 0.6190, max: 0.9337)
INFO:b1k.shared.eval_b1k_wrapper:🔧 Gripper variation: Compression disabled (mean: 0.8256, max: 0.4262)
INFO:b1k.shared.eval_b1k_wrapper:🔧 Gripper variation: Compression disabled (mean: 0.5534, max: 0.6627)
INFO:b1k.shared.eval_b1k_wrapper:🔧 Gripper variation: Compression disabled (mean: 0.4630, max: 0.8122)
INFO:b1k.shared.eval_b1k_wrapper:🎯 Prediction #1050 | Actions: uncompressed (20) | Inpainting: True
INFO:b1k.shared.eval_b1k_wrapper:📊 Step 21000 | Task: 27 | Stage: 7/14 | Predictions: 1050
INFO:b1k.shared.eval_b1k_wrapper:🔧 Gripper variation: Compression disabled (mean: 0.4500, max: 0.5565)
INFO:b1k.shared.eval_b1k_wrapper:🔧 Gripper variation: Compression disabled (mean: 0.2563, max: 0.4738)
INFO:b1k.shared.eval_b1k_wrapper:🔧 Gripper variation: Compression disabled (mean: 0.6594, max: 0.5939)
INFO:b1k.shared.eval_b1k_wrapper:🔧 Gripper variation: Compression disabled (mean: 0.2410, max: 0.5700)
INFO:b1k.shared.eval_b1k_wrapper:🔧 Gripper variation: Compression disabled (mean: 0.6073, max: 0.5708)
INFO:b1k.shared.eval_b1k_wrapper:📊 Step 21100 | Task: 27 | Stage: 7/14 | Predictions: 1055
INFO:b1k.shared.eval_b1k_wrapper:🔧 Gripper variation: Compression disabled (mean: 0.2349, max: 0.4615)
INFO:b1k.shared.eval_b1k_wrapper:🔧 Gripper variation: Compression disabled (mean: 0.6492, max: 0.4386)
INFO:b1k.shared.eval_b1k_wrapper:🔧 Gripper variation: Compression disabled (mean: 0.7205, max: 0.8427)
INFO:b1k.shared.eval_b1k_wrapper:🔧 Gripper variation: Compression disabled (mean: 0.7623, max: 0.4809)
INFO:b1k.shared.eval_b1k_wrapper:🔧 Gripper variation: Compression disabled (mean: 0.6988, max: 0.3101)
INFO:b1k.shared.eval_b1k_wrapper:🎯 Prediction #1060 | Actions: uncompressed (20) | Inpainting: True
INFO:b1k.shared.eval_b1k_wrapper:📊 Step 21200 | Task: 27 | Stage: 7/14 | Predictions: 1060
INFO:b1k.shared.eval_b1k_wrapper:🔧 Gripper variation: Compression disabled (mean: 1.0997, max: 0.6695)
INFO:b1k.shared.eval_b1k_wrapper:🔧 Gripper variation: Compression disabled (mean: 0.3139, max: 0.4093)
INFO:b1k.shared.eval_b1k_wrapper:🔧 Gripper variation: Compression disabled (mean: 0.9823, max: 0.5327)
INFO:b1k.shared.eval_b1k_wrapper:🔧 Gripper variation: Compression disabled (mean: 0.9899, max: 0.4756)
INFO:b1k.shared.eval_b1k_wrapper:🔧 Gripper variation: Compression disabled (mean: 0.7824, max: 0.5786)
INFO:b1k.shared.eval_b1k_wrapper:📊 Step 21300 | Task: 27 | Stage: 7/14 | Predictions: 1065
INFO:b1k.shared.eval_b1k_wrapper:🔧 Gripper variation: Compression disabled (mean: 0.6223, max: 0.4816)
INFO:b1k.shared.eval_b1k_wrapper:🔧 Gripper variation: Compression disabled (mean: 0.8654, max: 0.7245)
INFO:b1k.shared.eval_b1k_wrapper:🔧 Gripper variation: Compression disabled (mean: 1.2897, max: 0.6644)
INFO:b1k.shared.eval_b1k_wrapper:🔧 Gripper variation: Compression disabled (mean: 0.6531, max: 0.7993)
INFO:b1k.shared.eval_b1k_wrapper:🔧 Gripper variation: Compression disabled (mean: 1.0821, max: 0.5279)
INFO:b1k.shared.eval_b1k_wrapper:🎯 Prediction #1070 | Actions: uncompressed (20) | Inpainting: True
INFO:b1k.shared.eval_b1k_wrapper:📊 Step 21400 | Task: 27 | Stage: 7/14 | Predictions: 1070
INFO:b1k.shared.eval_b1k_wrapper:🔧 Gripper variation: Compression disabled (mean: 0.9423, max: 0.2868)
INFO:b1k.shared.eval_b1k_wrapper:🔧 Gripper variation: Compression disabled (mean: 0.9628, max: 0.6814)
INFO:b1k.shared.eval_b1k_wrapper:🔧 Gripper variation: Compression disabled (mean: 0.1857, max: 0.8341)
INFO:b1k.shared.eval_b1k_wrapper:🔧 Gripper variation: Compression disabled (mean: 0.6588, max: 0.6065)
INFO:b1k.shared.eval_b1k_wrapper:🔧 Gripper variation: Compression disabled (mean: 1.2680, max: 0.4624)
INFO:b1k.shared.eval_b1k_wrapper:📊 Step 21500 | Task: 27 | Stage: 7/14 | Predictions: 1075
INFO:b1k.shared.eval_b1k_wrapper:🔧 Gripper variation: Compression disabled (mean: 0.5596, max: 0.2732)
INFO:b1k.shared.eval_b1k_wrapper:🔧 Gripper variation: Compression disabled (mean: 1.0192, max: 0.4574)
INFO:b1k.shared.eval_b1k_wrapper:🔧 Gripper variation: Compression disabled (mean: 0.2435, max: 0.4146)
INFO:b1k.shared.eval_b1k_wrapper:🔧 Gripper variation: Compression disabled (mean: 1.7535, max: 0.3212)
INFO:b1k.shared.eval_b1k_wrapper:🔧 Gripper variation: Compression disabled (mean: 0.3832, max: 0.4457)
INFO:b1k.shared.eval_b1k_wrapper:🎯 Prediction #1080 | Actions: uncompressed (20) | Inpainting: True
INFO:b1k.shared.eval_b1k_wrapper:📊 Step 21600 | Task: 27 | Stage: 7/14 | Predictions: 1080
INFO:b1k.shared.eval_b1k_wrapper:🔧 Gripper variation: Compression disabled (mean: 0.7436, max: 0.7077)
INFO:b1k.shared.eval_b1k_wrapper:🔧 Gripper variation: Compression disabled (mean: 0.2363, max: 0.2342)
INFO:b1k.shared.eval_b1k_wrapper:🔧 Gripper variation: Compression disabled (mean: 1.0304, max: 0.7408)
INFO:b1k.shared.eval_b1k_wrapper:🔧 Gripper variation: Compression disabled (mean: 0.3769, max: 0.2699)
INFO:b1k.shared.eval_b1k_wrapper:🔧 Gripper variation: Compression disabled (mean: 0.6794, max: 0.9744)
INFO:b1k.shared.eval_b1k_wrapper:📊 Step 21700 | Task: 27 | Stage: 7/14 | Predictions: 1085
INFO:b1k.shared.eval_b1k_wrapper:🔧 Gripper variation: Compression disabled (mean: 0.5729, max: 0.5482)
INFO:b1k.shared.eval_b1k_wrapper:🔧 Gripper variation: Compression disabled (mean: 0.7184, max: 0.6058)
INFO:b1k.shared.eval_b1k_wrapper:🔧 Gripper variation: Compression disabled (mean: 0.7750, max: 0.6106)
INFO:b1k.shared.eval_b1k_wrapper:🔧 Gripper variation: Compression disabled (mean: 0.9814, max: 0.5373)
INFO:b1k.shared.eval_b1k_wrapper:🔧 Gripper variation: Compression disabled (mean: 0.8734, max: 0.6514)
INFO:b1k.shared.eval_b1k_wrapper:🎯 Prediction #1090 | Actions: uncompressed (20) | Inpainting: True
INFO:b1k.shared.eval_b1k_wrapper:📊 Step 21800 | Task: 27 | Stage: 7/14 | Predictions: 1090
INFO:b1k.shared.eval_b1k_wrapper:🔧 Gripper variation: Compression disabled (mean: 0.7277, max: 0.6209)
INFO:b1k.shared.eval_b1k_wrapper:🔧 Gripper variation: Compression disabled (mean: 0.5939, max: 0.2661)
INFO:b1k.shared.eval_b1k_wrapper:🔧 Gripper variation: Compression disabled (mean: 0.3618, max: 0.2305)
INFO:b1k.shared.eval_b1k_wrapper:🔧 Gripper variation: Compression disabled (mean: 0.9051, max: 0.4368)
INFO:b1k.shared.eval_b1k_wrapper:🔧 Gripper variation: Compression disabled (mean: 0.2256, max: 0.2952)
INFO:b1k.shared.eval_b1k_wrapper:📊 Step 21900 | Task: 27 | Stage: 7/14 | Predictions: 1095
INFO:b1k.shared.eval_b1k_wrapper:🔧 Gripper variation: Compression disabled (mean: 0.6544, max: 0.4114)
INFO:b1k.shared.eval_b1k_wrapper:🔧 Gripper variation: Compression disabled (mean: 0.5707, max: 0.2881)
INFO:b1k.shared.eval_b1k_wrapper:🔧 Gripper variation: Compression disabled (mean: 1.0788, max: 0.4758)
INFO:b1k.shared.eval_b1k_wrapper:🔧 Gripper variation: Compression disabled (mean: 0.5664, max: 0.6815)
INFO:b1k.shared.eval_b1k_wrapper:🔧 Gripper variation: Compression disabled (mean: 0.7514, max: 0.5571)
INFO:b1k.shared.eval_b1k_wrapper:🎯 Prediction #1100 | Actions: uncompressed (20) | Inpainting: True
INFO:b1k.shared.eval_b1k_wrapper:📊 Step 22000 | Task: 27 | Stage: 7/14 | Predictions: 1100
INFO:b1k.shared.eval_b1k_wrapper:🔧 Gripper variation: Compression disabled (mean: 0.3114, max: 0.5444)
INFO:b1k.shared.eval_b1k_wrapper:🔧 Gripper variation: Compression disabled (mean: 0.7630, max: 0.8993)
INFO:b1k.shared.eval_b1k_wrapper:🔧 Gripper variation: Compression disabled (mean: 0.3474, max: 0.6233)
INFO:b1k.shared.eval_b1k_wrapper:🔧 Gripper variation: Compression disabled (mean: 0.6375, max: 0.6826)
INFO:b1k.shared.eval_b1k_wrapper:🔧 Gripper variation: Compression disabled (mean: 0.4267, max: 0.5551)
INFO:b1k.shared.eval_b1k_wrapper:📊 Step 22100 | Task: 27 | Stage: 7/14 | Predictions: 1105
INFO:b1k.shared.eval_b1k_wrapper:🔧 Gripper variation: Compression disabled (mean: 1.2292, max: 0.9907)
INFO:b1k.shared.eval_b1k_wrapper:🔧 Gripper variation: Compression disabled (mean: 0.6565, max: 0.8304)
INFO:b1k.shared.eval_b1k_wrapper:🔧 Gripper variation: Compression disabled (mean: 0.6851, max: 0.4551)
INFO:b1k.shared.eval_b1k_wrapper:🔧 Gripper variation: Compression disabled (mean: 0.2805, max: 0.3773)
INFO:b1k.shared.eval_b1k_wrapper:🔧 Gripper variation: Compression disabled (mean: 0.6299, max: 0.7892)
INFO:b1k.shared.eval_b1k_wrapper:🎯 Prediction #1110 | Actions: uncompressed (20) | Inpainting: True
INFO:b1k.shared.eval_b1k_wrapper:📊 Step 22200 | Task: 27 | Stage: 7/14 | Predictions: 1110
INFO:b1k.shared.eval_b1k_wrapper:🔧 Gripper variation: Compression disabled (mean: 0.6007, max: 0.7827)
INFO:b1k.shared.eval_b1k_wrapper:🔧 Gripper variation: Compression disabled (mean: 0.4112, max: 0.6524)
INFO:b1k.shared.eval_b1k_wrapper:🔧 Gripper variation: Compression disabled (mean: 0.6531, max: 0.8364)
INFO:b1k.shared.eval_b1k_wrapper:🔧 Gripper variation: Compression disabled (mean: 0.5550, max: 0.3493)
INFO:b1k.shared.eval_b1k_wrapper:🔧 Gripper variation: Compression disabled (mean: 1.2957, max: 0.5643)
INFO:b1k.shared.eval_b1k_wrapper:📊 Step 22300 | Task: 27 | Stage: 7/14 | Predictions: 1115
INFO:b1k.shared.eval_b1k_wrapper:🔧 Gripper variation: Compression disabled (mean: 0.4248, max: 0.7223)
INFO:b1k.shared.eval_b1k_wrapper:🔧 Gripper variation: Compression disabled (mean: 1.2381, max: 0.6156)
INFO:b1k.shared.eval_b1k_wrapper:🔧 Gripper variation: Compression disabled (mean: 0.4905, max: 0.6961)
INFO:b1k.shared.eval_b1k_wrapper:🔧 Gripper variation: Compression disabled (mean: 0.8542, max: 0.3015)
INFO:b1k.shared.eval_b1k_wrapper:🔧 Gripper variation: Compression disabled (mean: 1.0657, max: 0.4982)
INFO:b1k.shared.eval_b1k_wrapper:🎯 Prediction #1120 | Actions: uncompressed (20) | Inpainting: True
INFO:b1k.shared.eval_b1k_wrapper:📊 Step 22400 | Task: 27 | Stage: 7/14 | Predictions: 1120
INFO:b1k.shared.eval_b1k_wrapper:🔧 Gripper variation: Compression disabled (mean: 0.5910, max: 0.0744)
INFO:b1k.shared.eval_b1k_wrapper:🔧 Gripper variation: Compression disabled (mean: 0.8079, max: 0.5937)
INFO:b1k.shared.eval_b1k_wrapper:🔧 Gripper variation: Compression disabled (mean: 0.4375, max: 0.3526)
INFO:b1k.shared.eval_b1k_wrapper:🔧 Gripper variation: Compression disabled (mean: 0.7709, max: 0.5864)
INFO:b1k.shared.eval_b1k_wrapper:🔧 Gripper variation: Compression disabled (mean: 0.1956, max: 0.4016)
INFO:b1k.shared.eval_b1k_wrapper:📊 Step 22500 | Task: 27 | Stage: 7/14 | Predictions: 1125
INFO:b1k.shared.eval_b1k_wrapper:🔧 Gripper variation: Compression disabled (mean: 0.9266, max: 0.7160)
INFO:b1k.shared.eval_b1k_wrapper:🔧 Gripper variation: Compression disabled (mean: 0.3011, max: 0.9073)
INFO:b1k.shared.eval_b1k_wrapper:🔧 Gripper variation: Compression disabled (mean: 0.5047, max: 0.1760)
INFO:b1k.shared.eval_b1k_wrapper:🔧 Gripper variation: Compression disabled (mean: 0.9947, max: 0.4892)
INFO:b1k.shared.eval_b1k_wrapper:🔧 Gripper variation: Compression disabled (mean: 0.4577, max: 1.0636)
INFO:b1k.shared.eval_b1k_wrapper:🎯 Prediction #1130 | Actions: uncompressed (20) | Inpainting: True
INFO:b1k.shared.eval_b1k_wrapper:📊 Step 22600 | Task: 27 | Stage: 7/14 | Predictions: 1130
INFO:b1k.shared.eval_b1k_wrapper:🔧 Gripper variation: Compression disabled (mean: 0.3807, max: 0.4131)
INFO:b1k.shared.eval_b1k_wrapper:🔧 Gripper variation: Compression disabled (mean: 0.6164, max: 0.6585)
INFO:b1k.shared.eval_b1k_wrapper:🔧 Gripper variation: Compression disabled (mean: 0.7070, max: 0.5687)
INFO:b1k.shared.eval_b1k_wrapper:🔧 Gripper variation: Compression disabled (mean: 0.4322, max: 0.7248)
INFO:b1k.shared.eval_b1k_wrapper:🔧 Gripper variation: Compression disabled (mean: 0.8009, max: 0.5762)
INFO:b1k.shared.eval_b1k_wrapper:📊 Step 22700 | Task: 27 | Stage: 7/14 | Predictions: 1135
INFO:b1k.shared.eval_b1k_wrapper:🔧 Gripper variation: Compression disabled (mean: 0.5039, max: 0.7840)
INFO:b1k.shared.eval_b1k_wrapper:🔧 Gripper variation: Compression disabled (mean: 0.7822, max: 0.9318)
INFO:b1k.shared.eval_b1k_wrapper:🔧 Gripper variation: Compression disabled (mean: 0.4216, max: 0.4918)
INFO:b1k.shared.eval_b1k_wrapper:🔧 Gripper variation: Compression disabled (mean: 0.6062, max: 0.4492)
INFO:b1k.shared.eval_b1k_wrapper:🔧 Gripper variation: Compression disabled (mean: 0.6049, max: 0.6745)
INFO:b1k.shared.eval_b1k_wrapper:🎯 Prediction #1140 | Actions: uncompressed (20) | Inpainting: True
INFO:b1k.shared.eval_b1k_wrapper:📊 Step 22800 | Task: 27 | Stage: 7/14 | Predictions: 1140
INFO:b1k.shared.eval_b1k_wrapper:🔧 Gripper variation: Compression disabled (mean: 0.7092, max: 0.6132)
INFO:b1k.shared.eval_b1k_wrapper:🔧 Gripper variation: Compression disabled (mean: 0.4455, max: 0.3177)
INFO:b1k.shared.eval_b1k_wrapper:🔧 Gripper variation: Compression disabled (mean: 0.5644, max: 0.8455)
INFO:b1k.shared.eval_b1k_wrapper:🔧 Gripper variation: Compression disabled (mean: 0.6923, max: 0.8068)
INFO:b1k.shared.eval_b1k_wrapper:🔧 Gripper variation: Compression disabled (mean: 0.8243, max: 0.6394)
INFO:b1k.shared.eval_b1k_wrapper:📊 Step 22900 | Task: 27 | Stage: 7/14 | Predictions: 1145
INFO:b1k.shared.eval_b1k_wrapper:🔧 Gripper variation: Compression disabled (mean: 0.4364, max: 0.6824)
INFO:b1k.shared.eval_b1k_wrapper:🔧 Gripper variation: Compression disabled (mean: 0.6694, max: 0.7026)
INFO:b1k.shared.eval_b1k_wrapper:🔧 Gripper variation: Compression disabled (mean: 0.3963, max: 0.4327)
INFO:b1k.shared.eval_b1k_wrapper:🔧 Gripper variation: Compression disabled (mean: 0.7106, max: 0.4452)
INFO:b1k.shared.eval_b1k_wrapper:🔧 Gripper variation: Compression disabled (mean: 0.3748, max: 0.4089)
INFO:b1k.shared.eval_b1k_wrapper:🎯 Prediction #1150 | Actions: uncompressed (20) | Inpainting: True
INFO:b1k.shared.eval_b1k_wrapper:📊 Step 23000 | Task: 27 | Stage: 7/14 | Predictions: 1150
INFO:b1k.shared.eval_b1k_wrapper:🔧 Gripper variation: Compression disabled (mean: 0.4244, max: 0.5070)
INFO:b1k.shared.eval_b1k_wrapper:🔧 Gripper variation: Compression disabled (mean: 0.8641, max: 0.5142)
INFO:b1k.shared.eval_b1k_wrapper:🔧 Gripper variation: Compression disabled (mean: 0.4253, max: 0.4180)
INFO:b1k.shared.eval_b1k_wrapper:🔧 Gripper variation: Compression disabled (mean: 0.3172, max: 0.4314)
INFO:b1k.shared.eval_b1k_wrapper:🔧 Gripper variation: Compression disabled (mean: 0.5581, max: 0.7365)
INFO:b1k.shared.eval_b1k_wrapper:📊 Step 23100 | Task: 27 | Stage: 7/14 | Predictions: 1155
INFO:b1k.shared.eval_b1k_wrapper:🔧 Gripper variation: Compression disabled (mean: 0.8556, max: 0.6383)
INFO:b1k.shared.eval_b1k_wrapper:🔧 Gripper variation: Compression disabled (mean: 0.9170, max: 0.6038)
INFO:b1k.shared.eval_b1k_wrapper:🔧 Gripper variation: Compression disabled (mean: 0.5416, max: 0.6849)
INFO:b1k.shared.eval_b1k_wrapper:🔧 Gripper variation: Compression disabled (mean: 0.7119, max: 0.4015)
INFO:b1k.shared.eval_b1k_wrapper:🔧 Gripper variation: Compression disabled (mean: 0.0810, max: 0.5072)
INFO:b1k.shared.eval_b1k_wrapper:🎯 Prediction #1160 | Actions: uncompressed (20) | Inpainting: True
INFO:b1k.shared.eval_b1k_wrapper:📊 Step 23200 | Task: 27 | Stage: 7/14 | Predictions: 1160
INFO:b1k.shared.eval_b1k_wrapper:🔧 Gripper variation: Compression disabled (mean: 1.0127, max: 0.5119)
INFO:b1k.shared.eval_b1k_wrapper:🔧 Gripper variation: Compression disabled (mean: 0.1878, max: 0.8772)
INFO:b1k.shared.eval_b1k_wrapper:🔧 Gripper variation: Compression disabled (mean: 0.3771, max: 0.7046)
INFO:b1k.shared.eval_b1k_wrapper:🔧 Gripper variation: Compression disabled (mean: 0.4537, max: 0.8947)
INFO:b1k.shared.eval_b1k_wrapper:🔧 Gripper variation: Compression disabled (mean: 0.6268, max: 0.7401)
INFO:b1k.shared.eval_b1k_wrapper:📊 Step 23300 | Task: 27 | Stage: 7/14 | Predictions: 1165
INFO:b1k.shared.eval_b1k_wrapper:🔧 Gripper variation: Compression disabled (mean: 0.6039, max: 0.7327)
INFO:b1k.shared.eval_b1k_wrapper:🔧 Gripper variation: Compression disabled (mean: 0.3761, max: 0.4955)
INFO:b1k.shared.eval_b1k_wrapper:🔧 Gripper variation: Compression disabled (mean: 0.6291, max: 0.6369)
INFO:b1k.shared.eval_b1k_wrapper:🔧 Gripper variation: Compression disabled (mean: 0.3232, max: 0.3113)
INFO:b1k.shared.eval_b1k_wrapper:🔧 Gripper variation: Compression disabled (mean: 0.6192, max: 0.2729)
INFO:b1k.shared.eval_b1k_wrapper:🎯 Prediction #1170 | Actions: uncompressed (20) | Inpainting: True
INFO:b1k.shared.eval_b1k_wrapper:📊 Step 23400 | Task: 27 | Stage: 7/14 | Predictions: 1170
INFO:b1k.shared.eval_b1k_wrapper:🔧 Gripper variation: Compression disabled (mean: 0.6226, max: 0.7846)
INFO:b1k.shared.eval_b1k_wrapper:🔧 Gripper variation: Compression disabled (mean: 0.1612, max: 0.6979)
INFO:b1k.shared.eval_b1k_wrapper:🔧 Gripper variation: Compression disabled (mean: 0.4659, max: 0.7421)
INFO:b1k.shared.eval_b1k_wrapper:🔧 Gripper variation: Compression disabled (mean: 0.7081, max: 0.6408)
INFO:b1k.shared.eval_b1k_wrapper:🔧 Gripper variation: Compression disabled (mean: 0.2921, max: 1.0558)
INFO:b1k.shared.eval_b1k_wrapper:📊 Step 23500 | Task: 27 | Stage: 7/14 | Predictions: 1175
INFO:b1k.shared.eval_b1k_wrapper:🔧 Gripper variation: Compression disabled (mean: 1.0958, max: 0.5967)
INFO:b1k.shared.eval_b1k_wrapper:🔧 Gripper variation: Compression disabled (mean: 0.3089, max: 0.1719)
INFO:b1k.shared.eval_b1k_wrapper:🔧 Gripper variation: Compression disabled (mean: 0.6787, max: 0.4149)
INFO:b1k.shared.eval_b1k_wrapper:🔧 Gripper variation: Compression disabled (mean: 0.8359, max: 0.5314)
INFO:b1k.shared.eval_b1k_wrapper:🔧 Gripper variation: Compression disabled (mean: 0.6623, max: 1.1792)
INFO:b1k.shared.eval_b1k_wrapper:🎯 Prediction #1180 | Actions: uncompressed (20) | Inpainting: True
INFO:b1k.shared.eval_b1k_wrapper:📊 Step 23600 | Task: 27 | Stage: 7/14 | Predictions: 1180
INFO:b1k.shared.eval_b1k_wrapper:🔧 Gripper variation: Compression disabled (mean: 0.3464, max: 0.6323)
INFO:b1k.shared.eval_b1k_wrapper:🔧 Gripper variation: Compression disabled (mean: 0.6659, max: 0.0943)
INFO:b1k.shared.eval_b1k_wrapper:🔧 Gripper variation: Compression disabled (mean: 0.2737, max: 0.5760)
INFO:b1k.shared.eval_b1k_wrapper:🔧 Gripper variation: Compression disabled (mean: 0.4440, max: 0.2332)
INFO:b1k.shared.eval_b1k_wrapper:🔧 Gripper variation: Compression disabled (mean: 0.6132, max: 0.9403)
INFO:b1k.shared.eval_b1k_wrapper:📊 Step 23700 | Task: 27 | Stage: 7/14 | Predictions: 1185
INFO:b1k.shared.eval_b1k_wrapper:🔧 Gripper variation: Compression disabled (mean: 0.2835, max: 0.8905)
INFO:websockets.server:connection closed
INFO:omnigibson.learning.utils.network_utils:Connection from ('127.0.0.1', 43264) closed
INFO:websockets.server:HTTP response sent (200 OK)
INFO:websockets.server:connection closed
INFO:websockets.server:connection open
INFO:omnigibson.learning.utils.network_utils:Connection from ('127.0.0.1', 35088) opened
INFO:b1k.shared.eval_b1k_wrapper:Policy reset - Task ID: 27, Action horizon: 30
INFO:b1k.shared.eval_b1k_wrapper:📊 Step 100 | Task: 27 | Stage: 0/14 | Predictions: 5
INFO:b1k.shared.eval_b1k_wrapper:🎯 Prediction #10 | Actions: compressed 26→20 | Inpainting: True
INFO:b1k.shared.eval_b1k_wrapper:📊 Step 200 | Task: 27 | Stage: 0/14 | Predictions: 10
INFO:b1k.shared.eval_b1k_wrapper:📊 Step 300 | Task: 27 | Stage: 0/14 | Predictions: 15
INFO:b1k.shared.eval_b1k_wrapper:🎯 Prediction #20 | Actions: compressed 26→20 | Inpainting: True
INFO:b1k.shared.eval_b1k_wrapper:📊 Step 400 | Task: 27 | Stage: 0/14 | Predictions: 20
INFO:b1k.shared.eval_b1k_wrapper:📊 Step 500 | Task: 27 | Stage: 0/14 | Predictions: 25
INFO:b1k.shared.eval_b1k_wrapper:🎯 Prediction #30 | Actions: compressed 26→20 | Inpainting: True
INFO:b1k.shared.eval_b1k_wrapper:📊 Step 600 | Task: 27 | Stage: 0/14 | Predictions: 30
INFO:b1k.shared.eval_b1k_wrapper:📊 Step 700 | Task: 27 | Stage: 0/14 | Predictions: 35
INFO:b1k.shared.eval_b1k_wrapper:⬆️  Stage advanced: 0 → 1 (task 27, step 700)
INFO:b1k.shared.eval_b1k_wrapper:🎯 Prediction #40 | Actions: compressed 26→20 | Inpainting: True
INFO:b1k.shared.eval_b1k_wrapper:📊 Step 800 | Task: 27 | Stage: 1/14 | Predictions: 40
INFO:b1k.shared.eval_b1k_wrapper:📊 Step 900 | Task: 27 | Stage: 1/14 | Predictions: 45
INFO:b1k.shared.eval_b1k_wrapper:🔧 Gripper variation: Compression disabled (mean: 0.0960, max: 0.2441)
INFO:b1k.shared.eval_b1k_wrapper:🔧 Gripper variation: Compression disabled (mean: 0.0457, max: 0.2718)
INFO:b1k.shared.eval_b1k_wrapper:🔧 Gripper variation: Compression disabled (mean: 0.2524, max: 0.2370)
INFO:b1k.shared.eval_b1k_wrapper:⬆️  Stage advanced: 1 → 2 (task 27, step 960)
INFO:b1k.shared.eval_b1k_wrapper:🔧 Gripper variation: Compression disabled (mean: 0.3583, max: 0.2502)
INFO:b1k.shared.eval_b1k_wrapper:🎯 Prediction #50 | Actions: uncompressed (20) | Inpainting: True
INFO:b1k.shared.eval_b1k_wrapper:📊 Step 1000 | Task: 27 | Stage: 2/14 | Predictions: 50
INFO:b1k.shared.eval_b1k_wrapper:🔧 Gripper variation: Compression disabled (mean: 0.5122, max: 0.4376)
INFO:b1k.shared.eval_b1k_wrapper:🔧 Gripper variation: Compression disabled (mean: 0.2424, max: 0.1773)
INFO:b1k.shared.eval_b1k_wrapper:🔧 Gripper variation: Compression disabled (mean: 0.0879, max: 0.2177)
INFO:b1k.shared.eval_b1k_wrapper:🔧 Gripper variation: Compression disabled (mean: 0.1731, max: 0.2310)
INFO:b1k.shared.eval_b1k_wrapper:🔧 Gripper variation: Compression disabled (mean: 0.2297, max: 0.3318)
INFO:b1k.shared.eval_b1k_wrapper:📊 Step 1100 | Task: 27 | Stage: 2/14 | Predictions: 55
INFO:b1k.shared.eval_b1k_wrapper:🔧 Gripper variation: Compression disabled (mean: 0.1217, max: 0.3329)
INFO:b1k.shared.eval_b1k_wrapper:🔧 Gripper variation: Compression disabled (mean: 0.0729, max: 0.2028)
INFO:b1k.shared.eval_b1k_wrapper:🔧 Gripper variation: Compression disabled (mean: 0.2005, max: 0.0878)
INFO:b1k.shared.eval_b1k_wrapper:🔧 Gripper variation: Compression disabled (mean: 0.1272, max: 0.2119)
INFO:b1k.shared.eval_b1k_wrapper:🔧 Gripper variation: Compression disabled (mean: 0.2085, max: 0.2898)
INFO:b1k.shared.eval_b1k_wrapper:🎯 Prediction #60 | Actions: uncompressed (20) | Inpainting: True
INFO:b1k.shared.eval_b1k_wrapper:📊 Step 1200 | Task: 27 | Stage: 2/14 | Predictions: 60
INFO:b1k.shared.eval_b1k_wrapper:🔧 Gripper variation: Compression disabled (mean: 0.4766, max: 0.1241)
INFO:b1k.shared.eval_b1k_wrapper:🔧 Gripper variation: Compression disabled (mean: 0.3604, max: 0.1398)
INFO:b1k.shared.eval_b1k_wrapper:🔧 Gripper variation: Compression disabled (mean: 0.0908, max: 0.3536)
INFO:b1k.shared.eval_b1k_wrapper:🔧 Gripper variation: Compression disabled (mean: 0.4316, max: 0.2047)
INFO:b1k.shared.eval_b1k_wrapper:🔧 Gripper variation: Compression disabled (mean: 0.2798, max: 0.2792)
INFO:b1k.shared.eval_b1k_wrapper:📊 Step 1300 | Task: 27 | Stage: 2/14 | Predictions: 65
INFO:b1k.shared.eval_b1k_wrapper:🔧 Gripper variation: Compression disabled (mean: 0.3766, max: 0.1831)
INFO:b1k.shared.eval_b1k_wrapper:🔧 Gripper variation: Compression disabled (mean: 0.0328, max: 0.2188)
INFO:b1k.shared.eval_b1k_wrapper:🔧 Gripper variation: Compression disabled (mean: 0.0863, max: 0.3026)
INFO:b1k.shared.eval_b1k_wrapper:🔧 Gripper variation: Compression disabled (mean: 0.0642, max: 0.2397)
INFO:b1k.shared.eval_b1k_wrapper:🔧 Gripper variation: Compression disabled (mean: 0.4451, max: 0.2251)
INFO:b1k.shared.eval_b1k_wrapper:🎯 Prediction #70 | Actions: uncompressed (20) | Inpainting: True
INFO:b1k.shared.eval_b1k_wrapper:📊 Step 1400 | Task: 27 | Stage: 2/14 | Predictions: 70
INFO:b1k.shared.eval_b1k_wrapper:🔧 Gripper variation: Compression disabled (mean: 0.1082, max: 0.4881)
INFO:b1k.shared.eval_b1k_wrapper:🔧 Gripper variation: Compression disabled (mean: 0.0631, max: 0.2484)
INFO:b1k.shared.eval_b1k_wrapper:🔧 Gripper variation: Compression disabled (mean: 0.0576, max: 0.3772)
INFO:b1k.shared.eval_b1k_wrapper:🔧 Gripper variation: Compression disabled (mean: 0.0928, max: 0.2237)
INFO:b1k.shared.eval_b1k_wrapper:📊 Step 1500 | Task: 27 | Stage: 2/14 | Predictions: 75
INFO:b1k.shared.eval_b1k_wrapper:🔧 Gripper variation: Compression disabled (mean: 0.3162, max: 0.1905)
INFO:b1k.shared.eval_b1k_wrapper:🔧 Gripper variation: Compression disabled (mean: 0.1063, max: 0.3325)
INFO:b1k.shared.eval_b1k_wrapper:🔧 Gripper variation: Compression disabled (mean: 0.8395, max: 0.1879)
INFO:b1k.shared.eval_b1k_wrapper:🎯 Prediction #80 | Actions: uncompressed (20) | Inpainting: True
INFO:b1k.shared.eval_b1k_wrapper:📊 Step 1600 | Task: 27 | Stage: 2/14 | Predictions: 80
INFO:b1k.shared.eval_b1k_wrapper:🔧 Gripper variation: Compression disabled (mean: 0.9636, max: 0.4178)
INFO:b1k.shared.eval_b1k_wrapper:🔧 Gripper variation: Compression disabled (mean: 0.2754, max: 0.2023)
INFO:b1k.shared.eval_b1k_wrapper:🔧 Gripper variation: Compression disabled (mean: 0.0354, max: 0.3367)
INFO:b1k.shared.eval_b1k_wrapper:🔧 Gripper variation: Compression disabled (mean: 0.4316, max: 0.2505)
INFO:b1k.shared.eval_b1k_wrapper:🔧 Gripper variation: Compression disabled (mean: 0.4151, max: 0.2698)
INFO:b1k.shared.eval_b1k_wrapper:📊 Step 1700 | Task: 27 | Stage: 2/14 | Predictions: 85
INFO:b1k.shared.eval_b1k_wrapper:🔧 Gripper variation: Compression disabled (mean: 0.4498, max: 0.2510)
INFO:b1k.shared.eval_b1k_wrapper:🔧 Gripper variation: Compression disabled (mean: 0.1688, max: 0.2641)
INFO:b1k.shared.eval_b1k_wrapper:🔧 Gripper variation: Compression disabled (mean: 0.0653, max: 0.2818)
INFO:b1k.shared.eval_b1k_wrapper:🔧 Gripper variation: Compression disabled (mean: 0.1403, max: 2.0348)
INFO:b1k.shared.eval_b1k_wrapper:🎯 Prediction #90 | Actions: compressed 26→20 | Inpainting: True
INFO:b1k.shared.eval_b1k_wrapper:📊 Step 1800 | Task: 27 | Stage: 2/14 | Predictions: 90
INFO:b1k.shared.eval_b1k_wrapper:⬆️  Stage advanced: 2 → 3 (task 27, step 1880)
INFO:b1k.shared.eval_b1k_wrapper:📊 Step 1900 | Task: 27 | Stage: 3/14 | Predictions: 95
INFO:b1k.shared.eval_b1k_wrapper:🎯 Prediction #100 | Actions: compressed 26→20 | Inpainting: True
INFO:b1k.shared.eval_b1k_wrapper:📊 Step 2000 | Task: 27 | Stage: 3/14 | Predictions: 100
INFO:b1k.shared.eval_b1k_wrapper:📊 Step 2100 | Task: 27 | Stage: 3/14 | Predictions: 105
INFO:b1k.shared.eval_b1k_wrapper:🎯 Prediction #110 | Actions: compressed 26→20 | Inpainting: True
INFO:b1k.shared.eval_b1k_wrapper:⬅️  Stage went back: 3 → 2 (task 27, step 2180)
INFO:b1k.shared.eval_b1k_wrapper:📊 Step 2200 | Task: 27 | Stage: 2/14 | Predictions: 110
INFO:b1k.shared.eval_b1k_wrapper:📊 Step 2300 | Task: 27 | Stage: 2/14 | Predictions: 115
INFO:b1k.shared.eval_b1k_wrapper:🎯 Prediction #120 | Actions: compressed 26→20 | Inpainting: True
INFO:b1k.shared.eval_b1k_wrapper:📊 Step 2400 | Task: 27 | Stage: 2/14 | Predictions: 120
INFO:b1k.shared.eval_b1k_wrapper:📊 Step 2500 | Task: 27 | Stage: 2/14 | Predictions: 125
INFO:b1k.shared.eval_b1k_wrapper:🎯 Prediction #130 | Actions: compressed 26→20 | Inpainting: True
INFO:b1k.shared.eval_b1k_wrapper:📊 Step 2600 | Task: 27 | Stage: 2/14 | Predictions: 130
INFO:b1k.shared.eval_b1k_wrapper:📊 Step 2700 | Task: 27 | Stage: 2/14 | Predictions: 135
INFO:b1k.shared.eval_b1k_wrapper:🎯 Prediction #140 | Actions: compressed 26→20 | Inpainting: True
INFO:b1k.shared.eval_b1k_wrapper:📊 Step 2800 | Task: 27 | Stage: 2/14 | Predictions: 140
INFO:b1k.shared.eval_b1k_wrapper:📊 Step 2900 | Task: 27 | Stage: 2/14 | Predictions: 145
INFO:b1k.shared.eval_b1k_wrapper:🎯 Prediction #150 | Actions: compressed 26→20 | Inpainting: True
INFO:b1k.shared.eval_b1k_wrapper:📊 Step 3000 | Task: 27 | Stage: 2/14 | Predictions: 150
INFO:b1k.shared.eval_b1k_wrapper:📊 Step 3100 | Task: 27 | Stage: 2/14 | Predictions: 155
INFO:b1k.shared.eval_b1k_wrapper:🎯 Prediction #160 | Actions: compressed 26→20 | Inpainting: True
INFO:b1k.shared.eval_b1k_wrapper:📊 Step 3200 | Task: 27 | Stage: 2/14 | Predictions: 160
INFO:b1k.shared.eval_b1k_wrapper:📊 Step 3300 | Task: 27 | Stage: 2/14 | Predictions: 165
INFO:b1k.shared.eval_b1k_wrapper:🎯 Prediction #170 | Actions: compressed 26→20 | Inpainting: True
INFO:b1k.shared.eval_b1k_wrapper:📊 Step 3400 | Task: 27 | Stage: 2/14 | Predictions: 170
INFO:b1k.shared.eval_b1k_wrapper:📊 Step 3500 | Task: 27 | Stage: 2/14 | Predictions: 175
INFO:b1k.shared.eval_b1k_wrapper:🎯 Prediction #180 | Actions: compressed 26→20 | Inpainting: True
INFO:b1k.shared.eval_b1k_wrapper:📊 Step 3600 | Task: 27 | Stage: 2/14 | Predictions: 180
INFO:b1k.shared.eval_b1k_wrapper:📊 Step 3700 | Task: 27 | Stage: 2/14 | Predictions: 185
INFO:b1k.shared.eval_b1k_wrapper:🎯 Prediction #190 | Actions: compressed 26→20 | Inpainting: True
INFO:b1k.shared.eval_b1k_wrapper:📊 Step 3800 | Task: 27 | Stage: 2/14 | Predictions: 190
INFO:b1k.shared.eval_b1k_wrapper:📊 Step 3900 | Task: 27 | Stage: 2/14 | Predictions: 195
INFO:b1k.shared.eval_b1k_wrapper:🎯 Prediction #200 | Actions: compressed 26→20 | Inpainting: True
INFO:b1k.shared.eval_b1k_wrapper:📊 Step 4000 | Task: 27 | Stage: 2/14 | Predictions: 200
INFO:b1k.shared.eval_b1k_wrapper:📊 Step 4100 | Task: 27 | Stage: 2/14 | Predictions: 205
INFO:b1k.shared.eval_b1k_wrapper:🎯 Prediction #210 | Actions: compressed 26→20 | Inpainting: True
INFO:b1k.shared.eval_b1k_wrapper:📊 Step 4200 | Task: 27 | Stage: 2/14 | Predictions: 210
INFO:b1k.shared.eval_b1k_wrapper:📊 Step 4300 | Task: 27 | Stage: 2/14 | Predictions: 215
INFO:b1k.shared.eval_b1k_wrapper:🔧 Gripper variation: Compression disabled (mean: 0.4549, max: 0.0756)
INFO:b1k.shared.eval_b1k_wrapper:🎯 Prediction #220 | Actions: compressed 26→20 | Inpainting: True
INFO:b1k.shared.eval_b1k_wrapper:📊 Step 4400 | Task: 27 | Stage: 2/14 | Predictions: 220
INFO:b1k.shared.eval_b1k_wrapper:🔧 Gripper variation: Compression disabled (mean: 0.2438, max: 0.1091)
INFO:b1k.shared.eval_b1k_wrapper:🔧 Gripper variation: Compression disabled (mean: 0.1287, max: 0.2340)
INFO:b1k.shared.eval_b1k_wrapper:🔧 Gripper variation: Compression disabled (mean: 0.2418, max: 0.6481)
INFO:b1k.shared.eval_b1k_wrapper:🔧 Gripper variation: Compression disabled (mean: 0.2433, max: 0.4350)
INFO:b1k.shared.eval_b1k_wrapper:🔧 Gripper variation: Compression disabled (mean: 0.4861, max: 0.4747)
INFO:b1k.shared.eval_b1k_wrapper:📊 Step 4500 | Task: 27 | Stage: 2/14 | Predictions: 225
INFO:b1k.shared.eval_b1k_wrapper:🔧 Gripper variation: Compression disabled (mean: 0.4120, max: 0.3803)
INFO:b1k.shared.eval_b1k_wrapper:🔧 Gripper variation: Compression disabled (mean: 0.1454, max: 0.2267)
INFO:b1k.shared.eval_b1k_wrapper:🎯 Prediction #230 | Actions: compressed 26→20 | Inpainting: True
INFO:b1k.shared.eval_b1k_wrapper:📊 Step 4600 | Task: 27 | Stage: 2/14 | Predictions: 230
INFO:b1k.shared.eval_b1k_wrapper:📊 Step 4700 | Task: 27 | Stage: 2/14 | Predictions: 235
INFO:b1k.shared.eval_b1k_wrapper:🔧 Gripper variation: Compression disabled (mean: 0.1149, max: 0.2360)
INFO:b1k.shared.eval_b1k_wrapper:🔧 Gripper variation: Compression disabled (mean: 0.3363, max: 0.8894)
INFO:b1k.shared.eval_b1k_wrapper:🔧 Gripper variation: Compression disabled (mean: 0.0994, max: 0.3230)
INFO:b1k.shared.eval_b1k_wrapper:🔧 Gripper variation: Compression disabled (mean: 0.4840, max: 0.4659)
INFO:b1k.shared.eval_b1k_wrapper:🎯 Prediction #240 | Actions: uncompressed (20) | Inpainting: True
INFO:b1k.shared.eval_b1k_wrapper:📊 Step 4800 | Task: 27 | Stage: 2/14 | Predictions: 240
INFO:b1k.shared.eval_b1k_wrapper:🔧 Gripper variation: Compression disabled (mean: 0.5561, max: 0.1058)
INFO:b1k.shared.eval_b1k_wrapper:🔧 Gripper variation: Compression disabled (mean: 0.1899, max: 0.2133)
INFO:b1k.shared.eval_b1k_wrapper:📊 Step 4900 | Task: 27 | Stage: 2/14 | Predictions: 245
INFO:b1k.shared.eval_b1k_wrapper:🔧 Gripper variation: Compression disabled (mean: 0.7431, max: 0.3642)
INFO:b1k.shared.eval_b1k_wrapper:🔧 Gripper variation: Compression disabled (mean: 0.5383, max: 0.3827)
INFO:b1k.shared.eval_b1k_wrapper:🔧 Gripper variation: Compression disabled (mean: 0.2249, max: 0.5628)
INFO:b1k.shared.eval_b1k_wrapper:🔧 Gripper variation: Compression disabled (mean: 0.5987, max: 0.5892)
INFO:b1k.shared.eval_b1k_wrapper:🎯 Prediction #250 | Actions: uncompressed (20) | Inpainting: True
INFO:b1k.shared.eval_b1k_wrapper:⬅️  Stage went back: 2 → 1 (task 27, step 4980)
INFO:b1k.shared.eval_b1k_wrapper:📊 Step 5000 | Task: 27 | Stage: 1/14 | Predictions: 250
INFO:b1k.shared.eval_b1k_wrapper:🔧 Gripper variation: Compression disabled (mean: 0.5494, max: 0.5820)
INFO:b1k.shared.eval_b1k_wrapper:🔧 Gripper variation: Compression disabled (mean: 0.4949, max: 0.1758)
INFO:b1k.shared.eval_b1k_wrapper:🔧 Gripper variation: Compression disabled (mean: 0.2275, max: 0.4383)
INFO:b1k.shared.eval_b1k_wrapper:🔧 Gripper variation: Compression disabled (mean: 1.1142, max: 0.5216)
INFO:b1k.shared.eval_b1k_wrapper:🔧 Gripper variation: Compression disabled (mean: 0.3450, max: 0.2334)
INFO:b1k.shared.eval_b1k_wrapper:📊 Step 5100 | Task: 27 | Stage: 1/14 | Predictions: 255
INFO:b1k.shared.eval_b1k_wrapper:🔧 Gripper variation: Compression disabled (mean: 1.0137, max: 0.6070)
INFO:b1k.shared.eval_b1k_wrapper:🔧 Gripper variation: Compression disabled (mean: 0.7460, max: 0.5313)
INFO:b1k.shared.eval_b1k_wrapper:🔧 Gripper variation: Compression disabled (mean: 0.7332, max: 0.8387)
INFO:b1k.shared.eval_b1k_wrapper:🔧 Gripper variation: Compression disabled (mean: 0.1308, max: 0.2003)
INFO:b1k.shared.eval_b1k_wrapper:🎯 Prediction #260 | Actions: uncompressed (20) | Inpainting: True
INFO:b1k.shared.eval_b1k_wrapper:⬆️  Stage advanced: 1 → 2 (task 27, step 5180)
INFO:b1k.shared.eval_b1k_wrapper:📊 Step 5200 | Task: 27 | Stage: 2/14 | Predictions: 260
INFO:b1k.shared.eval_b1k_wrapper:🔧 Gripper variation: Compression disabled (mean: 0.1271, max: 0.8033)
INFO:b1k.shared.eval_b1k_wrapper:🔧 Gripper variation: Compression disabled (mean: 0.2301, max: 0.0800)
INFO:b1k.shared.eval_b1k_wrapper:📊 Step 5300 | Task: 27 | Stage: 2/14 | Predictions: 265
INFO:b1k.shared.eval_b1k_wrapper:🎯 Prediction #270 | Actions: compressed 26→20 | Inpainting: True
INFO:b1k.shared.eval_b1k_wrapper:📊 Step 5400 | Task: 27 | Stage: 2/14 | Predictions: 270
INFO:b1k.shared.eval_b1k_wrapper:📊 Step 5500 | Task: 27 | Stage: 2/14 | Predictions: 275
INFO:b1k.shared.eval_b1k_wrapper:🎯 Prediction #280 | Actions: compressed 26→20 | Inpainting: True
INFO:b1k.shared.eval_b1k_wrapper:📊 Step 5600 | Task: 27 | Stage: 2/14 | Predictions: 280
INFO:b1k.shared.eval_b1k_wrapper:⬆️  Stage advanced: 2 → 3 (task 27, step 5680)
INFO:b1k.shared.eval_b1k_wrapper:📊 Step 5700 | Task: 27 | Stage: 3/14 | Predictions: 285
INFO:b1k.shared.eval_b1k_wrapper:🎯 Prediction #290 | Actions: compressed 26→20 | Inpainting: True
INFO:b1k.shared.eval_b1k_wrapper:📊 Step 5800 | Task: 27 | Stage: 3/14 | Predictions: 290
INFO:b1k.shared.eval_b1k_wrapper:🔧 Gripper variation: Compression disabled (mean: 0.0063, max: 2.0268)
INFO:b1k.shared.eval_b1k_wrapper:📊 Step 5900 | Task: 27 | Stage: 3/14 | Predictions: 295
INFO:b1k.shared.correction_rules:🔧 GENERAL GRIPPER CORRECTION: Task 27, Stage 3
INFO:b1k.shared.correction_rules:   Right gripper closed (-0.9971) → Opening to 1.0
INFO:b1k.shared.eval_b1k_wrapper:🔧 Correction rule: Actions modified (max diff: 2.0069, task 27, stage 3)
INFO:b1k.shared.eval_b1k_wrapper:🔧 Gripper variation: Compression disabled (mean: 0.0921, max: 0.2995)
INFO:b1k.shared.eval_b1k_wrapper:🔧 Gripper variation: Compression disabled (mean: 0.0062, max: 2.0126)
INFO:b1k.shared.eval_b1k_wrapper:🎯 Prediction #300 | Actions: uncompressed (20) | Inpainting: True
INFO:b1k.shared.eval_b1k_wrapper:📊 Step 6000 | Task: 27 | Stage: 3/14 | Predictions: 300
INFO:b1k.shared.eval_b1k_wrapper:📊 Step 6100 | Task: 27 | Stage: 3/14 | Predictions: 305
INFO:b1k.shared.eval_b1k_wrapper:🎯 Prediction #310 | Actions: compressed 26→20 | Inpainting: True
INFO:b1k.shared.eval_b1k_wrapper:📊 Step 6200 | Task: 27 | Stage: 3/14 | Predictions: 310
INFO:b1k.shared.eval_b1k_wrapper:📊 Step 6300 | Task: 27 | Stage: 3/14 | Predictions: 315
INFO:b1k.shared.eval_b1k_wrapper:🎯 Prediction #320 | Actions: compressed 26→20 | Inpainting: True
INFO:b1k.shared.eval_b1k_wrapper:📊 Step 6400 | Task: 27 | Stage: 3/14 | Predictions: 320
INFO:b1k.shared.eval_b1k_wrapper:📊 Step 6500 | Task: 27 | Stage: 3/14 | Predictions: 325
INFO:b1k.shared.eval_b1k_wrapper:🔧 Gripper variation: Compression disabled (mean: 0.0277, max: 0.2324)
INFO:b1k.shared.eval_b1k_wrapper:🎯 Prediction #330 | Actions: uncompressed (20) | Inpainting: True
INFO:b1k.shared.eval_b1k_wrapper:📊 Step 6600 | Task: 27 | Stage: 3/14 | Predictions: 330
INFO:b1k.shared.eval_b1k_wrapper:🔧 Gripper variation: Compression disabled (mean: 0.1461, max: 0.2535)
INFO:b1k.shared.eval_b1k_wrapper:📊 Step 6700 | Task: 27 | Stage: 3/14 | Predictions: 335
INFO:b1k.shared.eval_b1k_wrapper:🎯 Prediction #340 | Actions: compressed 26→20 | Inpainting: True
INFO:b1k.shared.eval_b1k_wrapper:📊 Step 6800 | Task: 27 | Stage: 3/14 | Predictions: 340
INFO:b1k.shared.eval_b1k_wrapper:📊 Step 6900 | Task: 27 | Stage: 3/14 | Predictions: 345
INFO:b1k.shared.eval_b1k_wrapper:🔧 Gripper variation: Compression disabled (mean: 0.2139, max: 0.0814)
INFO:b1k.shared.eval_b1k_wrapper:🎯 Prediction #350 | Actions: compressed 26→20 | Inpainting: True
INFO:b1k.shared.eval_b1k_wrapper:📊 Step 7000 | Task: 27 | Stage: 3/14 | Predictions: 350
INFO:b1k.shared.eval_b1k_wrapper:📊 Step 7100 | Task: 27 | Stage: 3/14 | Predictions: 355
INFO:b1k.shared.eval_b1k_wrapper:🎯 Prediction #360 | Actions: compressed 26→20 | Inpainting: True
INFO:b1k.shared.eval_b1k_wrapper:📊 Step 7200 | Task: 27 | Stage: 3/14 | Predictions: 360
INFO:b1k.shared.eval_b1k_wrapper:🔧 Gripper variation: Compression disabled (mean: 0.3445, max: 0.4981)
INFO:b1k.shared.eval_b1k_wrapper:🔧 Gripper variation: Compression disabled (mean: 0.3555, max: 0.3044)
INFO:b1k.shared.eval_b1k_wrapper:📊 Step 7300 | Task: 27 | Stage: 3/14 | Predictions: 365
INFO:b1k.shared.eval_b1k_wrapper:🔧 Gripper variation: Compression disabled (mean: 2.0188, max: 0.0097)
INFO:b1k.shared.eval_b1k_wrapper:🔧 Gripper variation: Compression disabled (mean: 2.0512, max: 0.0164)
INFO:b1k.shared.correction_rules:🔧 GENERAL GRIPPER CORRECTION: Task 27, Stage 3
INFO:b1k.shared.correction_rules:   Left gripper closed (-0.9999) → Opening to 1.0
INFO:b1k.shared.eval_b1k_wrapper:🔧 Correction rule: Actions modified (max diff: 2.0020, task 27, stage 3)
INFO:b1k.shared.eval_b1k_wrapper:🎯 Prediction #370 | Actions: compressed 26→20 | Inpainting: True
INFO:b1k.shared.eval_b1k_wrapper:📊 Step 7400 | Task: 27 | Stage: 3/14 | Predictions: 370
INFO:b1k.shared.eval_b1k_wrapper:🔧 Gripper variation: Compression disabled (mean: 0.4145, max: 1.1386)
INFO:b1k.shared.eval_b1k_wrapper:🔧 Gripper variation: Compression disabled (mean: 1.9956, max: 0.0071)
INFO:b1k.shared.correction_rules:🔧 GENERAL GRIPPER CORRECTION: Task 27, Stage 3
INFO:b1k.shared.correction_rules:   Left gripper closed (-0.9930) → Opening to 1.0
INFO:b1k.shared.eval_b1k_wrapper:🔧 Correction rule: Actions modified (max diff: 2.0052, task 27, stage 3)
INFO:b1k.shared.eval_b1k_wrapper:🔧 Gripper variation: Compression disabled (mean: 1.9747, max: 0.7591)
INFO:b1k.shared.correction_rules:🔧 GENERAL GRIPPER CORRECTION: Task 27, Stage 3
INFO:b1k.shared.correction_rules:   Left gripper closed (-0.9915) → Opening to 1.0
INFO:b1k.shared.eval_b1k_wrapper:🔧 Correction rule: Actions modified (max diff: 2.0024, task 27, stage 3)
INFO:b1k.shared.eval_b1k_wrapper:📊 Step 7500 | Task: 27 | Stage: 3/14 | Predictions: 375
INFO:b1k.shared.eval_b1k_wrapper:🔧 Gripper variation: Compression disabled (mean: 2.2043, max: 0.7570)
INFO:b1k.shared.correction_rules:🔧 GENERAL GRIPPER CORRECTION: Task 27, Stage 3
INFO:b1k.shared.correction_rules:   Left gripper closed (-0.9967) → Opening to 1.0
INFO:b1k.shared.eval_b1k_wrapper:🔧 Correction rule: Actions modified (max diff: 2.0097, task 27, stage 3)
INFO:b1k.shared.eval_b1k_wrapper:🔧 Gripper variation: Compression disabled (mean: 0.2723, max: 0.6734)
INFO:b1k.shared.eval_b1k_wrapper:🎯 Prediction #380 | Actions: compressed 26→20 | Inpainting: True
INFO:b1k.shared.eval_b1k_wrapper:📊 Step 7600 | Task: 27 | Stage: 3/14 | Predictions: 380
INFO:b1k.shared.eval_b1k_wrapper:🔧 Gripper variation: Compression disabled (mean: 2.0576, max: 0.0120)
INFO:b1k.shared.eval_b1k_wrapper:📊 Step 7700 | Task: 27 | Stage: 3/14 | Predictions: 385
INFO:b1k.shared.eval_b1k_wrapper:🎯 Prediction #390 | Actions: compressed 26→20 | Inpainting: True
INFO:b1k.shared.eval_b1k_wrapper:📊 Step 7800 | Task: 27 | Stage: 3/14 | Predictions: 390
INFO:b1k.shared.eval_b1k_wrapper:⬆️  Stage advanced: 3 → 4 (task 27, step 7840)
INFO:b1k.shared.eval_b1k_wrapper:📊 Step 7900 | Task: 27 | Stage: 4/14 | Predictions: 395
INFO:b1k.shared.eval_b1k_wrapper:🎯 Prediction #400 | Actions: compressed 26→20 | Inpainting: True
INFO:b1k.shared.eval_b1k_wrapper:📊 Step 8000 | Task: 27 | Stage: 4/14 | Predictions: 400
INFO:b1k.shared.eval_b1k_wrapper:📊 Step 8100 | Task: 27 | Stage: 4/14 | Predictions: 405
INFO:b1k.shared.eval_b1k_wrapper:🎯 Prediction #410 | Actions: compressed 26→20 | Inpainting: True
INFO:b1k.shared.eval_b1k_wrapper:📊 Step 8200 | Task: 27 | Stage: 4/14 | Predictions: 410
INFO:b1k.shared.eval_b1k_wrapper:📊 Step 8300 | Task: 27 | Stage: 4/14 | Predictions: 415
INFO:b1k.shared.eval_b1k_wrapper:🎯 Prediction #420 | Actions: compressed 26→20 | Inpainting: True
INFO:b1k.shared.eval_b1k_wrapper:📊 Step 8400 | Task: 27 | Stage: 4/14 | Predictions: 420
INFO:b1k.shared.eval_b1k_wrapper:📊 Step 8500 | Task: 27 | Stage: 4/14 | Predictions: 425
INFO:b1k.shared.eval_b1k_wrapper:⬅️  Stage went back: 4 → 3 (task 27, step 8540)
INFO:b1k.shared.eval_b1k_wrapper:🎯 Prediction #430 | Actions: compressed 26→20 | Inpainting: True
INFO:b1k.shared.eval_b1k_wrapper:📊 Step 8600 | Task: 27 | Stage: 3/14 | Predictions: 430
INFO:b1k.shared.eval_b1k_wrapper:⬆️  Stage advanced: 3 → 4 (task 27, step 8680)
INFO:b1k.shared.eval_b1k_wrapper:📊 Step 8700 | Task: 27 | Stage: 4/14 | Predictions: 435
INFO:b1k.shared.eval_b1k_wrapper:🎯 Prediction #440 | Actions: compressed 26→20 | Inpainting: True
INFO:b1k.shared.eval_b1k_wrapper:📊 Step 8800 | Task: 27 | Stage: 4/14 | Predictions: 440
INFO:b1k.shared.eval_b1k_wrapper:📊 Step 8900 | Task: 27 | Stage: 4/14 | Predictions: 445
INFO:b1k.shared.eval_b1k_wrapper:🎯 Prediction #450 | Actions: compressed 26→20 | Inpainting: True
INFO:b1k.shared.eval_b1k_wrapper:📊 Step 9000 | Task: 27 | Stage: 4/14 | Predictions: 450
INFO:b1k.shared.eval_b1k_wrapper:📊 Step 9100 | Task: 27 | Stage: 4/14 | Predictions: 455
INFO:b1k.shared.eval_b1k_wrapper:🎯 Prediction #460 | Actions: compressed 26→20 | Inpainting: True
INFO:b1k.shared.eval_b1k_wrapper:📊 Step 9200 | Task: 27 | Stage: 4/14 | Predictions: 460
INFO:b1k.shared.eval_b1k_wrapper:📊 Step 9300 | Task: 27 | Stage: 4/14 | Predictions: 465
INFO:b1k.shared.eval_b1k_wrapper:🎯 Prediction #470 | Actions: compressed 26→20 | Inpainting: True
INFO:b1k.shared.eval_b1k_wrapper:📊 Step 9400 | Task: 27 | Stage: 4/14 | Predictions: 470
INFO:b1k.shared.eval_b1k_wrapper:📊 Step 9500 | Task: 27 | Stage: 4/14 | Predictions: 475
INFO:b1k.shared.eval_b1k_wrapper:⬆️  Stage advanced: 4 → 5 (task 27, step 9560)
INFO:b1k.shared.eval_b1k_wrapper:🎯 Prediction #480 | Actions: compressed 26→20 | Inpainting: True
INFO:b1k.shared.eval_b1k_wrapper:📊 Step 9600 | Task: 27 | Stage: 5/14 | Predictions: 480
INFO:b1k.shared.eval_b1k_wrapper:📊 Step 9700 | Task: 27 | Stage: 5/14 | Predictions: 485
INFO:b1k.shared.eval_b1k_wrapper:🔧 Gripper variation: Compression disabled (mean: 0.0353, max: 2.0020)
INFO:b1k.shared.eval_b1k_wrapper:🎯 Prediction #490 | Actions: compressed 26→20 | Inpainting: True
INFO:b1k.shared.eval_b1k_wrapper:📊 Step 9800 | Task: 27 | Stage: 5/14 | Predictions: 490
INFO:b1k.shared.eval_b1k_wrapper:⬆️  Stage advanced: 5 → 6 (task 27, step 9800)
INFO:b1k.shared.eval_b1k_wrapper:📊 Step 9900 | Task: 27 | Stage: 6/14 | Predictions: 495
INFO:b1k.shared.eval_b1k_wrapper:🎯 Prediction #500 | Actions: compressed 26→20 | Inpainting: True
INFO:b1k.shared.eval_b1k_wrapper:📊 Step 10000 | Task: 27 | Stage: 6/14 | Predictions: 500
INFO:b1k.shared.eval_b1k_wrapper:🔧 Gripper variation: Compression disabled (mean: 2.0273, max: 0.0126)
INFO:b1k.shared.eval_b1k_wrapper:⬅️  Stage went back: 6 → 5 (task 27, step 10080)
INFO:b1k.shared.eval_b1k_wrapper:📊 Step 10100 | Task: 27 | Stage: 5/14 | Predictions: 505
INFO:b1k.shared.eval_b1k_wrapper:🎯 Prediction #510 | Actions: compressed 26→20 | Inpainting: True
INFO:b1k.shared.eval_b1k_wrapper:📊 Step 10200 | Task: 27 | Stage: 5/14 | Predictions: 510
INFO:b1k.shared.eval_b1k_wrapper:📊 Step 10300 | Task: 27 | Stage: 5/14 | Predictions: 515
INFO:b1k.shared.eval_b1k_wrapper:🎯 Prediction #520 | Actions: compressed 26→20 | Inpainting: True
INFO:b1k.shared.eval_b1k_wrapper:📊 Step 10400 | Task: 27 | Stage: 5/14 | Predictions: 520
INFO:b1k.shared.eval_b1k_wrapper:📊 Step 10500 | Task: 27 | Stage: 5/14 | Predictions: 525
INFO:b1k.shared.eval_b1k_wrapper:🎯 Prediction #530 | Actions: compressed 26→20 | Inpainting: True
INFO:b1k.shared.eval_b1k_wrapper:📊 Step 10600 | Task: 27 | Stage: 5/14 | Predictions: 530
INFO:b1k.shared.eval_b1k_wrapper:⬆️  Stage advanced: 5 → 6 (task 27, step 10660)
INFO:b1k.shared.eval_b1k_wrapper:📊 Step 10700 | Task: 27 | Stage: 6/14 | Predictions: 535
INFO:b1k.shared.eval_b1k_wrapper:⬅️  Stage went back: 6 → 5 (task 27, step 10760)
INFO:b1k.shared.eval_b1k_wrapper:🎯 Prediction #540 | Actions: compressed 26→20 | Inpainting: True
INFO:b1k.shared.eval_b1k_wrapper:📊 Step 10800 | Task: 27 | Stage: 5/14 | Predictions: 540
INFO:b1k.shared.eval_b1k_wrapper:⬆️  Stage advanced: 5 → 6 (task 27, step 10820)
INFO:b1k.shared.eval_b1k_wrapper:📊 Step 10900 | Task: 27 | Stage: 6/14 | Predictions: 545
INFO:b1k.shared.eval_b1k_wrapper:🎯 Prediction #550 | Actions: compressed 26→20 | Inpainting: True
INFO:b1k.shared.eval_b1k_wrapper:📊 Step 11000 | Task: 27 | Stage: 6/14 | Predictions: 550
INFO:b1k.shared.eval_b1k_wrapper:⏭️  Stage skipped: 6 → 7 (task 27, step 11040)
INFO:b1k.shared.eval_b1k_wrapper:📊 Step 11100 | Task: 27 | Stage: 7/14 | Predictions: 555
INFO:b1k.shared.eval_b1k_wrapper:⬆️  Stage advanced: 7 → 8 (task 27, step 11100)
INFO:b1k.shared.eval_b1k_wrapper:🎯 Prediction #560 | Actions: compressed 26→20 | Inpainting: True
INFO:b1k.shared.eval_b1k_wrapper:📊 Step 11200 | Task: 27 | Stage: 8/14 | Predictions: 560
INFO:b1k.shared.eval_b1k_wrapper:📊 Step 11300 | Task: 27 | Stage: 8/14 | Predictions: 565
INFO:b1k.shared.eval_b1k_wrapper:🎯 Prediction #570 | Actions: compressed 26→20 | Inpainting: True
INFO:b1k.shared.eval_b1k_wrapper:📊 Step 11400 | Task: 27 | Stage: 8/14 | Predictions: 570
INFO:b1k.shared.eval_b1k_wrapper:📊 Step 11500 | Task: 27 | Stage: 8/14 | Predictions: 575
INFO:b1k.shared.eval_b1k_wrapper:🎯 Prediction #580 | Actions: compressed 26→20 | Inpainting: True
INFO:b1k.shared.eval_b1k_wrapper:📊 Step 11600 | Task: 27 | Stage: 8/14 | Predictions: 580
INFO:b1k.shared.eval_b1k_wrapper:📊 Step 11700 | Task: 27 | Stage: 8/14 | Predictions: 585
INFO:b1k.shared.eval_b1k_wrapper:🎯 Prediction #590 | Actions: compressed 26→20 | Inpainting: True
INFO:b1k.shared.eval_b1k_wrapper:📊 Step 11800 | Task: 27 | Stage: 8/14 | Predictions: 590
INFO:b1k.shared.eval_b1k_wrapper:🔧 Gripper variation: Compression disabled (mean: 0.0106, max: 2.0015)
INFO:b1k.shared.correction_rules:🔧 GENERAL GRIPPER CORRECTION: Task 27, Stage 8
INFO:b1k.shared.correction_rules:   Right gripper closed (-0.9974) → Opening to 1.0
INFO:b1k.shared.eval_b1k_wrapper:🔧 Correction rule: Actions modified (max diff: 2.0047, task 27, stage 8)
INFO:b1k.shared.eval_b1k_wrapper:📊 Step 11900 | Task: 27 | Stage: 8/14 | Predictions: 595
INFO:b1k.shared.eval_b1k_wrapper:🔧 Gripper variation: Compression disabled (mean: 0.0180, max: 1.9685)
INFO:b1k.shared.eval_b1k_wrapper:🎯 Prediction #600 | Actions: compressed 26→20 | Inpainting: True
INFO:b1k.shared.eval_b1k_wrapper:📊 Step 12000 | Task: 27 | Stage: 8/14 | Predictions: 600
INFO:b1k.shared.eval_b1k_wrapper:📊 Step 12100 | Task: 27 | Stage: 8/14 | Predictions: 605
INFO:b1k.shared.eval_b1k_wrapper:🎯 Prediction #610 | Actions: compressed 26→20 | Inpainting: True
INFO:b1k.shared.eval_b1k_wrapper:📊 Step 12200 | Task: 27 | Stage: 8/14 | Predictions: 610
INFO:b1k.shared.eval_b1k_wrapper:📊 Step 12300 | Task: 27 | Stage: 8/14 | Predictions: 615
INFO:b1k.shared.eval_b1k_wrapper:🎯 Prediction #620 | Actions: compressed 26→20 | Inpainting: True
INFO:b1k.shared.eval_b1k_wrapper:📊 Step 12400 | Task: 27 | Stage: 8/14 | Predictions: 620
INFO:b1k.shared.eval_b1k_wrapper:📊 Step 12500 | Task: 27 | Stage: 8/14 | Predictions: 625
INFO:b1k.shared.eval_b1k_wrapper:🎯 Prediction #630 | Actions: compressed 26→20 | Inpainting: True
INFO:b1k.shared.eval_b1k_wrapper:📊 Step 12600 | Task: 27 | Stage: 8/14 | Predictions: 630
INFO:b1k.shared.eval_b1k_wrapper:📊 Step 12700 | Task: 27 | Stage: 8/14 | Predictions: 635
INFO:b1k.shared.eval_b1k_wrapper:🔧 Gripper variation: Compression disabled (mean: 2.0222, max: 0.0134)
INFO:b1k.shared.eval_b1k_wrapper:🎯 Prediction #640 | Actions: uncompressed (20) | Inpainting: True
INFO:b1k.shared.eval_b1k_wrapper:📊 Step 12800 | Task: 27 | Stage: 8/14 | Predictions: 640
INFO:b1k.shared.eval_b1k_wrapper:📊 Step 12900 | Task: 27 | Stage: 8/14 | Predictions: 645
INFO:b1k.shared.eval_b1k_wrapper:🔧 Gripper variation: Compression disabled (mean: 2.0037, max: 0.0119)
INFO:b1k.shared.eval_b1k_wrapper:🔧 Gripper variation: Compression disabled (mean: 2.0204, max: 0.0138)
INFO:b1k.shared.eval_b1k_wrapper:🔧 Gripper variation: Compression disabled (mean: 2.0326, max: 0.0227)
INFO:b1k.shared.eval_b1k_wrapper:🔧 Gripper variation: Compression disabled (mean: 1.9824, max: 0.0293)
INFO:b1k.shared.eval_b1k_wrapper:🎯 Prediction #650 | Actions: uncompressed (20) | Inpainting: True
INFO:b1k.shared.eval_b1k_wrapper:📊 Step 13000 | Task: 27 | Stage: 8/14 | Predictions: 650
INFO:b1k.shared.eval_b1k_wrapper:📊 Step 13100 | Task: 27 | Stage: 8/14 | Predictions: 655
INFO:b1k.shared.eval_b1k_wrapper:🔧 Gripper variation: Compression disabled (mean: 1.9391, max: 0.0166)
INFO:b1k.shared.eval_b1k_wrapper:🎯 Prediction #660 | Actions: compressed 26→20 | Inpainting: True
INFO:b1k.shared.eval_b1k_wrapper:📊 Step 13200 | Task: 27 | Stage: 8/14 | Predictions: 660
INFO:b1k.shared.eval_b1k_wrapper:📊 Step 13300 | Task: 27 | Stage: 8/14 | Predictions: 665
INFO:b1k.shared.eval_b1k_wrapper:🔧 Gripper variation: Compression disabled (mean: 2.0163, max: 0.0232)
INFO:b1k.shared.correction_rules:🔧 GENERAL GRIPPER CORRECTION: Task 27, Stage 8
INFO:b1k.shared.correction_rules:   Left gripper closed (-0.9921) → Opening to 1.0
INFO:b1k.shared.eval_b1k_wrapper:🔧 Correction rule: Actions modified (max diff: 2.0034, task 27, stage 8)
INFO:b1k.shared.eval_b1k_wrapper:🎯 Prediction #670 | Actions: compressed 26→20 | Inpainting: True
INFO:b1k.shared.eval_b1k_wrapper:📊 Step 13400 | Task: 27 | Stage: 8/14 | Predictions: 670
INFO:b1k.shared.eval_b1k_wrapper:📊 Step 13500 | Task: 27 | Stage: 8/14 | Predictions: 675
INFO:b1k.shared.eval_b1k_wrapper:🎯 Prediction #680 | Actions: compressed 26→20 | Inpainting: True
INFO:b1k.shared.eval_b1k_wrapper:📊 Step 13600 | Task: 27 | Stage: 8/14 | Predictions: 680
INFO:b1k.shared.eval_b1k_wrapper:🔧 Gripper variation: Compression disabled (mean: 1.4613, max: 0.2500)
INFO:b1k.shared.eval_b1k_wrapper:📊 Step 13700 | Task: 27 | Stage: 8/14 | Predictions: 685
INFO:b1k.shared.correction_rules:🔧 GENERAL GRIPPER CORRECTION: Task 27, Stage 8
INFO:b1k.shared.correction_rules:   Left gripper closed (-0.9853) → Opening to 1.0
INFO:b1k.shared.eval_b1k_wrapper:🔧 Correction rule: Actions modified (max diff: 2.0028, task 27, stage 8)
INFO:b1k.shared.eval_b1k_wrapper:🔧 Gripper variation: Compression disabled (mean: 1.3973, max: 0.9636)
INFO:b1k.shared.eval_b1k_wrapper:🔧 Gripper variation: Compression disabled (mean: 1.9911, max: 0.0143)
INFO:b1k.shared.eval_b1k_wrapper:🎯 Prediction #690 | Actions: uncompressed (20) | Inpainting: True
INFO:b1k.shared.eval_b1k_wrapper:📊 Step 13800 | Task: 27 | Stage: 8/14 | Predictions: 690
INFO:b1k.shared.correction_rules:🔧 GENERAL GRIPPER CORRECTION: Task 27, Stage 8
INFO:b1k.shared.correction_rules:   Left gripper closed (-0.9909) → Opening to 1.0
INFO:b1k.shared.eval_b1k_wrapper:🔧 Correction rule: Actions modified (max diff: 2.0023, task 27, stage 8)
INFO:b1k.shared.eval_b1k_wrapper:🔧 Gripper variation: Compression disabled (mean: 1.9187, max: 0.9067)
INFO:b1k.shared.correction_rules:🔧 GENERAL GRIPPER CORRECTION: Task 27, Stage 8
INFO:b1k.shared.correction_rules:   Left gripper closed (-0.9978) → Opening to 1.0
INFO:b1k.shared.eval_b1k_wrapper:🔧 Correction rule: Actions modified (max diff: 2.0093, task 27, stage 8)
INFO:b1k.shared.eval_b1k_wrapper:📊 Step 13900 | Task: 27 | Stage: 8/14 | Predictions: 695
INFO:b1k.shared.eval_b1k_wrapper:🔧 Gripper variation: Compression disabled (mean: 2.0070, max: 0.0315)
INFO:b1k.shared.eval_b1k_wrapper:🎯 Prediction #700 | Actions: compressed 26→20 | Inpainting: True
INFO:b1k.shared.eval_b1k_wrapper:📊 Step 14000 | Task: 27 | Stage: 8/14 | Predictions: 700
INFO:b1k.shared.eval_b1k_wrapper:📊 Step 14100 | Task: 27 | Stage: 8/14 | Predictions: 705
INFO:b1k.shared.eval_b1k_wrapper:🎯 Prediction #710 | Actions: compressed 26→20 | Inpainting: True
INFO:b1k.shared.eval_b1k_wrapper:📊 Step 14200 | Task: 27 | Stage: 8/14 | Predictions: 710
INFO:b1k.shared.eval_b1k_wrapper:🔧 Gripper variation: Compression disabled (mean: 1.4756, max: 0.0261)
INFO:b1k.shared.eval_b1k_wrapper:📊 Step 14300 | Task: 27 | Stage: 8/14 | Predictions: 715
INFO:b1k.shared.eval_b1k_wrapper:🔧 Gripper variation: Compression disabled (mean: 0.4583, max: 0.0098)
INFO:b1k.shared.eval_b1k_wrapper:🎯 Prediction #720 | Actions: compressed 26→20 | Inpainting: True
INFO:b1k.shared.eval_b1k_wrapper:📊 Step 14400 | Task: 27 | Stage: 8/14 | Predictions: 720
INFO:b1k.shared.eval_b1k_wrapper:📊 Step 14500 | Task: 27 | Stage: 8/14 | Predictions: 725
INFO:b1k.shared.eval_b1k_wrapper:🎯 Prediction #730 | Actions: compressed 26→20 | Inpainting: True
INFO:b1k.shared.eval_b1k_wrapper:📊 Step 14600 | Task: 27 | Stage: 8/14 | Predictions: 730
INFO:b1k.shared.eval_b1k_wrapper:📊 Step 14700 | Task: 27 | Stage: 8/14 | Predictions: 735
INFO:b1k.shared.eval_b1k_wrapper:🎯 Prediction #740 | Actions: compressed 26→20 | Inpainting: True
INFO:b1k.shared.eval_b1k_wrapper:📊 Step 14800 | Task: 27 | Stage: 8/14 | Predictions: 740
INFO:b1k.shared.eval_b1k_wrapper:📊 Step 14900 | Task: 27 | Stage: 8/14 | Predictions: 745
INFO:b1k.shared.eval_b1k_wrapper:🔧 Gripper variation: Compression disabled (mean: 1.9842, max: 0.0181)
INFO:b1k.shared.eval_b1k_wrapper:🎯 Prediction #750 | Actions: uncompressed (20) | Inpainting: True
INFO:b1k.shared.eval_b1k_wrapper:📊 Step 15000 | Task: 27 | Stage: 8/14 | Predictions: 750
INFO:b1k.shared.eval_b1k_wrapper:📊 Step 15100 | Task: 27 | Stage: 8/14 | Predictions: 755
INFO:b1k.shared.eval_b1k_wrapper:🎯 Prediction #760 | Actions: compressed 26→20 | Inpainting: True
INFO:b1k.shared.eval_b1k_wrapper:📊 Step 15200 | Task: 27 | Stage: 8/14 | Predictions: 760
INFO:b1k.shared.eval_b1k_wrapper:📊 Step 15300 | Task: 27 | Stage: 8/14 | Predictions: 765
INFO:b1k.shared.eval_b1k_wrapper:🎯 Prediction #770 | Actions: compressed 26→20 | Inpainting: True
INFO:b1k.shared.eval_b1k_wrapper:📊 Step 15400 | Task: 27 | Stage: 8/14 | Predictions: 770
INFO:b1k.shared.eval_b1k_wrapper:📊 Step 15500 | Task: 27 | Stage: 8/14 | Predictions: 775
INFO:b1k.shared.eval_b1k_wrapper:🔧 Gripper variation: Compression disabled (mean: 2.0060, max: 0.0174)
INFO:b1k.shared.correction_rules:🔧 GENERAL GRIPPER CORRECTION: Task 27, Stage 8
INFO:b1k.shared.correction_rules:   Left gripper closed (-0.9977) → Opening to 1.0
INFO:b1k.shared.eval_b1k_wrapper:🔧 Correction rule: Actions modified (max diff: 2.0051, task 27, stage 8)
INFO:b1k.shared.eval_b1k_wrapper:🔧 Gripper variation: Compression disabled (mean: 1.9938, max: 0.0141)
INFO:b1k.shared.correction_rules:🔧 GENERAL GRIPPER CORRECTION: Task 27, Stage 8
INFO:b1k.shared.correction_rules:   Left gripper closed (-0.9947) → Opening to 1.0
INFO:b1k.shared.eval_b1k_wrapper:🔧 Correction rule: Actions modified (max diff: 2.0012, task 27, stage 8)
INFO:b1k.shared.eval_b1k_wrapper:🔧 Gripper variation: Compression disabled (mean: 2.0141, max: 0.0175)
INFO:b1k.shared.eval_b1k_wrapper:🎯 Prediction #780 | Actions: uncompressed (20) | Inpainting: True
INFO:b1k.shared.eval_b1k_wrapper:📊 Step 15600 | Task: 27 | Stage: 8/14 | Predictions: 780
INFO:b1k.shared.correction_rules:🔧 GENERAL GRIPPER CORRECTION: Task 27, Stage 8
INFO:b1k.shared.correction_rules:   Left gripper closed (-1.0000) → Opening to 1.0
INFO:b1k.shared.eval_b1k_wrapper:🔧 Correction rule: Actions modified (max diff: 2.0042, task 27, stage 8)
INFO:b1k.shared.eval_b1k_wrapper:🔧 Gripper variation: Compression disabled (mean: 2.0023, max: 0.0155)
INFO:b1k.shared.correction_rules:🔧 GENERAL GRIPPER CORRECTION: Task 27, Stage 8
INFO:b1k.shared.correction_rules:   Left gripper closed (-0.9978) → Opening to 1.0
INFO:b1k.shared.eval_b1k_wrapper:🔧 Correction rule: Actions modified (max diff: 2.0016, task 27, stage 8)
INFO:b1k.shared.eval_b1k_wrapper:🔧 Gripper variation: Compression disabled (mean: 2.0054, max: 0.0118)
INFO:b1k.shared.correction_rules:🔧 GENERAL GRIPPER CORRECTION: Task 27, Stage 8
INFO:b1k.shared.correction_rules:   Left gripper closed (-1.0000) → Opening to 1.0
INFO:b1k.shared.eval_b1k_wrapper:🔧 Correction rule: Actions modified (max diff: 2.0000, task 27, stage 8)
INFO:b1k.shared.eval_b1k_wrapper:📊 Step 15700 | Task: 27 | Stage: 8/14 | Predictions: 785
INFO:b1k.shared.eval_b1k_wrapper:🔧 Gripper variation: Compression disabled (mean: 2.0162, max: 0.0072)
INFO:b1k.shared.correction_rules:🔧 GENERAL GRIPPER CORRECTION: Task 27, Stage 8
INFO:b1k.shared.correction_rules:   Left gripper closed (-0.9978) → Opening to 1.0
INFO:b1k.shared.eval_b1k_wrapper:🔧 Correction rule: Actions modified (max diff: 2.0010, task 27, stage 8)
INFO:b1k.shared.eval_b1k_wrapper:🔧 Gripper variation: Compression disabled (mean: 1.9941, max: 0.0262)
INFO:b1k.shared.correction_rules:🔧 GENERAL GRIPPER CORRECTION: Task 27, Stage 8
INFO:b1k.shared.correction_rules:   Left gripper closed (-0.9939) → Opening to 1.0
INFO:b1k.shared.eval_b1k_wrapper:🔧 Correction rule: Actions modified (max diff: 2.0005, task 27, stage 8)
INFO:b1k.shared.eval_b1k_wrapper:🔧 Gripper variation: Compression disabled (mean: 2.0108, max: 0.0132)
INFO:b1k.shared.eval_b1k_wrapper:🎯 Prediction #790 | Actions: uncompressed (20) | Inpainting: True
INFO:b1k.shared.eval_b1k_wrapper:📊 Step 15800 | Task: 27 | Stage: 8/14 | Predictions: 790
INFO:b1k.shared.correction_rules:🔧 GENERAL GRIPPER CORRECTION: Task 27, Stage 8
INFO:b1k.shared.correction_rules:   Left gripper closed (-0.9965) → Opening to 1.0
INFO:b1k.shared.eval_b1k_wrapper:🔧 Correction rule: Actions modified (max diff: 2.0017, task 27, stage 8)
INFO:b1k.shared.eval_b1k_wrapper:🔧 Gripper variation: Compression disabled (mean: 1.9978, max: 0.0139)
INFO:b1k.shared.correction_rules:🔧 GENERAL GRIPPER CORRECTION: Task 27, Stage 8
INFO:b1k.shared.correction_rules:   Left gripper closed (-0.9931) → Opening to 1.0
INFO:b1k.shared.eval_b1k_wrapper:🔧 Correction rule: Actions modified (max diff: 2.0020, task 27, stage 8)
INFO:b1k.shared.eval_b1k_wrapper:🔧 Gripper variation: Compression disabled (mean: 2.0173, max: 0.0127)
INFO:b1k.shared.correction_rules:🔧 GENERAL GRIPPER CORRECTION: Task 27, Stage 8
INFO:b1k.shared.correction_rules:   Left gripper closed (-0.9984) → Opening to 1.0
INFO:b1k.shared.eval_b1k_wrapper:🔧 Correction rule: Actions modified (max diff: 2.0129, task 27, stage 8)
INFO:b1k.shared.eval_b1k_wrapper:📊 Step 15900 | Task: 27 | Stage: 8/14 | Predictions: 795
INFO:b1k.shared.eval_b1k_wrapper:🔧 Gripper variation: Compression disabled (mean: 1.9943, max: 0.0254)
INFO:b1k.shared.correction_rules:🔧 GENERAL GRIPPER CORRECTION: Task 27, Stage 8
INFO:b1k.shared.correction_rules:   Left gripper closed (-0.9953) → Opening to 1.0
INFO:b1k.shared.eval_b1k_wrapper:🔧 Correction rule: Actions modified (max diff: 1.9999, task 27, stage 8)
INFO:b1k.shared.eval_b1k_wrapper:🔧 Gripper variation: Compression disabled (mean: 2.0011, max: 0.0224)
INFO:b1k.shared.correction_rules:🔧 GENERAL GRIPPER CORRECTION: Task 27, Stage 8
INFO:b1k.shared.correction_rules:   Left gripper closed (-0.9928) → Opening to 1.0
INFO:b1k.shared.eval_b1k_wrapper:🔧 Correction rule: Actions modified (max diff: 2.0002, task 27, stage 8)
INFO:b1k.shared.eval_b1k_wrapper:🔧 Gripper variation: Compression disabled (mean: 2.0008, max: 0.0162)
INFO:b1k.shared.eval_b1k_wrapper:🎯 Prediction #800 | Actions: uncompressed (20) | Inpainting: True
INFO:b1k.shared.eval_b1k_wrapper:📊 Step 16000 | Task: 27 | Stage: 8/14 | Predictions: 800
INFO:b1k.shared.correction_rules:🔧 GENERAL GRIPPER CORRECTION: Task 27, Stage 8
INFO:b1k.shared.correction_rules:   Left gripper closed (-0.9957) → Opening to 1.0
INFO:b1k.shared.eval_b1k_wrapper:🔧 Correction rule: Actions modified (max diff: 2.0018, task 27, stage 8)
INFO:b1k.shared.eval_b1k_wrapper:🔧 Gripper variation: Compression disabled (mean: 2.0173, max: 0.0162)
INFO:b1k.shared.correction_rules:🔧 GENERAL GRIPPER CORRECTION: Task 27, Stage 8
INFO:b1k.shared.correction_rules:   Left gripper closed (-0.9970) → Opening to 1.0
INFO:b1k.shared.eval_b1k_wrapper:🔧 Correction rule: Actions modified (max diff: 1.9967, task 27, stage 8)
INFO:b1k.shared.eval_b1k_wrapper:🔧 Gripper variation: Compression disabled (mean: 2.0052, max: 0.0115)
INFO:b1k.shared.correction_rules:🔧 GENERAL GRIPPER CORRECTION: Task 27, Stage 8
INFO:b1k.shared.correction_rules:   Left gripper closed (-0.9937) → Opening to 1.0
INFO:b1k.shared.eval_b1k_wrapper:🔧 Correction rule: Actions modified (max diff: 2.0074, task 27, stage 8)
INFO:b1k.shared.eval_b1k_wrapper:📊 Step 16100 | Task: 27 | Stage: 8/14 | Predictions: 805
INFO:b1k.shared.eval_b1k_wrapper:🔧 Gripper variation: Compression disabled (mean: 2.0091, max: 0.0163)
INFO:b1k.shared.correction_rules:🔧 GENERAL GRIPPER CORRECTION: Task 27, Stage 8
INFO:b1k.shared.correction_rules:   Left gripper closed (-0.9952) → Opening to 1.0
INFO:b1k.shared.eval_b1k_wrapper:🔧 Correction rule: Actions modified (max diff: 2.0020, task 27, stage 8)
INFO:b1k.shared.eval_b1k_wrapper:🔧 Gripper variation: Compression disabled (mean: 2.0016, max: 0.0245)
INFO:b1k.shared.correction_rules:🔧 GENERAL GRIPPER CORRECTION: Task 27, Stage 8
INFO:b1k.shared.correction_rules:   Left gripper closed (-0.9963) → Opening to 1.0
INFO:b1k.shared.eval_b1k_wrapper:🔧 Correction rule: Actions modified (max diff: 2.0171, task 27, stage 8)
INFO:b1k.shared.eval_b1k_wrapper:🎯 Prediction #810 | Actions: compressed 26→20 | Inpainting: True
INFO:b1k.shared.eval_b1k_wrapper:📊 Step 16200 | Task: 27 | Stage: 8/14 | Predictions: 810
INFO:b1k.shared.eval_b1k_wrapper:🔧 Gripper variation: Compression disabled (mean: 2.0052, max: 0.0125)
INFO:b1k.shared.correction_rules:🔧 GENERAL GRIPPER CORRECTION: Task 27, Stage 8
INFO:b1k.shared.correction_rules:   Left gripper closed (-0.9966) → Opening to 1.0
INFO:b1k.shared.eval_b1k_wrapper:🔧 Correction rule: Actions modified (max diff: 2.0009, task 27, stage 8)
INFO:b1k.shared.eval_b1k_wrapper:🔧 Gripper variation: Compression disabled (mean: 2.0075, max: 0.0136)
INFO:b1k.shared.correction_rules:🔧 GENERAL GRIPPER CORRECTION: Task 27, Stage 8
INFO:b1k.shared.correction_rules:   Left gripper closed (-0.9951) → Opening to 1.0
INFO:b1k.shared.eval_b1k_wrapper:🔧 Correction rule: Actions modified (max diff: 2.0065, task 27, stage 8)
INFO:b1k.shared.eval_b1k_wrapper:📊 Step 16300 | Task: 27 | Stage: 8/14 | Predictions: 815
INFO:b1k.shared.eval_b1k_wrapper:🔧 Gripper variation: Compression disabled (mean: 0.7627, max: 1.0519)
INFO:b1k.shared.eval_b1k_wrapper:🔧 Gripper variation: Compression disabled (mean: 2.0193, max: 0.0105)
INFO:b1k.shared.correction_rules:🔧 GENERAL GRIPPER CORRECTION: Task 27, Stage 8
INFO:b1k.shared.correction_rules:   Left gripper closed (-0.9999) → Opening to 1.0
INFO:b1k.shared.eval_b1k_wrapper:🔧 Correction rule: Actions modified (max diff: 2.0014, task 27, stage 8)
INFO:b1k.shared.eval_b1k_wrapper:🔧 Gripper variation: Compression disabled (mean: 2.0177, max: 0.0155)
INFO:b1k.shared.eval_b1k_wrapper:🎯 Prediction #820 | Actions: uncompressed (20) | Inpainting: True
INFO:b1k.shared.eval_b1k_wrapper:📊 Step 16400 | Task: 27 | Stage: 8/14 | Predictions: 820
INFO:b1k.shared.correction_rules:🔧 GENERAL GRIPPER CORRECTION: Task 27, Stage 8
INFO:b1k.shared.correction_rules:   Left gripper closed (-0.9968) → Opening to 1.0
INFO:b1k.shared.eval_b1k_wrapper:🔧 Correction rule: Actions modified (max diff: 2.0031, task 27, stage 8)
INFO:b1k.shared.eval_b1k_wrapper:🔧 Gripper variation: Compression disabled (mean: 2.0097, max: 0.0070)
INFO:b1k.shared.correction_rules:🔧 GENERAL GRIPPER CORRECTION: Task 27, Stage 8
INFO:b1k.shared.correction_rules:   Left gripper closed (-0.9999) → Opening to 1.0
INFO:b1k.shared.eval_b1k_wrapper:🔧 Correction rule: Actions modified (max diff: 2.0035, task 27, stage 8)
INFO:b1k.shared.eval_b1k_wrapper:📊 Step 16500 | Task: 27 | Stage: 8/14 | Predictions: 825
INFO:b1k.shared.eval_b1k_wrapper:🔧 Gripper variation: Compression disabled (mean: 2.0088, max: 0.0156)
INFO:b1k.shared.correction_rules:🔧 GENERAL GRIPPER CORRECTION: Task 27, Stage 8
INFO:b1k.shared.correction_rules:   Left gripper closed (-0.9975) → Opening to 1.0
INFO:b1k.shared.eval_b1k_wrapper:🔧 Correction rule: Actions modified (max diff: 2.0015, task 27, stage 8)
INFO:b1k.shared.eval_b1k_wrapper:🔧 Gripper variation: Compression disabled (mean: 2.0169, max: 0.0087)
INFO:b1k.shared.correction_rules:🔧 GENERAL GRIPPER CORRECTION: Task 27, Stage 8
INFO:b1k.shared.correction_rules:   Left gripper closed (-0.9958) → Opening to 1.0
INFO:b1k.shared.eval_b1k_wrapper:🔧 Correction rule: Actions modified (max diff: 2.0034, task 27, stage 8)
INFO:b1k.shared.eval_b1k_wrapper:🎯 Prediction #830 | Actions: compressed 26→20 | Inpainting: True
INFO:b1k.shared.eval_b1k_wrapper:📊 Step 16600 | Task: 27 | Stage: 8/14 | Predictions: 830
INFO:b1k.shared.eval_b1k_wrapper:🔧 Gripper variation: Compression disabled (mean: 2.0339, max: 0.0141)
INFO:b1k.shared.correction_rules:🔧 GENERAL GRIPPER CORRECTION: Task 27, Stage 8
INFO:b1k.shared.correction_rules:   Left gripper closed (-1.0000) → Opening to 1.0
INFO:b1k.shared.eval_b1k_wrapper:🔧 Correction rule: Actions modified (max diff: 2.0005, task 27, stage 8)
INFO:b1k.shared.eval_b1k_wrapper:🔧 Gripper variation: Compression disabled (mean: 2.0066, max: 0.0147)
INFO:b1k.shared.correction_rules:🔧 GENERAL GRIPPER CORRECTION: Task 27, Stage 8
INFO:b1k.shared.correction_rules:   Left gripper closed (-0.9976) → Opening to 1.0
INFO:b1k.shared.eval_b1k_wrapper:🔧 Correction rule: Actions modified (max diff: 2.0008, task 27, stage 8)
INFO:b1k.shared.eval_b1k_wrapper:🔧 Gripper variation: Compression disabled (mean: 0.5873, max: 0.0207)
INFO:b1k.shared.eval_b1k_wrapper:📊 Step 16700 | Task: 27 | Stage: 8/14 | Predictions: 835
INFO:b1k.shared.correction_rules:🔧 GENERAL GRIPPER CORRECTION: Task 27, Stage 8
INFO:b1k.shared.correction_rules:   Left gripper closed (-0.9932) → Opening to 1.0
INFO:b1k.shared.eval_b1k_wrapper:🔧 Correction rule: Actions modified (max diff: 2.0012, task 27, stage 8)
INFO:b1k.shared.eval_b1k_wrapper:🎯 Prediction #840 | Actions: compressed 26→20 | Inpainting: True
INFO:b1k.shared.eval_b1k_wrapper:📊 Step 16800 | Task: 27 | Stage: 8/14 | Predictions: 840
INFO:b1k.shared.eval_b1k_wrapper:🔧 Gripper variation: Compression disabled (mean: 2.0215, max: 0.0100)
INFO:b1k.shared.eval_b1k_wrapper:📊 Step 16900 | Task: 27 | Stage: 8/14 | Predictions: 845
INFO:b1k.shared.eval_b1k_wrapper:🎯 Prediction #850 | Actions: compressed 26→20 | Inpainting: True
INFO:b1k.shared.eval_b1k_wrapper:📊 Step 17000 | Task: 27 | Stage: 8/14 | Predictions: 850
INFO:b1k.shared.eval_b1k_wrapper:📊 Step 17100 | Task: 27 | Stage: 8/14 | Predictions: 855
INFO:b1k.shared.eval_b1k_wrapper:🔧 Gripper variation: Compression disabled (mean: 0.2603, max: 0.0099)
INFO:b1k.shared.eval_b1k_wrapper:🔧 Gripper variation: Compression disabled (mean: 1.9663, max: 0.0193)
INFO:b1k.shared.eval_b1k_wrapper:🔧 Gripper variation: Compression disabled (mean: 1.8597, max: 0.0156)
INFO:b1k.shared.eval_b1k_wrapper:🔧 Gripper variation: Compression disabled (mean: 1.7786, max: 0.0175)
INFO:b1k.shared.eval_b1k_wrapper:🎯 Prediction #860 | Actions: uncompressed (20) | Inpainting: True
INFO:b1k.shared.eval_b1k_wrapper:📊 Step 17200 | Task: 27 | Stage: 8/14 | Predictions: 860
INFO:b1k.shared.eval_b1k_wrapper:📊 Step 17300 | Task: 27 | Stage: 8/14 | Predictions: 865
INFO:b1k.shared.eval_b1k_wrapper:🎯 Prediction #870 | Actions: compressed 26→20 | Inpainting: True
INFO:b1k.shared.eval_b1k_wrapper:📊 Step 17400 | Task: 27 | Stage: 8/14 | Predictions: 870
INFO:b1k.shared.eval_b1k_wrapper:📊 Step 17500 | Task: 27 | Stage: 8/14 | Predictions: 875
INFO:b1k.shared.eval_b1k_wrapper:🔧 Gripper variation: Compression disabled (mean: 2.0105, max: 0.0080)
INFO:b1k.shared.eval_b1k_wrapper:🎯 Prediction #880 | Actions: uncompressed (20) | Inpainting: True
INFO:b1k.shared.eval_b1k_wrapper:📊 Step 17600 | Task: 27 | Stage: 8/14 | Predictions: 880
INFO:b1k.shared.correction_rules:🔧 GENERAL GRIPPER CORRECTION: Task 27, Stage 8
INFO:b1k.shared.correction_rules:   Left gripper closed (-0.9967) → Opening to 1.0
INFO:b1k.shared.eval_b1k_wrapper:🔧 Correction rule: Actions modified (max diff: 2.0071, task 27, stage 8)
INFO:b1k.shared.eval_b1k_wrapper:📊 Step 17700 | Task: 27 | Stage: 8/14 | Predictions: 885
INFO:b1k.shared.eval_b1k_wrapper:🔧 Gripper variation: Compression disabled (mean: 1.9817, max: 0.0220)
INFO:b1k.shared.eval_b1k_wrapper:🔧 Gripper variation: Compression disabled (mean: 2.0151, max: 0.0196)
INFO:b1k.shared.eval_b1k_wrapper:🎯 Prediction #890 | Actions: uncompressed (20) | Inpainting: True
INFO:b1k.shared.eval_b1k_wrapper:📊 Step 17800 | Task: 27 | Stage: 8/14 | Predictions: 890
INFO:b1k.shared.eval_b1k_wrapper:🔧 Gripper variation: Compression disabled (mean: 1.9964, max: 0.0243)
INFO:b1k.shared.eval_b1k_wrapper:🔧 Gripper variation: Compression disabled (mean: 1.9607, max: 0.0260)
INFO:b1k.shared.eval_b1k_wrapper:🔧 Gripper variation: Compression disabled (mean: 1.6113, max: 0.0272)
INFO:b1k.shared.eval_b1k_wrapper:📊 Step 17900 | Task: 27 | Stage: 8/14 | Predictions: 895
INFO:b1k.shared.eval_b1k_wrapper:🔧 Gripper variation: Compression disabled (mean: 1.9981, max: 0.0212)
INFO:b1k.shared.eval_b1k_wrapper:🎯 Prediction #900 | Actions: compressed 26→20 | Inpainting: True
INFO:b1k.shared.eval_b1k_wrapper:📊 Step 18000 | Task: 27 | Stage: 8/14 | Predictions: 900
INFO:b1k.shared.eval_b1k_wrapper:🔧 Gripper variation: Compression disabled (mean: 1.6987, max: 0.0167)
INFO:b1k.shared.eval_b1k_wrapper:📊 Step 18100 | Task: 27 | Stage: 8/14 | Predictions: 905
INFO:b1k.shared.eval_b1k_wrapper:🎯 Prediction #910 | Actions: compressed 26→20 | Inpainting: True
INFO:b1k.shared.eval_b1k_wrapper:📊 Step 18200 | Task: 27 | Stage: 8/14 | Predictions: 910
INFO:b1k.shared.eval_b1k_wrapper:🔧 Gripper variation: Compression disabled (mean: 1.8699, max: 0.0291)
INFO:b1k.shared.eval_b1k_wrapper:🔧 Gripper variation: Compression disabled (mean: 2.0033, max: 0.0180)
INFO:b1k.shared.eval_b1k_wrapper:🔧 Gripper variation: Compression disabled (mean: 1.9343, max: 0.0378)
INFO:b1k.shared.eval_b1k_wrapper:📊 Step 18300 | Task: 27 | Stage: 8/14 | Predictions: 915
INFO:b1k.shared.eval_b1k_wrapper:🔧 Gripper variation: Compression disabled (mean: 2.0086, max: 0.0253)
INFO:b1k.shared.eval_b1k_wrapper:🔧 Gripper variation: Compression disabled (mean: 2.0220, max: 0.0078)
INFO:b1k.shared.eval_b1k_wrapper:🔧 Gripper variation: Compression disabled (mean: 2.0298, max: 0.0219)
INFO:b1k.shared.eval_b1k_wrapper:🎯 Prediction #920 | Actions: compressed 26→20 | Inpainting: True
INFO:b1k.shared.eval_b1k_wrapper:📊 Step 18400 | Task: 27 | Stage: 8/14 | Predictions: 920
INFO:b1k.shared.correction_rules:🔧 GENERAL GRIPPER CORRECTION: Task 27, Stage 8
INFO:b1k.shared.correction_rules:   Left gripper closed (-0.9996) → Opening to 1.0
INFO:b1k.shared.eval_b1k_wrapper:🔧 Correction rule: Actions modified (max diff: 2.0046, task 27, stage 8)
INFO:b1k.shared.eval_b1k_wrapper:🔧 Gripper variation: Compression disabled (mean: 0.2880, max: 0.7683)
INFO:b1k.shared.eval_b1k_wrapper:📊 Step 18500 | Task: 27 | Stage: 8/14 | Predictions: 925
INFO:b1k.shared.eval_b1k_wrapper:🔧 Gripper variation: Compression disabled (mean: 2.0153, max: 0.0218)
INFO:b1k.shared.eval_b1k_wrapper:🔧 Gripper variation: Compression disabled (mean: 2.0150, max: 0.0478)
INFO:b1k.shared.correction_rules:🔧 GENERAL GRIPPER CORRECTION: Task 27, Stage 8
INFO:b1k.shared.correction_rules:   Left gripper closed (-1.0000) → Opening to 1.0
INFO:b1k.shared.eval_b1k_wrapper:🔧 Correction rule: Actions modified (max diff: 2.0056, task 27, stage 8)
INFO:b1k.shared.eval_b1k_wrapper:🎯 Prediction #930 | Actions: compressed 26→20 | Inpainting: True
INFO:b1k.shared.eval_b1k_wrapper:📊 Step 18600 | Task: 27 | Stage: 8/14 | Predictions: 930
INFO:b1k.shared.eval_b1k_wrapper:🔧 Gripper variation: Compression disabled (mean: 2.0271, max: 1.2954)
INFO:b1k.shared.correction_rules:🔧 GENERAL GRIPPER CORRECTION: Task 27, Stage 8
INFO:b1k.shared.correction_rules:   Left gripper closed (-0.9983) → Opening to 1.0
INFO:b1k.shared.eval_b1k_wrapper:🔧 Correction rule: Actions modified (max diff: 2.0084, task 27, stage 8)
INFO:b1k.shared.eval_b1k_wrapper:🔧 Gripper variation: Compression disabled (mean: 1.3372, max: 0.0241)
INFO:b1k.shared.eval_b1k_wrapper:📊 Step 18700 | Task: 27 | Stage: 8/14 | Predictions: 935
INFO:b1k.shared.correction_rules:🔧 GENERAL GRIPPER CORRECTION: Task 27, Stage 8
INFO:b1k.shared.correction_rules:   Left gripper closed (-0.9953) → Opening to 1.0
INFO:b1k.shared.eval_b1k_wrapper:🔧 Correction rule: Actions modified (max diff: 2.0187, task 27, stage 8)
INFO:b1k.shared.eval_b1k_wrapper:🔧 Gripper variation: Compression disabled (mean: 0.0555, max: 0.4557)
INFO:b1k.shared.eval_b1k_wrapper:🔧 Gripper variation: Compression disabled (mean: 2.0054, max: 0.0111)
INFO:b1k.shared.eval_b1k_wrapper:🔧 Gripper variation: Compression disabled (mean: 1.5620, max: 0.0217)
INFO:b1k.shared.eval_b1k_wrapper:🎯 Prediction #940 | Actions: uncompressed (20) | Inpainting: True
INFO:b1k.shared.eval_b1k_wrapper:📊 Step 18800 | Task: 27 | Stage: 8/14 | Predictions: 940
INFO:b1k.shared.correction_rules:🔧 GENERAL GRIPPER CORRECTION: Task 27, Stage 8
INFO:b1k.shared.correction_rules:   Left gripper closed (-0.9941) → Opening to 1.0
INFO:b1k.shared.eval_b1k_wrapper:🔧 Correction rule: Actions modified (max diff: 2.0018, task 27, stage 8)
INFO:b1k.shared.eval_b1k_wrapper:📊 Step 18900 | Task: 27 | Stage: 8/14 | Predictions: 945
INFO:b1k.shared.eval_b1k_wrapper:🎯 Prediction #950 | Actions: compressed 26→20 | Inpainting: True
INFO:b1k.shared.eval_b1k_wrapper:📊 Step 19000 | Task: 27 | Stage: 8/14 | Predictions: 950
INFO:b1k.shared.eval_b1k_wrapper:🔧 Gripper variation: Compression disabled (mean: 2.0038, max: 0.1134)
INFO:b1k.shared.eval_b1k_wrapper:📊 Step 19100 | Task: 27 | Stage: 8/14 | Predictions: 955
INFO:b1k.shared.correction_rules:🔧 GENERAL GRIPPER CORRECTION: Task 27, Stage 8
INFO:b1k.shared.correction_rules:   Left gripper closed (-0.9958) → Opening to 1.0
INFO:b1k.shared.eval_b1k_wrapper:🔧 Correction rule: Actions modified (max diff: 2.0013, task 27, stage 8)
INFO:b1k.shared.eval_b1k_wrapper:🔧 Gripper variation: Compression disabled (mean: 1.6336, max: 0.9235)
INFO:b1k.shared.correction_rules:🔧 GENERAL GRIPPER CORRECTION: Task 27, Stage 8
INFO:b1k.shared.correction_rules:   Left gripper closed (-0.9965) → Opening to 1.0
INFO:b1k.shared.eval_b1k_wrapper:🔧 Correction rule: Actions modified (max diff: 2.0045, task 27, stage 8)
INFO:b1k.shared.eval_b1k_wrapper:🔧 Gripper variation: Compression disabled (mean: 0.2859, max: 0.8039)
INFO:b1k.shared.eval_b1k_wrapper:🎯 Prediction #960 | Actions: uncompressed (20) | Inpainting: True
INFO:b1k.shared.eval_b1k_wrapper:📊 Step 19200 | Task: 27 | Stage: 8/14 | Predictions: 960
INFO:b1k.shared.eval_b1k_wrapper:🔧 Gripper variation: Compression disabled (mean: 2.0121, max: 0.0104)
INFO:b1k.shared.eval_b1k_wrapper:📊 Step 19300 | Task: 27 | Stage: 8/14 | Predictions: 965
INFO:b1k.shared.eval_b1k_wrapper:🎯 Prediction #970 | Actions: compressed 26→20 | Inpainting: True
INFO:b1k.shared.eval_b1k_wrapper:📊 Step 19400 | Task: 27 | Stage: 8/14 | Predictions: 970
INFO:b1k.shared.eval_b1k_wrapper:📊 Step 19500 | Task: 27 | Stage: 8/14 | Predictions: 975
INFO:b1k.shared.eval_b1k_wrapper:🎯 Prediction #980 | Actions: compressed 26→20 | Inpainting: True
INFO:b1k.shared.eval_b1k_wrapper:📊 Step 19600 | Task: 27 | Stage: 8/14 | Predictions: 980
INFO:b1k.shared.eval_b1k_wrapper:⏭️  Stage skipped: 8 → 9 (task 27, step 19600)
INFO:b1k.shared.eval_b1k_wrapper:⬆️  Stage advanced: 9 → 10 (task 27, step 19660)
INFO:b1k.shared.eval_b1k_wrapper:📊 Step 19700 | Task: 27 | Stage: 10/14 | Predictions: 985
INFO:b1k.shared.eval_b1k_wrapper:🎯 Prediction #990 | Actions: compressed 26→20 | Inpainting: True
INFO:b1k.shared.eval_b1k_wrapper:📊 Step 19800 | Task: 27 | Stage: 10/14 | Predictions: 990
INFO:b1k.shared.eval_b1k_wrapper:📊 Step 19900 | Task: 27 | Stage: 10/14 | Predictions: 995
INFO:b1k.shared.eval_b1k_wrapper:🎯 Prediction #1000 | Actions: compressed 26→20 | Inpainting: True
INFO:b1k.shared.eval_b1k_wrapper:📊 Step 20000 | Task: 27 | Stage: 10/14 | Predictions: 1000
INFO:b1k.shared.eval_b1k_wrapper:📊 Step 20100 | Task: 27 | Stage: 10/14 | Predictions: 1005
INFO:b1k.shared.eval_b1k_wrapper:🎯 Prediction #1010 | Actions: compressed 26→20 | Inpainting: True
INFO:b1k.shared.eval_b1k_wrapper:📊 Step 20200 | Task: 27 | Stage: 10/14 | Predictions: 1010
INFO:b1k.shared.eval_b1k_wrapper:📊 Step 20300 | Task: 27 | Stage: 10/14 | Predictions: 1015
INFO:b1k.shared.eval_b1k_wrapper:🎯 Prediction #1020 | Actions: compressed 26→20 | Inpainting: True
INFO:b1k.shared.eval_b1k_wrapper:📊 Step 20400 | Task: 27 | Stage: 10/14 | Predictions: 1020
INFO:b1k.shared.eval_b1k_wrapper:📊 Step 20500 | Task: 27 | Stage: 10/14 | Predictions: 1025
INFO:b1k.shared.eval_b1k_wrapper:🔧 Gripper variation: Compression disabled (mean: 0.2036, max: 0.2908)
INFO:b1k.shared.eval_b1k_wrapper:🔧 Gripper variation: Compression disabled (mean: 0.2986, max: 0.1375)
INFO:b1k.shared.eval_b1k_wrapper:🎯 Prediction #1030 | Actions: uncompressed (20) | Inpainting: True
INFO:b1k.shared.eval_b1k_wrapper:📊 Step 20600 | Task: 27 | Stage: 10/14 | Predictions: 1030
INFO:b1k.shared.eval_b1k_wrapper:📊 Step 20700 | Task: 27 | Stage: 10/14 | Predictions: 1035
INFO:b1k.shared.eval_b1k_wrapper:🎯 Prediction #1040 | Actions: compressed 26→20 | Inpainting: True
INFO:b1k.shared.eval_b1k_wrapper:📊 Step 20800 | Task: 27 | Stage: 10/14 | Predictions: 1040
INFO:b1k.shared.eval_b1k_wrapper:📊 Step 20900 | Task: 27 | Stage: 10/14 | Predictions: 1045
INFO:b1k.shared.eval_b1k_wrapper:🎯 Prediction #1050 | Actions: compressed 26→20 | Inpainting: True
INFO:b1k.shared.eval_b1k_wrapper:📊 Step 21000 | Task: 27 | Stage: 10/14 | Predictions: 1050
INFO:b1k.shared.eval_b1k_wrapper:🔧 Gripper variation: Compression disabled (mean: 2.0249, max: 0.0202)
INFO:b1k.shared.eval_b1k_wrapper:🔧 Gripper variation: Compression disabled (mean: 1.9410, max: 0.0146)
INFO:b1k.shared.eval_b1k_wrapper:📊 Step 21100 | Task: 27 | Stage: 10/14 | Predictions: 1055
INFO:b1k.shared.eval_b1k_wrapper:⬅️  Stage went back: 10 → 9 (task 27, step 21160)
INFO:b1k.shared.eval_b1k_wrapper:🎯 Prediction #1060 | Actions: compressed 26→20 | Inpainting: True
INFO:b1k.shared.eval_b1k_wrapper:📊 Step 21200 | Task: 27 | Stage: 9/14 | Predictions: 1060
INFO:b1k.shared.eval_b1k_wrapper:📊 Step 21300 | Task: 27 | Stage: 9/14 | Predictions: 1065
INFO:b1k.shared.eval_b1k_wrapper:🔧 Gripper variation: Compression disabled (mean: 0.0267, max: 2.0061)
INFO:b1k.shared.eval_b1k_wrapper:🎯 Prediction #1070 | Actions: compressed 26→20 | Inpainting: True
INFO:b1k.shared.eval_b1k_wrapper:📊 Step 21400 | Task: 27 | Stage: 9/14 | Predictions: 1070
INFO:b1k.shared.eval_b1k_wrapper:📊 Step 21500 | Task: 27 | Stage: 9/14 | Predictions: 1075
INFO:b1k.shared.eval_b1k_wrapper:⬆️  Stage advanced: 9 → 10 (task 27, step 21540)
INFO:b1k.shared.eval_b1k_wrapper:🎯 Prediction #1080 | Actions: compressed 26→20 | Inpainting: True
INFO:b1k.shared.eval_b1k_wrapper:📊 Step 21600 | Task: 27 | Stage: 10/14 | Predictions: 1080
INFO:b1k.shared.eval_b1k_wrapper:⬅️  Stage went back: 10 → 9 (task 27, step 21680)
INFO:b1k.shared.eval_b1k_wrapper:📊 Step 21700 | Task: 27 | Stage: 9/14 | Predictions: 1085
INFO:b1k.shared.eval_b1k_wrapper:⬆️  Stage advanced: 9 → 10 (task 27, step 21740)
INFO:b1k.shared.eval_b1k_wrapper:🎯 Prediction #1090 | Actions: compressed 26→20 | Inpainting: True
INFO:b1k.shared.eval_b1k_wrapper:📊 Step 21800 | Task: 27 | Stage: 10/14 | Predictions: 1090
INFO:b1k.shared.eval_b1k_wrapper:⬆️  Stage advanced: 10 → 11 (task 27, step 21800)
INFO:b1k.shared.eval_b1k_wrapper:📊 Step 21900 | Task: 27 | Stage: 11/14 | Predictions: 1095
INFO:b1k.shared.eval_b1k_wrapper:🔧 Gripper variation: Compression disabled (mean: 0.1113, max: 0.5334)
INFO:b1k.shared.eval_b1k_wrapper:🎯 Prediction #1100 | Actions: compressed 26→20 | Inpainting: True
INFO:b1k.shared.eval_b1k_wrapper:📊 Step 22000 | Task: 27 | Stage: 11/14 | Predictions: 1100
INFO:b1k.shared.eval_b1k_wrapper:⬅️  Stage went back: 11 → 10 (task 27, step 22040)
INFO:b1k.shared.eval_b1k_wrapper:📊 Step 22100 | Task: 27 | Stage: 10/14 | Predictions: 1105
INFO:b1k.shared.eval_b1k_wrapper:🎯 Prediction #1110 | Actions: compressed 26→20 | Inpainting: True
INFO:b1k.shared.eval_b1k_wrapper:📊 Step 22200 | Task: 27 | Stage: 10/14 | Predictions: 1110
INFO:b1k.shared.eval_b1k_wrapper:⬆️  Stage advanced: 10 → 11 (task 27, step 22200)
INFO:b1k.shared.eval_b1k_wrapper:📊 Step 22300 | Task: 27 | Stage: 11/14 | Predictions: 1115
INFO:b1k.shared.eval_b1k_wrapper:🎯 Prediction #1120 | Actions: compressed 26→20 | Inpainting: True
INFO:b1k.shared.eval_b1k_wrapper:📊 Step 22400 | Task: 27 | Stage: 11/14 | Predictions: 1120
INFO:b1k.shared.eval_b1k_wrapper:📊 Step 22500 | Task: 27 | Stage: 11/14 | Predictions: 1125
INFO:b1k.shared.eval_b1k_wrapper:🎯 Prediction #1130 | Actions: compressed 26→20 | Inpainting: True
INFO:b1k.shared.eval_b1k_wrapper:⬅️  Stage went back: 11 → 10 (task 27, step 22580)
INFO:b1k.shared.eval_b1k_wrapper:📊 Step 22600 | Task: 27 | Stage: 10/14 | Predictions: 1130
INFO:b1k.shared.eval_b1k_wrapper:📊 Step 22700 | Task: 27 | Stage: 10/14 | Predictions: 1135
INFO:b1k.shared.eval_b1k_wrapper:🎯 Prediction #1140 | Actions: compressed 26→20 | Inpainting: True
INFO:b1k.shared.eval_b1k_wrapper:📊 Step 22800 | Task: 27 | Stage: 10/14 | Predictions: 1140
INFO:b1k.shared.eval_b1k_wrapper:⬆️  Stage advanced: 10 → 11 (task 27, step 22860)
INFO:b1k.shared.eval_b1k_wrapper:📊 Step 22900 | Task: 27 | Stage: 11/14 | Predictions: 1145
INFO:b1k.shared.eval_b1k_wrapper:🎯 Prediction #1150 | Actions: compressed 26→20 | Inpainting: True
INFO:b1k.shared.eval_b1k_wrapper:📊 Step 23000 | Task: 27 | Stage: 11/14 | Predictions: 1150
INFO:b1k.shared.eval_b1k_wrapper:⬆️  Stage advanced: 11 → 12 (task 27, step 23080)
INFO:b1k.shared.eval_b1k_wrapper:📊 Step 23100 | Task: 27 | Stage: 12/14 | Predictions: 1155
INFO:b1k.shared.eval_b1k_wrapper:🎯 Prediction #1160 | Actions: compressed 26→20 | Inpainting: True
INFO:b1k.shared.eval_b1k_wrapper:📊 Step 23200 | Task: 27 | Stage: 12/14 | Predictions: 1160
INFO:b1k.shared.eval_b1k_wrapper:🔧 Gripper variation: Compression disabled (mean: 2.0085, max: 0.0044)
INFO:b1k.shared.eval_b1k_wrapper:📊 Step 23300 | Task: 27 | Stage: 12/14 | Predictions: 1165
INFO:b1k.shared.eval_b1k_wrapper:🎯 Prediction #1170 | Actions: compressed 26→20 | Inpainting: True
INFO:b1k.shared.eval_b1k_wrapper:📊 Step 23400 | Task: 27 | Stage: 12/14 | Predictions: 1170
INFO:b1k.shared.eval_b1k_wrapper:📊 Step 23500 | Task: 27 | Stage: 12/14 | Predictions: 1175
INFO:b1k.shared.eval_b1k_wrapper:🎯 Prediction #1180 | Actions: compressed 26→20 | Inpainting: True
INFO:b1k.shared.eval_b1k_wrapper:📊 Step 23600 | Task: 27 | Stage: 12/14 | Predictions: 1180
INFO:b1k.shared.eval_b1k_wrapper:📊 Step 23700 | Task: 27 | Stage: 12/14 | Predictions: 1185
INFO:b1k.shared.eval_b1k_wrapper:⬅️  Stage went back: 12 → 11 (task 27, step 23700)
INFO:websockets.server:connection closed
INFO:omnigibson.learning.utils.network_utils:Connection from ('127.0.0.1', 35088) closed
INFO:websockets.server:HTTP response sent (200 OK)
INFO:websockets.server:connection closed
INFO:websockets.server:connection open
INFO:omnigibson.learning.utils.network_utils:Connection from ('127.0.0.1', 58636) opened
INFO:b1k.shared.eval_b1k_wrapper:Policy reset - Task ID: 27, Action horizon: 30
INFO:b1k.shared.eval_b1k_wrapper:📊 Step 100 | Task: 27 | Stage: 0/14 | Predictions: 5
INFO:b1k.shared.eval_b1k_wrapper:🎯 Prediction #10 | Actions: compressed 26→20 | Inpainting: True
INFO:b1k.shared.eval_b1k_wrapper:⬆️  Stage advanced: 0 → 1 (task 27, step 180)
INFO:b1k.shared.eval_b1k_wrapper:📊 Step 200 | Task: 27 | Stage: 1/14 | Predictions: 10
INFO:b1k.shared.eval_b1k_wrapper:📊 Step 300 | Task: 27 | Stage: 1/14 | Predictions: 15
INFO:b1k.shared.eval_b1k_wrapper:⬆️  Stage advanced: 1 → 2 (task 27, step 300)
INFO:b1k.shared.eval_b1k_wrapper:🎯 Prediction #20 | Actions: compressed 26→20 | Inpainting: True
INFO:b1k.shared.eval_b1k_wrapper:📊 Step 400 | Task: 27 | Stage: 2/14 | Predictions: 20
INFO:b1k.shared.eval_b1k_wrapper:⏭️  Stage skipped: 2 → 3 (task 27, step 420)
INFO:b1k.shared.eval_b1k_wrapper:📊 Step 500 | Task: 27 | Stage: 3/14 | Predictions: 25
INFO:b1k.shared.eval_b1k_wrapper:🎯 Prediction #30 | Actions: compressed 26→20 | Inpainting: True
INFO:b1k.shared.eval_b1k_wrapper:📊 Step 600 | Task: 27 | Stage: 3/14 | Predictions: 30
INFO:b1k.shared.eval_b1k_wrapper:📊 Step 700 | Task: 27 | Stage: 3/14 | Predictions: 35
INFO:b1k.shared.eval_b1k_wrapper:🎯 Prediction #40 | Actions: compressed 26→20 | Inpainting: True
INFO:b1k.shared.eval_b1k_wrapper:📊 Step 800 | Task: 27 | Stage: 3/14 | Predictions: 40
INFO:b1k.shared.eval_b1k_wrapper:📊 Step 900 | Task: 27 | Stage: 3/14 | Predictions: 45
INFO:b1k.shared.eval_b1k_wrapper:🔧 Gripper variation: Compression disabled (mean: 0.0127, max: 2.0049)
INFO:b1k.shared.correction_rules:🔧 GENERAL GRIPPER CORRECTION: Task 27, Stage 3
INFO:b1k.shared.correction_rules:   Right gripper closed (-0.9935) → Opening to 1.0
INFO:b1k.shared.eval_b1k_wrapper:🔧 Correction rule: Actions modified (max diff: 2.0007, task 27, stage 3)
INFO:b1k.shared.eval_b1k_wrapper:🎯 Prediction #50 | Actions: compressed 26→20 | Inpainting: True
INFO:b1k.shared.eval_b1k_wrapper:📊 Step 1000 | Task: 27 | Stage: 3/14 | Predictions: 50
INFO:b1k.shared.eval_b1k_wrapper:🔧 Gripper variation: Compression disabled (mean: 0.1649, max: 0.8988)
INFO:b1k.shared.correction_rules:🔧 GENERAL GRIPPER CORRECTION: Task 27, Stage 3
INFO:b1k.shared.correction_rules:   Right gripper closed (-1.0000) → Opening to 1.0
INFO:b1k.shared.eval_b1k_wrapper:🔧 Correction rule: Actions modified (max diff: 2.0039, task 27, stage 3)
INFO:b1k.shared.eval_b1k_wrapper:🔧 Gripper variation: Compression disabled (mean: 0.6051, max: 2.0885)
INFO:b1k.shared.correction_rules:🔧 GENERAL GRIPPER CORRECTION: Task 27, Stage 3
INFO:b1k.shared.correction_rules:   Right gripper closed (-0.9954) → Opening to 1.0
INFO:b1k.shared.eval_b1k_wrapper:🔧 Correction rule: Actions modified (max diff: 2.0061, task 27, stage 3)
INFO:b1k.shared.eval_b1k_wrapper:📊 Step 1100 | Task: 27 | Stage: 3/14 | Predictions: 55
INFO:b1k.shared.eval_b1k_wrapper:🔧 Gripper variation: Compression disabled (mean: 0.0090, max: 2.0107)
INFO:b1k.shared.correction_rules:🔧 GENERAL GRIPPER CORRECTION: Task 27, Stage 3
INFO:b1k.shared.correction_rules:   Right gripper closed (-1.0000) → Opening to 1.0
INFO:b1k.shared.eval_b1k_wrapper:🔧 Correction rule: Actions modified (max diff: 2.0034, task 27, stage 3)
INFO:b1k.shared.eval_b1k_wrapper:🔧 Gripper variation: Compression disabled (mean: 0.0054, max: 1.7208)
INFO:b1k.shared.eval_b1k_wrapper:🎯 Prediction #60 | Actions: uncompressed (20) | Inpainting: True
INFO:b1k.shared.eval_b1k_wrapper:📊 Step 1200 | Task: 27 | Stage: 3/14 | Predictions: 60
INFO:b1k.shared.eval_b1k_wrapper:⬅️  Stage went back: 3 → 2 (task 27, step 1200)
INFO:b1k.shared.correction_rules:🔧 GENERAL GRIPPER CORRECTION: Task 27, Stage 2
INFO:b1k.shared.correction_rules:   Right gripper closed (-0.9994) → Opening to 1.0
INFO:b1k.shared.eval_b1k_wrapper:🔧 Correction rule: Actions modified (max diff: 2.0038, task 27, stage 2)
INFO:b1k.shared.eval_b1k_wrapper:🔧 Gripper variation: Compression disabled (mean: 0.0094, max: 2.0031)
INFO:b1k.shared.eval_b1k_wrapper:🔧 Gripper variation: Compression disabled (mean: 0.0126, max: 2.0048)
INFO:b1k.shared.eval_b1k_wrapper:📊 Step 1300 | Task: 27 | Stage: 2/14 | Predictions: 65
INFO:b1k.shared.eval_b1k_wrapper:🎯 Prediction #70 | Actions: compressed 26→20 | Inpainting: True
INFO:b1k.shared.eval_b1k_wrapper:📊 Step 1400 | Task: 27 | Stage: 2/14 | Predictions: 70
INFO:b1k.shared.eval_b1k_wrapper:📊 Step 1500 | Task: 27 | Stage: 2/14 | Predictions: 75
INFO:b1k.shared.eval_b1k_wrapper:🎯 Prediction #80 | Actions: compressed 26→20 | Inpainting: True
INFO:b1k.shared.eval_b1k_wrapper:📊 Step 1600 | Task: 27 | Stage: 2/14 | Predictions: 80
INFO:b1k.shared.eval_b1k_wrapper:📊 Step 1700 | Task: 27 | Stage: 2/14 | Predictions: 85
INFO:b1k.shared.eval_b1k_wrapper:🎯 Prediction #90 | Actions: compressed 26→20 | Inpainting: True
INFO:b1k.shared.eval_b1k_wrapper:📊 Step 1800 | Task: 27 | Stage: 2/14 | Predictions: 90
INFO:b1k.shared.eval_b1k_wrapper:🔧 Gripper variation: Compression disabled (mean: 0.0129, max: 1.9828)
INFO:b1k.shared.eval_b1k_wrapper:📊 Step 1900 | Task: 27 | Stage: 2/14 | Predictions: 95
INFO:b1k.shared.eval_b1k_wrapper:🎯 Prediction #100 | Actions: compressed 26→20 | Inpainting: True
INFO:b1k.shared.eval_b1k_wrapper:📊 Step 2000 | Task: 27 | Stage: 2/14 | Predictions: 100
INFO:b1k.shared.eval_b1k_wrapper:⬅️  Stage went back: 2 → 1 (task 27, step 2020)
INFO:b1k.shared.eval_b1k_wrapper:📊 Step 2100 | Task: 27 | Stage: 1/14 | Predictions: 105
INFO:b1k.shared.eval_b1k_wrapper:🎯 Prediction #110 | Actions: compressed 26→20 | Inpainting: True
INFO:b1k.shared.eval_b1k_wrapper:📊 Step 2200 | Task: 27 | Stage: 1/14 | Predictions: 110
INFO:b1k.shared.eval_b1k_wrapper:📊 Step 2300 | Task: 27 | Stage: 1/14 | Predictions: 115
INFO:b1k.shared.eval_b1k_wrapper:🎯 Prediction #120 | Actions: compressed 26→20 | Inpainting: True
INFO:b1k.shared.eval_b1k_wrapper:📊 Step 2400 | Task: 27 | Stage: 1/14 | Predictions: 120
INFO:b1k.shared.eval_b1k_wrapper:⬆️  Stage advanced: 1 → 2 (task 27, step 2460)
INFO:b1k.shared.eval_b1k_wrapper:📊 Step 2500 | Task: 27 | Stage: 2/14 | Predictions: 125
INFO:b1k.shared.eval_b1k_wrapper:🎯 Prediction #130 | Actions: compressed 26→20 | Inpainting: True
INFO:b1k.shared.eval_b1k_wrapper:📊 Step 2600 | Task: 27 | Stage: 2/14 | Predictions: 130
INFO:b1k.shared.eval_b1k_wrapper:📊 Step 2700 | Task: 27 | Stage: 2/14 | Predictions: 135
INFO:b1k.shared.eval_b1k_wrapper:🎯 Prediction #140 | Actions: compressed 26→20 | Inpainting: True
INFO:b1k.shared.eval_b1k_wrapper:📊 Step 2800 | Task: 27 | Stage: 2/14 | Predictions: 140
INFO:b1k.shared.eval_b1k_wrapper:🔧 Gripper variation: Compression disabled (mean: 0.0148, max: 2.0097)
INFO:b1k.shared.eval_b1k_wrapper:📊 Step 2900 | Task: 27 | Stage: 2/14 | Predictions: 145
INFO:b1k.shared.eval_b1k_wrapper:🎯 Prediction #150 | Actions: compressed 26→20 | Inpainting: True
INFO:b1k.shared.eval_b1k_wrapper:📊 Step 3000 | Task: 27 | Stage: 2/14 | Predictions: 150
INFO:b1k.shared.eval_b1k_wrapper:⬅️  Stage went back: 2 → 1 (task 27, step 3040)
INFO:b1k.shared.eval_b1k_wrapper:📊 Step 3100 | Task: 27 | Stage: 1/14 | Predictions: 155
INFO:b1k.shared.eval_b1k_wrapper:⬆️  Stage advanced: 1 → 2 (task 27, step 3100)
INFO:b1k.shared.eval_b1k_wrapper:🎯 Prediction #160 | Actions: compressed 26→20 | Inpainting: True
INFO:b1k.shared.eval_b1k_wrapper:📊 Step 3200 | Task: 27 | Stage: 2/14 | Predictions: 160
INFO:b1k.shared.eval_b1k_wrapper:📊 Step 3300 | Task: 27 | Stage: 2/14 | Predictions: 165
INFO:b1k.shared.eval_b1k_wrapper:🎯 Prediction #170 | Actions: compressed 26→20 | Inpainting: True
INFO:b1k.shared.eval_b1k_wrapper:📊 Step 3400 | Task: 27 | Stage: 2/14 | Predictions: 170
INFO:b1k.shared.eval_b1k_wrapper:📊 Step 3500 | Task: 27 | Stage: 2/14 | Predictions: 175
INFO:b1k.shared.eval_b1k_wrapper:🎯 Prediction #180 | Actions: compressed 26→20 | Inpainting: True
INFO:b1k.shared.eval_b1k_wrapper:📊 Step 3600 | Task: 27 | Stage: 2/14 | Predictions: 180
INFO:b1k.shared.eval_b1k_wrapper:📊 Step 3700 | Task: 27 | Stage: 2/14 | Predictions: 185
INFO:b1k.shared.eval_b1k_wrapper:🎯 Prediction #190 | Actions: compressed 26→20 | Inpainting: True
INFO:b1k.shared.eval_b1k_wrapper:📊 Step 3800 | Task: 27 | Stage: 2/14 | Predictions: 190
INFO:b1k.shared.eval_b1k_wrapper:📊 Step 3900 | Task: 27 | Stage: 2/14 | Predictions: 195
INFO:b1k.shared.eval_b1k_wrapper:⬅️  Stage went back: 2 → 1 (task 27, step 3960)
INFO:b1k.shared.eval_b1k_wrapper:🎯 Prediction #200 | Actions: compressed 26→20 | Inpainting: True
INFO:b1k.shared.eval_b1k_wrapper:📊 Step 4000 | Task: 27 | Stage: 1/14 | Predictions: 200
INFO:b1k.shared.eval_b1k_wrapper:⬆️  Stage advanced: 1 → 2 (task 27, step 4020)
INFO:b1k.shared.eval_b1k_wrapper:📊 Step 4100 | Task: 27 | Stage: 2/14 | Predictions: 205
INFO:b1k.shared.eval_b1k_wrapper:🎯 Prediction #210 | Actions: compressed 26→20 | Inpainting: True
INFO:b1k.shared.eval_b1k_wrapper:📊 Step 4200 | Task: 27 | Stage: 2/14 | Predictions: 210
INFO:b1k.shared.eval_b1k_wrapper:⬅️  Stage went back: 2 → 1 (task 27, step 4220)
INFO:b1k.shared.eval_b1k_wrapper:📊 Step 4300 | Task: 27 | Stage: 1/14 | Predictions: 215
INFO:b1k.shared.eval_b1k_wrapper:🎯 Prediction #220 | Actions: compressed 26→20 | Inpainting: True
INFO:b1k.shared.eval_b1k_wrapper:📊 Step 4400 | Task: 27 | Stage: 1/14 | Predictions: 220
INFO:b1k.shared.eval_b1k_wrapper:📊 Step 4500 | Task: 27 | Stage: 1/14 | Predictions: 225
INFO:b1k.shared.eval_b1k_wrapper:🎯 Prediction #230 | Actions: compressed 26→20 | Inpainting: True
INFO:b1k.shared.eval_b1k_wrapper:📊 Step 4600 | Task: 27 | Stage: 1/14 | Predictions: 230
INFO:b1k.shared.eval_b1k_wrapper:📊 Step 4700 | Task: 27 | Stage: 1/14 | Predictions: 235
INFO:b1k.shared.eval_b1k_wrapper:⬆️  Stage advanced: 1 → 2 (task 27, step 4740)
INFO:b1k.shared.eval_b1k_wrapper:🎯 Prediction #240 | Actions: compressed 26→20 | Inpainting: True
INFO:b1k.shared.eval_b1k_wrapper:📊 Step 4800 | Task: 27 | Stage: 2/14 | Predictions: 240
INFO:b1k.shared.eval_b1k_wrapper:📊 Step 4900 | Task: 27 | Stage: 2/14 | Predictions: 245
INFO:b1k.shared.eval_b1k_wrapper:🎯 Prediction #250 | Actions: compressed 26→20 | Inpainting: True
INFO:b1k.shared.eval_b1k_wrapper:📊 Step 5000 | Task: 27 | Stage: 2/14 | Predictions: 250
INFO:b1k.shared.eval_b1k_wrapper:🔧 Gripper variation: Compression disabled (mean: 0.4459, max: 0.0869)
INFO:b1k.shared.eval_b1k_wrapper:📊 Step 5100 | Task: 27 | Stage: 2/14 | Predictions: 255
INFO:b1k.shared.eval_b1k_wrapper:🔧 Gripper variation: Compression disabled (mean: 0.2065, max: 0.3143)
INFO:b1k.shared.eval_b1k_wrapper:🔧 Gripper variation: Compression disabled (mean: 0.1741, max: 0.2828)
INFO:b1k.shared.eval_b1k_wrapper:🔧 Gripper variation: Compression disabled (mean: 0.3654, max: 0.1664)
INFO:b1k.shared.eval_b1k_wrapper:⬅️  Stage went back: 2 → 1 (task 27, step 5160)
INFO:b1k.shared.eval_b1k_wrapper:🔧 Gripper variation: Compression disabled (mean: 0.1554, max: 0.2067)
INFO:b1k.shared.eval_b1k_wrapper:🎯 Prediction #260 | Actions: uncompressed (20) | Inpainting: True
INFO:b1k.shared.eval_b1k_wrapper:📊 Step 5200 | Task: 27 | Stage: 1/14 | Predictions: 260
INFO:b1k.shared.eval_b1k_wrapper:🔧 Gripper variation: Compression disabled (mean: 0.4276, max: 0.4843)
INFO:b1k.shared.eval_b1k_wrapper:🔧 Gripper variation: Compression disabled (mean: 0.4936, max: 0.3535)
INFO:b1k.shared.eval_b1k_wrapper:🔧 Gripper variation: Compression disabled (mean: 0.4755, max: 0.4897)
INFO:b1k.shared.eval_b1k_wrapper:🔧 Gripper variation: Compression disabled (mean: 0.4062, max: 0.3096)
INFO:b1k.shared.eval_b1k_wrapper:🔧 Gripper variation: Compression disabled (mean: 0.1480, max: 0.2712)
INFO:b1k.shared.eval_b1k_wrapper:📊 Step 5300 | Task: 27 | Stage: 1/14 | Predictions: 265
INFO:b1k.shared.eval_b1k_wrapper:🔧 Gripper variation: Compression disabled (mean: 0.3476, max: 0.2043)
INFO:b1k.shared.eval_b1k_wrapper:🔧 Gripper variation: Compression disabled (mean: 0.1650, max: 0.2660)
INFO:b1k.shared.eval_b1k_wrapper:🔧 Gripper variation: Compression disabled (mean: 0.5497, max: 0.2462)
INFO:b1k.shared.eval_b1k_wrapper:🔧 Gripper variation: Compression disabled (mean: 0.5978, max: 0.2296)
INFO:b1k.shared.eval_b1k_wrapper:🎯 Prediction #270 | Actions: uncompressed (20) | Inpainting: True
INFO:b1k.shared.eval_b1k_wrapper:📊 Step 5400 | Task: 27 | Stage: 1/14 | Predictions: 270
INFO:b1k.shared.eval_b1k_wrapper:🔧 Gripper variation: Compression disabled (mean: 0.4122, max: 0.2434)
INFO:b1k.shared.eval_b1k_wrapper:🔧 Gripper variation: Compression disabled (mean: 0.2052, max: 0.2982)
INFO:b1k.shared.eval_b1k_wrapper:📊 Step 5500 | Task: 27 | Stage: 1/14 | Predictions: 275
INFO:b1k.shared.eval_b1k_wrapper:⬆️  Stage advanced: 1 → 2 (task 27, step 5560)
INFO:b1k.shared.eval_b1k_wrapper:🎯 Prediction #280 | Actions: compressed 26→20 | Inpainting: True
INFO:b1k.shared.eval_b1k_wrapper:📊 Step 5600 | Task: 27 | Stage: 2/14 | Predictions: 280
INFO:b1k.shared.eval_b1k_wrapper:🔧 Gripper variation: Compression disabled (mean: 0.1505, max: 0.2149)
INFO:b1k.shared.eval_b1k_wrapper:📊 Step 5700 | Task: 27 | Stage: 2/14 | Predictions: 285
INFO:b1k.shared.eval_b1k_wrapper:🎯 Prediction #290 | Actions: compressed 26→20 | Inpainting: True
INFO:b1k.shared.eval_b1k_wrapper:📊 Step 5800 | Task: 27 | Stage: 2/14 | Predictions: 290
INFO:b1k.shared.eval_b1k_wrapper:🔧 Gripper variation: Compression disabled (mean: 2.0204, max: 0.0098)
INFO:b1k.shared.eval_b1k_wrapper:📊 Step 5900 | Task: 27 | Stage: 2/14 | Predictions: 295
INFO:b1k.shared.eval_b1k_wrapper:⬅️  Stage went back: 2 → 1 (task 27, step 5900)
INFO:b1k.shared.eval_b1k_wrapper:🎯 Prediction #300 | Actions: compressed 26→20 | Inpainting: True
INFO:b1k.shared.eval_b1k_wrapper:📊 Step 6000 | Task: 27 | Stage: 1/14 | Predictions: 300
INFO:b1k.shared.eval_b1k_wrapper:📊 Step 6100 | Task: 27 | Stage: 1/14 | Predictions: 305
INFO:b1k.shared.eval_b1k_wrapper:🎯 Prediction #310 | Actions: compressed 26→20 | Inpainting: True
INFO:b1k.shared.eval_b1k_wrapper:📊 Step 6200 | Task: 27 | Stage: 1/14 | Predictions: 310
INFO:b1k.shared.eval_b1k_wrapper:📊 Step 6300 | Task: 27 | Stage: 1/14 | Predictions: 315
INFO:b1k.shared.eval_b1k_wrapper:🎯 Prediction #320 | Actions: compressed 26→20 | Inpainting: True
INFO:b1k.shared.eval_b1k_wrapper:📊 Step 6400 | Task: 27 | Stage: 1/14 | Predictions: 320
INFO:b1k.shared.eval_b1k_wrapper:📊 Step 6500 | Task: 27 | Stage: 1/14 | Predictions: 325
INFO:b1k.shared.eval_b1k_wrapper:🎯 Prediction #330 | Actions: compressed 26→20 | Inpainting: True
INFO:b1k.shared.eval_b1k_wrapper:📊 Step 6600 | Task: 27 | Stage: 1/14 | Predictions: 330
INFO:b1k.shared.eval_b1k_wrapper:📊 Step 6700 | Task: 27 | Stage: 1/14 | Predictions: 335
INFO:b1k.shared.eval_b1k_wrapper:🎯 Prediction #340 | Actions: compressed 26→20 | Inpainting: True
INFO:b1k.shared.eval_b1k_wrapper:📊 Step 6800 | Task: 27 | Stage: 1/14 | Predictions: 340
INFO:b1k.shared.eval_b1k_wrapper:📊 Step 6900 | Task: 27 | Stage: 1/14 | Predictions: 345
INFO:b1k.shared.eval_b1k_wrapper:🎯 Prediction #350 | Actions: compressed 26→20 | Inpainting: True
INFO:b1k.shared.eval_b1k_wrapper:📊 Step 7000 | Task: 27 | Stage: 1/14 | Predictions: 350
INFO:b1k.shared.eval_b1k_wrapper:📊 Step 7100 | Task: 27 | Stage: 1/14 | Predictions: 355
INFO:b1k.shared.eval_b1k_wrapper:🎯 Prediction #360 | Actions: compressed 26→20 | Inpainting: True
INFO:b1k.shared.eval_b1k_wrapper:📊 Step 7200 | Task: 27 | Stage: 1/14 | Predictions: 360
INFO:b1k.shared.eval_b1k_wrapper:📊 Step 7300 | Task: 27 | Stage: 1/14 | Predictions: 365
INFO:b1k.shared.eval_b1k_wrapper:🎯 Prediction #370 | Actions: compressed 26→20 | Inpainting: True
INFO:b1k.shared.eval_b1k_wrapper:📊 Step 7400 | Task: 27 | Stage: 1/14 | Predictions: 370
INFO:b1k.shared.eval_b1k_wrapper:📊 Step 7500 | Task: 27 | Stage: 1/14 | Predictions: 375
INFO:b1k.shared.eval_b1k_wrapper:🎯 Prediction #380 | Actions: compressed 26→20 | Inpainting: True
INFO:b1k.shared.eval_b1k_wrapper:📊 Step 7600 | Task: 27 | Stage: 1/14 | Predictions: 380
INFO:b1k.shared.eval_b1k_wrapper:📊 Step 7700 | Task: 27 | Stage: 1/14 | Predictions: 385
INFO:b1k.shared.eval_b1k_wrapper:🎯 Prediction #390 | Actions: compressed 26→20 | Inpainting: True
INFO:b1k.shared.eval_b1k_wrapper:📊 Step 7800 | Task: 27 | Stage: 1/14 | Predictions: 390
INFO:b1k.shared.eval_b1k_wrapper:📊 Step 7900 | Task: 27 | Stage: 1/14 | Predictions: 395
INFO:b1k.shared.eval_b1k_wrapper:🎯 Prediction #400 | Actions: compressed 26→20 | Inpainting: True
INFO:b1k.shared.eval_b1k_wrapper:📊 Step 8000 | Task: 27 | Stage: 1/14 | Predictions: 400
INFO:b1k.shared.eval_b1k_wrapper:📊 Step 8100 | Task: 27 | Stage: 1/14 | Predictions: 405
INFO:b1k.shared.eval_b1k_wrapper:🎯 Prediction #410 | Actions: compressed 26→20 | Inpainting: True
INFO:b1k.shared.eval_b1k_wrapper:📊 Step 8200 | Task: 27 | Stage: 1/14 | Predictions: 410
INFO:b1k.shared.eval_b1k_wrapper:📊 Step 8300 | Task: 27 | Stage: 1/14 | Predictions: 415
INFO:b1k.shared.eval_b1k_wrapper:🎯 Prediction #420 | Actions: compressed 26→20 | Inpainting: True
INFO:b1k.shared.eval_b1k_wrapper:📊 Step 8400 | Task: 27 | Stage: 1/14 | Predictions: 420
INFO:b1k.shared.eval_b1k_wrapper:📊 Step 8500 | Task: 27 | Stage: 1/14 | Predictions: 425
INFO:b1k.shared.eval_b1k_wrapper:🎯 Prediction #430 | Actions: compressed 26→20 | Inpainting: True
INFO:b1k.shared.eval_b1k_wrapper:📊 Step 8600 | Task: 27 | Stage: 1/14 | Predictions: 430
INFO:b1k.shared.eval_b1k_wrapper:📊 Step 8700 | Task: 27 | Stage: 1/14 | Predictions: 435
INFO:b1k.shared.eval_b1k_wrapper:🎯 Prediction #440 | Actions: compressed 26→20 | Inpainting: True
INFO:b1k.shared.eval_b1k_wrapper:📊 Step 8800 | Task: 27 | Stage: 1/14 | Predictions: 440
INFO:b1k.shared.eval_b1k_wrapper:📊 Step 8900 | Task: 27 | Stage: 1/14 | Predictions: 445
INFO:b1k.shared.eval_b1k_wrapper:🎯 Prediction #450 | Actions: compressed 26→20 | Inpainting: True
INFO:b1k.shared.eval_b1k_wrapper:📊 Step 9000 | Task: 27 | Stage: 1/14 | Predictions: 450
INFO:b1k.shared.eval_b1k_wrapper:📊 Step 9100 | Task: 27 | Stage: 1/14 | Predictions: 455
INFO:b1k.shared.eval_b1k_wrapper:🎯 Prediction #460 | Actions: compressed 26→20 | Inpainting: True
INFO:b1k.shared.eval_b1k_wrapper:📊 Step 9200 | Task: 27 | Stage: 1/14 | Predictions: 460
INFO:b1k.shared.eval_b1k_wrapper:📊 Step 9300 | Task: 27 | Stage: 1/14 | Predictions: 465
INFO:b1k.shared.eval_b1k_wrapper:🎯 Prediction #470 | Actions: compressed 26→20 | Inpainting: True
INFO:b1k.shared.eval_b1k_wrapper:📊 Step 9400 | Task: 27 | Stage: 1/14 | Predictions: 470
INFO:b1k.shared.eval_b1k_wrapper:📊 Step 9500 | Task: 27 | Stage: 1/14 | Predictions: 475
INFO:b1k.shared.eval_b1k_wrapper:🎯 Prediction #480 | Actions: compressed 26→20 | Inpainting: True
INFO:b1k.shared.eval_b1k_wrapper:📊 Step 9600 | Task: 27 | Stage: 1/14 | Predictions: 480
INFO:b1k.shared.eval_b1k_wrapper:🔧 Gripper variation: Compression disabled (mean: 1.9449, max: 0.0127)
INFO:b1k.shared.eval_b1k_wrapper:📊 Step 9700 | Task: 27 | Stage: 1/14 | Predictions: 485
INFO:b1k.shared.eval_b1k_wrapper:🎯 Prediction #490 | Actions: compressed 26→20 | Inpainting: True
INFO:b1k.shared.eval_b1k_wrapper:⬆️  Stage advanced: 1 → 2 (task 27, step 9780)
INFO:b1k.shared.eval_b1k_wrapper:📊 Step 9800 | Task: 27 | Stage: 2/14 | Predictions: 490
INFO:b1k.shared.eval_b1k_wrapper:📊 Step 9900 | Task: 27 | Stage: 2/14 | Predictions: 495
INFO:b1k.shared.eval_b1k_wrapper:🎯 Prediction #500 | Actions: compressed 26→20 | Inpainting: True
INFO:b1k.shared.eval_b1k_wrapper:📊 Step 10000 | Task: 27 | Stage: 2/14 | Predictions: 500
INFO:b1k.shared.eval_b1k_wrapper:📊 Step 10100 | Task: 27 | Stage: 2/14 | Predictions: 505
INFO:b1k.shared.eval_b1k_wrapper:🎯 Prediction #510 | Actions: compressed 26→20 | Inpainting: True
INFO:b1k.shared.eval_b1k_wrapper:📊 Step 10200 | Task: 27 | Stage: 2/14 | Predictions: 510
INFO:b1k.shared.eval_b1k_wrapper:⬅️  Stage went back: 2 → 1 (task 27, step 10260)
INFO:b1k.shared.eval_b1k_wrapper:📊 Step 10300 | Task: 27 | Stage: 1/14 | Predictions: 515
INFO:b1k.shared.eval_b1k_wrapper:🎯 Prediction #520 | Actions: compressed 26→20 | Inpainting: True
INFO:b1k.shared.eval_b1k_wrapper:📊 Step 10400 | Task: 27 | Stage: 1/14 | Predictions: 520
INFO:b1k.shared.eval_b1k_wrapper:📊 Step 10500 | Task: 27 | Stage: 1/14 | Predictions: 525
INFO:b1k.shared.eval_b1k_wrapper:🎯 Prediction #530 | Actions: compressed 26→20 | Inpainting: True
INFO:b1k.shared.eval_b1k_wrapper:📊 Step 10600 | Task: 27 | Stage: 1/14 | Predictions: 530
INFO:b1k.shared.eval_b1k_wrapper:📊 Step 10700 | Task: 27 | Stage: 1/14 | Predictions: 535
INFO:b1k.shared.eval_b1k_wrapper:🎯 Prediction #540 | Actions: compressed 26→20 | Inpainting: True
INFO:b1k.shared.eval_b1k_wrapper:📊 Step 10800 | Task: 27 | Stage: 1/14 | Predictions: 540
INFO:b1k.shared.eval_b1k_wrapper:📊 Step 10900 | Task: 27 | Stage: 1/14 | Predictions: 545
INFO:b1k.shared.eval_b1k_wrapper:🎯 Prediction #550 | Actions: compressed 26→20 | Inpainting: True
INFO:b1k.shared.eval_b1k_wrapper:📊 Step 11000 | Task: 27 | Stage: 1/14 | Predictions: 550
INFO:b1k.shared.eval_b1k_wrapper:📊 Step 11100 | Task: 27 | Stage: 1/14 | Predictions: 555
INFO:b1k.shared.eval_b1k_wrapper:⬆️  Stage advanced: 1 → 2 (task 27, step 11140)
INFO:b1k.shared.eval_b1k_wrapper:🎯 Prediction #560 | Actions: compressed 26→20 | Inpainting: True
INFO:b1k.shared.eval_b1k_wrapper:📊 Step 11200 | Task: 27 | Stage: 2/14 | Predictions: 560
INFO:b1k.shared.eval_b1k_wrapper:⏭️  Stage skipped: 2 → 3 (task 27, step 11200)
INFO:b1k.shared.eval_b1k_wrapper:📊 Step 11300 | Task: 27 | Stage: 3/14 | Predictions: 565
INFO:b1k.shared.eval_b1k_wrapper:⬆️  Stage advanced: 3 → 4 (task 27, step 11340)
INFO:b1k.shared.eval_b1k_wrapper:🎯 Prediction #570 | Actions: compressed 26→20 | Inpainting: True
INFO:b1k.shared.eval_b1k_wrapper:📊 Step 11400 | Task: 27 | Stage: 4/14 | Predictions: 570
INFO:b1k.shared.eval_b1k_wrapper:⬆️  Stage advanced: 4 → 5 (task 27, step 11420)
INFO:b1k.shared.eval_b1k_wrapper:📊 Step 11500 | Task: 27 | Stage: 5/14 | Predictions: 575
INFO:b1k.shared.eval_b1k_wrapper:🎯 Prediction #580 | Actions: compressed 26→20 | Inpainting: True
INFO:b1k.shared.eval_b1k_wrapper:📊 Step 11600 | Task: 27 | Stage: 5/14 | Predictions: 580
INFO:b1k.shared.eval_b1k_wrapper:📊 Step 11700 | Task: 27 | Stage: 5/14 | Predictions: 585
INFO:b1k.shared.eval_b1k_wrapper:🎯 Prediction #590 | Actions: compressed 26→20 | Inpainting: True
INFO:b1k.shared.eval_b1k_wrapper:📊 Step 11800 | Task: 27 | Stage: 5/14 | Predictions: 590
INFO:b1k.shared.eval_b1k_wrapper:📊 Step 11900 | Task: 27 | Stage: 5/14 | Predictions: 595
INFO:b1k.shared.eval_b1k_wrapper:🎯 Prediction #600 | Actions: compressed 26→20 | Inpainting: True
INFO:b1k.shared.eval_b1k_wrapper:📊 Step 12000 | Task: 27 | Stage: 5/14 | Predictions: 600
INFO:b1k.shared.eval_b1k_wrapper:📊 Step 12100 | Task: 27 | Stage: 5/14 | Predictions: 605
INFO:b1k.shared.eval_b1k_wrapper:🎯 Prediction #610 | Actions: compressed 26→20 | Inpainting: True
INFO:b1k.shared.eval_b1k_wrapper:📊 Step 12200 | Task: 27 | Stage: 5/14 | Predictions: 610
INFO:b1k.shared.eval_b1k_wrapper:📊 Step 12300 | Task: 27 | Stage: 5/14 | Predictions: 615
INFO:b1k.shared.eval_b1k_wrapper:🎯 Prediction #620 | Actions: compressed 26→20 | Inpainting: True
INFO:b1k.shared.eval_b1k_wrapper:📊 Step 12400 | Task: 27 | Stage: 5/14 | Predictions: 620
INFO:b1k.shared.eval_b1k_wrapper:🔧 Gripper variation: Compression disabled (mean: 2.0152, max: 0.0082)
INFO:b1k.shared.eval_b1k_wrapper:🔧 Gripper variation: Compression disabled (mean: 2.0203, max: 0.0085)
INFO:b1k.shared.eval_b1k_wrapper:📊 Step 12500 | Task: 27 | Stage: 5/14 | Predictions: 625
INFO:b1k.shared.eval_b1k_wrapper:🎯 Prediction #630 | Actions: compressed 26→20 | Inpainting: True
INFO:b1k.shared.eval_b1k_wrapper:📊 Step 12600 | Task: 27 | Stage: 5/14 | Predictions: 630
INFO:b1k.shared.eval_b1k_wrapper:📊 Step 12700 | Task: 27 | Stage: 5/14 | Predictions: 635
INFO:b1k.shared.eval_b1k_wrapper:⬅️  Stage went back: 5 → 4 (task 27, step 12720)
INFO:b1k.shared.eval_b1k_wrapper:🎯 Prediction #640 | Actions: compressed 26→20 | Inpainting: True
INFO:b1k.shared.eval_b1k_wrapper:📊 Step 12800 | Task: 27 | Stage: 4/14 | Predictions: 640
INFO:b1k.shared.eval_b1k_wrapper:📊 Step 12900 | Task: 27 | Stage: 4/14 | Predictions: 645
INFO:b1k.shared.eval_b1k_wrapper:🎯 Prediction #650 | Actions: compressed 26→20 | Inpainting: True
INFO:b1k.shared.eval_b1k_wrapper:📊 Step 13000 | Task: 27 | Stage: 4/14 | Predictions: 650
INFO:b1k.shared.eval_b1k_wrapper:🔧 Gripper variation: Compression disabled (mean: 0.0227, max: 2.0070)
INFO:b1k.shared.correction_rules:🔧 GENERAL GRIPPER CORRECTION: Task 27, Stage 4
INFO:b1k.shared.correction_rules:   Right gripper closed (-0.9970) → Opening to 1.0
INFO:b1k.shared.eval_b1k_wrapper:🔧 Correction rule: Actions modified (max diff: 2.0134, task 27, stage 4)
INFO:b1k.shared.eval_b1k_wrapper:📊 Step 13100 | Task: 27 | Stage: 4/14 | Predictions: 655
INFO:b1k.shared.eval_b1k_wrapper:🔧 Gripper variation: Compression disabled (mean: 0.0079, max: 2.0132)
INFO:b1k.shared.correction_rules:🔧 GENERAL GRIPPER CORRECTION: Task 27, Stage 4
INFO:b1k.shared.correction_rules:   Right gripper closed (-1.0000) → Opening to 1.0
INFO:b1k.shared.eval_b1k_wrapper:🔧 Correction rule: Actions modified (max diff: 2.0093, task 27, stage 4)
INFO:b1k.shared.eval_b1k_wrapper:🔧 Gripper variation: Compression disabled (mean: 0.0116, max: 2.0029)
INFO:b1k.shared.eval_b1k_wrapper:🎯 Prediction #660 | Actions: uncompressed (20) | Inpainting: True
INFO:b1k.shared.eval_b1k_wrapper:📊 Step 13200 | Task: 27 | Stage: 4/14 | Predictions: 660
INFO:b1k.shared.correction_rules:🔧 GENERAL GRIPPER CORRECTION: Task 27, Stage 4
INFO:b1k.shared.correction_rules:   Right gripper closed (-1.0000) → Opening to 1.0
INFO:b1k.shared.eval_b1k_wrapper:🔧 Correction rule: Actions modified (max diff: 2.0078, task 27, stage 4)
INFO:b1k.shared.eval_b1k_wrapper:🔧 Gripper variation: Compression disabled (mean: 0.1089, max: 2.0087)
INFO:b1k.shared.correction_rules:🔧 GENERAL GRIPPER CORRECTION: Task 27, Stage 4
INFO:b1k.shared.correction_rules:   Right gripper closed (-1.0000) → Opening to 1.0
INFO:b1k.shared.eval_b1k_wrapper:🔧 Correction rule: Actions modified (max diff: 2.0066, task 27, stage 4)
INFO:b1k.shared.eval_b1k_wrapper:📊 Step 13300 | Task: 27 | Stage: 4/14 | Predictions: 665
INFO:b1k.shared.eval_b1k_wrapper:🔧 Gripper variation: Compression disabled (mean: 0.6367, max: 0.7998)
INFO:b1k.shared.correction_rules:🔧 GENERAL GRIPPER CORRECTION: Task 27, Stage 4
INFO:b1k.shared.correction_rules:   Right gripper closed (-1.0000) → Opening to 1.0
INFO:b1k.shared.eval_b1k_wrapper:🔧 Correction rule: Actions modified (max diff: 2.0105, task 27, stage 4)
INFO:b1k.shared.eval_b1k_wrapper:🔧 Gripper variation: Compression disabled (mean: 0.2279, max: 2.0118)
INFO:b1k.shared.eval_b1k_wrapper:🎯 Prediction #670 | Actions: uncompressed (20) | Inpainting: True
INFO:b1k.shared.eval_b1k_wrapper:📊 Step 13400 | Task: 27 | Stage: 4/14 | Predictions: 670
INFO:b1k.shared.correction_rules:🔧 GENERAL GRIPPER CORRECTION: Task 27, Stage 4
INFO:b1k.shared.correction_rules:   Right gripper closed (-0.9966) → Opening to 1.0
INFO:b1k.shared.eval_b1k_wrapper:🔧 Correction rule: Actions modified (max diff: 2.0078, task 27, stage 4)
INFO:b1k.shared.eval_b1k_wrapper:🔧 Gripper variation: Compression disabled (mean: 0.7293, max: 1.9839)
INFO:b1k.shared.eval_b1k_wrapper:📊 Step 13500 | Task: 27 | Stage: 4/14 | Predictions: 675
INFO:b1k.shared.eval_b1k_wrapper:🎯 Prediction #680 | Actions: compressed 26→20 | Inpainting: True
INFO:b1k.shared.eval_b1k_wrapper:📊 Step 13600 | Task: 27 | Stage: 4/14 | Predictions: 680
INFO:b1k.shared.eval_b1k_wrapper:📊 Step 13700 | Task: 27 | Stage: 4/14 | Predictions: 685
INFO:b1k.shared.eval_b1k_wrapper:🎯 Prediction #690 | Actions: compressed 26→20 | Inpainting: True
INFO:b1k.shared.eval_b1k_wrapper:📊 Step 13800 | Task: 27 | Stage: 4/14 | Predictions: 690
INFO:b1k.shared.eval_b1k_wrapper:🔧 Gripper variation: Compression disabled (mean: 0.1207, max: 0.6857)
INFO:b1k.shared.eval_b1k_wrapper:📊 Step 13900 | Task: 27 | Stage: 4/14 | Predictions: 695
INFO:b1k.shared.eval_b1k_wrapper:🎯 Prediction #700 | Actions: compressed 26→20 | Inpainting: True
INFO:b1k.shared.eval_b1k_wrapper:📊 Step 14000 | Task: 27 | Stage: 4/14 | Predictions: 700
INFO:b1k.shared.eval_b1k_wrapper:📊 Step 14100 | Task: 27 | Stage: 4/14 | Predictions: 705
INFO:b1k.shared.eval_b1k_wrapper:🎯 Prediction #710 | Actions: compressed 26→20 | Inpainting: True
INFO:b1k.shared.eval_b1k_wrapper:📊 Step 14200 | Task: 27 | Stage: 4/14 | Predictions: 710
INFO:b1k.shared.eval_b1k_wrapper:📊 Step 14300 | Task: 27 | Stage: 4/14 | Predictions: 715
INFO:b1k.shared.eval_b1k_wrapper:⬆️  Stage advanced: 4 → 5 (task 27, step 14360)
INFO:b1k.shared.eval_b1k_wrapper:🎯 Prediction #720 | Actions: compressed 26→20 | Inpainting: True
INFO:b1k.shared.eval_b1k_wrapper:📊 Step 14400 | Task: 27 | Stage: 5/14 | Predictions: 720
INFO:b1k.shared.eval_b1k_wrapper:⬅️  Stage went back: 5 → 4 (task 27, step 14440)
INFO:b1k.shared.eval_b1k_wrapper:📊 Step 14500 | Task: 27 | Stage: 4/14 | Predictions: 725
INFO:b1k.shared.eval_b1k_wrapper:🎯 Prediction #730 | Actions: compressed 26→20 | Inpainting: True
INFO:b1k.shared.eval_b1k_wrapper:⬆️  Stage advanced: 4 → 5 (task 27, step 14580)
INFO:b1k.shared.eval_b1k_wrapper:📊 Step 14600 | Task: 27 | Stage: 5/14 | Predictions: 730
INFO:b1k.shared.eval_b1k_wrapper:📊 Step 14700 | Task: 27 | Stage: 5/14 | Predictions: 735
INFO:b1k.shared.eval_b1k_wrapper:🎯 Prediction #740 | Actions: compressed 26→20 | Inpainting: True
INFO:b1k.shared.eval_b1k_wrapper:📊 Step 14800 | Task: 27 | Stage: 5/14 | Predictions: 740
INFO:b1k.shared.eval_b1k_wrapper:📊 Step 14900 | Task: 27 | Stage: 5/14 | Predictions: 745
INFO:b1k.shared.eval_b1k_wrapper:🎯 Prediction #750 | Actions: compressed 26→20 | Inpainting: True
INFO:b1k.shared.eval_b1k_wrapper:📊 Step 15000 | Task: 27 | Stage: 5/14 | Predictions: 750
INFO:b1k.shared.eval_b1k_wrapper:🔧 Gripper variation: Compression disabled (mean: 0.0051, max: 2.0047)
INFO:b1k.shared.eval_b1k_wrapper:📊 Step 15100 | Task: 27 | Stage: 5/14 | Predictions: 755
INFO:b1k.shared.eval_b1k_wrapper:⬅️  Stage went back: 5 → 4 (task 27, step 15140)
INFO:b1k.shared.eval_b1k_wrapper:🎯 Prediction #760 | Actions: compressed 26→20 | Inpainting: True
INFO:b1k.shared.eval_b1k_wrapper:📊 Step 15200 | Task: 27 | Stage: 4/14 | Predictions: 760
INFO:b1k.shared.eval_b1k_wrapper:⬆️  Stage advanced: 4 → 5 (task 27, step 15200)
INFO:b1k.shared.eval_b1k_wrapper:⬆️  Stage advanced: 5 → 6 (task 27, step 15260)
INFO:b1k.shared.eval_b1k_wrapper:📊 Step 15300 | Task: 27 | Stage: 6/14 | Predictions: 765
INFO:b1k.shared.eval_b1k_wrapper:🔧 Gripper variation: Compression disabled (mean: 2.0512, max: 0.0110)
INFO:b1k.shared.correction_rules:🔧 GENERAL GRIPPER CORRECTION: Task 27, Stage 6
INFO:b1k.shared.correction_rules:   Left gripper closed (-1.0000) → Opening to 1.0
INFO:b1k.shared.eval_b1k_wrapper:🔧 Correction rule: Actions modified (max diff: 2.0110, task 27, stage 6)
INFO:b1k.shared.eval_b1k_wrapper:🎯 Prediction #770 | Actions: compressed 26→20 | Inpainting: True
INFO:b1k.shared.eval_b1k_wrapper:📊 Step 15400 | Task: 27 | Stage: 6/14 | Predictions: 770
INFO:b1k.shared.eval_b1k_wrapper:⬅️  Stage went back: 6 → 5 (task 27, step 15420)
INFO:b1k.shared.eval_b1k_wrapper:⬆️  Stage advanced: 5 → 6 (task 27, step 15480)
INFO:b1k.shared.eval_b1k_wrapper:📊 Step 15500 | Task: 27 | Stage: 6/14 | Predictions: 775
INFO:b1k.shared.eval_b1k_wrapper:🎯 Prediction #780 | Actions: compressed 26→20 | Inpainting: True
INFO:b1k.shared.eval_b1k_wrapper:📊 Step 15600 | Task: 27 | Stage: 6/14 | Predictions: 780
INFO:b1k.shared.eval_b1k_wrapper:⬅️  Stage went back: 6 → 5 (task 27, step 15680)
INFO:b1k.shared.eval_b1k_wrapper:📊 Step 15700 | Task: 27 | Stage: 5/14 | Predictions: 785
INFO:b1k.shared.eval_b1k_wrapper:🎯 Prediction #790 | Actions: compressed 26→20 | Inpainting: True
INFO:b1k.shared.eval_b1k_wrapper:📊 Step 15800 | Task: 27 | Stage: 5/14 | Predictions: 790
INFO:b1k.shared.eval_b1k_wrapper:⬆️  Stage advanced: 5 → 6 (task 27, step 15800)
INFO:b1k.shared.eval_b1k_wrapper:📊 Step 15900 | Task: 27 | Stage: 6/14 | Predictions: 795
INFO:b1k.shared.eval_b1k_wrapper:🎯 Prediction #800 | Actions: compressed 26→20 | Inpainting: True
INFO:b1k.shared.eval_b1k_wrapper:📊 Step 16000 | Task: 27 | Stage: 6/14 | Predictions: 800
INFO:b1k.shared.eval_b1k_wrapper:⬆️  Stage advanced: 6 → 7 (task 27, step 16020)
INFO:b1k.shared.eval_b1k_wrapper:📊 Step 16100 | Task: 27 | Stage: 7/14 | Predictions: 805
INFO:b1k.shared.eval_b1k_wrapper:⬅️  Stage went back: 7 → 6 (task 27, step 16140)
INFO:b1k.shared.eval_b1k_wrapper:🎯 Prediction #810 | Actions: compressed 26→20 | Inpainting: True
INFO:b1k.shared.eval_b1k_wrapper:📊 Step 16200 | Task: 27 | Stage: 6/14 | Predictions: 810
INFO:b1k.shared.eval_b1k_wrapper:⬆️  Stage advanced: 6 → 7 (task 27, step 16260)
INFO:b1k.shared.eval_b1k_wrapper:📊 Step 16300 | Task: 27 | Stage: 7/14 | Predictions: 815
INFO:b1k.shared.eval_b1k_wrapper:⬅️  Stage went back: 7 → 6 (task 27, step 16340)
INFO:b1k.shared.eval_b1k_wrapper:🎯 Prediction #820 | Actions: compressed 26→20 | Inpainting: True
INFO:b1k.shared.eval_b1k_wrapper:📊 Step 16400 | Task: 27 | Stage: 6/14 | Predictions: 820
INFO:b1k.shared.eval_b1k_wrapper:⬆️  Stage advanced: 6 → 7 (task 27, step 16420)
INFO:b1k.shared.eval_b1k_wrapper:📊 Step 16500 | Task: 27 | Stage: 7/14 | Predictions: 825
INFO:b1k.shared.eval_b1k_wrapper:🎯 Prediction #830 | Actions: compressed 26→20 | Inpainting: True
INFO:b1k.shared.eval_b1k_wrapper:📊 Step 16600 | Task: 27 | Stage: 7/14 | Predictions: 830
INFO:b1k.shared.eval_b1k_wrapper:📊 Step 16700 | Task: 27 | Stage: 7/14 | Predictions: 835
INFO:b1k.shared.eval_b1k_wrapper:🎯 Prediction #840 | Actions: compressed 26→20 | Inpainting: True
INFO:b1k.shared.eval_b1k_wrapper:📊 Step 16800 | Task: 27 | Stage: 7/14 | Predictions: 840
INFO:b1k.shared.eval_b1k_wrapper:⬅️  Stage went back: 7 → 6 (task 27, step 16820)
INFO:b1k.shared.eval_b1k_wrapper:📊 Step 16900 | Task: 27 | Stage: 6/14 | Predictions: 845
INFO:b1k.shared.eval_b1k_wrapper:🎯 Prediction #850 | Actions: compressed 26→20 | Inpainting: True
INFO:b1k.shared.eval_b1k_wrapper:📊 Step 17000 | Task: 27 | Stage: 6/14 | Predictions: 850
INFO:b1k.shared.eval_b1k_wrapper:⬆️  Stage advanced: 6 → 7 (task 27, step 17000)
INFO:b1k.shared.eval_b1k_wrapper:📊 Step 17100 | Task: 27 | Stage: 7/14 | Predictions: 855
INFO:b1k.shared.eval_b1k_wrapper:🎯 Prediction #860 | Actions: compressed 26→20 | Inpainting: True
INFO:b1k.shared.eval_b1k_wrapper:📊 Step 17200 | Task: 27 | Stage: 7/14 | Predictions: 860
INFO:b1k.shared.eval_b1k_wrapper:📊 Step 17300 | Task: 27 | Stage: 7/14 | Predictions: 865
INFO:b1k.shared.eval_b1k_wrapper:🎯 Prediction #870 | Actions: compressed 26→20 | Inpainting: True
INFO:b1k.shared.eval_b1k_wrapper:📊 Step 17400 | Task: 27 | Stage: 7/14 | Predictions: 870
INFO:b1k.shared.eval_b1k_wrapper:📊 Step 17500 | Task: 27 | Stage: 7/14 | Predictions: 875
INFO:b1k.shared.eval_b1k_wrapper:🎯 Prediction #880 | Actions: compressed 26→20 | Inpainting: True
INFO:b1k.shared.eval_b1k_wrapper:📊 Step 17600 | Task: 27 | Stage: 7/14 | Predictions: 880
INFO:b1k.shared.eval_b1k_wrapper:📊 Step 17700 | Task: 27 | Stage: 7/14 | Predictions: 885
INFO:b1k.shared.eval_b1k_wrapper:🎯 Prediction #890 | Actions: compressed 26→20 | Inpainting: True
INFO:b1k.shared.eval_b1k_wrapper:📊 Step 17800 | Task: 27 | Stage: 7/14 | Predictions: 890
INFO:b1k.shared.eval_b1k_wrapper:📊 Step 17900 | Task: 27 | Stage: 7/14 | Predictions: 895
INFO:b1k.shared.eval_b1k_wrapper:🎯 Prediction #900 | Actions: compressed 26→20 | Inpainting: True
INFO:b1k.shared.eval_b1k_wrapper:📊 Step 18000 | Task: 27 | Stage: 7/14 | Predictions: 900
INFO:b1k.shared.eval_b1k_wrapper:📊 Step 18100 | Task: 27 | Stage: 7/14 | Predictions: 905
INFO:b1k.shared.eval_b1k_wrapper:🎯 Prediction #910 | Actions: compressed 26→20 | Inpainting: True
INFO:b1k.shared.eval_b1k_wrapper:📊 Step 18200 | Task: 27 | Stage: 7/14 | Predictions: 910
INFO:b1k.shared.eval_b1k_wrapper:📊 Step 18300 | Task: 27 | Stage: 7/14 | Predictions: 915
INFO:b1k.shared.eval_b1k_wrapper:🎯 Prediction #920 | Actions: compressed 26→20 | Inpainting: True
INFO:b1k.shared.eval_b1k_wrapper:📊 Step 18400 | Task: 27 | Stage: 7/14 | Predictions: 920
INFO:b1k.shared.eval_b1k_wrapper:🔧 Gripper variation: Compression disabled (mean: 2.0119, max: 0.0044)
INFO:b1k.shared.eval_b1k_wrapper:📊 Step 18500 | Task: 27 | Stage: 7/14 | Predictions: 925
INFO:b1k.shared.eval_b1k_wrapper:🎯 Prediction #930 | Actions: compressed 26→20 | Inpainting: True
INFO:b1k.shared.eval_b1k_wrapper:📊 Step 18600 | Task: 27 | Stage: 7/14 | Predictions: 930
INFO:b1k.shared.eval_b1k_wrapper:📊 Step 18700 | Task: 27 | Stage: 7/14 | Predictions: 935
INFO:b1k.shared.eval_b1k_wrapper:🎯 Prediction #940 | Actions: compressed 26→20 | Inpainting: True
INFO:b1k.shared.eval_b1k_wrapper:📊 Step 18800 | Task: 27 | Stage: 7/14 | Predictions: 940
INFO:b1k.shared.eval_b1k_wrapper:🔧 Gripper variation: Compression disabled (mean: 0.2837, max: 0.1279)
INFO:b1k.shared.eval_b1k_wrapper:⬆️  Stage advanced: 7 → 8 (task 27, step 18880)
INFO:b1k.shared.eval_b1k_wrapper:📊 Step 18900 | Task: 27 | Stage: 8/14 | Predictions: 945
INFO:b1k.shared.eval_b1k_wrapper:🔧 Gripper variation: Compression disabled (mean: 0.5563, max: 0.3370)
INFO:b1k.shared.eval_b1k_wrapper:🔧 Gripper variation: Compression disabled (mean: 1.1249, max: 0.6878)
INFO:b1k.shared.eval_b1k_wrapper:🔧 Gripper variation: Compression disabled (mean: 0.3078, max: 0.1666)
INFO:b1k.shared.eval_b1k_wrapper:🎯 Prediction #950 | Actions: compressed 26→20 | Inpainting: True
INFO:b1k.shared.eval_b1k_wrapper:📊 Step 19000 | Task: 27 | Stage: 8/14 | Predictions: 950
INFO:b1k.shared.eval_b1k_wrapper:📊 Step 19100 | Task: 27 | Stage: 8/14 | Predictions: 955
INFO:b1k.shared.eval_b1k_wrapper:⬅️  Stage went back: 8 → 7 (task 27, step 19140)
INFO:b1k.shared.eval_b1k_wrapper:🎯 Prediction #960 | Actions: compressed 26→20 | Inpainting: True
INFO:b1k.shared.eval_b1k_wrapper:📊 Step 19200 | Task: 27 | Stage: 7/14 | Predictions: 960
INFO:b1k.shared.eval_b1k_wrapper:⬆️  Stage advanced: 7 → 8 (task 27, step 19200)
INFO:b1k.shared.eval_b1k_wrapper:📊 Step 19300 | Task: 27 | Stage: 8/14 | Predictions: 965
INFO:b1k.shared.eval_b1k_wrapper:🎯 Prediction #970 | Actions: compressed 26→20 | Inpainting: True
INFO:b1k.shared.eval_b1k_wrapper:📊 Step 19400 | Task: 27 | Stage: 8/14 | Predictions: 970
INFO:b1k.shared.eval_b1k_wrapper:📊 Step 19500 | Task: 27 | Stage: 8/14 | Predictions: 975
INFO:b1k.shared.eval_b1k_wrapper:⬆️  Stage advanced: 8 → 9 (task 27, step 19560)
INFO:b1k.shared.eval_b1k_wrapper:🎯 Prediction #980 | Actions: compressed 26→20 | Inpainting: True
INFO:b1k.shared.eval_b1k_wrapper:📊 Step 19600 | Task: 27 | Stage: 9/14 | Predictions: 980
INFO:b1k.shared.eval_b1k_wrapper:📊 Step 19700 | Task: 27 | Stage: 9/14 | Predictions: 985
INFO:b1k.shared.eval_b1k_wrapper:🎯 Prediction #990 | Actions: compressed 26→20 | Inpainting: True
INFO:b1k.shared.eval_b1k_wrapper:📊 Step 19800 | Task: 27 | Stage: 9/14 | Predictions: 990
INFO:b1k.shared.eval_b1k_wrapper:🔧 Gripper variation: Compression disabled (mean: 0.2296, max: 0.0411)
INFO:b1k.shared.eval_b1k_wrapper:🔧 Gripper variation: Compression disabled (mean: 1.9691, max: 0.0450)
INFO:b1k.shared.eval_b1k_wrapper:🔧 Gripper variation: Compression disabled (mean: 2.0434, max: 0.0352)
INFO:b1k.shared.eval_b1k_wrapper:📊 Step 19900 | Task: 27 | Stage: 9/14 | Predictions: 995
INFO:b1k.shared.eval_b1k_wrapper:🎯 Prediction #1000 | Actions: compressed 26→20 | Inpainting: True
INFO:b1k.shared.eval_b1k_wrapper:📊 Step 20000 | Task: 27 | Stage: 9/14 | Predictions: 1000
INFO:b1k.shared.eval_b1k_wrapper:⬆️  Stage advanced: 9 → 10 (task 27, step 20000)
INFO:b1k.shared.eval_b1k_wrapper:📊 Step 20100 | Task: 27 | Stage: 10/14 | Predictions: 1005
INFO:b1k.shared.eval_b1k_wrapper:🎯 Prediction #1010 | Actions: compressed 26→20 | Inpainting: True
INFO:b1k.shared.eval_b1k_wrapper:📊 Step 20200 | Task: 27 | Stage: 10/14 | Predictions: 1010
INFO:b1k.shared.eval_b1k_wrapper:📊 Step 20300 | Task: 27 | Stage: 10/14 | Predictions: 1015
INFO:b1k.shared.eval_b1k_wrapper:⬆️  Stage advanced: 10 → 11 (task 27, step 20320)
INFO:b1k.shared.eval_b1k_wrapper:🎯 Prediction #1020 | Actions: compressed 26→20 | Inpainting: True
INFO:b1k.shared.eval_b1k_wrapper:📊 Step 20400 | Task: 27 | Stage: 11/14 | Predictions: 1020
INFO:b1k.shared.eval_b1k_wrapper:📊 Step 20500 | Task: 27 | Stage: 11/14 | Predictions: 1025
INFO:b1k.shared.eval_b1k_wrapper:🎯 Prediction #1030 | Actions: compressed 26→20 | Inpainting: True
INFO:b1k.shared.eval_b1k_wrapper:📊 Step 20600 | Task: 27 | Stage: 11/14 | Predictions: 1030
INFO:b1k.shared.eval_b1k_wrapper:📊 Step 20700 | Task: 27 | Stage: 11/14 | Predictions: 1035
INFO:b1k.shared.eval_b1k_wrapper:🎯 Prediction #1040 | Actions: compressed 26→20 | Inpainting: True
INFO:b1k.shared.eval_b1k_wrapper:📊 Step 20800 | Task: 27 | Stage: 11/14 | Predictions: 1040
INFO:b1k.shared.eval_b1k_wrapper:🔧 Gripper variation: Compression disabled (mean: 0.2065, max: 0.4645)
INFO:b1k.shared.eval_b1k_wrapper:🔧 Gripper variation: Compression disabled (mean: 0.7956, max: 0.7906)
INFO:b1k.shared.eval_b1k_wrapper:📊 Step 20900 | Task: 27 | Stage: 11/14 | Predictions: 1045
INFO:b1k.shared.eval_b1k_wrapper:🔧 Gripper variation: Compression disabled (mean: 0.5871, max: 1.5794)
INFO:b1k.shared.eval_b1k_wrapper:🔧 Gripper variation: Compression disabled (mean: 0.8295, max: 1.0811)
INFO:b1k.shared.eval_b1k_wrapper:🔧 Gripper variation: Compression disabled (mean: 0.5319, max: 1.4854)
INFO:b1k.shared.eval_b1k_wrapper:🔧 Gripper variation: Compression disabled (mean: 0.3908, max: 0.8920)
INFO:b1k.shared.eval_b1k_wrapper:🔧 Gripper variation: Compression disabled (mean: 0.5635, max: 0.9065)
INFO:b1k.shared.eval_b1k_wrapper:🎯 Prediction #1050 | Actions: uncompressed (20) | Inpainting: True
INFO:b1k.shared.eval_b1k_wrapper:📊 Step 21000 | Task: 27 | Stage: 11/14 | Predictions: 1050
INFO:b1k.shared.eval_b1k_wrapper:🔧 Gripper variation: Compression disabled (mean: 0.2358, max: 0.9889)
INFO:b1k.shared.eval_b1k_wrapper:🔧 Gripper variation: Compression disabled (mean: 0.3753, max: 0.8369)
INFO:b1k.shared.eval_b1k_wrapper:🔧 Gripper variation: Compression disabled (mean: 0.7619, max: 0.9159)
INFO:b1k.shared.eval_b1k_wrapper:🔧 Gripper variation: Compression disabled (mean: 0.5422, max: 0.8856)
INFO:b1k.shared.eval_b1k_wrapper:🔧 Gripper variation: Compression disabled (mean: 0.3808, max: 1.0183)
INFO:b1k.shared.eval_b1k_wrapper:📊 Step 21100 | Task: 27 | Stage: 11/14 | Predictions: 1055
INFO:b1k.shared.eval_b1k_wrapper:🔧 Gripper variation: Compression disabled (mean: 0.7238, max: 0.9661)
INFO:b1k.shared.eval_b1k_wrapper:🔧 Gripper variation: Compression disabled (mean: 0.3521, max: 0.8569)
INFO:b1k.shared.eval_b1k_wrapper:🔧 Gripper variation: Compression disabled (mean: 0.3701, max: 0.8262)
INFO:b1k.shared.eval_b1k_wrapper:🔧 Gripper variation: Compression disabled (mean: 0.1564, max: 1.1194)
INFO:b1k.shared.eval_b1k_wrapper:🔧 Gripper variation: Compression disabled (mean: 0.3931, max: 0.9651)
INFO:b1k.shared.eval_b1k_wrapper:🎯 Prediction #1060 | Actions: uncompressed (20) | Inpainting: True
INFO:b1k.shared.eval_b1k_wrapper:📊 Step 21200 | Task: 27 | Stage: 11/14 | Predictions: 1060
INFO:b1k.shared.eval_b1k_wrapper:🔧 Gripper variation: Compression disabled (mean: 0.2135, max: 1.4301)
INFO:b1k.shared.eval_b1k_wrapper:🔧 Gripper variation: Compression disabled (mean: 0.3333, max: 0.7670)
INFO:b1k.shared.eval_b1k_wrapper:🔧 Gripper variation: Compression disabled (mean: 0.4466, max: 0.8343)
INFO:b1k.shared.eval_b1k_wrapper:🔧 Gripper variation: Compression disabled (mean: 0.2643, max: 0.9668)
INFO:b1k.shared.eval_b1k_wrapper:🔧 Gripper variation: Compression disabled (mean: 0.3935, max: 1.1141)
INFO:b1k.shared.eval_b1k_wrapper:📊 Step 21300 | Task: 27 | Stage: 11/14 | Predictions: 1065
INFO:b1k.shared.eval_b1k_wrapper:🔧 Gripper variation: Compression disabled (mean: 0.3890, max: 1.2742)
INFO:b1k.shared.eval_b1k_wrapper:🔧 Gripper variation: Compression disabled (mean: 0.5883, max: 1.1453)
INFO:b1k.shared.eval_b1k_wrapper:🔧 Gripper variation: Compression disabled (mean: 0.2351, max: 0.9982)
INFO:b1k.shared.eval_b1k_wrapper:🔧 Gripper variation: Compression disabled (mean: 0.5109, max: 1.1574)
INFO:b1k.shared.eval_b1k_wrapper:🔧 Gripper variation: Compression disabled (mean: 0.6380, max: 0.9858)
INFO:b1k.shared.eval_b1k_wrapper:🎯 Prediction #1070 | Actions: uncompressed (20) | Inpainting: True
INFO:b1k.shared.eval_b1k_wrapper:📊 Step 21400 | Task: 27 | Stage: 11/14 | Predictions: 1070
INFO:b1k.shared.eval_b1k_wrapper:🔧 Gripper variation: Compression disabled (mean: 0.4106, max: 0.6793)
INFO:b1k.shared.eval_b1k_wrapper:🔧 Gripper variation: Compression disabled (mean: 0.5605, max: 1.0740)
INFO:b1k.shared.eval_b1k_wrapper:🔧 Gripper variation: Compression disabled (mean: 0.4430, max: 1.4994)
INFO:b1k.shared.eval_b1k_wrapper:🔧 Gripper variation: Compression disabled (mean: 0.3502, max: 1.0148)
INFO:b1k.shared.eval_b1k_wrapper:🔧 Gripper variation: Compression disabled (mean: 0.2584, max: 0.9294)
INFO:b1k.shared.eval_b1k_wrapper:📊 Step 21500 | Task: 27 | Stage: 11/14 | Predictions: 1075
INFO:b1k.shared.eval_b1k_wrapper:🔧 Gripper variation: Compression disabled (mean: 0.4265, max: 1.0011)
INFO:b1k.shared.eval_b1k_wrapper:🔧 Gripper variation: Compression disabled (mean: 0.4896, max: 0.9481)
INFO:b1k.shared.eval_b1k_wrapper:🔧 Gripper variation: Compression disabled (mean: 0.3055, max: 0.7226)
INFO:b1k.shared.eval_b1k_wrapper:🔧 Gripper variation: Compression disabled (mean: 0.4158, max: 1.0667)
INFO:b1k.shared.eval_b1k_wrapper:🔧 Gripper variation: Compression disabled (mean: 0.4928, max: 1.2314)
INFO:b1k.shared.eval_b1k_wrapper:🎯 Prediction #1080 | Actions: uncompressed (20) | Inpainting: True
INFO:b1k.shared.eval_b1k_wrapper:📊 Step 21600 | Task: 27 | Stage: 11/14 | Predictions: 1080
INFO:b1k.shared.eval_b1k_wrapper:🔧 Gripper variation: Compression disabled (mean: 0.5292, max: 0.8649)
INFO:b1k.shared.eval_b1k_wrapper:🔧 Gripper variation: Compression disabled (mean: 0.3267, max: 1.3476)
INFO:b1k.shared.eval_b1k_wrapper:🔧 Gripper variation: Compression disabled (mean: 0.6389, max: 0.7773)
INFO:b1k.shared.eval_b1k_wrapper:🔧 Gripper variation: Compression disabled (mean: 0.3915, max: 0.7737)
INFO:b1k.shared.eval_b1k_wrapper:🔧 Gripper variation: Compression disabled (mean: 0.3596, max: 0.7777)
INFO:b1k.shared.eval_b1k_wrapper:📊 Step 21700 | Task: 27 | Stage: 11/14 | Predictions: 1085
INFO:b1k.shared.eval_b1k_wrapper:🔧 Gripper variation: Compression disabled (mean: 0.2950, max: 1.1326)
INFO:b1k.shared.eval_b1k_wrapper:⬅️  Stage went back: 11 → 10 (task 27, step 21700)
INFO:b1k.shared.eval_b1k_wrapper:🔧 Gripper variation: Compression disabled (mean: 0.3318, max: 1.0151)
INFO:b1k.shared.eval_b1k_wrapper:🔧 Gripper variation: Compression disabled (mean: 0.3813, max: 0.7972)
INFO:b1k.shared.eval_b1k_wrapper:🔧 Gripper variation: Compression disabled (mean: 0.5396, max: 1.0058)
INFO:b1k.shared.eval_b1k_wrapper:🔧 Gripper variation: Compression disabled (mean: 0.2649, max: 1.0976)
INFO:b1k.shared.eval_b1k_wrapper:🎯 Prediction #1090 | Actions: uncompressed (20) | Inpainting: True
INFO:b1k.shared.eval_b1k_wrapper:⬆️  Stage advanced: 10 → 11 (task 27, step 21780)
INFO:b1k.shared.eval_b1k_wrapper:📊 Step 21800 | Task: 27 | Stage: 11/14 | Predictions: 1090
INFO:b1k.shared.eval_b1k_wrapper:🔧 Gripper variation: Compression disabled (mean: 0.5608, max: 1.2284)
INFO:b1k.shared.eval_b1k_wrapper:🔧 Gripper variation: Compression disabled (mean: 0.5595, max: 1.1414)
INFO:b1k.shared.eval_b1k_wrapper:🔧 Gripper variation: Compression disabled (mean: 0.5870, max: 0.9681)
INFO:b1k.shared.eval_b1k_wrapper:🔧 Gripper variation: Compression disabled (mean: 0.3789, max: 0.5921)
INFO:b1k.shared.eval_b1k_wrapper:🔧 Gripper variation: Compression disabled (mean: 0.5204, max: 1.0862)
INFO:b1k.shared.eval_b1k_wrapper:📊 Step 21900 | Task: 27 | Stage: 11/14 | Predictions: 1095
INFO:b1k.shared.eval_b1k_wrapper:🔧 Gripper variation: Compression disabled (mean: 0.5265, max: 0.7343)
INFO:b1k.shared.eval_b1k_wrapper:🔧 Gripper variation: Compression disabled (mean: 1.0847, max: 1.2721)
INFO:b1k.shared.eval_b1k_wrapper:🔧 Gripper variation: Compression disabled (mean: 0.3791, max: 1.0386)
INFO:b1k.shared.eval_b1k_wrapper:🔧 Gripper variation: Compression disabled (mean: 0.6919, max: 1.3882)
INFO:b1k.shared.eval_b1k_wrapper:🔧 Gripper variation: Compression disabled (mean: 0.7462, max: 0.9417)
INFO:b1k.shared.eval_b1k_wrapper:🎯 Prediction #1100 | Actions: uncompressed (20) | Inpainting: True
INFO:b1k.shared.eval_b1k_wrapper:📊 Step 22000 | Task: 27 | Stage: 11/14 | Predictions: 1100
INFO:b1k.shared.eval_b1k_wrapper:🔧 Gripper variation: Compression disabled (mean: 0.6585, max: 0.9306)
INFO:b1k.shared.eval_b1k_wrapper:🔧 Gripper variation: Compression disabled (mean: 0.4459, max: 1.0412)
INFO:b1k.shared.eval_b1k_wrapper:🔧 Gripper variation: Compression disabled (mean: 0.2196, max: 0.5512)
INFO:b1k.shared.eval_b1k_wrapper:🔧 Gripper variation: Compression disabled (mean: 0.4709, max: 0.6512)
INFO:b1k.shared.eval_b1k_wrapper:🔧 Gripper variation: Compression disabled (mean: 0.3206, max: 1.0263)
INFO:b1k.shared.eval_b1k_wrapper:📊 Step 22100 | Task: 27 | Stage: 11/14 | Predictions: 1105
INFO:b1k.shared.eval_b1k_wrapper:🔧 Gripper variation: Compression disabled (mean: 0.6752, max: 0.9286)
INFO:b1k.shared.eval_b1k_wrapper:🔧 Gripper variation: Compression disabled (mean: 0.9931, max: 1.0311)
INFO:b1k.shared.eval_b1k_wrapper:🔧 Gripper variation: Compression disabled (mean: 0.4777, max: 1.0810)
INFO:b1k.shared.eval_b1k_wrapper:🔧 Gripper variation: Compression disabled (mean: 0.5459, max: 1.5469)
INFO:b1k.shared.eval_b1k_wrapper:🔧 Gripper variation: Compression disabled (mean: 0.7893, max: 1.0903)
INFO:b1k.shared.eval_b1k_wrapper:🎯 Prediction #1110 | Actions: uncompressed (20) | Inpainting: True
INFO:b1k.shared.eval_b1k_wrapper:📊 Step 22200 | Task: 27 | Stage: 11/14 | Predictions: 1110
INFO:b1k.shared.eval_b1k_wrapper:🔧 Gripper variation: Compression disabled (mean: 0.5045, max: 0.5512)
INFO:b1k.shared.correction_rules:🔧 GENERAL GRIPPER CORRECTION: Task 27, Stage 11
INFO:b1k.shared.correction_rules:   Right gripper closed (-1.0000) → Opening to 1.0
INFO:b1k.shared.eval_b1k_wrapper:🔧 Correction rule: Actions modified (max diff: 2.3286, task 27, stage 11)
INFO:b1k.shared.eval_b1k_wrapper:🔧 Gripper variation: Compression disabled (mean: 0.3752, max: 0.7606)
INFO:b1k.shared.eval_b1k_wrapper:📊 Step 22300 | Task: 27 | Stage: 11/14 | Predictions: 1115
INFO:b1k.shared.eval_b1k_wrapper:🔧 Gripper variation: Compression disabled (mean: 0.0341, max: 0.2844)
INFO:b1k.shared.eval_b1k_wrapper:🔧 Gripper variation: Compression disabled (mean: 0.2715, max: 0.5089)
INFO:b1k.shared.eval_b1k_wrapper:🔧 Gripper variation: Compression disabled (mean: 0.3223, max: 0.7909)
INFO:b1k.shared.eval_b1k_wrapper:🎯 Prediction #1120 | Actions: uncompressed (20) | Inpainting: True
INFO:b1k.shared.eval_b1k_wrapper:📊 Step 22400 | Task: 27 | Stage: 11/14 | Predictions: 1120
INFO:b1k.shared.eval_b1k_wrapper:🔧 Gripper variation: Compression disabled (mean: 0.1924, max: 0.3325)
INFO:b1k.shared.eval_b1k_wrapper:🔧 Gripper variation: Compression disabled (mean: 0.2419, max: 0.4827)
INFO:b1k.shared.eval_b1k_wrapper:🔧 Gripper variation: Compression disabled (mean: 0.0331, max: 0.2545)
INFO:b1k.shared.eval_b1k_wrapper:🔧 Gripper variation: Compression disabled (mean: 0.0492, max: 0.5494)
INFO:b1k.shared.eval_b1k_wrapper:📊 Step 22500 | Task: 27 | Stage: 11/14 | Predictions: 1125
INFO:b1k.shared.eval_b1k_wrapper:🔧 Gripper variation: Compression disabled (mean: 0.2423, max: 1.1940)
INFO:b1k.shared.eval_b1k_wrapper:🎯 Prediction #1130 | Actions: compressed 26→20 | Inpainting: True
INFO:b1k.shared.eval_b1k_wrapper:📊 Step 22600 | Task: 27 | Stage: 11/14 | Predictions: 1130
INFO:b1k.shared.eval_b1k_wrapper:📊 Step 22700 | Task: 27 | Stage: 11/14 | Predictions: 1135
INFO:b1k.shared.eval_b1k_wrapper:🎯 Prediction #1140 | Actions: compressed 26→20 | Inpainting: True
INFO:b1k.shared.eval_b1k_wrapper:📊 Step 22800 | Task: 27 | Stage: 11/14 | Predictions: 1140
INFO:b1k.shared.eval_b1k_wrapper:📊 Step 22900 | Task: 27 | Stage: 11/14 | Predictions: 1145
INFO:b1k.shared.eval_b1k_wrapper:🎯 Prediction #1150 | Actions: compressed 26→20 | Inpainting: True
INFO:b1k.shared.eval_b1k_wrapper:📊 Step 23000 | Task: 27 | Stage: 11/14 | Predictions: 1150
INFO:b1k.shared.eval_b1k_wrapper:📊 Step 23100 | Task: 27 | Stage: 11/14 | Predictions: 1155
INFO:b1k.shared.eval_b1k_wrapper:🎯 Prediction #1160 | Actions: compressed 26→20 | Inpainting: True
INFO:b1k.shared.eval_b1k_wrapper:📊 Step 23200 | Task: 27 | Stage: 11/14 | Predictions: 1160
INFO:b1k.shared.eval_b1k_wrapper:📊 Step 23300 | Task: 27 | Stage: 11/14 | Predictions: 1165
INFO:b1k.shared.eval_b1k_wrapper:🎯 Prediction #1170 | Actions: compressed 26→20 | Inpainting: True
INFO:b1k.shared.eval_b1k_wrapper:📊 Step 23400 | Task: 27 | Stage: 11/14 | Predictions: 1170
INFO:b1k.shared.eval_b1k_wrapper:📊 Step 23500 | Task: 27 | Stage: 11/14 | Predictions: 1175
INFO:b1k.shared.eval_b1k_wrapper:🎯 Prediction #1180 | Actions: compressed 26→20 | Inpainting: True
INFO:b1k.shared.eval_b1k_wrapper:📊 Step 23600 | Task: 27 | Stage: 11/14 | Predictions: 1180
INFO:b1k.shared.eval_b1k_wrapper:📊 Step 23700 | Task: 27 | Stage: 11/14 | Predictions: 1185
INFO:websockets.server:connection closed
INFO:omnigibson.learning.utils.network_utils:Connection from ('127.0.0.1', 58636) closed
INFO:websockets.server:HTTP response sent (200 OK)
INFO:websockets.server:connection closed
INFO:websockets.server:connection open
INFO:omnigibson.learning.utils.network_utils:Connection from ('127.0.0.1', 57334) opened
INFO:b1k.shared.eval_b1k_wrapper:Policy reset - Task ID: 27, Action horizon: 30
INFO:b1k.shared.eval_b1k_wrapper:📊 Step 100 | Task: 27 | Stage: 0/14 | Predictions: 5
INFO:b1k.shared.eval_b1k_wrapper:🎯 Prediction #10 | Actions: compressed 26→20 | Inpainting: True
INFO:b1k.shared.eval_b1k_wrapper:📊 Step 200 | Task: 27 | Stage: 0/14 | Predictions: 10
INFO:b1k.shared.eval_b1k_wrapper:⬆️  Stage advanced: 0 → 1 (task 27, step 240)
INFO:b1k.shared.eval_b1k_wrapper:📊 Step 300 | Task: 27 | Stage: 1/14 | Predictions: 15
INFO:b1k.shared.eval_b1k_wrapper:🎯 Prediction #20 | Actions: compressed 26→20 | Inpainting: True
INFO:b1k.shared.eval_b1k_wrapper:📊 Step 400 | Task: 27 | Stage: 1/14 | Predictions: 20
INFO:b1k.shared.eval_b1k_wrapper:📊 Step 500 | Task: 27 | Stage: 1/14 | Predictions: 25
INFO:b1k.shared.eval_b1k_wrapper:🔧 Gripper variation: Compression disabled (mean: 0.0041, max: 2.0015)
INFO:b1k.shared.eval_b1k_wrapper:🎯 Prediction #30 | Actions: compressed 26→20 | Inpainting: True
INFO:b1k.shared.eval_b1k_wrapper:📊 Step 600 | Task: 27 | Stage: 1/14 | Predictions: 30
INFO:b1k.shared.correction_rules:🔧 GENERAL GRIPPER CORRECTION: Task 27, Stage 1
INFO:b1k.shared.correction_rules:   Right gripper closed (-0.9982) → Opening to 1.0
INFO:b1k.shared.eval_b1k_wrapper:🔧 Correction rule: Actions modified (max diff: 2.0012, task 27, stage 1)
INFO:b1k.shared.eval_b1k_wrapper:📊 Step 700 | Task: 27 | Stage: 1/14 | Predictions: 35
INFO:b1k.shared.eval_b1k_wrapper:🎯 Prediction #40 | Actions: compressed 26→20 | Inpainting: True
INFO:b1k.shared.eval_b1k_wrapper:📊 Step 800 | Task: 27 | Stage: 1/14 | Predictions: 40
INFO:b1k.shared.eval_b1k_wrapper:📊 Step 900 | Task: 27 | Stage: 1/14 | Predictions: 45
INFO:b1k.shared.correction_rules:🔧 GENERAL GRIPPER CORRECTION: Task 27, Stage 1
INFO:b1k.shared.correction_rules:   Right gripper closed (-0.9992) → Opening to 1.0
INFO:b1k.shared.eval_b1k_wrapper:🔧 Correction rule: Actions modified (max diff: 2.0077, task 27, stage 1)
INFO:b1k.shared.eval_b1k_wrapper:🔧 Gripper variation: Compression disabled (mean: 0.5630, max: 1.5842)
INFO:b1k.shared.correction_rules:🔧 GENERAL GRIPPER CORRECTION: Task 27, Stage 1
INFO:b1k.shared.correction_rules:   Right gripper closed (-0.9974) → Opening to 1.0
INFO:b1k.shared.eval_b1k_wrapper:🔧 Correction rule: Actions modified (max diff: 2.0051, task 27, stage 1)
INFO:b1k.shared.eval_b1k_wrapper:🎯 Prediction #50 | Actions: compressed 26→20 | Inpainting: True
INFO:b1k.shared.eval_b1k_wrapper:📊 Step 1000 | Task: 27 | Stage: 1/14 | Predictions: 50
INFO:b1k.shared.correction_rules:🔧 GENERAL GRIPPER CORRECTION: Task 27, Stage 1
INFO:b1k.shared.correction_rules:   Right gripper closed (-0.9976) → Opening to 1.0
INFO:b1k.shared.eval_b1k_wrapper:🔧 Correction rule: Actions modified (max diff: 2.0064, task 27, stage 1)
INFO:b1k.shared.eval_b1k_wrapper:📊 Step 1100 | Task: 27 | Stage: 1/14 | Predictions: 55
INFO:b1k.shared.eval_b1k_wrapper:⬆️  Stage advanced: 1 → 2 (task 27, step 1140)
INFO:b1k.shared.eval_b1k_wrapper:🎯 Prediction #60 | Actions: compressed 26→20 | Inpainting: True
INFO:b1k.shared.eval_b1k_wrapper:📊 Step 1200 | Task: 27 | Stage: 2/14 | Predictions: 60
INFO:b1k.shared.eval_b1k_wrapper:📊 Step 1300 | Task: 27 | Stage: 2/14 | Predictions: 65
INFO:b1k.shared.correction_rules:🔧 GENERAL GRIPPER CORRECTION: Task 27, Stage 2
INFO:b1k.shared.correction_rules:   Right gripper closed (-0.9945) → Opening to 1.0
INFO:b1k.shared.eval_b1k_wrapper:🔧 Correction rule: Actions modified (max diff: 2.0045, task 27, stage 2)
INFO:b1k.shared.eval_b1k_wrapper:🎯 Prediction #70 | Actions: compressed 26→20 | Inpainting: True
INFO:b1k.shared.eval_b1k_wrapper:📊 Step 1400 | Task: 27 | Stage: 2/14 | Predictions: 70
INFO:b1k.shared.eval_b1k_wrapper:🔧 Gripper variation: Compression disabled (mean: 0.0163, max: 0.2995)
INFO:b1k.shared.eval_b1k_wrapper:⬅️  Stage went back: 2 → 1 (task 27, step 1440)
INFO:b1k.shared.eval_b1k_wrapper:🔧 Gripper variation: Compression disabled (mean: 0.0274, max: 0.6452)
INFO:b1k.shared.eval_b1k_wrapper:📊 Step 1500 | Task: 27 | Stage: 1/14 | Predictions: 75
INFO:b1k.shared.eval_b1k_wrapper:⬆️  Stage advanced: 1 → 2 (task 27, step 1500)
INFO:b1k.shared.eval_b1k_wrapper:🔧 Gripper variation: Compression disabled (mean: 0.0320, max: 1.4830)
INFO:b1k.shared.eval_b1k_wrapper:🎯 Prediction #80 | Actions: compressed 26→20 | Inpainting: True
INFO:b1k.shared.eval_b1k_wrapper:📊 Step 1600 | Task: 27 | Stage: 2/14 | Predictions: 80
INFO:b1k.shared.eval_b1k_wrapper:📊 Step 1700 | Task: 27 | Stage: 2/14 | Predictions: 85
INFO:b1k.shared.eval_b1k_wrapper:🔧 Gripper variation: Compression disabled (mean: 0.0129, max: 1.1462)
INFO:b1k.shared.eval_b1k_wrapper:🔧 Gripper variation: Compression disabled (mean: 0.0153, max: 0.2666)
INFO:b1k.shared.eval_b1k_wrapper:🔧 Gripper variation: Compression disabled (mean: 0.0315, max: 1.6944)
INFO:b1k.shared.eval_b1k_wrapper:⬅️  Stage went back: 2 → 1 (task 27, step 1760)
INFO:b1k.shared.correction_rules:🔧 GENERAL GRIPPER CORRECTION: Task 27, Stage 1
INFO:b1k.shared.correction_rules:   Right gripper closed (-0.9998) → Opening to 1.0
INFO:b1k.shared.eval_b1k_wrapper:🔧 Correction rule: Actions modified (max diff: 2.0065, task 27, stage 1)
INFO:b1k.shared.eval_b1k_wrapper:🎯 Prediction #90 | Actions: compressed 26→20 | Inpainting: True
INFO:b1k.shared.eval_b1k_wrapper:📊 Step 1800 | Task: 27 | Stage: 1/14 | Predictions: 90
INFO:b1k.shared.eval_b1k_wrapper:🔧 Gripper variation: Compression disabled (mean: 0.5124, max: 1.9795)
INFO:b1k.shared.eval_b1k_wrapper:⬆️  Stage advanced: 1 → 2 (task 27, step 1820)
INFO:b1k.shared.eval_b1k_wrapper:🔧 Gripper variation: Compression disabled (mean: 0.0598, max: 0.2707)
INFO:b1k.shared.eval_b1k_wrapper:📊 Step 1900 | Task: 27 | Stage: 2/14 | Predictions: 95
INFO:b1k.shared.eval_b1k_wrapper:🔧 Gripper variation: Compression disabled (mean: 0.1320, max: 0.6961)
INFO:b1k.shared.eval_b1k_wrapper:🔧 Gripper variation: Compression disabled (mean: 0.2100, max: 1.6701)
INFO:b1k.shared.eval_b1k_wrapper:🔧 Gripper variation: Compression disabled (mean: 0.2134, max: 1.8391)
INFO:b1k.shared.eval_b1k_wrapper:🔧 Gripper variation: Compression disabled (mean: 0.1926, max: 0.4802)
INFO:b1k.shared.eval_b1k_wrapper:🎯 Prediction #100 | Actions: compressed 26→20 | Inpainting: True
INFO:b1k.shared.eval_b1k_wrapper:📊 Step 2000 | Task: 27 | Stage: 2/14 | Predictions: 100
INFO:b1k.shared.correction_rules:🔧 GENERAL GRIPPER CORRECTION: Task 27, Stage 2
INFO:b1k.shared.correction_rules:   Right gripper closed (-0.9866) → Opening to 1.0
INFO:b1k.shared.eval_b1k_wrapper:🔧 Correction rule: Actions modified (max diff: 2.1634, task 27, stage 2)
INFO:b1k.shared.eval_b1k_wrapper:⬅️  Stage went back: 2 → 1 (task 27, step 2020)
INFO:b1k.shared.eval_b1k_wrapper:🔧 Gripper variation: Compression disabled (mean: 0.3529, max: 2.2354)
INFO:b1k.shared.correction_rules:🔧 GENERAL GRIPPER CORRECTION: Task 27, Stage 1
INFO:b1k.shared.correction_rules:   Right gripper closed (-0.9894) → Opening to 1.0
INFO:b1k.shared.eval_b1k_wrapper:🔧 Correction rule: Actions modified (max diff: 2.0046, task 27, stage 1)
INFO:b1k.shared.eval_b1k_wrapper:🔧 Gripper variation: Compression disabled (mean: 0.1070, max: 1.1104)
INFO:b1k.shared.eval_b1k_wrapper:📊 Step 2100 | Task: 27 | Stage: 1/14 | Predictions: 105
INFO:b1k.shared.eval_b1k_wrapper:🔧 Gripper variation: Compression disabled (mean: 0.0068, max: 1.0963)
INFO:b1k.shared.correction_rules:🔧 GENERAL GRIPPER CORRECTION: Task 27, Stage 1
INFO:b1k.shared.correction_rules:   Right gripper closed (-1.0000) → Opening to 1.0
INFO:b1k.shared.eval_b1k_wrapper:🔧 Correction rule: Actions modified (max diff: 2.0193, task 27, stage 1)
INFO:b1k.shared.eval_b1k_wrapper:🔧 Gripper variation: Compression disabled (mean: 0.1553, max: 0.5849)
INFO:b1k.shared.eval_b1k_wrapper:🎯 Prediction #110 | Actions: uncompressed (20) | Inpainting: True
INFO:b1k.shared.eval_b1k_wrapper:📊 Step 2200 | Task: 27 | Stage: 1/14 | Predictions: 110
INFO:b1k.shared.eval_b1k_wrapper:🔧 Gripper variation: Compression disabled (mean: 0.0097, max: 1.9620)
INFO:b1k.shared.eval_b1k_wrapper:📊 Step 2300 | Task: 27 | Stage: 1/14 | Predictions: 115
INFO:b1k.shared.eval_b1k_wrapper:🔧 Gripper variation: Compression disabled (mean: 0.0049, max: 1.3617)
INFO:b1k.shared.eval_b1k_wrapper:🔧 Gripper variation: Compression disabled (mean: 0.0032, max: 0.9725)
INFO:b1k.shared.correction_rules:🔧 GENERAL GRIPPER CORRECTION: Task 27, Stage 1
INFO:b1k.shared.correction_rules:   Right gripper closed (-1.0000) → Opening to 1.0
INFO:b1k.shared.eval_b1k_wrapper:🔧 Correction rule: Actions modified (max diff: 2.0041, task 27, stage 1)
INFO:b1k.shared.eval_b1k_wrapper:🎯 Prediction #120 | Actions: compressed 26→20 | Inpainting: True
INFO:b1k.shared.eval_b1k_wrapper:📊 Step 2400 | Task: 27 | Stage: 1/14 | Predictions: 120
INFO:b1k.shared.eval_b1k_wrapper:🔧 Gripper variation: Compression disabled (mean: 0.0238, max: 1.9606)
INFO:b1k.shared.eval_b1k_wrapper:🔧 Gripper variation: Compression disabled (mean: 0.0180, max: 1.9545)
INFO:b1k.shared.eval_b1k_wrapper:📊 Step 2500 | Task: 27 | Stage: 1/14 | Predictions: 125
INFO:b1k.shared.eval_b1k_wrapper:⬅️  Stage went back: 1 → 0 (task 27, step 2560)
INFO:b1k.shared.eval_b1k_wrapper:🎯 Prediction #130 | Actions: compressed 26→20 | Inpainting: True
INFO:b1k.shared.eval_b1k_wrapper:📊 Step 2600 | Task: 27 | Stage: 0/14 | Predictions: 130
INFO:b1k.shared.eval_b1k_wrapper:⬆️  Stage advanced: 0 → 1 (task 27, step 2640)
INFO:b1k.shared.eval_b1k_wrapper:📊 Step 2700 | Task: 27 | Stage: 1/14 | Predictions: 135
INFO:b1k.shared.eval_b1k_wrapper:🎯 Prediction #140 | Actions: compressed 26→20 | Inpainting: True
INFO:b1k.shared.eval_b1k_wrapper:📊 Step 2800 | Task: 27 | Stage: 1/14 | Predictions: 140
INFO:b1k.shared.eval_b1k_wrapper:📊 Step 2900 | Task: 27 | Stage: 1/14 | Predictions: 145
INFO:b1k.shared.eval_b1k_wrapper:🎯 Prediction #150 | Actions: compressed 26→20 | Inpainting: True
INFO:b1k.shared.eval_b1k_wrapper:📊 Step 3000 | Task: 27 | Stage: 1/14 | Predictions: 150
INFO:b1k.shared.eval_b1k_wrapper:⬅️  Stage went back: 1 → 0 (task 27, step 3000)
INFO:b1k.shared.eval_b1k_wrapper:⬆️  Stage advanced: 0 → 1 (task 27, step 3060)
INFO:b1k.shared.eval_b1k_wrapper:📊 Step 3100 | Task: 27 | Stage: 1/14 | Predictions: 155
INFO:b1k.shared.eval_b1k_wrapper:🎯 Prediction #160 | Actions: compressed 26→20 | Inpainting: True
INFO:b1k.shared.eval_b1k_wrapper:📊 Step 3200 | Task: 27 | Stage: 1/14 | Predictions: 160
INFO:b1k.shared.eval_b1k_wrapper:📊 Step 3300 | Task: 27 | Stage: 1/14 | Predictions: 165
INFO:b1k.shared.eval_b1k_wrapper:🎯 Prediction #170 | Actions: compressed 26→20 | Inpainting: True
INFO:b1k.shared.eval_b1k_wrapper:📊 Step 3400 | Task: 27 | Stage: 1/14 | Predictions: 170
INFO:b1k.shared.eval_b1k_wrapper:📊 Step 3500 | Task: 27 | Stage: 1/14 | Predictions: 175
INFO:b1k.shared.eval_b1k_wrapper:⬅️  Stage went back: 1 → 0 (task 27, step 3500)
INFO:b1k.shared.eval_b1k_wrapper:🎯 Prediction #180 | Actions: compressed 26→20 | Inpainting: True
INFO:b1k.shared.eval_b1k_wrapper:📊 Step 3600 | Task: 27 | Stage: 0/14 | Predictions: 180
INFO:b1k.shared.eval_b1k_wrapper:📊 Step 3700 | Task: 27 | Stage: 0/14 | Predictions: 185
INFO:b1k.shared.eval_b1k_wrapper:🎯 Prediction #190 | Actions: compressed 26→20 | Inpainting: True
INFO:b1k.shared.eval_b1k_wrapper:📊 Step 3800 | Task: 27 | Stage: 0/14 | Predictions: 190
INFO:b1k.shared.eval_b1k_wrapper:⬆️  Stage advanced: 0 → 1 (task 27, step 3800)
INFO:b1k.shared.eval_b1k_wrapper:📊 Step 3900 | Task: 27 | Stage: 1/14 | Predictions: 195
INFO:b1k.shared.eval_b1k_wrapper:🎯 Prediction #200 | Actions: compressed 26→20 | Inpainting: True
INFO:b1k.shared.eval_b1k_wrapper:📊 Step 4000 | Task: 27 | Stage: 1/14 | Predictions: 200
INFO:b1k.shared.eval_b1k_wrapper:⬅️  Stage went back: 1 → 0 (task 27, step 4020)
INFO:b1k.shared.eval_b1k_wrapper:📊 Step 4100 | Task: 27 | Stage: 0/14 | Predictions: 205
INFO:b1k.shared.eval_b1k_wrapper:🎯 Prediction #210 | Actions: compressed 26→20 | Inpainting: True
INFO:b1k.shared.eval_b1k_wrapper:📊 Step 4200 | Task: 27 | Stage: 0/14 | Predictions: 210
INFO:b1k.shared.eval_b1k_wrapper:⬆️  Stage advanced: 0 → 1 (task 27, step 4220)
INFO:b1k.shared.eval_b1k_wrapper:📊 Step 4300 | Task: 27 | Stage: 1/14 | Predictions: 215
INFO:b1k.shared.eval_b1k_wrapper:🎯 Prediction #220 | Actions: compressed 26→20 | Inpainting: True
INFO:b1k.shared.eval_b1k_wrapper:📊 Step 4400 | Task: 27 | Stage: 1/14 | Predictions: 220
INFO:b1k.shared.eval_b1k_wrapper:📊 Step 4500 | Task: 27 | Stage: 1/14 | Predictions: 225
INFO:b1k.shared.eval_b1k_wrapper:🎯 Prediction #230 | Actions: compressed 26→20 | Inpainting: True
INFO:b1k.shared.eval_b1k_wrapper:📊 Step 4600 | Task: 27 | Stage: 1/14 | Predictions: 230
INFO:b1k.shared.eval_b1k_wrapper:📊 Step 4700 | Task: 27 | Stage: 1/14 | Predictions: 235
INFO:b1k.shared.eval_b1k_wrapper:🎯 Prediction #240 | Actions: compressed 26→20 | Inpainting: True
INFO:b1k.shared.eval_b1k_wrapper:📊 Step 4800 | Task: 27 | Stage: 1/14 | Predictions: 240
INFO:b1k.shared.eval_b1k_wrapper:📊 Step 4900 | Task: 27 | Stage: 1/14 | Predictions: 245
INFO:b1k.shared.eval_b1k_wrapper:🎯 Prediction #250 | Actions: compressed 26→20 | Inpainting: True
INFO:b1k.shared.eval_b1k_wrapper:📊 Step 5000 | Task: 27 | Stage: 1/14 | Predictions: 250
INFO:b1k.shared.eval_b1k_wrapper:📊 Step 5100 | Task: 27 | Stage: 1/14 | Predictions: 255
INFO:b1k.shared.eval_b1k_wrapper:🎯 Prediction #260 | Actions: compressed 26→20 | Inpainting: True
INFO:b1k.shared.eval_b1k_wrapper:📊 Step 5200 | Task: 27 | Stage: 1/14 | Predictions: 260
INFO:b1k.shared.eval_b1k_wrapper:🔧 Gripper variation: Compression disabled (mean: 0.0123, max: 0.2211)
INFO:b1k.shared.eval_b1k_wrapper:📊 Step 5300 | Task: 27 | Stage: 1/14 | Predictions: 265
INFO:b1k.shared.eval_b1k_wrapper:🎯 Prediction #270 | Actions: compressed 26→20 | Inpainting: True
INFO:b1k.shared.eval_b1k_wrapper:📊 Step 5400 | Task: 27 | Stage: 1/14 | Predictions: 270
INFO:b1k.shared.eval_b1k_wrapper:⬅️  Stage went back: 1 → 0 (task 27, step 5480)
INFO:b1k.shared.eval_b1k_wrapper:📊 Step 5500 | Task: 27 | Stage: 0/14 | Predictions: 275
INFO:b1k.shared.eval_b1k_wrapper:🎯 Prediction #280 | Actions: compressed 26→20 | Inpainting: True
INFO:b1k.shared.eval_b1k_wrapper:📊 Step 5600 | Task: 27 | Stage: 0/14 | Predictions: 280
INFO:b1k.shared.eval_b1k_wrapper:📊 Step 5700 | Task: 27 | Stage: 0/14 | Predictions: 285
INFO:b1k.shared.eval_b1k_wrapper:🎯 Prediction #290 | Actions: compressed 26→20 | Inpainting: True
INFO:b1k.shared.eval_b1k_wrapper:📊 Step 5800 | Task: 27 | Stage: 0/14 | Predictions: 290
INFO:b1k.shared.eval_b1k_wrapper:⬆️  Stage advanced: 0 → 1 (task 27, step 5860)
INFO:b1k.shared.eval_b1k_wrapper:📊 Step 5900 | Task: 27 | Stage: 1/14 | Predictions: 295
INFO:b1k.shared.eval_b1k_wrapper:🎯 Prediction #300 | Actions: compressed 26→20 | Inpainting: True
INFO:b1k.shared.eval_b1k_wrapper:📊 Step 6000 | Task: 27 | Stage: 1/14 | Predictions: 300
INFO:b1k.shared.eval_b1k_wrapper:📊 Step 6100 | Task: 27 | Stage: 1/14 | Predictions: 305
INFO:b1k.shared.eval_b1k_wrapper:🎯 Prediction #310 | Actions: compressed 26→20 | Inpainting: True
INFO:b1k.shared.eval_b1k_wrapper:📊 Step 6200 | Task: 27 | Stage: 1/14 | Predictions: 310
INFO:b1k.shared.eval_b1k_wrapper:📊 Step 6300 | Task: 27 | Stage: 1/14 | Predictions: 315
INFO:b1k.shared.eval_b1k_wrapper:🎯 Prediction #320 | Actions: compressed 26→20 | Inpainting: True
INFO:b1k.shared.eval_b1k_wrapper:📊 Step 6400 | Task: 27 | Stage: 1/14 | Predictions: 320
INFO:b1k.shared.eval_b1k_wrapper:📊 Step 6500 | Task: 27 | Stage: 1/14 | Predictions: 325
INFO:b1k.shared.eval_b1k_wrapper:🎯 Prediction #330 | Actions: compressed 26→20 | Inpainting: True
INFO:b1k.shared.eval_b1k_wrapper:📊 Step 6600 | Task: 27 | Stage: 1/14 | Predictions: 330
INFO:b1k.shared.eval_b1k_wrapper:📊 Step 6700 | Task: 27 | Stage: 1/14 | Predictions: 335
INFO:b1k.shared.eval_b1k_wrapper:🔧 Gripper variation: Compression disabled (mean: 0.0952, max: 0.2294)
INFO:b1k.shared.eval_b1k_wrapper:🎯 Prediction #340 | Actions: compressed 26→20 | Inpainting: True
INFO:b1k.shared.eval_b1k_wrapper:📊 Step 6800 | Task: 27 | Stage: 1/14 | Predictions: 340
INFO:b1k.shared.eval_b1k_wrapper:🔧 Gripper variation: Compression disabled (mean: 0.1644, max: 0.5197)
INFO:b1k.shared.eval_b1k_wrapper:📊 Step 6900 | Task: 27 | Stage: 1/14 | Predictions: 345
INFO:b1k.shared.eval_b1k_wrapper:⬆️  Stage advanced: 1 → 2 (task 27, step 6940)
INFO:b1k.shared.eval_b1k_wrapper:🎯 Prediction #350 | Actions: compressed 26→20 | Inpainting: True
INFO:b1k.shared.eval_b1k_wrapper:📊 Step 7000 | Task: 27 | Stage: 2/14 | Predictions: 350
INFO:b1k.shared.eval_b1k_wrapper:🔧 Gripper variation: Compression disabled (mean: 0.5505, max: 0.3680)
INFO:b1k.shared.eval_b1k_wrapper:🔧 Gripper variation: Compression disabled (mean: 0.1049, max: 0.2899)
INFO:b1k.shared.eval_b1k_wrapper:📊 Step 7100 | Task: 27 | Stage: 2/14 | Predictions: 355
INFO:b1k.shared.eval_b1k_wrapper:🎯 Prediction #360 | Actions: compressed 26→20 | Inpainting: True
INFO:b1k.shared.eval_b1k_wrapper:📊 Step 7200 | Task: 27 | Stage: 2/14 | Predictions: 360
INFO:b1k.shared.eval_b1k_wrapper:📊 Step 7300 | Task: 27 | Stage: 2/14 | Predictions: 365
INFO:b1k.shared.eval_b1k_wrapper:🎯 Prediction #370 | Actions: compressed 26→20 | Inpainting: True
INFO:b1k.shared.eval_b1k_wrapper:📊 Step 7400 | Task: 27 | Stage: 2/14 | Predictions: 370
INFO:b1k.shared.eval_b1k_wrapper:📊 Step 7500 | Task: 27 | Stage: 2/14 | Predictions: 375
INFO:b1k.shared.eval_b1k_wrapper:🎯 Prediction #380 | Actions: compressed 26→20 | Inpainting: True
INFO:b1k.shared.eval_b1k_wrapper:📊 Step 7600 | Task: 27 | Stage: 2/14 | Predictions: 380
INFO:b1k.shared.eval_b1k_wrapper:📊 Step 7700 | Task: 27 | Stage: 2/14 | Predictions: 385
INFO:b1k.shared.eval_b1k_wrapper:🎯 Prediction #390 | Actions: compressed 26→20 | Inpainting: True
INFO:b1k.shared.eval_b1k_wrapper:📊 Step 7800 | Task: 27 | Stage: 2/14 | Predictions: 390
INFO:b1k.shared.eval_b1k_wrapper:📊 Step 7900 | Task: 27 | Stage: 2/14 | Predictions: 395
INFO:b1k.shared.eval_b1k_wrapper:⬅️  Stage went back: 2 → 1 (task 27, step 7940)
INFO:b1k.shared.eval_b1k_wrapper:🎯 Prediction #400 | Actions: compressed 26→20 | Inpainting: True
INFO:b1k.shared.eval_b1k_wrapper:📊 Step 8000 | Task: 27 | Stage: 1/14 | Predictions: 400
INFO:b1k.shared.eval_b1k_wrapper:⬆️  Stage advanced: 1 → 2 (task 27, step 8040)
INFO:b1k.shared.eval_b1k_wrapper:📊 Step 8100 | Task: 27 | Stage: 2/14 | Predictions: 405
INFO:b1k.shared.eval_b1k_wrapper:🔧 Gripper variation: Compression disabled (mean: 0.0701, max: 0.2266)
INFO:b1k.shared.eval_b1k_wrapper:🔧 Gripper variation: Compression disabled (mean: 0.3951, max: 0.0745)
INFO:b1k.shared.eval_b1k_wrapper:🎯 Prediction #410 | Actions: compressed 26→20 | Inpainting: True
INFO:b1k.shared.eval_b1k_wrapper:📊 Step 8200 | Task: 27 | Stage: 2/14 | Predictions: 410
INFO:b1k.shared.eval_b1k_wrapper:🔧 Gripper variation: Compression disabled (mean: 0.3309, max: 0.1211)
INFO:b1k.shared.eval_b1k_wrapper:🔧 Gripper variation: Compression disabled (mean: 0.2238, max: 0.0694)
INFO:b1k.shared.eval_b1k_wrapper:🔧 Gripper variation: Compression disabled (mean: 0.1049, max: 0.2286)
INFO:b1k.shared.eval_b1k_wrapper:🔧 Gripper variation: Compression disabled (mean: 0.2381, max: 0.1065)
INFO:b1k.shared.eval_b1k_wrapper:📊 Step 8300 | Task: 27 | Stage: 2/14 | Predictions: 415
INFO:b1k.shared.eval_b1k_wrapper:🔧 Gripper variation: Compression disabled (mean: 0.2053, max: 0.1490)
INFO:b1k.shared.eval_b1k_wrapper:🔧 Gripper variation: Compression disabled (mean: 0.4657, max: 0.0953)
INFO:b1k.shared.eval_b1k_wrapper:🔧 Gripper variation: Compression disabled (mean: 0.1818, max: 0.6310)
INFO:b1k.shared.eval_b1k_wrapper:🎯 Prediction #420 | Actions: uncompressed (20) | Inpainting: True
INFO:b1k.shared.eval_b1k_wrapper:📊 Step 8400 | Task: 27 | Stage: 2/14 | Predictions: 420
INFO:b1k.shared.eval_b1k_wrapper:🔧 Gripper variation: Compression disabled (mean: 0.3151, max: 0.4926)
INFO:b1k.shared.eval_b1k_wrapper:🔧 Gripper variation: Compression disabled (mean: 0.2983, max: 0.3560)
INFO:b1k.shared.eval_b1k_wrapper:🔧 Gripper variation: Compression disabled (mean: 0.2036, max: 0.3939)
INFO:b1k.shared.eval_b1k_wrapper:📊 Step 8500 | Task: 27 | Stage: 2/14 | Predictions: 425
INFO:b1k.shared.eval_b1k_wrapper:🔧 Gripper variation: Compression disabled (mean: 0.1101, max: 0.3555)
INFO:b1k.shared.eval_b1k_wrapper:🔧 Gripper variation: Compression disabled (mean: 0.3923, max: 0.1905)
INFO:b1k.shared.eval_b1k_wrapper:🔧 Gripper variation: Compression disabled (mean: 0.2523, max: 0.1350)
INFO:b1k.shared.eval_b1k_wrapper:🔧 Gripper variation: Compression disabled (mean: 0.2709, max: 0.1384)
INFO:b1k.shared.eval_b1k_wrapper:🎯 Prediction #430 | Actions: uncompressed (20) | Inpainting: True
INFO:b1k.shared.eval_b1k_wrapper:📊 Step 8600 | Task: 27 | Stage: 2/14 | Predictions: 430
INFO:b1k.shared.eval_b1k_wrapper:🔧 Gripper variation: Compression disabled (mean: 0.2708, max: 0.1884)
INFO:b1k.shared.eval_b1k_wrapper:🔧 Gripper variation: Compression disabled (mean: 0.2565, max: 0.1050)
INFO:b1k.shared.eval_b1k_wrapper:🔧 Gripper variation: Compression disabled (mean: 0.0748, max: 0.3880)
INFO:b1k.shared.eval_b1k_wrapper:🔧 Gripper variation: Compression disabled (mean: 0.2228, max: 0.1024)
INFO:b1k.shared.eval_b1k_wrapper:📊 Step 8700 | Task: 27 | Stage: 2/14 | Predictions: 435
INFO:b1k.shared.eval_b1k_wrapper:🔧 Gripper variation: Compression disabled (mean: 0.1383, max: 0.6390)
INFO:b1k.shared.eval_b1k_wrapper:🔧 Gripper variation: Compression disabled (mean: 0.2594, max: 1.8258)
INFO:b1k.shared.correction_rules:🔧 GENERAL GRIPPER CORRECTION: Task 27, Stage 2
INFO:b1k.shared.correction_rules:   Right gripper closed (-0.9805) → Opening to 1.0
INFO:b1k.shared.eval_b1k_wrapper:🔧 Correction rule: Actions modified (max diff: 2.1377, task 27, stage 2)
INFO:b1k.shared.eval_b1k_wrapper:🔧 Gripper variation: Compression disabled (mean: 0.3552, max: 0.4475)
INFO:b1k.shared.eval_b1k_wrapper:🎯 Prediction #440 | Actions: uncompressed (20) | Inpainting: True
INFO:b1k.shared.eval_b1k_wrapper:📊 Step 8800 | Task: 27 | Stage: 2/14 | Predictions: 440
INFO:b1k.shared.eval_b1k_wrapper:📊 Step 8900 | Task: 27 | Stage: 2/14 | Predictions: 445
INFO:b1k.shared.eval_b1k_wrapper:⬅️  Stage went back: 2 → 1 (task 27, step 8920)
INFO:b1k.shared.eval_b1k_wrapper:🎯 Prediction #450 | Actions: compressed 26→20 | Inpainting: True
INFO:b1k.shared.eval_b1k_wrapper:📊 Step 9000 | Task: 27 | Stage: 1/14 | Predictions: 450
INFO:b1k.shared.eval_b1k_wrapper:📊 Step 9100 | Task: 27 | Stage: 1/14 | Predictions: 455
INFO:b1k.shared.eval_b1k_wrapper:🎯 Prediction #460 | Actions: compressed 26→20 | Inpainting: True
INFO:b1k.shared.eval_b1k_wrapper:📊 Step 9200 | Task: 27 | Stage: 1/14 | Predictions: 460
INFO:b1k.shared.eval_b1k_wrapper:📊 Step 9300 | Task: 27 | Stage: 1/14 | Predictions: 465
INFO:b1k.shared.eval_b1k_wrapper:🎯 Prediction #470 | Actions: compressed 26→20 | Inpainting: True
INFO:b1k.shared.eval_b1k_wrapper:📊 Step 9400 | Task: 27 | Stage: 1/14 | Predictions: 470
INFO:b1k.shared.eval_b1k_wrapper:📊 Step 9500 | Task: 27 | Stage: 1/14 | Predictions: 475
INFO:b1k.shared.eval_b1k_wrapper:🎯 Prediction #480 | Actions: compressed 26→20 | Inpainting: True
INFO:b1k.shared.eval_b1k_wrapper:⬅️  Stage went back: 1 → 0 (task 27, step 9580)
INFO:b1k.shared.eval_b1k_wrapper:📊 Step 9600 | Task: 27 | Stage: 0/14 | Predictions: 480
INFO:b1k.shared.eval_b1k_wrapper:⬆️  Stage advanced: 0 → 1 (task 27, step 9640)
INFO:b1k.shared.eval_b1k_wrapper:📊 Step 9700 | Task: 27 | Stage: 1/14 | Predictions: 485
INFO:b1k.shared.eval_b1k_wrapper:🎯 Prediction #490 | Actions: compressed 26→20 | Inpainting: True
INFO:b1k.shared.eval_b1k_wrapper:📊 Step 9800 | Task: 27 | Stage: 1/14 | Predictions: 490
INFO:b1k.shared.eval_b1k_wrapper:📊 Step 9900 | Task: 27 | Stage: 1/14 | Predictions: 495
INFO:b1k.shared.eval_b1k_wrapper:🎯 Prediction #500 | Actions: compressed 26→20 | Inpainting: True
INFO:b1k.shared.eval_b1k_wrapper:📊 Step 10000 | Task: 27 | Stage: 1/14 | Predictions: 500
INFO:b1k.shared.eval_b1k_wrapper:📊 Step 10100 | Task: 27 | Stage: 1/14 | Predictions: 505
INFO:b1k.shared.eval_b1k_wrapper:🎯 Prediction #510 | Actions: compressed 26→20 | Inpainting: True
INFO:b1k.shared.eval_b1k_wrapper:📊 Step 10200 | Task: 27 | Stage: 1/14 | Predictions: 510
INFO:b1k.shared.eval_b1k_wrapper:📊 Step 10300 | Task: 27 | Stage: 1/14 | Predictions: 515
INFO:b1k.shared.eval_b1k_wrapper:🎯 Prediction #520 | Actions: compressed 26→20 | Inpainting: True
INFO:b1k.shared.eval_b1k_wrapper:📊 Step 10400 | Task: 27 | Stage: 1/14 | Predictions: 520
INFO:b1k.shared.eval_b1k_wrapper:📊 Step 10500 | Task: 27 | Stage: 1/14 | Predictions: 525
INFO:b1k.shared.eval_b1k_wrapper:⬆️  Stage advanced: 1 → 2 (task 27, step 10520)
INFO:b1k.shared.eval_b1k_wrapper:🎯 Prediction #530 | Actions: compressed 26→20 | Inpainting: True
INFO:b1k.shared.eval_b1k_wrapper:📊 Step 10600 | Task: 27 | Stage: 2/14 | Predictions: 530
INFO:b1k.shared.eval_b1k_wrapper:⬆️  Stage advanced: 2 → 3 (task 27, step 10600)
INFO:b1k.shared.eval_b1k_wrapper:📊 Step 10700 | Task: 27 | Stage: 3/14 | Predictions: 535
INFO:b1k.shared.eval_b1k_wrapper:🎯 Prediction #540 | Actions: compressed 26→20 | Inpainting: True
INFO:b1k.shared.eval_b1k_wrapper:📊 Step 10800 | Task: 27 | Stage: 3/14 | Predictions: 540
INFO:b1k.shared.eval_b1k_wrapper:⬅️  Stage went back: 3 → 2 (task 27, step 10800)
INFO:b1k.shared.eval_b1k_wrapper:📊 Step 10900 | Task: 27 | Stage: 2/14 | Predictions: 545
INFO:b1k.shared.eval_b1k_wrapper:🔧 Gripper variation: Compression disabled (mean: 0.0087, max: 1.9986)
INFO:b1k.shared.eval_b1k_wrapper:🎯 Prediction #550 | Actions: uncompressed (20) | Inpainting: True
INFO:b1k.shared.eval_b1k_wrapper:📊 Step 11000 | Task: 27 | Stage: 2/14 | Predictions: 550
INFO:b1k.shared.correction_rules:🔧 GENERAL GRIPPER CORRECTION: Task 27, Stage 2
INFO:b1k.shared.correction_rules:   Right gripper closed (-0.9954) → Opening to 1.0
INFO:b1k.shared.eval_b1k_wrapper:🔧 Correction rule: Actions modified (max diff: 1.9845, task 27, stage 2)
INFO:b1k.shared.eval_b1k_wrapper:🔧 Gripper variation: Compression disabled (mean: 0.0111, max: 1.9717)
INFO:b1k.shared.correction_rules:🔧 GENERAL GRIPPER CORRECTION: Task 27, Stage 2
INFO:b1k.shared.correction_rules:   Right gripper closed (-0.9878) → Opening to 1.0
INFO:b1k.shared.eval_b1k_wrapper:🔧 Correction rule: Actions modified (max diff: 2.0091, task 27, stage 2)
INFO:b1k.shared.eval_b1k_wrapper:📊 Step 11100 | Task: 27 | Stage: 2/14 | Predictions: 555
INFO:b1k.shared.eval_b1k_wrapper:🎯 Prediction #560 | Actions: compressed 26→20 | Inpainting: True
INFO:b1k.shared.eval_b1k_wrapper:⬅️  Stage went back: 2 → 1 (task 27, step 11180)
INFO:b1k.shared.eval_b1k_wrapper:📊 Step 11200 | Task: 27 | Stage: 1/14 | Predictions: 560
INFO:b1k.shared.eval_b1k_wrapper:📊 Step 11300 | Task: 27 | Stage: 1/14 | Predictions: 565
INFO:b1k.shared.eval_b1k_wrapper:🔧 Gripper variation: Compression disabled (mean: 0.0189, max: 1.9036)
INFO:b1k.shared.eval_b1k_wrapper:🎯 Prediction #570 | Actions: compressed 26→20 | Inpainting: True
INFO:b1k.shared.eval_b1k_wrapper:📊 Step 11400 | Task: 27 | Stage: 1/14 | Predictions: 570
INFO:b1k.shared.eval_b1k_wrapper:📊 Step 11500 | Task: 27 | Stage: 1/14 | Predictions: 575
INFO:b1k.shared.eval_b1k_wrapper:🎯 Prediction #580 | Actions: compressed 26→20 | Inpainting: True
INFO:b1k.shared.eval_b1k_wrapper:📊 Step 11600 | Task: 27 | Stage: 1/14 | Predictions: 580
INFO:b1k.shared.eval_b1k_wrapper:📊 Step 11700 | Task: 27 | Stage: 1/14 | Predictions: 585
INFO:b1k.shared.eval_b1k_wrapper:🔧 Gripper variation: Compression disabled (mean: 0.0139, max: 0.3456)
INFO:b1k.shared.eval_b1k_wrapper:🔧 Gripper variation: Compression disabled (mean: 0.3471, max: 0.1001)
INFO:b1k.shared.eval_b1k_wrapper:🎯 Prediction #590 | Actions: uncompressed (20) | Inpainting: True
INFO:b1k.shared.eval_b1k_wrapper:📊 Step 11800 | Task: 27 | Stage: 1/14 | Predictions: 590
INFO:b1k.shared.eval_b1k_wrapper:🔧 Gripper variation: Compression disabled (mean: 0.0514, max: 0.2618)
INFO:b1k.shared.eval_b1k_wrapper:🔧 Gripper variation: Compression disabled (mean: 0.1033, max: 0.2902)
INFO:b1k.shared.eval_b1k_wrapper:📊 Step 11900 | Task: 27 | Stage: 1/14 | Predictions: 595
INFO:b1k.shared.eval_b1k_wrapper:🔧 Gripper variation: Compression disabled (mean: 0.0253, max: 0.3045)
INFO:b1k.shared.eval_b1k_wrapper:🔧 Gripper variation: Compression disabled (mean: 0.0418, max: 2.0193)
INFO:b1k.shared.eval_b1k_wrapper:🔧 Gripper variation: Compression disabled (mean: 0.0278, max: 1.9685)
INFO:b1k.shared.eval_b1k_wrapper:🎯 Prediction #600 | Actions: uncompressed (20) | Inpainting: True
INFO:b1k.shared.eval_b1k_wrapper:📊 Step 12000 | Task: 27 | Stage: 1/14 | Predictions: 600
INFO:b1k.shared.eval_b1k_wrapper:🔧 Gripper variation: Compression disabled (mean: 0.0580, max: 1.9806)
INFO:b1k.shared.eval_b1k_wrapper:📊 Step 12100 | Task: 27 | Stage: 1/14 | Predictions: 605
INFO:b1k.shared.eval_b1k_wrapper:🎯 Prediction #610 | Actions: compressed 26→20 | Inpainting: True
INFO:b1k.shared.eval_b1k_wrapper:📊 Step 12200 | Task: 27 | Stage: 1/14 | Predictions: 610
INFO:b1k.shared.eval_b1k_wrapper:⬆️  Stage advanced: 1 → 2 (task 27, step 12280)
INFO:b1k.shared.eval_b1k_wrapper:📊 Step 12300 | Task: 27 | Stage: 2/14 | Predictions: 615
INFO:b1k.shared.eval_b1k_wrapper:🎯 Prediction #620 | Actions: compressed 26→20 | Inpainting: True
INFO:b1k.shared.eval_b1k_wrapper:📊 Step 12400 | Task: 27 | Stage: 2/14 | Predictions: 620
INFO:b1k.shared.eval_b1k_wrapper:📊 Step 12500 | Task: 27 | Stage: 2/14 | Predictions: 625
INFO:b1k.shared.eval_b1k_wrapper:🎯 Prediction #630 | Actions: compressed 26→20 | Inpainting: True
INFO:b1k.shared.eval_b1k_wrapper:📊 Step 12600 | Task: 27 | Stage: 2/14 | Predictions: 630
INFO:b1k.shared.eval_b1k_wrapper:⬅️  Stage went back: 2 → 1 (task 27, step 12600)
INFO:b1k.shared.eval_b1k_wrapper:⬆️  Stage advanced: 1 → 2 (task 27, step 12660)
INFO:b1k.shared.eval_b1k_wrapper:📊 Step 12700 | Task: 27 | Stage: 2/14 | Predictions: 635
INFO:b1k.shared.eval_b1k_wrapper:🎯 Prediction #640 | Actions: compressed 26→20 | Inpainting: True
INFO:b1k.shared.eval_b1k_wrapper:📊 Step 12800 | Task: 27 | Stage: 2/14 | Predictions: 640
INFO:b1k.shared.eval_b1k_wrapper:📊 Step 12900 | Task: 27 | Stage: 2/14 | Predictions: 645
INFO:b1k.shared.eval_b1k_wrapper:⬆️  Stage advanced: 2 → 3 (task 27, step 12940)
INFO:b1k.shared.eval_b1k_wrapper:🎯 Prediction #650 | Actions: compressed 26→20 | Inpainting: True
INFO:b1k.shared.eval_b1k_wrapper:📊 Step 13000 | Task: 27 | Stage: 3/14 | Predictions: 650
INFO:b1k.shared.eval_b1k_wrapper:⬅️  Stage went back: 3 → 2 (task 27, step 13060)
INFO:b1k.shared.eval_b1k_wrapper:📊 Step 13100 | Task: 27 | Stage: 2/14 | Predictions: 655
INFO:b1k.shared.eval_b1k_wrapper:🎯 Prediction #660 | Actions: compressed 26→20 | Inpainting: True
INFO:b1k.shared.eval_b1k_wrapper:📊 Step 13200 | Task: 27 | Stage: 2/14 | Predictions: 660
INFO:b1k.shared.eval_b1k_wrapper:📊 Step 13300 | Task: 27 | Stage: 2/14 | Predictions: 665
INFO:b1k.shared.eval_b1k_wrapper:🎯 Prediction #670 | Actions: compressed 26→20 | Inpainting: True
INFO:b1k.shared.eval_b1k_wrapper:📊 Step 13400 | Task: 27 | Stage: 2/14 | Predictions: 670
INFO:b1k.shared.eval_b1k_wrapper:📊 Step 13500 | Task: 27 | Stage: 2/14 | Predictions: 675
INFO:b1k.shared.eval_b1k_wrapper:⬆️  Stage advanced: 2 → 3 (task 27, step 13520)
INFO:b1k.shared.eval_b1k_wrapper:🔧 Gripper variation: Compression disabled (mean: 0.0046, max: 2.0018)
INFO:b1k.shared.eval_b1k_wrapper:🎯 Prediction #680 | Actions: compressed 26→20 | Inpainting: True
INFO:b1k.shared.eval_b1k_wrapper:📊 Step 13600 | Task: 27 | Stage: 3/14 | Predictions: 680
INFO:b1k.shared.eval_b1k_wrapper:📊 Step 13700 | Task: 27 | Stage: 3/14 | Predictions: 685
INFO:b1k.shared.eval_b1k_wrapper:🎯 Prediction #690 | Actions: compressed 26→20 | Inpainting: True
INFO:b1k.shared.eval_b1k_wrapper:📊 Step 13800 | Task: 27 | Stage: 3/14 | Predictions: 690
INFO:b1k.shared.eval_b1k_wrapper:🔧 Gripper variation: Compression disabled (mean: 2.0175, max: 0.0114)
INFO:b1k.shared.eval_b1k_wrapper:📊 Step 13900 | Task: 27 | Stage: 3/14 | Predictions: 695
INFO:b1k.shared.eval_b1k_wrapper:🎯 Prediction #700 | Actions: compressed 26→20 | Inpainting: True
INFO:b1k.shared.eval_b1k_wrapper:📊 Step 14000 | Task: 27 | Stage: 3/14 | Predictions: 700
INFO:b1k.shared.eval_b1k_wrapper:📊 Step 14100 | Task: 27 | Stage: 3/14 | Predictions: 705
INFO:b1k.shared.eval_b1k_wrapper:⬆️  Stage advanced: 3 → 4 (task 27, step 14160)
INFO:b1k.shared.eval_b1k_wrapper:🎯 Prediction #710 | Actions: compressed 26→20 | Inpainting: True
INFO:b1k.shared.eval_b1k_wrapper:📊 Step 14200 | Task: 27 | Stage: 4/14 | Predictions: 710
INFO:b1k.shared.eval_b1k_wrapper:📊 Step 14300 | Task: 27 | Stage: 4/14 | Predictions: 715
INFO:b1k.shared.eval_b1k_wrapper:🎯 Prediction #720 | Actions: compressed 26→20 | Inpainting: True
INFO:b1k.shared.eval_b1k_wrapper:📊 Step 14400 | Task: 27 | Stage: 4/14 | Predictions: 720
INFO:b1k.shared.eval_b1k_wrapper:📊 Step 14500 | Task: 27 | Stage: 4/14 | Predictions: 725
INFO:b1k.shared.eval_b1k_wrapper:⬆️  Stage advanced: 4 → 5 (task 27, step 14540)
INFO:b1k.shared.eval_b1k_wrapper:🎯 Prediction #730 | Actions: compressed 26→20 | Inpainting: True
INFO:b1k.shared.eval_b1k_wrapper:📊 Step 14600 | Task: 27 | Stage: 5/14 | Predictions: 730
INFO:b1k.shared.eval_b1k_wrapper:⬅️  Stage went back: 5 → 4 (task 27, step 14600)
INFO:b1k.shared.eval_b1k_wrapper:📊 Step 14700 | Task: 27 | Stage: 4/14 | Predictions: 735
INFO:b1k.shared.eval_b1k_wrapper:🎯 Prediction #740 | Actions: compressed 26→20 | Inpainting: True
INFO:b1k.shared.eval_b1k_wrapper:📊 Step 14800 | Task: 27 | Stage: 4/14 | Predictions: 740
INFO:b1k.shared.eval_b1k_wrapper:📊 Step 14900 | Task: 27 | Stage: 4/14 | Predictions: 745
INFO:b1k.shared.eval_b1k_wrapper:🎯 Prediction #750 | Actions: compressed 26→20 | Inpainting: True
INFO:b1k.shared.eval_b1k_wrapper:📊 Step 15000 | Task: 27 | Stage: 4/14 | Predictions: 750
INFO:b1k.shared.eval_b1k_wrapper:⬆️  Stage advanced: 4 → 5 (task 27, step 15020)
INFO:b1k.shared.eval_b1k_wrapper:🔧 Gripper variation: Compression disabled (mean: 0.0086, max: 2.0345)
INFO:b1k.shared.eval_b1k_wrapper:📊 Step 15100 | Task: 27 | Stage: 5/14 | Predictions: 755
INFO:b1k.shared.eval_b1k_wrapper:🎯 Prediction #760 | Actions: compressed 26→20 | Inpainting: True
INFO:b1k.shared.eval_b1k_wrapper:📊 Step 15200 | Task: 27 | Stage: 5/14 | Predictions: 760
INFO:b1k.shared.eval_b1k_wrapper:📊 Step 15300 | Task: 27 | Stage: 5/14 | Predictions: 765
INFO:b1k.shared.eval_b1k_wrapper:🔧 Gripper variation: Compression disabled (mean: 0.3357, max: 0.1862)
INFO:b1k.shared.eval_b1k_wrapper:🎯 Prediction #770 | Actions: uncompressed (20) | Inpainting: True
INFO:b1k.shared.eval_b1k_wrapper:📊 Step 15400 | Task: 27 | Stage: 5/14 | Predictions: 770
INFO:b1k.shared.eval_b1k_wrapper:🔧 Gripper variation: Compression disabled (mean: 1.3697, max: 0.4492)
INFO:b1k.shared.eval_b1k_wrapper:🔧 Gripper variation: Compression disabled (mean: 1.2071, max: 0.8830)
INFO:b1k.shared.eval_b1k_wrapper:🔧 Gripper variation: Compression disabled (mean: 1.2524, max: 0.5424)
INFO:b1k.shared.eval_b1k_wrapper:🔧 Gripper variation: Compression disabled (mean: 1.0966, max: 0.7425)
INFO:b1k.shared.eval_b1k_wrapper:🔧 Gripper variation: Compression disabled (mean: 0.9294, max: 0.9937)
INFO:b1k.shared.eval_b1k_wrapper:📊 Step 15500 | Task: 27 | Stage: 5/14 | Predictions: 775
INFO:b1k.shared.eval_b1k_wrapper:🔧 Gripper variation: Compression disabled (mean: 0.9530, max: 0.7189)
INFO:b1k.shared.eval_b1k_wrapper:🔧 Gripper variation: Compression disabled (mean: 0.9008, max: 0.4075)
INFO:b1k.shared.eval_b1k_wrapper:🔧 Gripper variation: Compression disabled (mean: 1.0518, max: 0.4075)
INFO:b1k.shared.eval_b1k_wrapper:🔧 Gripper variation: Compression disabled (mean: 0.5796, max: 0.4756)
INFO:b1k.shared.eval_b1k_wrapper:🔧 Gripper variation: Compression disabled (mean: 0.8493, max: 0.3858)
INFO:b1k.shared.eval_b1k_wrapper:🎯 Prediction #780 | Actions: uncompressed (20) | Inpainting: True
INFO:b1k.shared.eval_b1k_wrapper:📊 Step 15600 | Task: 27 | Stage: 5/14 | Predictions: 780
INFO:b1k.shared.eval_b1k_wrapper:🔧 Gripper variation: Compression disabled (mean: 0.7447, max: 0.6237)
INFO:b1k.shared.eval_b1k_wrapper:🔧 Gripper variation: Compression disabled (mean: 2.0676, max: 0.9133)
INFO:b1k.shared.eval_b1k_wrapper:🔧 Gripper variation: Compression disabled (mean: 0.2111, max: 0.8199)
INFO:b1k.shared.eval_b1k_wrapper:🔧 Gripper variation: Compression disabled (mean: 1.1327, max: 0.7011)
INFO:b1k.shared.eval_b1k_wrapper:🔧 Gripper variation: Compression disabled (mean: 0.5745, max: 0.3617)
INFO:b1k.shared.eval_b1k_wrapper:📊 Step 15700 | Task: 27 | Stage: 5/14 | Predictions: 785
INFO:b1k.shared.eval_b1k_wrapper:🔧 Gripper variation: Compression disabled (mean: 1.0952, max: 0.7621)
INFO:b1k.shared.eval_b1k_wrapper:🔧 Gripper variation: Compression disabled (mean: 0.8494, max: 1.2584)
INFO:b1k.shared.eval_b1k_wrapper:🔧 Gripper variation: Compression disabled (mean: 1.1292, max: 0.2689)
INFO:b1k.shared.eval_b1k_wrapper:🔧 Gripper variation: Compression disabled (mean: 0.6403, max: 1.0769)
INFO:b1k.shared.eval_b1k_wrapper:🔧 Gripper variation: Compression disabled (mean: 1.0262, max: 0.5549)
INFO:b1k.shared.eval_b1k_wrapper:🎯 Prediction #790 | Actions: uncompressed (20) | Inpainting: True
INFO:b1k.shared.eval_b1k_wrapper:📊 Step 15800 | Task: 27 | Stage: 5/14 | Predictions: 790
INFO:b1k.shared.eval_b1k_wrapper:🔧 Gripper variation: Compression disabled (mean: 0.5463, max: 0.8310)
INFO:b1k.shared.eval_b1k_wrapper:🔧 Gripper variation: Compression disabled (mean: 0.8173, max: 0.5851)
INFO:b1k.shared.eval_b1k_wrapper:🔧 Gripper variation: Compression disabled (mean: 1.6102, max: 0.9034)
INFO:b1k.shared.eval_b1k_wrapper:🔧 Gripper variation: Compression disabled (mean: 0.8416, max: 0.6729)
INFO:b1k.shared.eval_b1k_wrapper:🔧 Gripper variation: Compression disabled (mean: 0.9939, max: 0.6582)
INFO:b1k.shared.eval_b1k_wrapper:📊 Step 15900 | Task: 27 | Stage: 5/14 | Predictions: 795
INFO:b1k.shared.eval_b1k_wrapper:🔧 Gripper variation: Compression disabled (mean: 0.8371, max: 0.3996)
INFO:b1k.shared.eval_b1k_wrapper:🔧 Gripper variation: Compression disabled (mean: 1.5358, max: 0.3002)
INFO:b1k.shared.eval_b1k_wrapper:🔧 Gripper variation: Compression disabled (mean: 0.7384, max: 0.8535)
INFO:b1k.shared.eval_b1k_wrapper:🔧 Gripper variation: Compression disabled (mean: 1.1362, max: 0.7716)
INFO:b1k.shared.eval_b1k_wrapper:🔧 Gripper variation: Compression disabled (mean: 0.6348, max: 1.2288)
INFO:b1k.shared.eval_b1k_wrapper:🎯 Prediction #800 | Actions: uncompressed (20) | Inpainting: True
INFO:b1k.shared.eval_b1k_wrapper:📊 Step 16000 | Task: 27 | Stage: 5/14 | Predictions: 800
INFO:b1k.shared.eval_b1k_wrapper:🔧 Gripper variation: Compression disabled (mean: 2.0307, max: 0.5005)
INFO:b1k.shared.eval_b1k_wrapper:🔧 Gripper variation: Compression disabled (mean: 1.3393, max: 0.7513)
INFO:b1k.shared.eval_b1k_wrapper:🔧 Gripper variation: Compression disabled (mean: 2.1243, max: 0.6531)
INFO:b1k.shared.eval_b1k_wrapper:🔧 Gripper variation: Compression disabled (mean: 1.1060, max: 0.4601)
INFO:b1k.shared.eval_b1k_wrapper:🔧 Gripper variation: Compression disabled (mean: 0.8304, max: 0.3054)
INFO:b1k.shared.eval_b1k_wrapper:📊 Step 16100 | Task: 27 | Stage: 5/14 | Predictions: 805
INFO:b1k.shared.eval_b1k_wrapper:🔧 Gripper variation: Compression disabled (mean: 0.5160, max: 0.3565)
INFO:b1k.shared.eval_b1k_wrapper:🔧 Gripper variation: Compression disabled (mean: 0.7333, max: 0.5910)
INFO:b1k.shared.eval_b1k_wrapper:🔧 Gripper variation: Compression disabled (mean: 0.7984, max: 0.6654)
INFO:b1k.shared.eval_b1k_wrapper:🔧 Gripper variation: Compression disabled (mean: 1.1694, max: 0.4045)
INFO:b1k.shared.eval_b1k_wrapper:🔧 Gripper variation: Compression disabled (mean: 0.4720, max: 0.5775)
INFO:b1k.shared.eval_b1k_wrapper:🎯 Prediction #810 | Actions: uncompressed (20) | Inpainting: True
INFO:b1k.shared.eval_b1k_wrapper:📊 Step 16200 | Task: 27 | Stage: 5/14 | Predictions: 810
INFO:b1k.shared.eval_b1k_wrapper:🔧 Gripper variation: Compression disabled (mean: 0.5530, max: 0.6142)
INFO:b1k.shared.eval_b1k_wrapper:🔧 Gripper variation: Compression disabled (mean: 0.8884, max: 0.5598)
INFO:b1k.shared.eval_b1k_wrapper:🔧 Gripper variation: Compression disabled (mean: 2.2246, max: 0.7514)
INFO:b1k.shared.eval_b1k_wrapper:🔧 Gripper variation: Compression disabled (mean: 1.7109, max: 0.3469)
INFO:b1k.shared.eval_b1k_wrapper:🔧 Gripper variation: Compression disabled (mean: 0.9427, max: 1.5159)
INFO:b1k.shared.eval_b1k_wrapper:📊 Step 16300 | Task: 27 | Stage: 5/14 | Predictions: 815
INFO:b1k.shared.eval_b1k_wrapper:🔧 Gripper variation: Compression disabled (mean: 2.0155, max: 0.4513)
INFO:b1k.shared.eval_b1k_wrapper:🔧 Gripper variation: Compression disabled (mean: 0.4350, max: 0.6003)
INFO:b1k.shared.eval_b1k_wrapper:🔧 Gripper variation: Compression disabled (mean: 0.2335, max: 1.2066)
INFO:b1k.shared.eval_b1k_wrapper:🔧 Gripper variation: Compression disabled (mean: 0.2725, max: 0.6045)
INFO:b1k.shared.eval_b1k_wrapper:🔧 Gripper variation: Compression disabled (mean: 0.2627, max: 0.5492)
INFO:b1k.shared.eval_b1k_wrapper:🎯 Prediction #820 | Actions: uncompressed (20) | Inpainting: True
INFO:b1k.shared.eval_b1k_wrapper:📊 Step 16400 | Task: 27 | Stage: 5/14 | Predictions: 820
INFO:b1k.shared.eval_b1k_wrapper:🔧 Gripper variation: Compression disabled (mean: 0.2319, max: 0.8059)
INFO:b1k.shared.eval_b1k_wrapper:🔧 Gripper variation: Compression disabled (mean: 0.1220, max: 0.8144)
INFO:b1k.shared.eval_b1k_wrapper:🔧 Gripper variation: Compression disabled (mean: 0.4164, max: 0.5975)
INFO:b1k.shared.eval_b1k_wrapper:🔧 Gripper variation: Compression disabled (mean: 0.3092, max: 0.4380)
INFO:b1k.shared.eval_b1k_wrapper:🔧 Gripper variation: Compression disabled (mean: 0.6247, max: 0.8405)
INFO:b1k.shared.eval_b1k_wrapper:📊 Step 16500 | Task: 27 | Stage: 5/14 | Predictions: 825
INFO:b1k.shared.eval_b1k_wrapper:🔧 Gripper variation: Compression disabled (mean: 0.2706, max: 0.7337)
INFO:b1k.shared.eval_b1k_wrapper:🔧 Gripper variation: Compression disabled (mean: 0.4178, max: 1.0476)
INFO:b1k.shared.eval_b1k_wrapper:🔧 Gripper variation: Compression disabled (mean: 0.5314, max: 1.1699)
INFO:b1k.shared.eval_b1k_wrapper:🔧 Gripper variation: Compression disabled (mean: 0.4215, max: 1.2231)
INFO:b1k.shared.eval_b1k_wrapper:⬆️  Stage advanced: 5 → 6 (task 27, step 16560)
INFO:b1k.shared.eval_b1k_wrapper:🔧 Gripper variation: Compression disabled (mean: 0.2989, max: 1.0859)
INFO:b1k.shared.eval_b1k_wrapper:🎯 Prediction #830 | Actions: uncompressed (20) | Inpainting: True
INFO:b1k.shared.eval_b1k_wrapper:📊 Step 16600 | Task: 27 | Stage: 6/14 | Predictions: 830
INFO:b1k.shared.eval_b1k_wrapper:🔧 Gripper variation: Compression disabled (mean: 0.7737, max: 0.7808)
INFO:b1k.shared.eval_b1k_wrapper:🔧 Gripper variation: Compression disabled (mean: 0.3612, max: 1.2211)
INFO:b1k.shared.eval_b1k_wrapper:🔧 Gripper variation: Compression disabled (mean: 0.2266, max: 1.2382)
INFO:b1k.shared.eval_b1k_wrapper:🔧 Gripper variation: Compression disabled (mean: 0.6548, max: 1.2564)
INFO:b1k.shared.eval_b1k_wrapper:🔧 Gripper variation: Compression disabled (mean: 0.5158, max: 0.9830)
INFO:b1k.shared.eval_b1k_wrapper:📊 Step 16700 | Task: 27 | Stage: 6/14 | Predictions: 835
INFO:b1k.shared.eval_b1k_wrapper:🔧 Gripper variation: Compression disabled (mean: 0.3773, max: 1.0902)
INFO:b1k.shared.eval_b1k_wrapper:⬅️  Stage went back: 6 → 5 (task 27, step 16700)
INFO:b1k.shared.eval_b1k_wrapper:🔧 Gripper variation: Compression disabled (mean: 0.7905, max: 0.9794)
INFO:b1k.shared.eval_b1k_wrapper:🔧 Gripper variation: Compression disabled (mean: 0.4792, max: 0.6302)
INFO:b1k.shared.eval_b1k_wrapper:🔧 Gripper variation: Compression disabled (mean: 0.4443, max: 0.7651)
INFO:b1k.shared.eval_b1k_wrapper:🔧 Gripper variation: Compression disabled (mean: 0.6615, max: 0.9744)
INFO:b1k.shared.eval_b1k_wrapper:🎯 Prediction #840 | Actions: uncompressed (20) | Inpainting: True
INFO:b1k.shared.eval_b1k_wrapper:📊 Step 16800 | Task: 27 | Stage: 5/14 | Predictions: 840
INFO:b1k.shared.eval_b1k_wrapper:🔧 Gripper variation: Compression disabled (mean: 0.5037, max: 1.2763)
INFO:b1k.shared.eval_b1k_wrapper:🔧 Gripper variation: Compression disabled (mean: 0.2673, max: 0.9589)
INFO:b1k.shared.eval_b1k_wrapper:🔧 Gripper variation: Compression disabled (mean: 0.2576, max: 1.2011)
INFO:b1k.shared.eval_b1k_wrapper:🔧 Gripper variation: Compression disabled (mean: 0.3153, max: 0.5778)
INFO:b1k.shared.eval_b1k_wrapper:🔧 Gripper variation: Compression disabled (mean: 0.2556, max: 0.4421)
INFO:b1k.shared.eval_b1k_wrapper:📊 Step 16900 | Task: 27 | Stage: 5/14 | Predictions: 845
INFO:b1k.shared.eval_b1k_wrapper:🔧 Gripper variation: Compression disabled (mean: 0.7132, max: 0.5466)
INFO:b1k.shared.eval_b1k_wrapper:🔧 Gripper variation: Compression disabled (mean: 0.3493, max: 1.2403)
INFO:b1k.shared.eval_b1k_wrapper:🔧 Gripper variation: Compression disabled (mean: 0.1528, max: 0.7594)
INFO:b1k.shared.eval_b1k_wrapper:🔧 Gripper variation: Compression disabled (mean: 0.2679, max: 1.0351)
INFO:b1k.shared.eval_b1k_wrapper:⬆️  Stage advanced: 5 → 6 (task 27, step 16960)
INFO:b1k.shared.eval_b1k_wrapper:🔧 Gripper variation: Compression disabled (mean: 0.4835, max: 0.9418)
INFO:b1k.shared.eval_b1k_wrapper:🎯 Prediction #850 | Actions: uncompressed (20) | Inpainting: True
INFO:b1k.shared.eval_b1k_wrapper:📊 Step 17000 | Task: 27 | Stage: 6/14 | Predictions: 850
INFO:b1k.shared.eval_b1k_wrapper:🔧 Gripper variation: Compression disabled (mean: 0.3772, max: 1.0146)
INFO:b1k.shared.eval_b1k_wrapper:🔧 Gripper variation: Compression disabled (mean: 0.3346, max: 0.9269)
INFO:b1k.shared.eval_b1k_wrapper:⬆️  Stage advanced: 6 → 7 (task 27, step 17020)
INFO:b1k.shared.eval_b1k_wrapper:🔧 Gripper variation: Compression disabled (mean: 0.6268, max: 1.4363)
INFO:b1k.shared.eval_b1k_wrapper:🔧 Gripper variation: Compression disabled (mean: 0.7323, max: 0.9493)
INFO:b1k.shared.eval_b1k_wrapper:🔧 Gripper variation: Compression disabled (mean: 0.4156, max: 1.1798)
INFO:b1k.shared.eval_b1k_wrapper:📊 Step 17100 | Task: 27 | Stage: 7/14 | Predictions: 855
INFO:b1k.shared.eval_b1k_wrapper:🔧 Gripper variation: Compression disabled (mean: 0.2871, max: 0.7423)
INFO:b1k.shared.eval_b1k_wrapper:🔧 Gripper variation: Compression disabled (mean: 0.3057, max: 0.7548)
INFO:b1k.shared.eval_b1k_wrapper:🔧 Gripper variation: Compression disabled (mean: 0.3554, max: 0.9829)
INFO:b1k.shared.eval_b1k_wrapper:🔧 Gripper variation: Compression disabled (mean: 0.2395, max: 1.3196)
INFO:b1k.shared.eval_b1k_wrapper:🔧 Gripper variation: Compression disabled (mean: 0.4578, max: 0.6309)
INFO:b1k.shared.eval_b1k_wrapper:🎯 Prediction #860 | Actions: uncompressed (20) | Inpainting: True
INFO:b1k.shared.eval_b1k_wrapper:📊 Step 17200 | Task: 27 | Stage: 7/14 | Predictions: 860
INFO:b1k.shared.eval_b1k_wrapper:🔧 Gripper variation: Compression disabled (mean: 0.1764, max: 0.9890)
INFO:b1k.shared.eval_b1k_wrapper:🔧 Gripper variation: Compression disabled (mean: 0.1469, max: 0.7184)
INFO:b1k.shared.eval_b1k_wrapper:🔧 Gripper variation: Compression disabled (mean: 0.4916, max: 0.6243)
INFO:b1k.shared.eval_b1k_wrapper:⬅️  Stage went back: 7 → 6 (task 27, step 17240)
INFO:b1k.shared.eval_b1k_wrapper:🔧 Gripper variation: Compression disabled (mean: 0.3914, max: 0.9237)
INFO:b1k.shared.eval_b1k_wrapper:🔧 Gripper variation: Compression disabled (mean: 0.8332, max: 1.2196)
INFO:b1k.shared.eval_b1k_wrapper:📊 Step 17300 | Task: 27 | Stage: 6/14 | Predictions: 865
INFO:b1k.shared.eval_b1k_wrapper:🔧 Gripper variation: Compression disabled (mean: 0.5687, max: 0.7169)
INFO:b1k.shared.eval_b1k_wrapper:🔧 Gripper variation: Compression disabled (mean: 0.8089, max: 1.2283)
INFO:b1k.shared.eval_b1k_wrapper:🔧 Gripper variation: Compression disabled (mean: 0.5627, max: 1.0278)
INFO:b1k.shared.eval_b1k_wrapper:🔧 Gripper variation: Compression disabled (mean: 0.5439, max: 0.9260)
INFO:b1k.shared.eval_b1k_wrapper:🔧 Gripper variation: Compression disabled (mean: 0.3594, max: 1.1738)
INFO:b1k.shared.eval_b1k_wrapper:🎯 Prediction #870 | Actions: uncompressed (20) | Inpainting: True
INFO:b1k.shared.eval_b1k_wrapper:📊 Step 17400 | Task: 27 | Stage: 6/14 | Predictions: 870
INFO:b1k.shared.eval_b1k_wrapper:🔧 Gripper variation: Compression disabled (mean: 0.6764, max: 0.6919)
INFO:b1k.shared.eval_b1k_wrapper:🔧 Gripper variation: Compression disabled (mean: 0.7228, max: 0.9790)
INFO:b1k.shared.eval_b1k_wrapper:🔧 Gripper variation: Compression disabled (mean: 0.5365, max: 1.1469)
INFO:b1k.shared.eval_b1k_wrapper:🔧 Gripper variation: Compression disabled (mean: 0.1696, max: 1.1571)
INFO:b1k.shared.eval_b1k_wrapper:🔧 Gripper variation: Compression disabled (mean: 0.5229, max: 1.4044)
INFO:b1k.shared.eval_b1k_wrapper:📊 Step 17500 | Task: 27 | Stage: 6/14 | Predictions: 875
INFO:b1k.shared.eval_b1k_wrapper:🔧 Gripper variation: Compression disabled (mean: 0.8597, max: 1.2304)
INFO:b1k.shared.eval_b1k_wrapper:🔧 Gripper variation: Compression disabled (mean: 0.7531, max: 1.0435)
INFO:b1k.shared.eval_b1k_wrapper:🔧 Gripper variation: Compression disabled (mean: 0.5805, max: 1.3466)
INFO:b1k.shared.eval_b1k_wrapper:🔧 Gripper variation: Compression disabled (mean: 0.4088, max: 0.8268)
INFO:b1k.shared.eval_b1k_wrapper:🔧 Gripper variation: Compression disabled (mean: 0.2636, max: 0.9270)
INFO:b1k.shared.eval_b1k_wrapper:🎯 Prediction #880 | Actions: uncompressed (20) | Inpainting: True
INFO:b1k.shared.eval_b1k_wrapper:⬅️  Stage went back: 6 → 5 (task 27, step 17580)
INFO:b1k.shared.eval_b1k_wrapper:📊 Step 17600 | Task: 27 | Stage: 5/14 | Predictions: 880
INFO:b1k.shared.eval_b1k_wrapper:🔧 Gripper variation: Compression disabled (mean: 0.3149, max: 1.2928)
INFO:b1k.shared.eval_b1k_wrapper:🔧 Gripper variation: Compression disabled (mean: 0.5567, max: 0.8970)
INFO:b1k.shared.eval_b1k_wrapper:🔧 Gripper variation: Compression disabled (mean: 0.3672, max: 0.8175)
INFO:b1k.shared.eval_b1k_wrapper:🔧 Gripper variation: Compression disabled (mean: 0.8830, max: 0.9947)
INFO:b1k.shared.eval_b1k_wrapper:📊 Step 17700 | Task: 27 | Stage: 5/14 | Predictions: 885
INFO:b1k.shared.eval_b1k_wrapper:🎯 Prediction #890 | Actions: compressed 26→20 | Inpainting: True
INFO:b1k.shared.eval_b1k_wrapper:📊 Step 17800 | Task: 27 | Stage: 5/14 | Predictions: 890
INFO:b1k.shared.eval_b1k_wrapper:📊 Step 17900 | Task: 27 | Stage: 5/14 | Predictions: 895
INFO:b1k.shared.eval_b1k_wrapper:🎯 Prediction #900 | Actions: compressed 26→20 | Inpainting: True
INFO:b1k.shared.eval_b1k_wrapper:📊 Step 18000 | Task: 27 | Stage: 5/14 | Predictions: 900
INFO:b1k.shared.eval_b1k_wrapper:📊 Step 18100 | Task: 27 | Stage: 5/14 | Predictions: 905
INFO:b1k.shared.eval_b1k_wrapper:🎯 Prediction #910 | Actions: compressed 26→20 | Inpainting: True
INFO:b1k.shared.eval_b1k_wrapper:📊 Step 18200 | Task: 27 | Stage: 5/14 | Predictions: 910
INFO:b1k.shared.eval_b1k_wrapper:⬆️  Stage advanced: 5 → 6 (task 27, step 18200)
INFO:b1k.shared.eval_b1k_wrapper:📊 Step 18300 | Task: 27 | Stage: 6/14 | Predictions: 915
INFO:b1k.shared.eval_b1k_wrapper:🎯 Prediction #920 | Actions: compressed 26→20 | Inpainting: True
INFO:b1k.shared.eval_b1k_wrapper:📊 Step 18400 | Task: 27 | Stage: 6/14 | Predictions: 920
INFO:b1k.shared.eval_b1k_wrapper:📊 Step 18500 | Task: 27 | Stage: 6/14 | Predictions: 925
INFO:b1k.shared.eval_b1k_wrapper:🎯 Prediction #930 | Actions: compressed 26→20 | Inpainting: True
INFO:b1k.shared.eval_b1k_wrapper:📊 Step 18600 | Task: 27 | Stage: 6/14 | Predictions: 930
INFO:b1k.shared.eval_b1k_wrapper:📊 Step 18700 | Task: 27 | Stage: 6/14 | Predictions: 935
INFO:b1k.shared.eval_b1k_wrapper:🎯 Prediction #940 | Actions: compressed 26→20 | Inpainting: True
INFO:b1k.shared.eval_b1k_wrapper:📊 Step 18800 | Task: 27 | Stage: 6/14 | Predictions: 940
INFO:b1k.shared.eval_b1k_wrapper:📊 Step 18900 | Task: 27 | Stage: 6/14 | Predictions: 945
INFO:b1k.shared.eval_b1k_wrapper:🎯 Prediction #950 | Actions: compressed 26→20 | Inpainting: True
INFO:b1k.shared.eval_b1k_wrapper:📊 Step 19000 | Task: 27 | Stage: 6/14 | Predictions: 950
INFO:b1k.shared.eval_b1k_wrapper:📊 Step 19100 | Task: 27 | Stage: 6/14 | Predictions: 955
INFO:b1k.shared.eval_b1k_wrapper:🎯 Prediction #960 | Actions: compressed 26→20 | Inpainting: True
INFO:b1k.shared.eval_b1k_wrapper:📊 Step 19200 | Task: 27 | Stage: 6/14 | Predictions: 960
INFO:b1k.shared.eval_b1k_wrapper:📊 Step 19300 | Task: 27 | Stage: 6/14 | Predictions: 965
INFO:b1k.shared.eval_b1k_wrapper:🎯 Prediction #970 | Actions: compressed 26→20 | Inpainting: True
INFO:b1k.shared.eval_b1k_wrapper:📊 Step 19400 | Task: 27 | Stage: 6/14 | Predictions: 970
INFO:b1k.shared.eval_b1k_wrapper:🔧 Gripper variation: Compression disabled (mean: 0.3576, max: 0.3168)
INFO:b1k.shared.eval_b1k_wrapper:📊 Step 19500 | Task: 27 | Stage: 6/14 | Predictions: 975
INFO:b1k.shared.eval_b1k_wrapper:🔧 Gripper variation: Compression disabled (mean: 0.2374, max: 0.7400)
INFO:b1k.shared.eval_b1k_wrapper:🎯 Prediction #980 | Actions: compressed 26→20 | Inpainting: True
INFO:b1k.shared.eval_b1k_wrapper:📊 Step 19600 | Task: 27 | Stage: 6/14 | Predictions: 980
INFO:b1k.shared.eval_b1k_wrapper:📊 Step 19700 | Task: 27 | Stage: 6/14 | Predictions: 985
INFO:b1k.shared.eval_b1k_wrapper:🎯 Prediction #990 | Actions: compressed 26→20 | Inpainting: True
INFO:b1k.shared.eval_b1k_wrapper:📊 Step 19800 | Task: 27 | Stage: 6/14 | Predictions: 990
INFO:b1k.shared.eval_b1k_wrapper:📊 Step 19900 | Task: 27 | Stage: 6/14 | Predictions: 995
INFO:b1k.shared.eval_b1k_wrapper:⬆️  Stage advanced: 6 → 7 (task 27, step 19960)
INFO:b1k.shared.eval_b1k_wrapper:🎯 Prediction #1000 | Actions: compressed 26→20 | Inpainting: True
INFO:b1k.shared.eval_b1k_wrapper:📊 Step 20000 | Task: 27 | Stage: 7/14 | Predictions: 1000
INFO:b1k.shared.eval_b1k_wrapper:⬅️  Stage went back: 7 → 6 (task 27, step 20020)
INFO:b1k.shared.eval_b1k_wrapper:📊 Step 20100 | Task: 27 | Stage: 6/14 | Predictions: 1005
INFO:b1k.shared.eval_b1k_wrapper:🎯 Prediction #1010 | Actions: compressed 26→20 | Inpainting: True
INFO:b1k.shared.eval_b1k_wrapper:📊 Step 20200 | Task: 27 | Stage: 6/14 | Predictions: 1010
INFO:b1k.shared.eval_b1k_wrapper:🔧 Gripper variation: Compression disabled (mean: 0.6487, max: 0.6047)
INFO:b1k.shared.eval_b1k_wrapper:🔧 Gripper variation: Compression disabled (mean: 0.3879, max: 0.8629)
INFO:b1k.shared.eval_b1k_wrapper:🔧 Gripper variation: Compression disabled (mean: 0.4487, max: 1.2182)
INFO:b1k.shared.eval_b1k_wrapper:⬆️  Stage advanced: 6 → 7 (task 27, step 20260)
INFO:b1k.shared.eval_b1k_wrapper:🔧 Gripper variation: Compression disabled (mean: 0.4298, max: 0.8227)
INFO:b1k.shared.eval_b1k_wrapper:📊 Step 20300 | Task: 27 | Stage: 7/14 | Predictions: 1015
INFO:b1k.shared.eval_b1k_wrapper:🔧 Gripper variation: Compression disabled (mean: 0.3464, max: 0.8516)
INFO:b1k.shared.eval_b1k_wrapper:🔧 Gripper variation: Compression disabled (mean: 0.5105, max: 1.0144)
INFO:b1k.shared.eval_b1k_wrapper:🔧 Gripper variation: Compression disabled (mean: 0.9948, max: 1.0223)
INFO:b1k.shared.eval_b1k_wrapper:🔧 Gripper variation: Compression disabled (mean: 0.2731, max: 0.7393)
INFO:b1k.shared.eval_b1k_wrapper:🔧 Gripper variation: Compression disabled (mean: 0.6033, max: 0.8543)
INFO:b1k.shared.eval_b1k_wrapper:🎯 Prediction #1020 | Actions: uncompressed (20) | Inpainting: True
INFO:b1k.shared.eval_b1k_wrapper:⬅️  Stage went back: 7 → 6 (task 27, step 20380)
INFO:b1k.shared.eval_b1k_wrapper:📊 Step 20400 | Task: 27 | Stage: 6/14 | Predictions: 1020
INFO:b1k.shared.eval_b1k_wrapper:🔧 Gripper variation: Compression disabled (mean: 0.3143, max: 0.6988)
INFO:b1k.shared.eval_b1k_wrapper:🔧 Gripper variation: Compression disabled (mean: 0.5597, max: 1.2254)
INFO:b1k.shared.eval_b1k_wrapper:🔧 Gripper variation: Compression disabled (mean: 0.5201, max: 1.2640)
INFO:b1k.shared.eval_b1k_wrapper:⬆️  Stage advanced: 6 → 7 (task 27, step 20440)
INFO:b1k.shared.eval_b1k_wrapper:🔧 Gripper variation: Compression disabled (mean: 0.4308, max: 0.7677)
INFO:b1k.shared.eval_b1k_wrapper:🔧 Gripper variation: Compression disabled (mean: 0.2149, max: 1.1515)
INFO:b1k.shared.eval_b1k_wrapper:📊 Step 20500 | Task: 27 | Stage: 7/14 | Predictions: 1025
INFO:b1k.shared.eval_b1k_wrapper:🔧 Gripper variation: Compression disabled (mean: 0.2761, max: 0.8915)
INFO:b1k.shared.eval_b1k_wrapper:🔧 Gripper variation: Compression disabled (mean: 0.4909, max: 1.0229)
INFO:b1k.shared.eval_b1k_wrapper:🔧 Gripper variation: Compression disabled (mean: 0.2277, max: 0.8944)
INFO:b1k.shared.eval_b1k_wrapper:🔧 Gripper variation: Compression disabled (mean: 0.5604, max: 0.8597)
INFO:b1k.shared.eval_b1k_wrapper:🔧 Gripper variation: Compression disabled (mean: 0.2282, max: 0.7469)
INFO:b1k.shared.eval_b1k_wrapper:🎯 Prediction #1030 | Actions: uncompressed (20) | Inpainting: True
INFO:b1k.shared.eval_b1k_wrapper:⬅️  Stage went back: 7 → 6 (task 27, step 20580)
INFO:b1k.shared.eval_b1k_wrapper:📊 Step 20600 | Task: 27 | Stage: 6/14 | Predictions: 1030
INFO:b1k.shared.eval_b1k_wrapper:🔧 Gripper variation: Compression disabled (mean: 0.4935, max: 0.8511)
INFO:b1k.shared.eval_b1k_wrapper:🔧 Gripper variation: Compression disabled (mean: 0.4154, max: 1.0223)
INFO:b1k.shared.eval_b1k_wrapper:🔧 Gripper variation: Compression disabled (mean: 0.4340, max: 0.9905)
INFO:b1k.shared.eval_b1k_wrapper:🔧 Gripper variation: Compression disabled (mean: 0.1981, max: 0.9486)
INFO:b1k.shared.eval_b1k_wrapper:🔧 Gripper variation: Compression disabled (mean: 0.6373, max: 1.1363)
INFO:b1k.shared.eval_b1k_wrapper:📊 Step 20700 | Task: 27 | Stage: 6/14 | Predictions: 1035
INFO:b1k.shared.eval_b1k_wrapper:🔧 Gripper variation: Compression disabled (mean: 0.1716, max: 0.9507)
INFO:b1k.shared.eval_b1k_wrapper:🔧 Gripper variation: Compression disabled (mean: 0.5380, max: 0.5104)
INFO:b1k.shared.eval_b1k_wrapper:🔧 Gripper variation: Compression disabled (mean: 0.5912, max: 0.6065)
INFO:b1k.shared.eval_b1k_wrapper:🔧 Gripper variation: Compression disabled (mean: 0.6824, max: 0.7585)
INFO:b1k.shared.eval_b1k_wrapper:🔧 Gripper variation: Compression disabled (mean: 0.5574, max: 0.7644)
INFO:b1k.shared.eval_b1k_wrapper:🎯 Prediction #1040 | Actions: uncompressed (20) | Inpainting: True
INFO:b1k.shared.eval_b1k_wrapper:📊 Step 20800 | Task: 27 | Stage: 6/14 | Predictions: 1040
INFO:b1k.shared.eval_b1k_wrapper:🔧 Gripper variation: Compression disabled (mean: 0.4715, max: 0.8232)
INFO:b1k.shared.eval_b1k_wrapper:🔧 Gripper variation: Compression disabled (mean: 0.6366, max: 1.3417)
INFO:b1k.shared.eval_b1k_wrapper:🔧 Gripper variation: Compression disabled (mean: 0.6588, max: 0.7887)
INFO:b1k.shared.eval_b1k_wrapper:🔧 Gripper variation: Compression disabled (mean: 0.3466, max: 0.8642)
INFO:b1k.shared.eval_b1k_wrapper:🔧 Gripper variation: Compression disabled (mean: 0.3259, max: 0.9958)
INFO:b1k.shared.eval_b1k_wrapper:📊 Step 20900 | Task: 27 | Stage: 6/14 | Predictions: 1045
INFO:b1k.shared.eval_b1k_wrapper:🔧 Gripper variation: Compression disabled (mean: 0.6734, max: 0.9015)
INFO:b1k.shared.eval_b1k_wrapper:🔧 Gripper variation: Compression disabled (mean: 0.4207, max: 1.0697)
INFO:b1k.shared.eval_b1k_wrapper:🔧 Gripper variation: Compression disabled (mean: 0.1769, max: 0.7641)
INFO:b1k.shared.eval_b1k_wrapper:🔧 Gripper variation: Compression disabled (mean: 0.3838, max: 0.8585)
INFO:b1k.shared.eval_b1k_wrapper:🔧 Gripper variation: Compression disabled (mean: 0.3299, max: 0.8202)
INFO:b1k.shared.eval_b1k_wrapper:🎯 Prediction #1050 | Actions: uncompressed (20) | Inpainting: True
INFO:b1k.shared.eval_b1k_wrapper:📊 Step 21000 | Task: 27 | Stage: 6/14 | Predictions: 1050
INFO:b1k.shared.eval_b1k_wrapper:🔧 Gripper variation: Compression disabled (mean: 0.6948, max: 1.2459)
INFO:b1k.shared.eval_b1k_wrapper:🔧 Gripper variation: Compression disabled (mean: 0.4694, max: 1.0601)
INFO:b1k.shared.eval_b1k_wrapper:🔧 Gripper variation: Compression disabled (mean: 0.8527, max: 0.9769)
INFO:b1k.shared.eval_b1k_wrapper:🔧 Gripper variation: Compression disabled (mean: 0.9442, max: 1.0489)
INFO:b1k.shared.eval_b1k_wrapper:🔧 Gripper variation: Compression disabled (mean: 0.7779, max: 1.3795)
INFO:b1k.shared.eval_b1k_wrapper:📊 Step 21100 | Task: 27 | Stage: 6/14 | Predictions: 1055
INFO:b1k.shared.eval_b1k_wrapper:🔧 Gripper variation: Compression disabled (mean: 0.7154, max: 0.9748)
INFO:b1k.shared.eval_b1k_wrapper:🔧 Gripper variation: Compression disabled (mean: 0.5010, max: 0.7819)
INFO:b1k.shared.eval_b1k_wrapper:🔧 Gripper variation: Compression disabled (mean: 0.6123, max: 0.9017)
INFO:b1k.shared.eval_b1k_wrapper:🔧 Gripper variation: Compression disabled (mean: 0.8433, max: 0.4039)
INFO:b1k.shared.eval_b1k_wrapper:🔧 Gripper variation: Compression disabled (mean: 0.3862, max: 0.9542)
INFO:b1k.shared.eval_b1k_wrapper:🎯 Prediction #1060 | Actions: uncompressed (20) | Inpainting: True
INFO:b1k.shared.eval_b1k_wrapper:📊 Step 21200 | Task: 27 | Stage: 6/14 | Predictions: 1060
INFO:b1k.shared.eval_b1k_wrapper:🔧 Gripper variation: Compression disabled (mean: 0.5624, max: 0.9018)
INFO:b1k.shared.eval_b1k_wrapper:🔧 Gripper variation: Compression disabled (mean: 0.4284, max: 0.9076)
INFO:b1k.shared.eval_b1k_wrapper:🔧 Gripper variation: Compression disabled (mean: 0.4109, max: 0.9969)
INFO:b1k.shared.eval_b1k_wrapper:🔧 Gripper variation: Compression disabled (mean: 0.4524, max: 0.5848)
INFO:b1k.shared.eval_b1k_wrapper:🔧 Gripper variation: Compression disabled (mean: 0.1587, max: 0.9556)
INFO:b1k.shared.eval_b1k_wrapper:📊 Step 21300 | Task: 27 | Stage: 6/14 | Predictions: 1065
INFO:b1k.shared.eval_b1k_wrapper:🔧 Gripper variation: Compression disabled (mean: 0.2886, max: 1.1413)
INFO:b1k.shared.eval_b1k_wrapper:🔧 Gripper variation: Compression disabled (mean: 0.3605, max: 0.2914)
INFO:b1k.shared.eval_b1k_wrapper:🔧 Gripper variation: Compression disabled (mean: 0.5047, max: 0.9610)
INFO:b1k.shared.eval_b1k_wrapper:🔧 Gripper variation: Compression disabled (mean: 0.4783, max: 0.4665)
INFO:b1k.shared.eval_b1k_wrapper:🔧 Gripper variation: Compression disabled (mean: 0.2095, max: 1.0572)
INFO:b1k.shared.eval_b1k_wrapper:🎯 Prediction #1070 | Actions: uncompressed (20) | Inpainting: True
INFO:b1k.shared.eval_b1k_wrapper:📊 Step 21400 | Task: 27 | Stage: 6/14 | Predictions: 1070
INFO:b1k.shared.eval_b1k_wrapper:🔧 Gripper variation: Compression disabled (mean: 0.7115, max: 0.7787)
INFO:b1k.shared.eval_b1k_wrapper:🔧 Gripper variation: Compression disabled (mean: 0.6305, max: 0.7268)
INFO:b1k.shared.eval_b1k_wrapper:🔧 Gripper variation: Compression disabled (mean: 0.5370, max: 0.0975)
INFO:b1k.shared.eval_b1k_wrapper:🔧 Gripper variation: Compression disabled (mean: 0.3761, max: 0.2461)
INFO:b1k.shared.eval_b1k_wrapper:🔧 Gripper variation: Compression disabled (mean: 0.2348, max: 1.1020)
INFO:b1k.shared.eval_b1k_wrapper:📊 Step 21500 | Task: 27 | Stage: 6/14 | Predictions: 1075
INFO:b1k.shared.eval_b1k_wrapper:🔧 Gripper variation: Compression disabled (mean: 0.3392, max: 0.7294)
INFO:b1k.shared.eval_b1k_wrapper:🔧 Gripper variation: Compression disabled (mean: 0.6162, max: 0.8135)
INFO:b1k.shared.eval_b1k_wrapper:🔧 Gripper variation: Compression disabled (mean: 0.5063, max: 0.7438)
INFO:b1k.shared.eval_b1k_wrapper:🔧 Gripper variation: Compression disabled (mean: 0.2445, max: 0.9536)
INFO:b1k.shared.eval_b1k_wrapper:🔧 Gripper variation: Compression disabled (mean: 0.1767, max: 0.3133)
INFO:b1k.shared.eval_b1k_wrapper:🎯 Prediction #1080 | Actions: uncompressed (20) | Inpainting: True
INFO:b1k.shared.eval_b1k_wrapper:📊 Step 21600 | Task: 27 | Stage: 6/14 | Predictions: 1080
INFO:b1k.shared.eval_b1k_wrapper:🔧 Gripper variation: Compression disabled (mean: 0.4816, max: 0.5798)
INFO:b1k.shared.eval_b1k_wrapper:🔧 Gripper variation: Compression disabled (mean: 0.5188, max: 0.8335)
INFO:b1k.shared.eval_b1k_wrapper:🔧 Gripper variation: Compression disabled (mean: 0.8051, max: 0.8316)
INFO:b1k.shared.eval_b1k_wrapper:🔧 Gripper variation: Compression disabled (mean: 0.5301, max: 0.7991)
INFO:b1k.shared.eval_b1k_wrapper:⬆️  Stage advanced: 6 → 7 (task 27, step 21660)
INFO:b1k.shared.eval_b1k_wrapper:🔧 Gripper variation: Compression disabled (mean: 0.7489, max: 1.0816)
INFO:b1k.shared.eval_b1k_wrapper:📊 Step 21700 | Task: 27 | Stage: 7/14 | Predictions: 1085
INFO:b1k.shared.eval_b1k_wrapper:🔧 Gripper variation: Compression disabled (mean: 0.4732, max: 1.3541)
INFO:b1k.shared.eval_b1k_wrapper:🔧 Gripper variation: Compression disabled (mean: 0.5317, max: 1.3412)
INFO:b1k.shared.eval_b1k_wrapper:🔧 Gripper variation: Compression disabled (mean: 0.1369, max: 1.2719)
INFO:b1k.shared.eval_b1k_wrapper:🔧 Gripper variation: Compression disabled (mean: 0.8747, max: 0.9528)
INFO:b1k.shared.eval_b1k_wrapper:🔧 Gripper variation: Compression disabled (mean: 0.3291, max: 0.7926)
INFO:b1k.shared.eval_b1k_wrapper:🎯 Prediction #1090 | Actions: uncompressed (20) | Inpainting: True
INFO:b1k.shared.eval_b1k_wrapper:📊 Step 21800 | Task: 27 | Stage: 7/14 | Predictions: 1090
INFO:b1k.shared.eval_b1k_wrapper:🔧 Gripper variation: Compression disabled (mean: 0.4389, max: 0.7258)
INFO:b1k.shared.eval_b1k_wrapper:🔧 Gripper variation: Compression disabled (mean: 0.3607, max: 0.7383)
INFO:b1k.shared.eval_b1k_wrapper:🔧 Gripper variation: Compression disabled (mean: 0.2195, max: 0.6479)
INFO:b1k.shared.eval_b1k_wrapper:🔧 Gripper variation: Compression disabled (mean: 0.5564, max: 0.7085)
INFO:b1k.shared.eval_b1k_wrapper:⬅️  Stage went back: 7 → 6 (task 27, step 21860)
INFO:b1k.shared.eval_b1k_wrapper:🔧 Gripper variation: Compression disabled (mean: 0.7346, max: 0.9450)
INFO:b1k.shared.eval_b1k_wrapper:📊 Step 21900 | Task: 27 | Stage: 6/14 | Predictions: 1095
INFO:b1k.shared.eval_b1k_wrapper:🔧 Gripper variation: Compression disabled (mean: 0.3918, max: 0.8094)
INFO:b1k.shared.eval_b1k_wrapper:🔧 Gripper variation: Compression disabled (mean: 0.3399, max: 0.9419)
INFO:b1k.shared.eval_b1k_wrapper:🔧 Gripper variation: Compression disabled (mean: 0.3257, max: 0.5617)
INFO:b1k.shared.eval_b1k_wrapper:🔧 Gripper variation: Compression disabled (mean: 0.6747, max: 0.6629)
INFO:b1k.shared.eval_b1k_wrapper:🔧 Gripper variation: Compression disabled (mean: 0.6749, max: 0.5179)
INFO:b1k.shared.eval_b1k_wrapper:🎯 Prediction #1100 | Actions: uncompressed (20) | Inpainting: True
INFO:b1k.shared.eval_b1k_wrapper:📊 Step 22000 | Task: 27 | Stage: 6/14 | Predictions: 1100
INFO:b1k.shared.eval_b1k_wrapper:🔧 Gripper variation: Compression disabled (mean: 0.5740, max: 1.0324)
INFO:b1k.shared.eval_b1k_wrapper:🔧 Gripper variation: Compression disabled (mean: 0.5259, max: 0.6048)
INFO:b1k.shared.eval_b1k_wrapper:🔧 Gripper variation: Compression disabled (mean: 0.2737, max: 1.3255)
INFO:b1k.shared.eval_b1k_wrapper:🔧 Gripper variation: Compression disabled (mean: 0.3342, max: 0.7530)
INFO:b1k.shared.eval_b1k_wrapper:🔧 Gripper variation: Compression disabled (mean: 0.6341, max: 0.6609)
INFO:b1k.shared.eval_b1k_wrapper:📊 Step 22100 | Task: 27 | Stage: 6/14 | Predictions: 1105
INFO:b1k.shared.eval_b1k_wrapper:🔧 Gripper variation: Compression disabled (mean: 0.2445, max: 0.5240)
INFO:b1k.shared.eval_b1k_wrapper:🔧 Gripper variation: Compression disabled (mean: 0.4102, max: 0.7847)
INFO:b1k.shared.eval_b1k_wrapper:🔧 Gripper variation: Compression disabled (mean: 0.3020, max: 1.0776)
INFO:b1k.shared.eval_b1k_wrapper:🔧 Gripper variation: Compression disabled (mean: 0.2738, max: 0.8157)
INFO:b1k.shared.eval_b1k_wrapper:🔧 Gripper variation: Compression disabled (mean: 0.4390, max: 0.6313)
INFO:b1k.shared.eval_b1k_wrapper:🎯 Prediction #1110 | Actions: uncompressed (20) | Inpainting: True
INFO:b1k.shared.eval_b1k_wrapper:📊 Step 22200 | Task: 27 | Stage: 6/14 | Predictions: 1110
INFO:b1k.shared.eval_b1k_wrapper:🔧 Gripper variation: Compression disabled (mean: 0.3385, max: 1.1679)
INFO:b1k.shared.eval_b1k_wrapper:🔧 Gripper variation: Compression disabled (mean: 0.6063, max: 1.2090)
INFO:b1k.shared.eval_b1k_wrapper:🔧 Gripper variation: Compression disabled (mean: 0.2281, max: 0.7761)
INFO:b1k.shared.eval_b1k_wrapper:⬆️  Stage advanced: 6 → 7 (task 27, step 22240)
INFO:b1k.shared.eval_b1k_wrapper:🔧 Gripper variation: Compression disabled (mean: 0.4615, max: 0.3916)
INFO:b1k.shared.eval_b1k_wrapper:🔧 Gripper variation: Compression disabled (mean: 0.2928, max: 0.3936)
INFO:b1k.shared.eval_b1k_wrapper:📊 Step 22300 | Task: 27 | Stage: 7/14 | Predictions: 1115
INFO:b1k.shared.eval_b1k_wrapper:🔧 Gripper variation: Compression disabled (mean: 0.2735, max: 0.7539)
INFO:b1k.shared.eval_b1k_wrapper:🔧 Gripper variation: Compression disabled (mean: 0.7809, max: 0.6245)
INFO:b1k.shared.eval_b1k_wrapper:🔧 Gripper variation: Compression disabled (mean: 0.4194, max: 0.9742)
INFO:b1k.shared.eval_b1k_wrapper:⬅️  Stage went back: 7 → 6 (task 27, step 22340)
INFO:b1k.shared.eval_b1k_wrapper:🔧 Gripper variation: Compression disabled (mean: 0.0958, max: 0.6246)
INFO:b1k.shared.eval_b1k_wrapper:🔧 Gripper variation: Compression disabled (mean: 0.8094, max: 1.0958)
INFO:b1k.shared.eval_b1k_wrapper:🎯 Prediction #1120 | Actions: uncompressed (20) | Inpainting: True
INFO:b1k.shared.eval_b1k_wrapper:📊 Step 22400 | Task: 27 | Stage: 6/14 | Predictions: 1120
INFO:b1k.shared.eval_b1k_wrapper:🔧 Gripper variation: Compression disabled (mean: 0.1586, max: 0.4427)
INFO:b1k.shared.eval_b1k_wrapper:🔧 Gripper variation: Compression disabled (mean: 0.3046, max: 0.6723)
INFO:b1k.shared.eval_b1k_wrapper:🔧 Gripper variation: Compression disabled (mean: 0.3309, max: 1.2013)
INFO:b1k.shared.eval_b1k_wrapper:🔧 Gripper variation: Compression disabled (mean: 0.6635, max: 0.9578)
INFO:b1k.shared.eval_b1k_wrapper:🔧 Gripper variation: Compression disabled (mean: 0.6106, max: 0.7988)
INFO:b1k.shared.eval_b1k_wrapper:📊 Step 22500 | Task: 27 | Stage: 6/14 | Predictions: 1125
INFO:b1k.shared.eval_b1k_wrapper:🔧 Gripper variation: Compression disabled (mean: 0.3929, max: 0.9239)
INFO:b1k.shared.eval_b1k_wrapper:🔧 Gripper variation: Compression disabled (mean: 0.6433, max: 1.1814)
INFO:b1k.shared.eval_b1k_wrapper:⬆️  Stage advanced: 6 → 7 (task 27, step 22520)
INFO:b1k.shared.eval_b1k_wrapper:🔧 Gripper variation: Compression disabled (mean: 0.4916, max: 0.9392)
INFO:b1k.shared.eval_b1k_wrapper:🔧 Gripper variation: Compression disabled (mean: 0.6818, max: 0.5554)
INFO:b1k.shared.eval_b1k_wrapper:🔧 Gripper variation: Compression disabled (mean: 0.7677, max: 0.5652)
INFO:b1k.shared.eval_b1k_wrapper:🎯 Prediction #1130 | Actions: uncompressed (20) | Inpainting: True
INFO:b1k.shared.eval_b1k_wrapper:⬆️  Stage advanced: 7 → 8 (task 27, step 22580)
INFO:b1k.shared.eval_b1k_wrapper:📊 Step 22600 | Task: 27 | Stage: 8/14 | Predictions: 1130
INFO:b1k.shared.eval_b1k_wrapper:🔧 Gripper variation: Compression disabled (mean: 0.6322, max: 0.8371)
INFO:b1k.shared.eval_b1k_wrapper:🔧 Gripper variation: Compression disabled (mean: 0.9472, max: 0.4851)
INFO:b1k.shared.eval_b1k_wrapper:🔧 Gripper variation: Compression disabled (mean: 0.4531, max: 1.0447)
INFO:b1k.shared.eval_b1k_wrapper:🔧 Gripper variation: Compression disabled (mean: 0.4528, max: 0.7510)
INFO:b1k.shared.eval_b1k_wrapper:🔧 Gripper variation: Compression disabled (mean: 0.2981, max: 1.0386)
INFO:b1k.shared.eval_b1k_wrapper:📊 Step 22700 | Task: 27 | Stage: 8/14 | Predictions: 1135
INFO:b1k.shared.eval_b1k_wrapper:🔧 Gripper variation: Compression disabled (mean: 0.4936, max: 1.1689)
INFO:b1k.shared.eval_b1k_wrapper:🔧 Gripper variation: Compression disabled (mean: 0.5574, max: 1.0411)
INFO:b1k.shared.eval_b1k_wrapper:🔧 Gripper variation: Compression disabled (mean: 0.6520, max: 1.0989)
INFO:b1k.shared.eval_b1k_wrapper:🔧 Gripper variation: Compression disabled (mean: 0.5085, max: 1.0999)
INFO:b1k.shared.eval_b1k_wrapper:🔧 Gripper variation: Compression disabled (mean: 0.4085, max: 0.5145)
INFO:b1k.shared.eval_b1k_wrapper:🎯 Prediction #1140 | Actions: uncompressed (20) | Inpainting: True
INFO:b1k.shared.eval_b1k_wrapper:📊 Step 22800 | Task: 27 | Stage: 8/14 | Predictions: 1140
INFO:b1k.shared.eval_b1k_wrapper:🔧 Gripper variation: Compression disabled (mean: 0.6223, max: 0.4980)
INFO:b1k.shared.eval_b1k_wrapper:🔧 Gripper variation: Compression disabled (mean: 0.0667, max: 0.7769)
INFO:b1k.shared.eval_b1k_wrapper:🔧 Gripper variation: Compression disabled (mean: 0.4981, max: 0.7284)
INFO:b1k.shared.eval_b1k_wrapper:🔧 Gripper variation: Compression disabled (mean: 0.4935, max: 0.9804)
INFO:b1k.shared.eval_b1k_wrapper:🔧 Gripper variation: Compression disabled (mean: 0.3473, max: 0.7064)
INFO:b1k.shared.eval_b1k_wrapper:📊 Step 22900 | Task: 27 | Stage: 8/14 | Predictions: 1145
INFO:b1k.shared.eval_b1k_wrapper:🔧 Gripper variation: Compression disabled (mean: 0.6230, max: 1.3210)
INFO:b1k.shared.eval_b1k_wrapper:🔧 Gripper variation: Compression disabled (mean: 0.6988, max: 0.8442)
INFO:b1k.shared.eval_b1k_wrapper:⬅️  Stage went back: 8 → 7 (task 27, step 22920)
INFO:b1k.shared.eval_b1k_wrapper:🔧 Gripper variation: Compression disabled (mean: 0.3169, max: 0.9251)
INFO:b1k.shared.eval_b1k_wrapper:🔧 Gripper variation: Compression disabled (mean: 0.7776, max: 0.7824)
INFO:b1k.shared.eval_b1k_wrapper:🔧 Gripper variation: Compression disabled (mean: 0.5063, max: 1.0855)
INFO:b1k.shared.eval_b1k_wrapper:🎯 Prediction #1150 | Actions: uncompressed (20) | Inpainting: True
INFO:b1k.shared.eval_b1k_wrapper:⬆️  Stage advanced: 7 → 8 (task 27, step 22980)
INFO:b1k.shared.eval_b1k_wrapper:📊 Step 23000 | Task: 27 | Stage: 8/14 | Predictions: 1150
INFO:b1k.shared.eval_b1k_wrapper:🔧 Gripper variation: Compression disabled (mean: 0.8894, max: 1.0795)
INFO:b1k.shared.eval_b1k_wrapper:🔧 Gripper variation: Compression disabled (mean: 0.2925, max: 0.9233)
INFO:b1k.shared.eval_b1k_wrapper:🔧 Gripper variation: Compression disabled (mean: 0.6284, max: 1.0613)
INFO:b1k.shared.eval_b1k_wrapper:🔧 Gripper variation: Compression disabled (mean: 0.1480, max: 0.8327)
INFO:b1k.shared.eval_b1k_wrapper:🔧 Gripper variation: Compression disabled (mean: 0.5432, max: 0.4228)
INFO:b1k.shared.eval_b1k_wrapper:📊 Step 23100 | Task: 27 | Stage: 8/14 | Predictions: 1155
INFO:b1k.shared.eval_b1k_wrapper:🔧 Gripper variation: Compression disabled (mean: 0.6295, max: 0.9107)
INFO:b1k.shared.eval_b1k_wrapper:🔧 Gripper variation: Compression disabled (mean: 0.3481, max: 0.9825)
INFO:b1k.shared.eval_b1k_wrapper:🔧 Gripper variation: Compression disabled (mean: 0.4660, max: 0.7001)
INFO:b1k.shared.eval_b1k_wrapper:🔧 Gripper variation: Compression disabled (mean: 0.5725, max: 0.7364)
INFO:b1k.shared.eval_b1k_wrapper:🔧 Gripper variation: Compression disabled (mean: 0.5831, max: 0.5981)
INFO:b1k.shared.eval_b1k_wrapper:🎯 Prediction #1160 | Actions: uncompressed (20) | Inpainting: True
INFO:b1k.shared.eval_b1k_wrapper:📊 Step 23200 | Task: 27 | Stage: 8/14 | Predictions: 1160
INFO:b1k.shared.eval_b1k_wrapper:🔧 Gripper variation: Compression disabled (mean: 0.4450, max: 0.6541)
INFO:b1k.shared.eval_b1k_wrapper:🔧 Gripper variation: Compression disabled (mean: 0.3927, max: 0.8412)
INFO:b1k.shared.eval_b1k_wrapper:🔧 Gripper variation: Compression disabled (mean: 0.5325, max: 0.8936)
INFO:b1k.shared.eval_b1k_wrapper:🔧 Gripper variation: Compression disabled (mean: 0.6707, max: 1.2049)
INFO:b1k.shared.eval_b1k_wrapper:🔧 Gripper variation: Compression disabled (mean: 0.3992, max: 0.8230)
INFO:b1k.shared.eval_b1k_wrapper:📊 Step 23300 | Task: 27 | Stage: 8/14 | Predictions: 1165
INFO:b1k.shared.eval_b1k_wrapper:🔧 Gripper variation: Compression disabled (mean: 0.4105, max: 0.9771)
INFO:b1k.shared.eval_b1k_wrapper:⬆️  Stage advanced: 8 → 9 (task 27, step 23300)
INFO:b1k.shared.eval_b1k_wrapper:🔧 Gripper variation: Compression disabled (mean: 0.3193, max: 0.8340)
INFO:b1k.shared.eval_b1k_wrapper:🔧 Gripper variation: Compression disabled (mean: 0.4241, max: 0.5151)
INFO:b1k.shared.eval_b1k_wrapper:🔧 Gripper variation: Compression disabled (mean: 0.3360, max: 1.1730)
INFO:b1k.shared.eval_b1k_wrapper:⬅️  Stage went back: 9 → 8 (task 27, step 23360)
INFO:b1k.shared.eval_b1k_wrapper:🔧 Gripper variation: Compression disabled (mean: 1.0148, max: 1.3658)
INFO:b1k.shared.eval_b1k_wrapper:🎯 Prediction #1170 | Actions: uncompressed (20) | Inpainting: True
INFO:b1k.shared.eval_b1k_wrapper:📊 Step 23400 | Task: 27 | Stage: 8/14 | Predictions: 1170
INFO:b1k.shared.eval_b1k_wrapper:🔧 Gripper variation: Compression disabled (mean: 0.2223, max: 0.9209)
INFO:b1k.shared.eval_b1k_wrapper:🔧 Gripper variation: Compression disabled (mean: 0.3426, max: 0.6119)
INFO:b1k.shared.eval_b1k_wrapper:🔧 Gripper variation: Compression disabled (mean: 0.3609, max: 0.9196)
INFO:b1k.shared.eval_b1k_wrapper:🔧 Gripper variation: Compression disabled (mean: 0.1227, max: 0.8766)
INFO:b1k.shared.eval_b1k_wrapper:🔧 Gripper variation: Compression disabled (mean: 0.2887, max: 0.6484)
INFO:b1k.shared.eval_b1k_wrapper:📊 Step 23500 | Task: 27 | Stage: 8/14 | Predictions: 1175
INFO:b1k.shared.eval_b1k_wrapper:🔧 Gripper variation: Compression disabled (mean: 0.2865, max: 0.4799)
INFO:b1k.shared.eval_b1k_wrapper:🔧 Gripper variation: Compression disabled (mean: 0.5327, max: 0.7397)
INFO:b1k.shared.eval_b1k_wrapper:🔧 Gripper variation: Compression disabled (mean: 0.5133, max: 0.6217)
INFO:b1k.shared.eval_b1k_wrapper:🔧 Gripper variation: Compression disabled (mean: 0.7849, max: 1.3478)
INFO:b1k.shared.eval_b1k_wrapper:🔧 Gripper variation: Compression disabled (mean: 0.3171, max: 0.6186)
INFO:b1k.shared.eval_b1k_wrapper:🎯 Prediction #1180 | Actions: uncompressed (20) | Inpainting: True
INFO:b1k.shared.eval_b1k_wrapper:📊 Step 23600 | Task: 27 | Stage: 8/14 | Predictions: 1180
INFO:b1k.shared.eval_b1k_wrapper:🔧 Gripper variation: Compression disabled (mean: 0.3388, max: 1.2977)
INFO:b1k.shared.eval_b1k_wrapper:🔧 Gripper variation: Compression disabled (mean: 0.6203, max: 0.7458)
INFO:b1k.shared.eval_b1k_wrapper:🔧 Gripper variation: Compression disabled (mean: 0.4324, max: 0.6140)
INFO:b1k.shared.eval_b1k_wrapper:🔧 Gripper variation: Compression disabled (mean: 0.3315, max: 0.7625)
INFO:b1k.shared.eval_b1k_wrapper:🔧 Gripper variation: Compression disabled (mean: 0.3603, max: 0.5353)
INFO:b1k.shared.eval_b1k_wrapper:📊 Step 23700 | Task: 27 | Stage: 8/14 | Predictions: 1185
INFO:b1k.shared.eval_b1k_wrapper:🔧 Gripper variation: Compression disabled (mean: 0.6590, max: 0.9551)
INFO:websockets.server:connection closed
INFO:omnigibson.learning.utils.network_utils:Connection from ('127.0.0.1', 57334) closed
